🟢 [ConventionResolver] HTML conventions from group NCEA1|NCEA: overview menu tabs, lesson menu flat.
🟢 [PageSplitter] [end page] before [MODULE INTRODUCTION] disregarded — the introduction stays on the overview page (AR-1).
🟢 [PageSplitter] Content after the final [end page] (3 blocks) is writer-form boilerplate — not emitted (AR-5).
🟢 [MenuBuilder] Menu heading "Tirohanga Whānui | Overview" is the section label — consumed (the menu scaffolding names it).
🟢 [MenuBuilder] Menu section "Aromatawai | Assessment for Learning" promoted to its own "Standards" nav tab (menu.extra_tabs registry).
🟢 [InteractiveBuilder] Built carousel #3 from captured data (no placeholder needed).
🟢 [InteractiveBuilder] Built carousel #8 from captured data (no placeholder needed).
🟢 [InteractiveBuilder] Built carousel #9 from captured data (no placeholder needed).
🟢 [InteractiveBuilder] Built carousel #12 from captured data (no placeholder needed).
🟢 [InteractiveBuilder] Built carousel #15 from captured data (no placeholder needed).
🟠 [AcksBuilder] YouTube metadata unavailable for item  (stubbed) — possible dead link worth checking: https://www.youtube.com/watch?v=m6Uw2DJ9Md8
🟠 [AcksBuilder] Unknown media item type "Reference 1" (item ) — used "Reference 1" as the prefix; add it to Acks_Formats type_prefix_map.
🟠 [AcksBuilder] Unknown media item type "Reference 1" (item ) — used "Reference 1" as the prefix; add it to Acks_Formats type_prefix_map.
🟠 [AcksBuilder] YouTube metadata unavailable for item  (stubbed) — possible dead link worth checking: https://www.youtube.com/watch?v=QJRIDcw5Uy0
🟠 [AcksBuilder] Unknown media item type "Images" (item ) — used "Images" as the prefix; add it to Acks_Formats type_prefix_map.
🟠 [AcksBuilder] Unknown media item type "Images" (item ) — used "Images" as the prefix; add it to Acks_Formats type_prefix_map.
🟠 [AcksBuilder] Unknown media item type "Drop down box" (item ) — used "Drop down box" as the prefix; add it to Acks_Formats type_prefix_map.
🟠 [AcksBuilder] YouTube metadata unavailable for item  (stubbed) — possible dead link worth checking: https://www.youtube.com/watch?v=2W5W_gHGuCU
🟠 [AcksBuilder] YouTube metadata unavailable for item  (stubbed) — possible dead link worth checking: https://www.youtube.com/watch?v=wQq9CwW3b0A
🟠 [AcksBuilder] YouTube metadata unavailable for item  (stubbed) — possible dead link worth checking: https://www.youtube.com/embed/GOGEZghK1B8?feature=oembed
🟠 [AcksBuilder] YouTube metadata unavailable for item  (stubbed) — possible dead link worth checking: https://www.youtube.com/watch?v=GkzFimUJdD8
🟠 [AcksBuilder] Unknown media item type "Images & diagram" (item ) — used "Images & diagram" as the prefix; add it to Acks_Formats type_prefix_map.
🟠 [AcksBuilder] YouTube metadata unavailable for item  (stubbed) — possible dead link worth checking: https://www.youtube.com/watch?v=DntynMsW6K8
🟠 [AcksBuilder] Unknown media item type "Interactive Revision quiz" (item ) — used "Interactive revision quiz" as the prefix; add it to Acks_Formats type_prefix_map.
🟠 [AcksBuilder] YouTube metadata unavailable for item  (stubbed) — possible dead link worth checking: https://www.youtube.com/watch?v=E22APTvfwyE
🟠 [AcksBuilder] Unknown media item type "images" (item ) — used "Images" as the prefix; add it to Acks_Formats type_prefix_map.
🟠 [AcksBuilder] Unknown media item type "images" (item ) — used "Images" as the prefix; add it to Acks_Formats type_prefix_map.
🟠 [AcksBuilder] Unknown media item type "Images" (item ) — used "Images" as the prefix; add it to Acks_Formats type_prefix_map.
🟠 [AcksBuilder] YouTube metadata unavailable for item  (stubbed) — possible dead link worth checking: https://www.youtube.com/watch?v=h6DWhQxqU7M
🟠 [AcksBuilder] Unknown media item type "Images" (item ) — used "Images" as the prefix; add it to Acks_Formats type_prefix_map.
🟠 [AcksBuilder] Unknown media item type "Images" (item ) — used "Images" as the prefix; add it to Acks_Formats type_prefix_map.
🟠 [AcksBuilder] YouTube metadata unavailable for item  (stubbed) — possible dead link worth checking: https://www.youtube.com/watch?v=1WGLaCwrFHQ
🟠 [AcksBuilder] Unknown media item type "Image/diagram" (item ) — used "Image/diagram" as the prefix; add it to Acks_Formats type_prefix_map.
🟠 [AcksBuilder] YouTube metadata unavailable for item  (stubbed) — possible dead link worth checking: https://www.youtube.com/watch?v=5jJLfwTkGe8
🟠 [AcksBuilder] Unknown media item type "Images" (item ) — used "Images" as the prefix; add it to Acks_Formats type_prefix_map.
🟠 [AcksBuilder] Unknown media item type "Images" (item ) — used "Images" as the prefix; add it to Acks_Formats type_prefix_map.
🟠 [AcksBuilder] YouTube metadata unavailable for item  (stubbed) — possible dead link worth checking: https://www.youtube.com/watch?v=NVhY4ssMtbI
🟠 [AcksBuilder] YouTube metadata unavailable for item  (stubbed) — possible dead link worth checking: https://www.youtube.com/watch?v=1EeNEKpRrVs
🟠 [AcksBuilder] Unknown media item type "Images" (item ) — used "Images" as the prefix; add it to Acks_Formats type_prefix_map.
🟠 [AcksBuilder] Unknown media item type "Images" (item ) — used "Images" as the prefix; add it to Acks_Formats type_prefix_map.
🟠 [AcksBuilder] Unknown media item type "Images" (item ) — used "Images" as the prefix; add it to Acks_Formats type_prefix_map.
🟠 [AcksBuilder] Unknown media item type "Images" (item ) — used "Images" as the prefix; add it to Acks_Formats type_prefix_map.
🟠 [AcksBuilder] YouTube metadata unavailable for item  (stubbed) — possible dead link worth checking: https://www.youtube.com/watch?v=05ITJlgPcR0
🟠 [AcksBuilder] Unknown media item type "Images" (item ) — used "Images" as the prefix; add it to Acks_Formats type_prefix_map.
🟠 [AcksBuilder] Unknown media item type "Images" (item ) — used "Images" as the prefix; add it to Acks_Formats type_prefix_map.
🟠 [AcksBuilder] YouTube metadata unavailable for item  (stubbed) — possible dead link worth checking: https://www.youtube.com/watch?v=R8_ScKzLAfE
🟠 [AcksBuilder] YouTube metadata unavailable for item  (stubbed) — possible dead link worth checking: https://www.youtube.com/watch?v=u8itIg154pM
🟠 [AcksBuilder] 23 iStock titles could not be verified (no *istock-acks*.txt was supplied); each is marked ❗ and the acks block carries a designer note.
🟢 [SkeletonBuilder] footer_links "final" value "—" is not a footer pattern (the registry's no-evidence marker) — the KB's final-page form "prev+home" applied (footer.kb_position_defaults).
🟢 [ConventionResolver] HTML conventions from group 1-10 Arts|combo: overview menu two_col_li, lesson menu two_col_li.
🟢 [PageSplitter] Document opens without a literal [TITLE BAR] — overview page opened at the first content tag (Fundamentals-style template).
🟢 [ContentConverter] Page 0.0: [end audio] had no open container — ignored.
🟢 [ContentConverter] Page 0.0: [end audio] had no open container — ignored.
🟢 [InteractiveBuilder] Built carousel #3 from captured data (no placeholder needed).
🟢 [ContentConverter] Page 0.0: [activity] auto-closed before the next activity.
🟢 [ContentConverter] Page 0.0: [end dropdown] had no open container — ignored.
🟢 [ContentConverter] [engagement quiz button] → the KB's anchored "Go to quiz" button + To Do note (kb_form).
🟢 [ContentConverter] Page 0.0: [activity] auto-closed before the next activity.
🟢 [ContentConverter] Page 0.0: [activity] auto-closed before the next activity.
🟠 [ContentConverter] Page 0.0: [activity] was never closed — closed at page end.
🟢 [ActivitiesBuilder] 1 activity title heading(s) set to h3 (title_heading_level).
🟠 [AcksBuilder] YouTube metadata unavailable for item  (stubbed) — possible dead link worth checking: https://www.youtube.com/watch?v=bUnrm3zo0TE
🟠 [AcksBuilder] YouTube metadata unavailable for item  (stubbed) — possible dead link worth checking: https://www.youtube.com/watch?v=ttQer_S3F_A
🟠 [AcksBuilder] YouTube metadata unavailable for item  (stubbed) — possible dead link worth checking: https://www.youtube.com/watch?v=RsQZX7Hhqug
🟠 [AcksBuilder] YouTube metadata unavailable for item 19 (stubbed) — possible dead link worth checking: https://www.youtube.com/watch?v=vsMWVW4xtwI
🟠 [AcksBuilder] YouTube metadata unavailable for item 20 (stubbed) — possible dead link worth checking: https://www.youtube.com/watch?v=GTXBLyp7_Dw
🟠 [AcksBuilder] YouTube metadata unavailable for item 21 (stubbed) — possible dead link worth checking: https://www.youtube.com/watch?v=5HYDSKuJ2To
🟠 [AcksBuilder] YouTube metadata unavailable for item 22 (stubbed) — possible dead link worth checking: https://www.youtube.com/watch?v=M-mAFarwU18
🟠 [AcksBuilder] YouTube metadata unavailable for item 33 (stubbed) — possible dead link worth checking: https://www.youtube.com/watch?v=QZd_gIJxGbU&t=110s
🟠 [AcksBuilder] YouTube metadata unavailable for item 38 (stubbed) — possible dead link worth checking: https://www.youtube.com/watch?v=ru0K8uYEZWw
🟠 [AcksBuilder] YouTube metadata unavailable for item 39 (stubbed) — possible dead link worth checking: https://www.youtube.com/watch?v=ZbZSe6N_BXs
🟠 [AcksBuilder] YouTube metadata unavailable for item 40 (stubbed) — possible dead link worth checking: https://www.youtube.com/watch?v=QEqMkzKl0VI
🟠 [AcksBuilder] YouTube metadata unavailable for item 56 (stubbed) — possible dead link worth checking: https://www.youtube.com/watch?v=-tJYN-eG1zk
🟠 [AcksBuilder] YouTube metadata unavailable for item 57 (stubbed) — possible dead link worth checking: https://www.youtube.com/watch?v=9bK9h12Qdvs&t=37s
🟠 [AcksBuilder] YouTube metadata unavailable for item 59 (stubbed) — possible dead link worth checking: https://www.youtube.com/watch?v=fDR_pRHYMGA
🟠 [AcksBuilder] YouTube metadata unavailable for item 61 (stubbed) — possible dead link worth checking: https://www.youtube.com/watch?v=moSFlvxnbgk
🟠 [AcksBuilder] YouTube metadata unavailable for item 63 (stubbed) — possible dead link worth checking: https://www.youtube.com/watch?v=-bzWSJG93P8
🟠 [AcksBuilder] YouTube metadata unavailable for item 64 (stubbed) — possible dead link worth checking: https://www.youtube.com/watch?v=NffUBUjhfmU
🟢 [AcksBuilder] Media item 22 placed in lesson 0.0 by neighbour interpolation — verify its group.
🟢 [AcksBuilder] Media item 59 placed in lesson 0.0 by neighbour interpolation — verify its group.
🟠 [AcksBuilder] 43 iStock titles could not be verified (no *istock-acks*.txt was supplied); each is marked ❗ and the acks block carries a designer note.
🟢 [ConventionResolver] HTML conventions from group 1-10 Blended Literacy|1-3: overview menu two_col_li, lesson menu two_col_li.
🟢 [PageSplitter] [end page] on the overview disregarded — an introduction-cluster marker follows ([Title]/[Introduction]/[supervisor note]; AR-1 generalised).
🟢 [ContentConverter] Page 0.0: supervisor note swapped after its section heading (BLL pairing pre-pass).
🟢 [ContentConverter] Page 0.0: supervisor note paired with its section paragraph (BLL family convention).
🟢 [MenuBuilder] Menu heading "Tirohanga Whānui | Overview" is the section label — consumed (the menu scaffolding names it).
🟢 [MenuBuilder] Menu heading "Know" had no content beneath it — omitted (empty preconfigured scaffolding).
🟢 [MenuBuilder] Menu heading "Do" had no content beneath it — omitted (empty preconfigured scaffolding).
🟢 [ContentConverter] Page 1.0: [activity] auto-closed before the next side alert.
🟢 [ContentConverter] Page 2.0: [activity] auto-closed before the next activity.
🟢 [ContentConverter] Page 2.0: [activity] auto-closed before the next activity.
🟢 [InteractiveBuilder] Built carousel #7 from captured data (no placeholder needed).
🟠 [ContentConverter] Page 2.0: [activity] was never closed — closed at page end.
🟠 [AcksBuilder] Unknown media item type "Embedded text" (item ) — used "Embedded text" as the prefix; add it to Acks_Formats type_prefix_map.
🟠 [AcksBuilder] 26 iStock titles could not be verified (no *istock-acks*.txt was supplied); each is marked ❗ and the acks block carries a designer note.
🟢 [SkeletonBuilder] footer_links "final" value "—" is not a footer pattern (the registry's no-evidence marker) — the KB's final-page form "prev+home" applied (footer.kb_position_defaults).
🟢 [ConventionResolver] HTML conventions from group 1-10 Blended Literacy|1-3: overview menu two_col_li, lesson menu two_col_li.
🟢 [PageSplitter] [end page] on the overview disregarded — an introduction-cluster marker follows ([Title]/[Introduction]/[supervisor note]; AR-1 generalised).
🟢 [PageSplitter] Implicit page break: content continues after [end page] without a [LESSON] tag — opened page 1.0.
🟢 [ContentConverter] Page 0.0: supervisor note swapped after its section heading (BLL pairing pre-pass).
🟢 [ContentConverter] Page 0.0: supervisor note paired with its section paragraph (BLL family convention).
🟢 [MenuBuilder] Menu heading "Tirohanga Whānui | Overview" is the section label — consumed (the menu scaffolding names it).
🟢 [ContentConverter] Page 1.0: [activity] auto-closed before the next activity.
🟢 [ContentConverter] Page 1.0: [activity] auto-closed before the next activity.
🟠 [ContentConverter] Page 1.0: [activity] was never closed — closed at page end.
🟢 [ContentConverter] Page 1.1: [activity] auto-closed before the next activity.
🟢 [InteractiveBuilder] Built carousel #6 from captured data (no placeholder needed).
🟠 [ContentConverter] Page 1.1: [activity] was never closed — closed at page end.
🟠 [AcksBuilder] Unknown media item type "Embedded story" (item ) — used "Embedded story" as the prefix; add it to Acks_Formats type_prefix_map.
🟠 [AcksBuilder] Unknown media item type "Embedded story" (item ) — used "Embedded story" as the prefix; add it to Acks_Formats type_prefix_map.
🟠 [AcksBuilder] 19 iStock titles could not be verified (no *istock-acks*.txt was supplied); each is marked ❗ and the acks block carries a designer note.
🟢 [SkeletonBuilder] footer_links "final" value "—" is not a footer pattern (the registry's no-evidence marker) — the KB's final-page form "prev+home" applied (footer.kb_position_defaults).
🟢 [ConventionResolver] HTML conventions from group 1-10 Blended Literacy|1-3: overview menu two_col_li, lesson menu two_col_li.
🟢 [PageSplitter] [end page] on the overview disregarded — an introduction-cluster marker follows ([Title]/[Introduction]/[supervisor note]; AR-1 generalised).
🟢 [PageSplitter] Implicit page break: content continues after [end page] without a [LESSON] tag — opened page 1.0.
🟢 [ContentConverter] Page 0.0: supervisor note swapped after its section heading (BLL pairing pre-pass).
🟢 [ContentConverter] Page 0.0: supervisor note paired with its section paragraph (BLL family convention).
🟢 [MenuBuilder] Menu heading "Tirohanga Whānui | Overview" is the section label — consumed (the menu scaffolding names it).
🟢 [InteractiveBuilder] Built carousel #2 from captured data (no placeholder needed).
🟠 [ContentConverter] Page 1.0: [activity] was never closed — closed at page end.
🟢 [InteractiveScanner] Activity 2C: additional widget [accordion] absorbed (carousel + accordion).
🟢 [InteractiveBuilder] Built carousel #5 from captured data (no placeholder needed).
🟢 [InteractiveBuilder] Built dragAndDrop #6 from captured data (no placeholder needed).
🟢 [ContentConverter] Page 1.1: [activity] auto-closed before the next activity.
🟢 [InteractiveBuilder] Built dragAndDrop #8 from captured data (no placeholder needed).
🟢 [InteractiveBuilder] Built carousel #9 from captured data (no placeholder needed).
🟠 [ContentConverter] Page 1.1: [activity] was never closed — closed at page end.
🟠 [AcksBuilder] YouTube metadata unavailable for item  (stubbed) — possible dead link worth checking: https://www.youtube.com/watch?v=ChcXV-3E3Hk&t=4s
🟠 [AcksBuilder] YouTube metadata unavailable for item  (stubbed) — possible dead link worth checking: https://www.youtube.com/watch?v=AxQw1Jd0cPw
🟠 [AcksBuilder] YouTube metadata unavailable for item  (stubbed) — possible dead link worth checking: https://www.youtube.com/watch?v=PemzMHDpxCA
🟠 [AcksBuilder] YouTube metadata unavailable for item  (stubbed) — possible dead link worth checking: https://www.youtube.com/watch?v=J5li5WabFXE&t=45s
🟠 [AcksBuilder] YouTube metadata unavailable for item  (stubbed) — possible dead link worth checking: https://www.youtube.com/watch?v=vnB4Eu7X1Qg
🟠 [AcksBuilder] YouTube metadata unavailable for item  (stubbed) — possible dead link worth checking: https://www.youtube.com/watch?v=M7_mrSraajI
🟠 [AcksBuilder] YouTube metadata unavailable for item  (stubbed) — possible dead link worth checking: https://www.youtube.com/watch?v=gubPH3WEurg&t=85s
🟠 [AcksBuilder] Unknown media item type "Embedded story" (item ) — used "Embedded story" as the prefix; add it to Acks_Formats type_prefix_map.
🟠 [AcksBuilder] 5 iStock titles could not be verified (no *istock-acks*.txt was supplied); each is marked ❗ and the acks block carries a designer note.
🟢 [SkeletonBuilder] footer_links "final" value "—" is not a footer pattern (the registry's no-evidence marker) — the KB's final-page form "prev+home" applied (footer.kb_position_defaults).
🟢 [ConventionResolver] HTML conventions from group 1-10 Blended Literacy|1-3: overview menu two_col_li, lesson menu two_col_li.
🟢 [ContentConverter] Page 0.0: supervisor note swapped after its section heading (BLL pairing pre-pass).
🟢 [ContentConverter] Page 0.0: supervisor note paired with its section paragraph (BLL family convention).
🟢 [MenuBuilder] Menu heading "Tirohanga Whānui | Overview" is the section label — consumed (the menu scaffolding names it).
🟢 [ContentConverter] Page 1.0: [activity] auto-closed before the next activity.
🟢 [ContentConverter] Page 1.0: [activity] auto-closed before the next activity.
🟢 [ContentConverter] Page 2.0: [activity] auto-closed before the next side alert.
🟢 [InteractiveBuilder] Built carousel #5 from captured data (no placeholder needed).
🟢 [InteractiveBuilder] Built accordion #6 from captured data (no placeholder needed).
🟢 [ContentConverter] Page 2.0: [activity] auto-closed before the next activity.
🟠 [ContentConverter] Page 2.0: [activity] was never closed — closed at page end.
🟠 [AcksBuilder] YouTube metadata unavailable for item  (stubbed) — possible dead link worth checking: https://www.youtube.com/watch?v=juXQhk2pBtY
🟠 [AcksBuilder] YouTube metadata unavailable for item  (stubbed) — possible dead link worth checking: https://www.youtube.com/watch?v=D8VjQLAOUWk
🟠 [AcksBuilder] YouTube metadata unavailable for item  (stubbed) — possible dead link worth checking: https://www.youtube.com/watch?v=FacfelT-DNE
🟠 [AcksBuilder] YouTube metadata unavailable for item  (stubbed) — possible dead link worth checking: https://www.youtube.com/watch?v=EmO1KoPY5aU
🟠 [AcksBuilder] YouTube metadata unavailable for item  (stubbed) — possible dead link worth checking: https://www.youtube.com/watch?v=a46eVCsuCtM
🟠 [AcksBuilder] YouTube metadata unavailable for item  (stubbed) — possible dead link worth checking: https://www.youtube.com/watch?v=NXgsbrIXFdM&t=7s
🟠 [AcksBuilder] Unknown media item type "Embedded text" (item ) — used "Embedded text" as the prefix; add it to Acks_Formats type_prefix_map.
🟠 [AcksBuilder] 9 iStock titles could not be verified (no *istock-acks*.txt was supplied); each is marked ❗ and the acks block carries a designer note.
🟢 [SkeletonBuilder] footer_links "final" value "—" is not a footer pattern (the registry's no-evidence marker) — the KB's final-page form "prev+home" applied (footer.kb_position_defaults).
🟢 [ConventionResolver] HTML conventions from group 1-10 Blended Literacy|1-3: overview menu two_col_li, lesson menu two_col_li.
🟢 [ContentConverter] Page 0.0: supervisor note swapped after its section heading (BLL pairing pre-pass).
🟢 [ContentConverter] Page 0.0: supervisor note paired with its section paragraph (BLL family convention).
🟢 [MenuBuilder] Menu heading "Tirohanga Whānui | Overview" is the section label — consumed (the menu scaffolding names it).
🟢 [InteractiveScanner] Activity 1C: additional widget [drag and drop] absorbed (accordion + dragAndDrop).
🟢 [ContentConverter] Page 1.0: [activity] auto-closed before the next activity.
🟢 [ContentConverter] Page 1.0: [activity] auto-closed before the next activity.
🟢 [ContentConverter] Page 1.0: [activity] auto-closed before the next side alert.
🟢 [ContentConverter] Page 2.0: [activity] auto-closed before the next activity.
🟢 [InteractiveBuilder] Built dragAndDrop #3 from captured data (no placeholder needed).
🟢 [InteractiveBuilder] Built accordion #4 from captured data (no placeholder needed).
🟢 [ContentConverter] Page 2.0: [activity] auto-closed before the next activity.
🟢 [InteractiveBuilder] Built carousel #6 from captured data (no placeholder needed).
🟠 [AcksBuilder] Unknown media item type "embedded story" (item ) — used "Embedded story" as the prefix; add it to Acks_Formats type_prefix_map.
🟠 [AcksBuilder] Unknown media item type "embedded story" (item ) — used "Embedded story" as the prefix; add it to Acks_Formats type_prefix_map.
🟠 [AcksBuilder] Unknown media item type "embedded story" (item ) — used "Embedded story" as the prefix; add it to Acks_Formats type_prefix_map.
🟠 [AcksBuilder] YouTube metadata unavailable for item  (stubbed) — possible dead link worth checking: https://www.youtube.com/watch?v=v8c_ZJEFfBE
🟠 [AcksBuilder] YouTube metadata unavailable for item  (stubbed) — possible dead link worth checking: https://www.youtube.com/watch?v=8NYeMoz9pjI
🟠 [AcksBuilder] YouTube metadata unavailable for item  (stubbed) — possible dead link worth checking: https://www.youtube.com/watch?v=34qCGVlbfCQ
🟠 [AcksBuilder] Unknown media item type "vidxeo" (item ) — used "Vidxeo" as the prefix; add it to Acks_Formats type_prefix_map.
🟠 [AcksBuilder] YouTube metadata unavailable for item  (stubbed) — possible dead link worth checking: https://www.youtube.com/watch?v=gS7YKaPcg3Q
🟠 [AcksBuilder] Unknown media item type "vidxeo" (item ) — used "Vidxeo" as the prefix; add it to Acks_Formats type_prefix_map.
🟠 [AcksBuilder] Unknown media item type "embedded story" (item ) — used "Embedded story" as the prefix; add it to Acks_Formats type_prefix_map.
🟠 [AcksBuilder] YouTube metadata unavailable for item  (stubbed) — possible dead link worth checking: https://www.youtube.com/watch?v=xSsdnC896pU
🟠 [AcksBuilder] YouTube metadata unavailable for item  (stubbed) — possible dead link worth checking: https://www.youtube.com/watch?v=eW35idtZDaQ
🟠 [AcksBuilder] YouTube metadata unavailable for item  (stubbed) — possible dead link worth checking: https://www.youtube.com/watch?v=zyoX73WgTdY
🟠 [AcksBuilder] YouTube metadata unavailable for item  (stubbed) — possible dead link worth checking: https://www.youtube.com/watch?v=vjMHleB-Mlw
🟠 [AcksBuilder] 18 iStock titles could not be verified (no *istock-acks*.txt was supplied); each is marked ❗ and the acks block carries a designer note.
🟢 [ModuleResolver] BLL247 is not in the registry members — inherited from its level BLL2 (sibling rule).
🟢 [ConventionResolver] HTML conventions from group 1-10 Blended Literacy|1-3: overview menu two_col_li, lesson menu two_col_li.
🟢 [PageSplitter] [end page] before [MODULE INTRODUCTION] disregarded — the introduction stays on the overview page (AR-1).
🟢 [ContentConverter] Page 0.0: [end supervisor note] had no open container — ignored.
🟢 [MenuBuilder] Menu heading "Tirohanga Whānui | Overview" is the section label — consumed (the menu scaffolding names it).
🟢 [InteractiveScanner] Activity 1B: additional widget [click drop] absorbed (clickDrop + clickDrop).
🟢 [InteractiveBuilder] Built clickDrop #2 from captured data (no placeholder needed).
🟢 [ContentConverter] Page 1.0: [end click drop] had no open container — ignored.
🟢 [ContentConverter] Page 1.0: [activity] auto-closed before the next activity.
🟢 [InteractiveScanner] Activity 2C: additional widget [click drop] absorbed (clickDrop + clickDrop).
🟢 [InteractiveScanner] Activity 2C: additional widget [click drop] absorbed (clickDrop + clickDrop).
🟢 [InteractiveScanner] Activity 2C: additional widget [reorder] absorbed (clickDrop + reorder).
🟢 [ContentConverter] Page 2.0: [activity] auto-closed before the next activity.
🟢 [ContentConverter] Page 2.0: [activity] auto-closed before the next h3.
🟢 [ContentConverter] Page 2.0: [end activity] had no open container — ignored.
🟠 [AcksBuilder] Unknown media item type "Website" (item ) — used "Website" as the prefix; add it to Acks_Formats type_prefix_map.
🟠 [AcksBuilder] 1 iStock title could not be verified (no *istock-acks*.txt was supplied); each is marked ❗ and the acks block carries a designer note.
🟢 [ModuleResolver] BLL270 is not in the registry members — inherited from its level BLL2 (sibling rule).
🟢 [ConventionResolver] HTML conventions from group 1-10 Blended Literacy|1-3: overview menu two_col_li, lesson menu two_col_li.
🟢 [PageSplitter] [end page] before [MODULE INTRODUCTION] disregarded — the introduction stays on the overview page (AR-1).
🟢 [PageSplitter] Implicit page break: content continues after [end page] without a [LESSON] tag — opened page 1.0.
🟢 [PageSplitter] Adjacent page boundaries merged — no empty page emitted (AR-2).
🟢 [PageSplitter] Implicit page break: content continues after [end page] without a [LESSON] tag — opened page 3.0.
🟢 [PageSplitter] Adjacent page boundaries merged — no empty page emitted (AR-2).
🟢 [PageSplitter] Implicit page break: content continues after [end page] without a [LESSON] tag — opened page 5.0.
🟢 [PageSplitter] Adjacent page boundaries merged — no empty page emitted (AR-2).
🟢 [PageSplitter] Implicit page break: content continues after [end page] without a [LESSON] tag — opened page 7.0.
🟢 [PageSplitter] Adjacent page boundaries merged — no empty page emitted (AR-2).
🟢 [ContentConverter] Page 0.0: [end supervisor note] had no open container — ignored.
🟢 [MenuBuilder] Menu heading "Tirohanga Whānui | Overview" is the section label — consumed (the menu scaffolding names it).
🟢 [InteractiveScanner] Activity 1F: additional widget [click drop] absorbed (clickDrop + clickDrop).
🟢 [InteractiveScanner] Activity 1F: additional widget [click drop] absorbed (clickDrop + clickDrop).
🟢 [InteractiveScanner] Activity 1F: additional widget [click drop] absorbed (clickDrop + clickDrop).
🟢 [InteractiveScanner] Activity 1F: additional widget [click drop] absorbed (clickDrop + clickDrop).
🟢 [InteractiveScanner] Activity 1F: additional widget [click drop] absorbed (clickDrop + clickDrop).
🟢 [InteractiveScanner] Activity 1F: additional widget [click drop] absorbed (clickDrop + clickDrop).
🟢 [InteractiveScanner] Activity 1F: additional widget [click drop] absorbed (clickDrop + clickDrop).
🟢 [InteractiveScanner] Activity 1F: additional widget [click drop] absorbed (clickDrop + clickDrop).
🟢 [InteractiveScanner] Activity 1F: additional widget [click drop] absorbed (clickDrop + clickDrop).
🟢 [InteractiveScanner] Activity 1F: additional widget [click drop] absorbed (clickDrop + clickDrop).
🟢 [InteractiveScanner] Activity 1F: additional widget [click drop] absorbed (clickDrop + clickDrop).
🟢 [InteractiveScanner] Activity 1F: additional widget [info trigger] absorbed (clickDrop + infoTrigger).
🟢 [InteractiveBuilder] Built carousel #1 from captured data (no placeholder needed).
🟢 [InteractiveBuilder] Built clickDrop #2 from captured data (no placeholder needed).
🟢 [ContentConverter] Page 2.0: [end click drop] had no open container — ignored.
🟢 [InteractiveScanner] Activity 2F: additional widget [click drop] absorbed (clickDrop + clickDrop).
🟢 [InteractiveScanner] Activity 2F: additional widget [click drop] absorbed (clickDrop + clickDrop).
🟢 [InteractiveScanner] Activity 2F: additional widget [click drop] absorbed (clickDrop + clickDrop).
🟢 [InteractiveScanner] Activity 2F: additional widget [click drop] absorbed (clickDrop + clickDrop).
🟢 [InteractiveScanner] Activity 2F: additional widget [click drop] absorbed (clickDrop + clickDrop).
🟢 [InteractiveScanner] Activity 2F: additional widget [click drop] absorbed (clickDrop + clickDrop).
🟢 [InteractiveScanner] Activity 2F: additional widget [click drop] absorbed (clickDrop + clickDrop).
🟢 [InteractiveScanner] Activity 2F: additional widget [click drop] absorbed (clickDrop + clickDrop).
🟢 [InteractiveScanner] Activity 2F: additional widget [click drop] absorbed (clickDrop + clickDrop).
🟢 [InteractiveScanner] Activity 2F: additional widget [click drop] absorbed (clickDrop + clickDrop).
🟢 [InteractiveScanner] Activity 2F: additional widget [click drop] absorbed (clickDrop + clickDrop).
🟢 [InteractiveBuilder] Built carousel #8 from captured data (no placeholder needed).
🟢 [ContentConverter] Page 4.0: [activity] auto-closed before the next alert.
🟢 [InteractiveScanner] Activity 3E: additional widget [click drop] absorbed (clickDrop + clickDrop).
🟢 [InteractiveScanner] Activity 3E: additional widget [click drop] absorbed (clickDrop + clickDrop).
🟢 [InteractiveScanner] Activity 3E: additional widget [click drop] absorbed (clickDrop + clickDrop).
🟢 [InteractiveScanner] Activity 3E: additional widget [click drop] absorbed (clickDrop + clickDrop).
🟢 [InteractiveScanner] Activity 3E: additional widget [click drop] absorbed (clickDrop + clickDrop).
🟢 [InteractiveScanner] Activity 3E: additional widget [click drop] absorbed (clickDrop + clickDrop).
🟢 [InteractiveScanner] Activity 3E: additional widget [click drop] absorbed (clickDrop + clickDrop).
🟢 [InteractiveScanner] Activity 3E: additional widget [click drop] absorbed (clickDrop + clickDrop).
🟢 [InteractiveScanner] Activity 3E: additional widget [click drop] absorbed (clickDrop + clickDrop).
🟢 [InteractiveScanner] Activity 3E: additional widget [click drop] absorbed (clickDrop + clickDrop).
🟢 [InteractiveScanner] Activity 3E: additional widget [click drop] absorbed (clickDrop + clickDrop).
🟢 [InteractiveBuilder] Built carousel #14 from captured data (no placeholder needed).
🟢 [ContentConverter] Page 6.0: [activity] auto-closed before the next alert.
🟢 [InteractiveScanner] Activity 4F: additional widget [click drop] absorbed (clickDrop + clickDrop).
🟢 [InteractiveScanner] Activity 4F: additional widget [click drop] absorbed (clickDrop + clickDrop).
🟢 [InteractiveScanner] Activity 4F: additional widget [click drop] absorbed (clickDrop + clickDrop).
🟢 [InteractiveScanner] Activity 4F: additional widget [click drop] absorbed (clickDrop + clickDrop).
🟢 [InteractiveScanner] Activity 4F: additional widget [click drop] absorbed (clickDrop + clickDrop).
🟢 [InteractiveScanner] Activity 4F: additional widget [click drop] absorbed (clickDrop + clickDrop).
🟢 [InteractiveScanner] Activity 4F: additional widget [click drop] absorbed (clickDrop + clickDrop).
🟢 [InteractiveScanner] Activity 4F: additional widget [click drop] absorbed (clickDrop + clickDrop).
🟢 [InteractiveScanner] Activity 4F: additional widget [click drop] absorbed (clickDrop + clickDrop).
🟢 [InteractiveScanner] Activity 4F: additional widget [modal] absorbed (clickDrop + modal).
🟢 [InteractiveScanner] Activity 4F: additional widget [click drop] absorbed (clickDrop + clickDrop).
🟢 [InteractiveScanner] Activity 4F: additional widget [click drop] absorbed (clickDrop + clickDrop).
🟢 [InteractiveScanner] Activity 4F: additional widget [modal] absorbed (clickDrop + modal).
🟢 [ContentConverter] Page 8.0: [activity] auto-closed before the next activity.
🟢 [ContentConverter] Page 8.0: [end activity] had no open container — ignored.
🟠 [AcksBuilder] YouTube metadata unavailable for item  (stubbed) — possible dead link worth checking: https://youtu.be/O_DtsHdMAtk?si=3fTz0noa-APZjxuR
🟠 [AcksBuilder] YouTube metadata unavailable for item  (stubbed) — possible dead link worth checking: https://youtu.be/IY5KnN7Ma6A?si=3ucqQQjHywlqhHD7
🟠 [AcksBuilder] YouTube metadata unavailable for item  (stubbed) — possible dead link worth checking: https://youtu.be/f8kn9E_2uZs?si=1VXyZo27bw5nR24Q
🟠 [AcksBuilder] YouTube metadata unavailable for item  (stubbed) — possible dead link worth checking: https://youtu.be/_u-tnzCzhSY?si=LUcd8Ze1YBvy63r0
🟠 [AcksBuilder] YouTube metadata unavailable for item  (stubbed) — possible dead link worth checking: https://youtu.be/DBIAfIpurZg?si=o1PJKNI3ItEdd25s
🟠 [AcksBuilder] YouTube metadata unavailable for item  (stubbed) — possible dead link worth checking: https://youtu.be/f7Bc8lkDseY?si=aztUxA4kFE5wZpCz
🟠 [AcksBuilder] YouTube metadata unavailable for item  (stubbed) — possible dead link worth checking: https://youtu.be/CiIcw35WoZg?si=TN7AWT7sJB-zKlBv
🟠 [AcksBuilder] YouTube metadata unavailable for item  (stubbed) — possible dead link worth checking: https://youtu.be/sAHNvHHoHU8?si=kKpvaD_4TXl-eic-
🟠 [AcksBuilder] YouTube metadata unavailable for item  (stubbed) — possible dead link worth checking: https://youtu.be/tauv8yH9HVg?si=0fGB1igRHxpDsMtB
🟠 [AcksBuilder] YouTube metadata unavailable for item  (stubbed) — possible dead link worth checking: https://youtu.be/_u-tnzCzhSY?si=LUcd8Ze1YBvy63r0
🟠 [AcksBuilder] YouTube metadata unavailable for item  (stubbed) — possible dead link worth checking: https://youtu.be/fZzswQaICfM?si=FHbJ9hqWbLg_FrQp
🟠 [AcksBuilder] YouTube metadata unavailable for item  (stubbed) — possible dead link worth checking: https://youtu.be/Z6B4lkIJAJ4?si=I5rv4c12XhVyRMpP
🟠 [AcksBuilder] YouTube metadata unavailable for item  (stubbed) — possible dead link worth checking: https://youtu.be/ioPNzedUbvs?si=qYRh3-Ew4XxB7VWg
🟠 [AcksBuilder] YouTube metadata unavailable for item  (stubbed) — possible dead link worth checking: https://youtu.be/7jhgl-L3_og?si=XtsUUIahLW4rXfP9
🟠 [AcksBuilder] YouTube metadata unavailable for item  (stubbed) — possible dead link worth checking: https://youtu.be/0_RxWbHf0Rk?si=r-YMx-jAiSlqG6S5
🟠 [AcksBuilder] YouTube metadata unavailable for item  (stubbed) — possible dead link worth checking: https://youtu.be/_u-tnzCzhSY?si=LUcd8Ze1YBvy63r0
🟠 [AcksBuilder] YouTube metadata unavailable for item  (stubbed) — possible dead link worth checking: https://youtu.be/DBIAfIpurZg?si=o1PJKNI3ItEdd25s
🟠 [AcksBuilder] YouTube metadata unavailable for item  (stubbed) — possible dead link worth checking: https://youtu.be/RiI7BIZLLwM?si=YqmmFU1SyacHGuML
🟠 [AcksBuilder] YouTube metadata unavailable for item  (stubbed) — possible dead link worth checking: https://youtu.be/4XP08d3WSn8?si=e5itBNGZYPvy0K-K
🟠 [AcksBuilder] YouTube metadata unavailable for item  (stubbed) — possible dead link worth checking: https://youtu.be/2JsnRtmyQ8w?si=AwyebJjexAJOGn6R
🟠 [AcksBuilder] YouTube metadata unavailable for item  (stubbed) — possible dead link worth checking: https://youtu.be/LrWyfjfR8ms?si=xgRm7xXsRFvVYlr2
🟠 [AcksBuilder] YouTube metadata unavailable for item  (stubbed) — possible dead link worth checking: https://youtu.be/_u-tnzCzhSY?si=LUcd8Ze1YBvy63r0
🟠 [AcksBuilder] YouTube metadata unavailable for item  (stubbed) — possible dead link worth checking: https://youtu.be/RuZgGAm7l-c?si=dSue99hnE3oI02RG
🟠 [AcksBuilder] 2 iStock titles could not be verified (no *istock-acks*.txt was supplied); each is marked ❗ and the acks block carries a designer note.
🟢 [ConventionResolver] HTML conventions from group ConnectED|7-8: overview menu two_col_li, lesson menu two_col_li.
🟢 [PageSplitter] [end page] before [MODULE INTRODUCTION] disregarded — the introduction stays on the overview page (AR-1).
🟢 [PageSplitter] Adjacent page boundaries merged — no empty page emitted (AR-2).
🟢 [PageSplitter] Adjacent page boundaries merged — no empty page emitted (AR-2).
🟢 [PageSplitter] Adjacent page boundaries merged — no empty page emitted (AR-2).
🟢 [PageSplitter] Adjacent page boundaries merged — no empty page emitted (AR-2).
🟢 [PageSplitter] Adjacent page boundaries merged — no empty page emitted (AR-2).
🟢 [PageSplitter] Content after the final [end page] (3 blocks) is writer-form boilerplate — not emitted (AR-5).
🟢 [MenuBuilder] Menu heading "Tirohanga Whānui | Overview" is the section label — consumed (the menu scaffolding names it).
🟢 [ContentConverter] Page 3.0: [end carousel] had no open container — ignored.
🟢 [ContentConverter] [alert] spans to an explicit end tag (writer-authored box).
🟢 [ContentConverter] Page 3.0: [end drag and drop] had no open container — ignored.
🟢 [InteractiveBuilder] Built carousel #5 from captured data (no placeholder needed).
🟢 [ContentConverter] Page 4.0: [end carousel] had no open container — ignored.
🟢 [InteractiveBuilder] Built flipCard #7 from captured data (no placeholder needed).
🟠 [AcksBuilder] YouTube metadata unavailable for item  (stubbed) — possible dead link worth checking: https://www.youtube.com/watch?v=F4C5A7hIXOw
🟠 [AcksBuilder] Unknown media item type "Picture/diagram" (item ) — used "Picture/diagram" as the prefix; add it to Acks_Formats type_prefix_map.
🟠 [AcksBuilder] Unknown media item type "Picture/diagram" (item ) — used "Picture/diagram" as the prefix; add it to Acks_Formats type_prefix_map.
🟠 [AcksBuilder] YouTube metadata unavailable for item  (stubbed) — possible dead link worth checking: https://www.youtube.com/watch?v=fBlR7taW9jk
🟠 [AcksBuilder] Unknown media item type "Slideshow" (item ) — used "Slideshow" as the prefix; add it to Acks_Formats type_prefix_map.
🟠 [AcksBuilder] YouTube metadata unavailable for item  (stubbed) — possible dead link worth checking: https://www.youtube.com/watch?v=wlPUxrZ_yu4
🟠 [AcksBuilder] YouTube metadata unavailable for item  (stubbed) — possible dead link worth checking: https://www.youtube.com/watch?v=63OkNeYV8ms
🟠 [AcksBuilder] Media item  sits between lessons 2.0 and 4.0 — placed in 2.0; verify.
🟠 [AcksBuilder] Media item  sits between lessons 2.0 and 4.0 — placed in 2.0; verify.
🟠 [AcksBuilder] Media item  sits between lessons 2.0 and 4.0 — placed in 2.0; verify.
🟠 [AcksBuilder] Media item  sits between lessons 2.0 and 4.0 — placed in 2.0; verify.
🟠 [AcksBuilder] Media item  sits between lessons 2.0 and 4.0 — placed in 2.0; verify.
🟠 [AcksBuilder] Media item  sits between lessons 2.0 and 4.0 — placed in 2.0; verify.
🟠 [AcksBuilder] Media item  sits between lessons 2.0 and 4.0 — placed in 2.0; verify.
🟠 [AcksBuilder] Media item  sits between lessons 2.0 and 4.0 — placed in 2.0; verify.
🟠 [AcksBuilder] Media item  sits between lessons 2.0 and 4.0 — placed in 2.0; verify.
🟠 [AcksBuilder] Media item  sits between lessons 2.0 and 4.0 — placed in 2.0; verify.
🟠 [AcksBuilder] Media item  sits between lessons 2.0 and 4.0 — placed in 2.0; verify.
🟠 [AcksBuilder] Media item  sits between lessons 2.0 and 4.0 — placed in 2.0; verify.
🟠 [AcksBuilder] 28 iStock titles could not be verified (no *istock-acks*.txt was supplied); each is marked ❗ and the acks block carries a designer note.
🟢 [ConventionResolver] HTML conventions from group ConnectED|4-6: overview menu two_col_li, lesson menu two_col_li.
🟢 [PageSplitter] Registry says single-file but lesson/page tags exist — keeping ONE file; the tags become in-page breaks (registry rule).
🟠 [ContentConverter] [TITLE BAR] title half is the placeholder "MODULE TITLE" — the real title is not in the WT; dropped, not shipped as an <h1>. Add the title to the source.
🟢 [PageAssembler] [TITLE BAR] held only placeholder text — using the front-matter Course "Tūhono – Ako whakauru | ConnectED" as the English title; no Te Reo title (the real one is not in the WT).
🟠 [SkeletonBuilder] module_code value "—" has no module_code_value_map entry — element omitted; add the value to Emit_Templates.
🟢 [SkeletonBuilder] footer_links "overview" value "—" is not a footer pattern (the registry's no-evidence marker) — the KB's overview-page form "next+home" applied (footer.kb_position_defaults).
🟢 [ConventionResolver] No convention group found for this module — using the global Emit_Templates defaults.
🟢 [PageSplitter] Registry says single-file but lesson/page tags exist — keeping ONE file; the tags become in-page breaks (registry rule).
🟢 [InteractiveScanner] accordion: additional widget [accordion] absorbed (accordion + accordion).
🟢 [InteractiveScanner] accordion: additional widget [accordion] absorbed (accordion + accordion).
🟢 [InteractiveScanner] accordion: additional widget [accordion] absorbed (accordion + accordion).
🟢 [ContentConverter] Level-page fundamentals dialect: 2 levels (Novice, Emergent) — panels grouped by level, [Page Overview] blocks routed to the module menu (fundamentals_panels.level_pages).
🟢 [InteractiveBuilder] Built carousel #1 from captured data (no placeholder needed).
🟢 [InteractiveBuilder] Built carousel #8 from captured data (no placeholder needed).
🟢 [InteractiveBuilder] Built flipCard #10 from captured data (no placeholder needed).
🟢 [InteractiveBuilder] Built carousel #11 from captured data (no placeholder needed).
🟢 [MenuBuilder] Overview menu composed as level tabs (Overview + Novice, Emergent; fundamentals_panels.level_pages).
🟠 [AcksBuilder] YouTube metadata unavailable for item  (stubbed) — possible dead link worth checking: https://www.youtube.com/shorts/moFLq3OjKZ4
🟠 [AcksBuilder] YouTube metadata unavailable for item  (stubbed) — possible dead link worth checking: https://www.youtube.com/shorts/EVo6Mp8ViE8
🟠 [AcksBuilder] YouTube metadata unavailable for item  (stubbed) — possible dead link worth checking: https://www.youtube.com/watch?v=HqkssAFo0Xw
🟠 [AcksBuilder] YouTube metadata unavailable for item  (stubbed) — possible dead link worth checking: https://www.youtube.com/shorts/WK26e99etMA
🟠 [AcksBuilder] YouTube metadata unavailable for item  (stubbed) — possible dead link worth checking: https://www.youtube.com/watch?v=EKcSdYks2gE&t=51s
🟠 [AcksBuilder] YouTube metadata unavailable for item  (stubbed) — possible dead link worth checking: https://www.youtube.com/shorts/yh7We1dDKB0
🟠 [AcksBuilder] YouTube metadata unavailable for item  (stubbed) — possible dead link worth checking: https://www.youtube.com/shorts/07jNdFiknWg
🟠 [AcksBuilder] YouTube metadata unavailable for item  (stubbed) — possible dead link worth checking: https://www.youtube.com/shorts/o3E-rU3vyvc
🟠 [AcksBuilder] YouTube metadata unavailable for item  (stubbed) — possible dead link worth checking: https://www.youtube.com/shorts/5lsunJa-J8o
🟠 [AcksBuilder] YouTube metadata unavailable for item  (stubbed) — possible dead link worth checking: https://www.youtube.com/shorts/srJ4fJMp2is
🟠 [AcksBuilder] 3 iStock titles could not be verified (no *istock-acks*.txt was supplied); each is marked ❗ and the acks block carries a designer note.
🟠 [ModuleResolver] Multiple module-code candidates found (ENGC301, EN000) — using ENGC301 from filename "ENGC301 Writers Template + Media List.docx".
🟢 [ConventionResolver] HTML conventions from series ENGC (deviation over 1-10 English|7-8): overview menu two_col_li, lesson menu flat.
🟢 [PageSplitter] [end page] before [MODULE INTRODUCTION] disregarded — the introduction stays on the overview page (AR-1).
🟢 [PageSplitter] Content after the final [end page] (18 blocks) is writer-form boilerplate — not emitted (AR-5).
🟢 [MenuBuilder] Menu heading "Tirohanga Whānui | Overview" is the section label — consumed (the menu scaffolding names it).
🟢 [InteractiveBuilder] Built flipCard #2 from captured data (no placeholder needed).
🟢 [InteractiveBuilder] Built dragAndDrop #5 from captured data (no placeholder needed).
🟢 [PageAssembler] [TITLE BAR] held only placeholder text — using the front-matter Course "Te Ara Hou, Te Ara Tipu, EN000" as the English title; no Te Reo title (the real one is not in the WT).
🟠 [AcksBuilder] YouTube metadata unavailable for item 1 (stubbed) — possible dead link worth checking: https://www.youtube.com/watch?v=LNoPqEra__g
🟠 [AcksBuilder] YouTube metadata unavailable for item 3 (stubbed) — possible dead link worth checking: https://www.youtube.com/watch?v=jUPtAaXRRXA
🟠 [AcksBuilder] YouTube metadata unavailable for item 5 (stubbed) — possible dead link worth checking: https://www.youtube.com/watch?v=Atf_Af1q_5w
🟠 [AcksBuilder] Unknown media item type "jpg" (item 6) — used "Jpg" as the prefix; add it to Acks_Formats type_prefix_map.
🟠 [AcksBuilder] Unknown media item type "mp3" (item 7) — used "Mp3" as the prefix; add it to Acks_Formats type_prefix_map.
🟠 [AcksBuilder] Unknown media item type "Website" (item 11) — used "Website" as the prefix; add it to Acks_Formats type_prefix_map.
🟠 [AcksBuilder] YouTube metadata unavailable for item 12 (stubbed) — possible dead link worth checking: https://www.youtube.com/watch?v=z5yq_el23EA
🟠 [AcksBuilder] Unknown media item type "mp3" (item 19) — used "Mp3" as the prefix; add it to Acks_Formats type_prefix_map.
🟠 [AcksBuilder] Unknown media item type "mp3" (item 19) — used "Mp3" as the prefix; add it to Acks_Formats type_prefix_map.
🟠 [AcksBuilder] YouTube metadata unavailable for item 24 (stubbed) — possible dead link worth checking: https://www.youtube.com/watch?v=HomZLe3Q0u8
🟠 [AcksBuilder] Unknown media item type "Video- extract audio" (item 25) — used "Video- extract audio" as the prefix; add it to Acks_Formats type_prefix_map.
🟠 [AcksBuilder] Unknown media item type "Video- extract audio" (item 25) — used "Video- extract audio" as the prefix; add it to Acks_Formats type_prefix_map.
🟠 [AcksBuilder] YouTube metadata unavailable for item 26 (stubbed) — possible dead link worth checking: https://www.youtube.com/watch?v=h-Lx2ihpGbc
🟠 [AcksBuilder] YouTube metadata unavailable for item 28 (stubbed) — possible dead link worth checking: https://www.youtube.com/watch?v=UT6oZqYij8U
🟠 [AcksBuilder] YouTube metadata unavailable for item 31 (stubbed) — possible dead link worth checking: https://www.youtube.com/watch?v=Xy6kM-0TvoU
🟠 [AcksBuilder] YouTube metadata unavailable for item 32 (stubbed) — possible dead link worth checking: https://www.youtube.com/watch?v=fukeDiL2mro
🟠 [AcksBuilder] YouTube metadata unavailable for item 48 (stubbed) — possible dead link worth checking: https://www.youtube.com/watch?v=QTl6xUFxyOY
🟠 [AcksBuilder] YouTube metadata unavailable for item 50 (stubbed) — possible dead link worth checking: https://www.youtube.com/watch?v=ftJDWFGDoLo
🟠 [AcksBuilder] YouTube metadata unavailable for item 51 (stubbed) — possible dead link worth checking: https://www.youtube.com/watch?v=5fNkI5JbdKM
🟠 [AcksBuilder] YouTube metadata unavailable for item 52 (stubbed) — possible dead link worth checking: https://www.youtube.com/watch?v=rv23GWvQ1uQ
🟢 [AcksBuilder] Media item 19 placed in lesson 3.0 by neighbour interpolation — verify its group.
🟢 [ConventionResolver] HTML conventions from series ENGJ (deviation over 1-10 English|1-3): overview menu two_col_li, lesson menu flat.
🟢 [PageSplitter] [end page] before [MODULE INTRODUCTION] disregarded — the introduction stays on the overview page (AR-1).
🟢 [PageSplitter] Content after the final [end page] (3 blocks) is writer-form boilerplate — not emitted (AR-5).
🟢 [MenuBuilder] Menu heading "Tirohanga Whānui | Overview" is the section label — consumed (the menu scaffolding names it).
🟢 [InteractiveScanner] Activity 1A: additional widget [accordion] absorbed (accordion + accordion).
🟢 [InteractiveScanner] Activity 1D: additional widget [modal] absorbed (modal + modal).
🟢 [InteractiveScanner] Activity 1D: additional widget [modal] absorbed (modal + modal).
🟢 [InteractiveScanner] Activity 1D: additional widget [modal] absorbed (modal + modal).
🟢 [InteractiveScanner] Activity 1D: additional widget [modal] absorbed (modal + modal).
🟢 [InteractiveScanner] Activity 1D: additional widget [modal] absorbed (modal + modal).
🟢 [InteractiveScanner] Activity 1D: additional widget [modal] absorbed (modal + modal).
🟢 [InteractiveScanner] Activity 1D: additional widget [modal] absorbed (modal + modal).
🟢 [InteractiveScanner] Activity 1D: additional widget [modal] absorbed (modal + modal).
🟢 [InteractiveBuilder] Built accordion #1 from captured data (no placeholder needed).
🟢 [ContentConverter] Page 1.0: [activity] auto-closed before the next activity.
🟢 [ContentConverter] Page 1.0: [activity] auto-closed before the next activity.
🟢 [InteractiveBuilder] Built modal #2 from captured data (no placeholder needed).
🟢 [InteractiveScanner] Activity 2B: additional widget [drag and drop] absorbed (dragAndDrop + dragAndDrop).
🟢 [InteractiveScanner] Activity 2B: additional widget [drag and drop] absorbed (dragAndDrop + dragAndDrop).
🟢 [InteractiveScanner] Activity 2C: additional widget [modal] absorbed (modal + modal).
🟢 [InteractiveScanner] Activity 2C: additional widget [modal] absorbed (modal + modal).
🟢 [InteractiveScanner] Activity 2C: additional widget [modal] absorbed (modal + modal).
🟢 [InteractiveScanner] Activity 2C: additional widget [modal] absorbed (modal + modal).
🟢 [InteractiveScanner] Activity 2C: additional widget [modal] absorbed (modal + modal).
🟢 [InteractiveScanner] Activity 2C: additional widget [modal] absorbed (modal + modal).
🟢 [InteractiveScanner] Activity 2C: additional widget [modal] absorbed (modal + modal).
🟢 [InteractiveScanner] Activity 2C: additional widget [modal] absorbed (modal + modal).
🟢 [InteractiveBuilder] Built accordion #3 from captured data (no placeholder needed).
🟢 [InteractiveBuilder] Built accordion #4 from captured data (no placeholder needed).
🟢 [InteractiveBuilder] Built modal #6 from captured data (no placeholder needed).
🟢 [InteractiveScanner] Activity 3A: additional widget [accordion] absorbed (accordion + accordion).
🟢 [InteractiveScanner] Activity 3D: additional widget [modal] absorbed (modal + modal).
🟢 [InteractiveScanner] Activity 3D: additional widget [modal] absorbed (modal + modal).
🟢 [InteractiveScanner] Activity 3D: additional widget [modal] absorbed (modal + modal).
🟢 [InteractiveScanner] Activity 3D: additional widget [modal] absorbed (modal + modal).
🟢 [InteractiveScanner] Activity 3D: additional widget [modal] absorbed (modal + modal).
🟢 [InteractiveScanner] Activity 3D: additional widget [carousel] absorbed (modal + carousel).
🟢 [InteractiveScanner] Activity 3D: additional widget [modal] absorbed (modal + modal).
🟢 [InteractiveScanner] Activity 3D: additional widget [modal] absorbed (modal + modal).
🟢 [InteractiveScanner] Activity 3D: additional widget [modal] absorbed (modal + modal).
🟢 [InteractiveBuilder] Built accordion #7 from captured data (no placeholder needed).
🟢 [ContentConverter] Page 3.0: [activity] auto-closed before the next activity.
🟢 [InteractiveBuilder] Built flipCard #10 from captured data (no placeholder needed).
🟢 [ContentConverter] Page 4.0: [activity] auto-closed before the next activity.
🟠 [ContentConverter] Page 4.0: [activity] was never closed — closed at page end.
🟠 [AcksBuilder] YouTube metadata unavailable for item  (stubbed) — possible dead link worth checking: https://www.youtube.com/watch?v=6s7aSNUCkiM
🟠 [AcksBuilder] YouTube metadata unavailable for item  (stubbed) — possible dead link worth checking: https://www.youtube.com/watch?v=go_ld7lOpGA
🟠 [AcksBuilder] YouTube metadata unavailable for item  (stubbed) — possible dead link worth checking: https://www.youtube.com/watch?v=lVsh1RAa9kg
🟠 [AcksBuilder] YouTube metadata unavailable for item  (stubbed) — possible dead link worth checking: https://www.youtube.com/watch?v=rUi5DiyNUdM
🟠 [AcksBuilder] YouTube metadata unavailable for item  (stubbed) — possible dead link worth checking: https://www.youtube.com/watch?v=QwCxW7Nx4Ec
🟠 [AcksBuilder] YouTube metadata unavailable for item  (stubbed) — possible dead link worth checking: https://www.youtube.com/watch?v=hifcUYaACzI
🟠 [AcksBuilder] YouTube metadata unavailable for item  (stubbed) — possible dead link worth checking: https://www.youtube.com/watch?v=4o6UObvan_4
🟠 [AcksBuilder] YouTube metadata unavailable for item  (stubbed) — possible dead link worth checking: https://www.youtube.com/watch?v=YunBFPyF37U
🟠 [AcksBuilder] YouTube metadata unavailable for item  (stubbed) — possible dead link worth checking: https://www.youtube.com/watch?v=M7jmKm5EuRs&t=79s
🟢 [AcksBuilder] Media item  placed in lesson 1.0 by neighbour interpolation — verify its group.
🟢 [AcksBuilder] Media item  placed in lesson 1.0 by neighbour interpolation — verify its group.
🟢 [AcksBuilder] Media item  placed in lesson 1.0 by neighbour interpolation — verify its group.
🟢 [AcksBuilder] Media item  placed in lesson 1.0 by neighbour interpolation — verify its group.
🟢 [AcksBuilder] Media item  placed in lesson 1.0 by neighbour interpolation — verify its group.
🟢 [AcksBuilder] Media item  placed in lesson 1.0 by neighbour interpolation — verify its group.
🟢 [AcksBuilder] Media item  placed in lesson 2.0 by neighbour interpolation — verify its group.
🟢 [AcksBuilder] Media item  placed in lesson 2.0 by neighbour interpolation — verify its group.
🟠 [AcksBuilder] Media item  sits between lessons 2.0 and 3.0 — placed in 2.0; verify.
🟠 [AcksBuilder] Media item  sits between lessons 2.0 and 3.0 — placed in 2.0; verify.
🟢 [AcksBuilder] Media item  placed in lesson 3.0 by neighbour interpolation — verify its group.
🟢 [AcksBuilder] Media item  placed in lesson 3.0 by neighbour interpolation — verify its group.
🟢 [AcksBuilder] Media item  placed in lesson 3.0 by neighbour interpolation — verify its group.
🟢 [AcksBuilder] Media item  placed in lesson 3.0 by neighbour interpolation — verify its group.
🟢 [AcksBuilder] Media item  placed in lesson 3.0 by neighbour interpolation — verify its group.
🟢 [AcksBuilder] Media item  placed in lesson 3.0 by neighbour interpolation — verify its group.
🟠 [AcksBuilder] 15 iStock titles could not be verified (no *istock-acks*.txt was supplied); each is marked ❗ and the acks block carries a designer note.
🟠 [ModuleResolver] Multiple module-code candidates found (ENGS201, EN000) — using ENGS201 from filename "ENGS201 Writers Template + Media List.docx".
🟢 [ConventionResolver] HTML conventions from group 1-10 English|4-6: overview menu two_col_li, lesson menu flat.
🟢 [PageSplitter] [end page] before [MODULE INTRODUCTION] disregarded — the introduction stays on the overview page (AR-1).
🟢 [PageSplitter] Content after the final [end page] (18 blocks) is writer-form boilerplate — not emitted (AR-5).
🟢 [MenuBuilder] Menu heading "Tirohanga Whānui | Overview" is the section label — consumed (the menu scaffolding names it).
🟢 [InteractiveBuilder] Built modal #8 from captured data (no placeholder needed).
🟢 [InteractiveBuilder] Built dragAndDrop #11 from captured data (no placeholder needed).
🟢 [ContentConverter] Page 3.0: [activity] auto-closed before the next important.
🟢 [InteractiveScanner] Activity 4C: additional widget [hint slider] absorbed (unclassified + hintSlider).
🟢 [InteractiveBuilder] Built dragAndDrop #12 from captured data (no placeholder needed).
🟢 [InteractiveBuilder] Built flipCard #17 from captured data (no placeholder needed).
🟢 [InteractiveBuilder] Built dropDown #19 from captured data (no placeholder needed).
🟢 [InteractiveScanner] Activity 7A: additional widget [drag and drop] absorbed (modal + dragAndDrop).
🟢 [InteractiveBuilder] Built accordion #20 from captured data (no placeholder needed).
🟢 [ContentConverter] Page 7.0: activity box kept open for its trailing upload box (round 314).
🟢 [InteractiveBuilder] Built dropDown #23 from captured data (no placeholder needed).
🟠 [ContentConverter] Page 7.0: [activity] was never closed — closed at page end.
🟢 [InteractiveScanner] Activity 8A: additional widget [drag and drop] absorbed (modal + dragAndDrop).
🟢 [InteractiveBuilder] Built accordion #24 from captured data (no placeholder needed).
🟠 [AcksBuilder] YouTube metadata unavailable for item  (stubbed) — possible dead link worth checking: https://www.youtube.com/watch?v=Q2l4bz1FT8U
🟠 [AcksBuilder] YouTube metadata unavailable for item  (stubbed) — possible dead link worth checking: https://www.youtube.com/watch?v=ZWGYCid08oA
🟠 [AcksBuilder] Unknown media item type "pdf" (item ) — used "Pdf" as the prefix; add it to Acks_Formats type_prefix_map.
🟠 [AcksBuilder] YouTube metadata unavailable for item  (stubbed) — possible dead link worth checking: https://www.youtube.com/watch?v=q6p1jiq8buA
🟠 [AcksBuilder] YouTube metadata unavailable for item  (stubbed) — possible dead link worth checking: https://www.youtube.com/watch?v=kwZBZDtz8LU
🟠 [AcksBuilder] YouTube metadata unavailable for item  (stubbed) — possible dead link worth checking: https://www.youtube.com/watch?v=KFdTz6GlUeg
🟠 [AcksBuilder] YouTube metadata unavailable for item  (stubbed) — possible dead link worth checking: https://www.youtube.com/watch?v=djTNUp4XIRom
🟠 [AcksBuilder] Unknown media item type "images" (item ) — used "Images" as the prefix; add it to Acks_Formats type_prefix_map.
🟠 [AcksBuilder] YouTube metadata unavailable for item  (stubbed) — possible dead link worth checking: https://www.youtube.com/watch?v=d5awyeF10cs
🟠 [AcksBuilder] YouTube metadata unavailable for item  (stubbed) — possible dead link worth checking: https://www.youtube.com/watch?v=98SsUs0mQyA
🟢 [AcksBuilder] Media item  placed in lesson 1.0 by neighbour interpolation — verify its group.
🟠 [AcksBuilder] Media item  sits between lessons 2.0 and 3.0 — placed in 2.0; verify.
🟠 [AcksBuilder] 14 iStock titles could not be verified (no *istock-acks*.txt was supplied); each is marked ❗ and the acks block carries a designer note.
🟢 [ConventionResolver] HTML conventions from group NCEA1|NCEA: overview menu tabs, lesson menu flat.
🟢 [PageSplitter] [end page] before [MODULE INTRODUCTION] disregarded — the introduction stays on the overview page (AR-1).
🟢 [PageSplitter] Implicit page break: content continues after [end page] without a [LESSON] tag — opened page 4.0.
🟢 [PageSplitter] Implicit page break: content continues after [end page] without a [LESSON] tag — opened page 5.0.
🟢 [PageSplitter] Content after the final [end page] (18 blocks) is writer-form boilerplate — not emitted (AR-5).
🟠 [PageSplitter] Duplicate lesson label 3.0 (writers reused the number) — relabelled to 6.0; check the source numbering.
🟠 [PageSplitter] Duplicate lesson label 4.0 (writers reused the number) — relabelled to 7.0; check the source numbering.
🟠 [PageSplitter] Duplicate lesson label 5.0 (writers reused the number) — relabelled to 8.0; check the source numbering.
🟠 [ContentConverter] [TITLE BAR] title half is the placeholder "INSERT MODULE TITLE TE REO" — the real title is not in the WT; dropped, not shipped as an <h1>. Add the title to the source.
🟢 [InteractiveBuilder] Built carousel #1 from captured data (no placeholder needed).
🟢 [MenuBuilder] Menu heading "Tirohanga Whānui | Overview" is the section label — consumed (the menu scaffolding names it).
🟢 [MenuBuilder] Menu section "Aromatawai | Assessment for Learning" promoted to its own "Standards" nav tab (menu.extra_tabs registry).
🟢 [InteractiveScanner] flipCard: additional widget [flip card] absorbed (flipCard + flipCard).
🟢 [InteractiveScanner] flipCard: additional widget [flip card] absorbed (flipCard + flipCard).
🟠 [ContentConverter] Page 1.0: [activity] was never closed — closed at page end.
🟢 [InteractiveScanner] clickDrop: additional widget [click drop] absorbed (clickDrop + clickDrop).
🟢 [InteractiveScanner] clickDrop: additional widget [click drop] absorbed (clickDrop + clickDrop).
🟢 [InteractiveScanner] clickDrop: additional widget [click drop] absorbed (clickDrop + clickDrop).
🟢 [InteractiveScanner] clickDrop: additional widget [click drop] absorbed (clickDrop + clickDrop).
🟢 [InteractiveScanner] clickDrop: additional widget [click drop] absorbed (clickDrop + clickDrop).
🟢 [InteractiveScanner] clickDrop: additional widget [click drop] absorbed (clickDrop + clickDrop).
🟢 [InteractiveScanner] clickDrop: additional widget [click drop] absorbed (clickDrop + clickDrop).
🟢 [InteractiveBuilder] Built clickDrop #3 from captured data (no placeholder needed).
🟠 [ContentConverter] Page 2.0: [activity] was never closed — closed at page end.
🟢 [InteractiveScanner] flipCard: additional widget [flip card] absorbed (flipCard + flipCard).
🟢 [InteractiveScanner] flipCard: additional widget [flip card] absorbed (flipCard + flipCard).
🟢 [InteractiveScanner] clickDrop: additional widget [click drop] absorbed (clickDrop + clickDrop).
🟢 [InteractiveScanner] clickDrop: additional widget [click drop] absorbed (clickDrop + clickDrop).
🟢 [InteractiveScanner] clickDrop: additional widget [click drop] absorbed (clickDrop + clickDrop).
🟢 [InteractiveScanner] clickDrop: additional widget [click drop] absorbed (clickDrop + clickDrop).
🟢 [InteractiveScanner] clickDrop: additional widget [click drop] absorbed (clickDrop + clickDrop).
🟢 [ContentConverter] Page 3.0: [activity] auto-closed before the next h3.
🟢 [InteractiveBuilder] Built clickDrop #5 from captured data (no placeholder needed).
🟠 [ContentConverter] Page 3.0: [activity] was never closed — closed at page end.
🟠 [ContentConverter] Page 4.0: [activity] was never closed — closed at page end.
🟢 [InteractiveBuilder] Built tabs #8 from captured data (no placeholder needed).
🟠 [ContentConverter] Page 5.0: [activity] was never closed — closed at page end.
🟢 [InteractiveScanner] carousel: additional widget [carousel] absorbed (carousel + carousel).
🟢 [InteractiveScanner] carousel: additional widget [carousel] absorbed (carousel + carousel).
🟢 [InteractiveScanner] carousel: additional widget [carousel] absorbed (carousel + carousel).
🟢 [InteractiveScanner] carousel: additional widget [carousel] absorbed (carousel + carousel).
🟢 [InteractiveScanner] carousel: additional widget [carousel] absorbed (carousel + carousel).
🟢 [InteractiveScanner] carousel: additional widget [carousel] absorbed (carousel + carousel).
🟢 [InteractiveScanner] carousel: additional widget [carousel] absorbed (carousel + carousel).
🟠 [ContentConverter] Page 6.0: [activity] was never closed — closed at page end.
🟢 [InteractiveScanner] hintSlider: additional widget [hint slider] absorbed (hintSlider + hintSlider).
🟢 [InteractiveScanner] hintSlider: additional widget [hint slider] absorbed (hintSlider + hintSlider).
🟢 [ContentConverter] Page 7.0: [activity] auto-closed before the next h3.
🟢 [InteractiveScanner] flipCard: additional widget [flip card] absorbed (flipCard + flipCard).
🟢 [InteractiveScanner] clickDrop: additional widget [click drop] absorbed (clickDrop + clickDrop).
🟢 [InteractiveScanner] clickDrop: additional widget [click drop] absorbed (clickDrop + clickDrop).
🟢 [InteractiveBuilder] Built clickDrop #16 from captured data (no placeholder needed).
🟠 [ContentConverter] Page 8.0: [activity] was never closed — closed at page end.
🟠 [AcksBuilder] YouTube metadata unavailable for item  (stubbed) — possible dead link worth checking: https://www.youtube.com/watch?v=CGt6mNIRE4Y
🟠 [AcksBuilder] YouTube metadata unavailable for item  (stubbed) — possible dead link worth checking: https://www.youtube.com/watch?v=vhdoUeSDXkM
🟠 [AcksBuilder] YouTube metadata unavailable for item  (stubbed) — possible dead link worth checking: https://www.youtube.com/watch?v=4jYNT7Y1Sw0
🟠 [AcksBuilder] YouTube metadata unavailable for item  (stubbed) — possible dead link worth checking: https://www.youtube.com/watch?v=rGnsZ_ZPgcA
🟠 [AcksBuilder] YouTube metadata unavailable for item  (stubbed) — possible dead link worth checking: https://www.youtube.com/watch?v=EgHvQyqDXyw
🟠 [AcksBuilder] YouTube metadata unavailable for item  (stubbed) — possible dead link worth checking: https://www.youtube.com/watch?v=BTTN_V5ZcBc
🟠 [AcksBuilder] YouTube metadata unavailable for item  (stubbed) — possible dead link worth checking: https://www.youtube.com/watch?v=kT92XpWbRuw
🟠 [AcksBuilder] Unknown media item type "doc" (item ) — used "Doc" as the prefix; add it to Acks_Formats type_prefix_map.
🟠 [AcksBuilder] YouTube metadata unavailable for item  (stubbed) — possible dead link worth checking: https://www.youtube.com/watch?v=VVAiH1eawno
🟠 [AcksBuilder] YouTube metadata unavailable for item  (stubbed) — possible dead link worth checking: https://www.youtube.com/watch?v=ENQhPNIG_ro&t=65s
🟠 [AcksBuilder] YouTube metadata unavailable for item  (stubbed) — possible dead link worth checking: https://www.youtube.com/shorts/UxnEYEXXxK0
🟠 [AcksBuilder] YouTube metadata unavailable for item  (stubbed) — possible dead link worth checking: https://www.youtube.com/watch?v=lSXul-b-p50&t=46s
🟠 [AcksBuilder] YouTube metadata unavailable for item  (stubbed) — possible dead link worth checking: https://www.youtube.com/watch?v=zPwrP_bxBHw
🟠 [AcksBuilder] Unknown media item type "Image snip" (item ) — used "Image snip" as the prefix; add it to Acks_Formats type_prefix_map.
🟠 [AcksBuilder] Unknown media item type "Image snip" (item ) — used "Image snip" as the prefix; add it to Acks_Formats type_prefix_map.
🟠 [AcksBuilder] Unknown media item type "doc" (item ) — used "Doc" as the prefix; add it to Acks_Formats type_prefix_map.
🟠 [AcksBuilder] Unknown media item type "website" (item ) — used "Website" as the prefix; add it to Acks_Formats type_prefix_map.
🟠 [AcksBuilder] YouTube metadata unavailable for item  (stubbed) — possible dead link worth checking: https://www.youtube.com/watch?v=Ys6AMyAmlAo
🟠 [AcksBuilder] Unknown media item type "Image snip" (item ) — used "Image snip" as the prefix; add it to Acks_Formats type_prefix_map.
🟠 [AcksBuilder] Unknown media item type "Image snip" (item ) — used "Image snip" as the prefix; add it to Acks_Formats type_prefix_map.
🟠 [AcksBuilder] Unknown media item type "activity" (item ) — used "Activity" as the prefix; add it to Acks_Formats type_prefix_map.
🟠 [AcksBuilder] Unknown media item type "Activity" (item ) — used "Activity" as the prefix; add it to Acks_Formats type_prefix_map.
🟠 [AcksBuilder] Unknown media item type "Website" (item ) — used "Website" as the prefix; add it to Acks_Formats type_prefix_map.
🟠 [AcksBuilder] Unknown media item type "Website" (item ) — used "Website" as the prefix; add it to Acks_Formats type_prefix_map.
🟠 [AcksBuilder] Unknown media item type "Website" (item ) — used "Website" as the prefix; add it to Acks_Formats type_prefix_map.
🟠 [AcksBuilder] YouTube metadata unavailable for item  (stubbed) — possible dead link worth checking: https://www.youtube.com/watch?v=i83VQIaDlQw
🟠 [AcksBuilder] Unknown media item type "Activity" (item ) — used "Activity" as the prefix; add it to Acks_Formats type_prefix_map.
🟠 [AcksBuilder] YouTube metadata unavailable for item  (stubbed) — possible dead link worth checking: https://www.youtube.com/watch?v=dZfGTL2PY3E
🟠 [AcksBuilder] YouTube metadata unavailable for item  (stubbed) — possible dead link worth checking: https://www.youtube.com/watch?v=HtixmXEnHzk
🟠 [AcksBuilder] YouTube metadata unavailable for item  (stubbed) — possible dead link worth checking: https://www.youtube.com/watch?v=dDrUQz9SPbI
🟠 [AcksBuilder] YouTube metadata unavailable for item  (stubbed) — possible dead link worth checking: https://www.youtube.com/watch?v=Yf3MSCM9OzI&t=54s
🟠 [AcksBuilder] YouTube metadata unavailable for item  (stubbed) — possible dead link worth checking: https://www.youtube.com/watch?v=-YtllAe6cYg&t=31s
🟠 [AcksBuilder] Media item  could not be mapped to a lesson — placed in the first group (0.0); verify.
🟠 [AcksBuilder] Media item  could not be mapped to a lesson — placed in the first group (0.0); verify.
🟠 [AcksBuilder] Media item  could not be mapped to a lesson — placed in the first group (0.0); verify.
🟠 [AcksBuilder] Media item  could not be mapped to a lesson — placed in the first group (0.0); verify.
🟠 [AcksBuilder] Media item  could not be mapped to a lesson — placed in the first group (0.0); verify.
🟠 [AcksBuilder] Media item  could not be mapped to a lesson — placed in the first group (0.0); verify.
🟠 [AcksBuilder] Media item  could not be mapped to a lesson — placed in the first group (0.0); verify.
🟠 [AcksBuilder] Media item  could not be mapped to a lesson — placed in the first group (0.0); verify.
🟠 [AcksBuilder] Media item  could not be mapped to a lesson — placed in the first group (0.0); verify.
🟠 [AcksBuilder] Media item  could not be mapped to a lesson — placed in the first group (0.0); verify.
🟠 [AcksBuilder] Media item  could not be mapped to a lesson — placed in the first group (0.0); verify.
🟠 [AcksBuilder] Media item  could not be mapped to a lesson — placed in the first group (0.0); verify.
🟠 [AcksBuilder] Media item  could not be mapped to a lesson — placed in the first group (0.0); verify.
🟠 [AcksBuilder] Media item  could not be mapped to a lesson — placed in the first group (0.0); verify.
🟠 [AcksBuilder] Media item  could not be mapped to a lesson — placed in the first group (0.0); verify.
🟠 [AcksBuilder] Media item  could not be mapped to a lesson — placed in the first group (0.0); verify.
🟠 [AcksBuilder] Media item  could not be mapped to a lesson — placed in the first group (0.0); verify.
🟠 [AcksBuilder] Media item  could not be mapped to a lesson — placed in the first group (0.0); verify.
🟠 [AcksBuilder] Media item  could not be mapped to a lesson — placed in the first group (0.0); verify.
🟠 [AcksBuilder] Media item  could not be mapped to a lesson — placed in the first group (0.0); verify.
🟠 [AcksBuilder] Media item  could not be mapped to a lesson — placed in the first group (0.0); verify.
🟠 [AcksBuilder] Media item  could not be mapped to a lesson — placed in the first group (0.0); verify.
🟠 [AcksBuilder] Media item  could not be mapped to a lesson — placed in the first group (0.0); verify.
🟠 [AcksBuilder] Media item  could not be mapped to a lesson — placed in the first group (0.0); verify.
🟠 [AcksBuilder] Media item  could not be mapped to a lesson — placed in the first group (0.0); verify.
🟠 [AcksBuilder] Media item  could not be mapped to a lesson — placed in the first group (0.0); verify.
🟠 [AcksBuilder] Media item  could not be mapped to a lesson — placed in the first group (0.0); verify.
🟠 [AcksBuilder] Media item  could not be mapped to a lesson — placed in the first group (0.0); verify.
🟠 [AcksBuilder] Media item  could not be mapped to a lesson — placed in the first group (0.0); verify.
🟠 [AcksBuilder] Media item  could not be mapped to a lesson — placed in the first group (0.0); verify.
🟠 [AcksBuilder] Media item  could not be mapped to a lesson — placed in the first group (0.0); verify.
🟠 [AcksBuilder] Media item  could not be mapped to a lesson — placed in the first group (0.0); verify.
🟠 [AcksBuilder] Media item  could not be mapped to a lesson — placed in the first group (0.0); verify.
🟠 [AcksBuilder] Media item  could not be mapped to a lesson — placed in the first group (0.0); verify.
🟠 [AcksBuilder] Media item  could not be mapped to a lesson — placed in the first group (0.0); verify.
🟠 [AcksBuilder] Media item  could not be mapped to a lesson — placed in the first group (0.0); verify.
🟠 [AcksBuilder] Media item  could not be mapped to a lesson — placed in the first group (0.0); verify.
🟠 [AcksBuilder] Media item  could not be mapped to a lesson — placed in the first group (0.0); verify.
🟠 [AcksBuilder] Media item  could not be mapped to a lesson — placed in the first group (0.0); verify.
🟠 [AcksBuilder] Media item  could not be mapped to a lesson — placed in the first group (0.0); verify.
🟠 [AcksBuilder] Media item  could not be mapped to a lesson — placed in the first group (0.0); verify.
🟠 [AcksBuilder] Media item  could not be mapped to a lesson — placed in the first group (0.0); verify.
🟠 [AcksBuilder] Media item  could not be mapped to a lesson — placed in the first group (0.0); verify.
🟠 [AcksBuilder] Media item  could not be mapped to a lesson — placed in the first group (0.0); verify.
🟠 [AcksBuilder] Media item  could not be mapped to a lesson — placed in the first group (0.0); verify.
🟠 [AcksBuilder] Media item  could not be mapped to a lesson — placed in the first group (0.0); verify.
🟠 [AcksBuilder] Media item  could not be mapped to a lesson — placed in the first group (0.0); verify.
🟠 [AcksBuilder] Media item  could not be mapped to a lesson — placed in the first group (0.0); verify.
🟠 [AcksBuilder] Media item  could not be mapped to a lesson — placed in the first group (0.0); verify.
🟠 [AcksBuilder] Media item  could not be mapped to a lesson — placed in the first group (0.0); verify.
🟠 [AcksBuilder] Media item  could not be mapped to a lesson — placed in the first group (0.0); verify.
🟠 [AcksBuilder] Media item  could not be mapped to a lesson — placed in the first group (0.0); verify.
🟠 [AcksBuilder] Media item  could not be mapped to a lesson — placed in the first group (0.0); verify.
🟠 [AcksBuilder] Media item  could not be mapped to a lesson — placed in the first group (0.0); verify.
🟠 [AcksBuilder] Media item  could not be mapped to a lesson — placed in the first group (0.0); verify.
🟠 [AcksBuilder] Media item  could not be mapped to a lesson — placed in the first group (0.0); verify.
🟠 [AcksBuilder] Media item  could not be mapped to a lesson — placed in the first group (0.0); verify.
🟠 [AcksBuilder] Media item  could not be mapped to a lesson — placed in the first group (0.0); verify.
🟠 [AcksBuilder] Media item  could not be mapped to a lesson — placed in the first group (0.0); verify.
🟠 [AcksBuilder] Media item  could not be mapped to a lesson — placed in the first group (0.0); verify.
🟠 [AcksBuilder] Media item  could not be mapped to a lesson — placed in the first group (0.0); verify.
🟠 [AcksBuilder] Media item  could not be mapped to a lesson — placed in the first group (0.0); verify.
🟢 [ConventionResolver] HTML conventions from group 1-10 Health and PE|combo: overview menu default, lesson menu two_col_li.
🟢 [PageSplitter] Document opens without a literal [TITLE BAR] — overview page opened at the first content tag (Fundamentals-style template).
🟢 [ContentConverter] Page 0.0: [end tab n] had no open container — ignored.
🟢 [ContentConverter] Page 0.0: [end activity] had no open container — ignored.
🟢 [InteractiveBuilder] Built carousel #4 from captured data (no placeholder needed).
🟢 [InteractiveBuilder] Built carousel #5 from captured data (no placeholder needed).
🟢 [InteractiveBuilder] Built carousel #6 from captured data (no placeholder needed).
🟢 [ContentConverter] Page 0.0: [end tab n] had no open container — ignored.
🟢 [ContentConverter] Page 0.0: [activity] auto-closed before the next activity.
🟢 [ContentConverter] Page 0.0: [end tab n] had no open container — ignored.
🟢 [InteractiveBuilder] Built carousel #7 from captured data (no placeholder needed).
🟢 [ContentConverter] Page 0.0: [end carousel] had no open container — ignored.
🟢 [ContentConverter] Page 0.0: [end mcq] had no open container — ignored.
🟢 [MenuBuilder] Fundamentals [Overview] WALT/I-can block routed to the module menu as the two-col LI/SC form (menu.fundamentals_overview_li).
🟠 [AcksBuilder] YouTube metadata unavailable for item 12. (stubbed) — possible dead link worth checking: https://youtu.be/clPMQDx4JIo
🟠 [AcksBuilder] YouTube metadata unavailable for item 20 (stubbed) — possible dead link worth checking: https://youtu.be/om3INBWfoxY
🟢 [AcksBuilder] Media item 23 placed in lesson 0.0 by neighbour interpolation — verify its group.
🟠 [AcksBuilder] 6 iStock titles could not be verified (no *istock-acks*.txt was supplied); each is marked ❗ and the acks block carries a designer note.
🟠 [ModuleResolver] Multiple module-code candidates found (MXDB302, MXO421) — using MXDB302 from filename "MXDB302 Writers Template + Media List.docx".
🟢 [ConventionResolver] HTML conventions from group 1-10 Mathematics|7-8: overview menu tabs, lesson menu flat.
🟢 [PageSplitter] [end page] before [MODULE INTRODUCTION] disregarded — the introduction stays on the overview page (AR-1).
🟢 [PageSplitter] Implicit page break: content continues after [end page] without a [LESSON] tag — opened page 2.0.
🟢 [PageSplitter] Implicit page break: content continues after [end page] without a [LESSON] tag — opened page 3.0.
🟢 [PageSplitter] Implicit page break: content continues after [end page] without a [LESSON] tag — opened page 4.0.
🟢 [PageSplitter] Implicit page break: content continues after [end page] without a [LESSON] tag — opened page 5.0.
🟢 [PageSplitter] Implicit page break: content continues after [end page] without a [LESSON] tag — opened page 6.0.
🟢 [PageSplitter] Implicit page break: content continues after [end page] without a [LESSON] tag — opened page 7.0.
🟢 [PageSplitter] Implicit page break: content continues after [end page] without a [LESSON] tag — opened page 8.0.
🟢 [PageSplitter] Implicit page break: content continues after [end page] without a [LESSON] tag — opened page 9.0.
🟢 [PageSplitter] Content after the final [end page] (3 blocks) is writer-form boilerplate — not emitted (AR-5).
🟢 [InteractiveBuilder] Built speechBubble #1 from captured data (no placeholder needed).
🟢 [InteractiveBuilder] Built speechBubble #2 from captured data (no placeholder needed).
🟢 [InteractiveBuilder] Built speechBubble #3 from captured data (no placeholder needed).
🟢 [InteractiveBuilder] Built speechBubble #4 from captured data (no placeholder needed).
🟢 [MenuBuilder] Menu heading "Tirohanga Whānui | Overview" is the section label — consumed (the menu scaffolding names it).
🟢 [InteractiveScanner] Activity 1A: additional widget [click drop] absorbed (memoryGame + clickDrop).
🟢 [InteractiveScanner] Activity 1A: additional widget [click drop] absorbed (memoryGame + clickDrop).
🟢 [InteractiveScanner] Activity 1A: additional widget [click drop] absorbed (memoryGame + clickDrop).
🟢 [InteractiveScanner] Activity 1A: additional widget [click drop] absorbed (memoryGame + clickDrop).
🟢 [InteractiveScanner] clickDrop: additional widget [click drop] absorbed (clickDrop + clickDrop).
🟢 [InteractiveScanner] clickDrop: additional widget [click drop] absorbed (clickDrop + clickDrop).
🟢 [InteractiveScanner] Activity 1B: additional widget [typing quiz] absorbed (dragAndDrop + typing).
🟢 [ContentConverter] Page 1.0: 1 inline definition woven onto the anchor word (orphan definition weave).
🟢 [InteractiveBuilder] Built flipCard #5 from captured data (no placeholder needed).
🟢 [ContentConverter] Page 1.0: [end other] had no open container — ignored.
🟢 [InteractiveBuilder] Built modal #7 from captured data (no placeholder needed).
🟢 [InteractiveBuilder] Built clickDrop #8 from captured data (no placeholder needed).
🟢 [ContentConverter] Page 1.0: [end other] had no open container — ignored.
🟠 [ContentConverter] Page 1.0: [activity] was never closed — closed at page end.
🟢 [InteractiveScanner] accordion: additional widget [accordion] absorbed (accordion + accordion).
🟢 [InteractiveScanner] accordion: additional widget [accordion] absorbed (accordion + accordion).
🟢 [ContentConverter] Page 2.0: 3 inline definitions woven onto the anchor word (orphan definition weave).
🟢 [InteractiveBuilder] Built accordion #11 from captured data (no placeholder needed).
🟢 [ContentConverter] Page 2.0: [end other] had no open container — ignored.
🟢 [InteractiveBuilder] Built modal #12 from captured data (no placeholder needed).
🟢 [InteractiveBuilder] Built accordion #14 from captured data (no placeholder needed).
🟢 [ContentConverter] Page 2.0: [end other] had no open container — ignored.
🟢 [ContentConverter] [alert] spans to an explicit end tag (writer-authored box).
🟢 [InteractiveBuilder] Built accordion #17 from captured data (no placeholder needed).
🟢 [InteractiveBuilder] Built accordion #19 from captured data (no placeholder needed).
🟢 [ContentConverter] Page 2.0: [end other] had no open container — ignored.
🟢 [ContentConverter] Page 2.0: [end other] had no open container — ignored.
🟢 [ContentConverter] [alert] spans to an explicit end tag (writer-authored box).
🟠 [ContentConverter] Page 2.0: [activity] was never closed — closed at page end.
🟢 [InteractiveBuilder] Built carousel #23 from captured data (no placeholder needed).
🟢 [ContentConverter] Page 3.0: [end other] had no open container — ignored.
🟠 [ContentConverter] Page 3.0: [activity] was never closed — closed at page end.
🟢 [ContentConverter] Page 4.0: 2 inline definitions woven onto the anchor word (orphan definition weave).
🟢 [InteractiveBuilder] Built carousel #24 from captured data (no placeholder needed).
🟢 [InteractiveBuilder] Built accordion #26 from captured data (no placeholder needed).
🟢 [ContentConverter] Page 4.0: [end other] had no open container — ignored.
🟢 [InteractiveBuilder] Built dropDown #27 from captured data (no placeholder needed).
🟢 [InteractiveBuilder] Built clickDrop #28 from captured data (no placeholder needed).
🟢 [InteractiveBuilder] Built accordion #30 from captured data (no placeholder needed).
🟢 [ContentConverter] Page 4.0: [end other] had no open container — ignored.
🟢 [ContentConverter] Page 4.0: [activity] auto-closed before the next alert.
🟢 [ContentConverter] Page 4.0: [activity] auto-closed before the next alert.
🟢 [InteractiveScanner] Activity 5C: additional widget [drag and drop] absorbed (typing + dragAndDrop).
🟢 [ContentConverter] [alert] spans to an explicit end tag (writer-authored box).
🟢 [ContentConverter] Page 5.0: [end other] had no open container — ignored.
🟢 [ContentConverter] [alert] spans to an explicit end tag (writer-authored box).
🟢 [ContentConverter] Page 5.0: [end other] had no open container — ignored.
🟢 [ContentConverter] [alert] spans to an explicit end tag (writer-authored box).
🟠 [ContentConverter] Page 5.0: [activity] was never closed — closed at page end.
🟢 [InteractiveBuilder] Built carousel #38 from captured data (no placeholder needed).
🟢 [ContentConverter] Page 6.0: [end other] had no open container — ignored.
🟢 [InteractiveBuilder] Built carousel #42 from captured data (no placeholder needed).
🟢 [ContentConverter] Page 6.0: [end other] had no open container — ignored.
🟢 [ContentConverter] Page 6.0: [end other] had no open container — ignored.
🟢 [InteractiveBuilder] Built accordion #43 from captured data (no placeholder needed).
🟢 [ContentConverter] Page 6.0: [end other] had no open container — ignored.
🟢 [InteractiveScanner] accordion: additional widget [accordion] absorbed (accordion + accordion).
🟢 [InteractiveScanner] Activity 7E: additional widget [typing quiz] absorbed (multiChoiceQuiz + typing).
🟢 [ContentConverter] Page 7.0: 1 inline definition woven onto the anchor word (orphan definition weave).
🟢 [ContentConverter] [alert] spans to an explicit end tag (writer-authored box).
🟢 [InteractiveBuilder] Built accordion #46 from captured data (no placeholder needed).
🟢 [ContentConverter] Page 7.0: [end other] had no open container — ignored.
🟢 [InteractiveBuilder] Built accordion #48 from captured data (no placeholder needed).
🟢 [InteractiveBuilder] Built modal #49 from captured data (no placeholder needed).
🟢 [InteractiveBuilder] Built accordion #51 from captured data (no placeholder needed).
🟢 [ContentConverter] Page 7.0: [end other] had no open container — ignored.
🟠 [ContentConverter] Page 7.0: [activity] was never closed — closed at page end.
🟢 [InteractiveScanner] Activity 8B: additional widget [accordion] absorbed (multiChoiceQuiz + accordion).
🟢 [InteractiveScanner] Activity 8B: additional widget [accordion] absorbed (multiChoiceQuiz + accordion).
🟢 [InteractiveScanner] dropDown: additional widget [dropdown] absorbed (dropDown + dropDown).
🟢 [InteractiveScanner] Activity 8E: additional widget [accordion] absorbed (multiChoiceQuiz + accordion).
🟢 [InteractiveScanner] Activity 8E: additional widget [accordion] absorbed (multiChoiceQuiz + accordion).
🟢 [ContentConverter] Page 8.0: [end other] had no open container — ignored.
🟢 [InteractiveBuilder] Built flipCard #53 from captured data (no placeholder needed).
🟢 [InteractiveBuilder] Built carousel #54 from captured data (no placeholder needed).
🟢 [ContentConverter] Page 8.0: [end other] had no open container — ignored.
🟢 [InteractiveBuilder] Built carousel #56 from captured data (no placeholder needed).
🟢 [ContentConverter] Page 8.0: [end other] had no open container — ignored.
🟢 [ContentConverter] Page 8.0: [end other] had no open container — ignored.
🟢 [ContentConverter] Page 8.0: [activity] auto-closed before the next activity.
🟢 [ContentConverter] Page 8.0: [end other] had no open container — ignored.
🟠 [ContentConverter] Page 8.0: [activity] was never closed — closed at page end.
🟢 [InteractiveScanner] accordion: additional widget [accordion] absorbed (accordion + accordion).
🟢 [InteractiveScanner] accordion: additional widget [accordion] absorbed (accordion + accordion).
🟢 [InteractiveScanner] Activity 9B: additional widget [typing quiz] absorbed (dragAndDrop + typing).
🟢 [InteractiveBuilder] Built accordion #64 from captured data (no placeholder needed).
🟢 [InteractiveBuilder] Built accordion #65 from captured data (no placeholder needed).
🟢 [ContentConverter] Page 9.0: [end other] had no open container — ignored.
🟢 [ContentConverter] Page 9.0: open [activity] closed by the next activity's widget bundle.
🟢 [ContentConverter] Page 9.0: bare [activity] re-emphasis merged into the open numbered activity (no new box).
🟠 [ContentConverter] Page 9.0: [activity] was never closed — closed at page end.
🟠 [AcksBuilder] YouTube metadata unavailable for item  (stubbed) — possible dead link worth checking: https://youtu.be/GfL0s6tCNV4?si=jiVkgAaLJgP5RYON
🟠 [AcksBuilder] YouTube metadata unavailable for item  (stubbed) — possible dead link worth checking: https://youtu.be/aa8R5tSHEng?si=QWrAYYme2vXETJSz
🟠 [AcksBuilder] YouTube metadata unavailable for item  (stubbed) — possible dead link worth checking: https://youtu.be/S1oS5Wpd5Pk?si=pipJj7O9Recf3TMU
🟠 [AcksBuilder] YouTube metadata unavailable for item  (stubbed) — possible dead link worth checking: https://youtu.be/ewRyANAEz5Y?si=wLxyZzfZ4sKsmH5R
🟠 [AcksBuilder] Unknown media item type "Worksheet" (item ) — used "Worksheet" as the prefix; add it to Acks_Formats type_prefix_map.
🟠 [AcksBuilder] Unknown media item type "Google Doc" (item ) — used "Google doc" as the prefix; add it to Acks_Formats type_prefix_map.
🟠 [AcksBuilder] YouTube metadata unavailable for item  (stubbed) — possible dead link worth checking: https://youtu.be/xCdxURXMdFY?si=RPH_Eq3tTAZngAIA
🟠 [AcksBuilder] Unknown media item type "Learning Journal" (item ) — used "Learning journal" as the prefix; add it to Acks_Formats type_prefix_map.
🟠 [AcksBuilder] YouTube metadata unavailable for item  (stubbed) — possible dead link worth checking: https://youtu.be/CgqgY7a630Q?si=EZnylDzzYT6fvUdT
🟠 [AcksBuilder] YouTube metadata unavailable for item  (stubbed) — possible dead link worth checking: https://youtu.be/xCdxURXMdFY?si=W95jd5nRB_0wV-Cx
🟠 [AcksBuilder] YouTube metadata unavailable for item  (stubbed) — possible dead link worth checking: https://youtu.be/Pab7ptpIQAA?si=frrZo7SfWLv8JyGp
🟠 [AcksBuilder] Unknown media item type "Google doc" (item ) — used "Google doc" as the prefix; add it to Acks_Formats type_prefix_map.
🟠 [AcksBuilder] Unknown media item type "Google doc" (item ) — used "Google doc" as the prefix; add it to Acks_Formats type_prefix_map.
🟠 [AcksBuilder] Unknown media item type "Google doc" (item ) — used "Google doc" as the prefix; add it to Acks_Formats type_prefix_map.
🟠 [AcksBuilder] Unknown media item type "Worksheet" (item ) — used "Worksheet" as the prefix; add it to Acks_Formats type_prefix_map.
🟠 [AcksBuilder] YouTube metadata unavailable for item  (stubbed) — possible dead link worth checking: https://youtu.be/wSdMpNdfMb4?si=sGTeazOJ38PhpDm9
🟠 [AcksBuilder] YouTube metadata unavailable for item  (stubbed) — possible dead link worth checking: https://youtu.be/uV5NyCsQq4A?si=5ghhD5OFHrlCaage
🟠 [AcksBuilder] YouTube metadata unavailable for item  (stubbed) — possible dead link worth checking: https://youtu.be/eCQkA_PiAHc?si=Vvj7ZKcYLUhmFDi2
🟠 [AcksBuilder] Unknown media item type "Website" (item ) — used "Website" as the prefix; add it to Acks_Formats type_prefix_map.
🟠 [AcksBuilder] Unknown media item type "Website" (item ) — used "Website" as the prefix; add it to Acks_Formats type_prefix_map.
🟠 [AcksBuilder] Unknown media item type "Website" (item ) — used "Website" as the prefix; add it to Acks_Formats type_prefix_map.
🟠 [AcksBuilder] YouTube metadata unavailable for item  (stubbed) — possible dead link worth checking: https://youtu.be/qJwecTgce6c?si=N7A3E7cEQkp9_4F5
🟠 [AcksBuilder] Unknown media item type "Worksheet" (item ) — used "Worksheet" as the prefix; add it to Acks_Formats type_prefix_map.
🟠 [AcksBuilder] YouTube metadata unavailable for item  (stubbed) — possible dead link worth checking: https://youtu.be/yp-v4zJPdl8?si=HBjmS2SSFFbTmG9V
🟠 [AcksBuilder] Unknown media item type "Worksheet" (item ) — used "Worksheet" as the prefix; add it to Acks_Formats type_prefix_map.
🟠 [AcksBuilder] YouTube metadata unavailable for item  (stubbed) — possible dead link worth checking: https://youtu.be/Mst8iZjIpFE?si=KJUljwOnFnDr9UCT
🟠 [AcksBuilder] YouTube metadata unavailable for item  (stubbed) — possible dead link worth checking: https://youtu.be/fd-E18EqSVk?si=eo-7d6M-2bQjspBO
🟠 [AcksBuilder] YouTube metadata unavailable for item  (stubbed) — possible dead link worth checking: https://youtu.be/VcQjREUG_HQ?si=NkG-w4-in8e6V6l_
🟠 [AcksBuilder] YouTube metadata unavailable for item  (stubbed) — possible dead link worth checking: https://youtu.be/sD6NNfdHtS0?si=CNZQWS9duCL0DUFe
🟠 [AcksBuilder] Unknown media item type "Google doc" (item ) — used "Google doc" as the prefix; add it to Acks_Formats type_prefix_map.
🟠 [AcksBuilder] YouTube metadata unavailable for item  (stubbed) — possible dead link worth checking: https://youtu.be/23hapzAHfD4?si=am7HbmdZ7YoO3QgZ
🟠 [AcksBuilder] YouTube metadata unavailable for item  (stubbed) — possible dead link worth checking: https://youtu.be/tULF3Puzf_I?si=1ms_aSyrcn82jUpL
🟠 [AcksBuilder] Unknown media item type "Google doc" (item ) — used "Google doc" as the prefix; add it to Acks_Formats type_prefix_map.
🟠 [AcksBuilder] Unknown media item type "Google doc" (item ) — used "Google doc" as the prefix; add it to Acks_Formats type_prefix_map.
🟠 [AcksBuilder] YouTube metadata unavailable for item  (stubbed) — possible dead link worth checking: https://youtu.be/b72LXaBS-4E?si=mXrdNN8oVJmMvgAV
🟠 [AcksBuilder] YouTube metadata unavailable for item  (stubbed) — possible dead link worth checking: https://youtu.be/WvRG0oZFjKg?si=cAGnG-NAZfoWfDfH
🟠 [AcksBuilder] YouTube metadata unavailable for item  (stubbed) — possible dead link worth checking: https://youtu.be/DkYktkgNkfA?si=aq2_uspDfVR9BleC
🟠 [AcksBuilder] YouTube metadata unavailable for item  (stubbed) — possible dead link worth checking: https://youtu.be/tI6VKP2vyIU?si=bwcKVhpvLubSxqW8
🟠 [AcksBuilder] YouTube metadata unavailable for item  (stubbed) — possible dead link worth checking: https://youtu.be/JeVSmq1Nrpw?si=xQSqCNgekFLYGGME
🟠 [AcksBuilder] YouTube metadata unavailable for item  (stubbed) — possible dead link worth checking: https://youtu.be/rR95Cbcjzus?si=zwC4ypxB2DrGOZSH
🟠 [AcksBuilder] YouTube metadata unavailable for item  (stubbed) — possible dead link worth checking: https://youtu.be/EHZmDdYqcdU?si=ct4ogQVBHE9qB4g4
🟠 [AcksBuilder] YouTube metadata unavailable for item  (stubbed) — possible dead link worth checking: https://youtu.be/slFRZPelYVs?si=OTFuM2aAD8YMmflA
🟠 [AcksBuilder] Unknown media item type "website" (item ) — used "Website" as the prefix; add it to Acks_Formats type_prefix_map.
🟠 [AcksBuilder] Unknown media item type "Google docs" (item ) — used "Google docs" as the prefix; add it to Acks_Formats type_prefix_map.
🟠 [AcksBuilder] Unknown media item type "Google docs" (item ) — used "Google docs" as the prefix; add it to Acks_Formats type_prefix_map.
🟠 [AcksBuilder] Unknown media item type "Google docs" (item ) — used "Google docs" as the prefix; add it to Acks_Formats type_prefix_map.
🟠 [AcksBuilder] Unknown media item type "Google Doc" (item ) — used "Google doc" as the prefix; add it to Acks_Formats type_prefix_map.
🟠 [AcksBuilder] Unknown media item type "Google Doc" (item ) — used "Google doc" as the prefix; add it to Acks_Formats type_prefix_map.
🟠 [AcksBuilder] Media item  sits between lessons 3.0 and 4.0 — placed in 3.0; verify.
🟠 [AcksBuilder] Media item  sits between lessons 3.0 and 4.0 — placed in 3.0; verify.
🟠 [AcksBuilder] Media item  sits between lessons 3.0 and 4.0 — placed in 3.0; verify.
🟢 [ConventionResolver] HTML conventions from group 1-10 Mathematics|7-8: overview menu tabs, lesson menu flat.
🟢 [PageSplitter] [end page] before [MODULE INTRODUCTION] disregarded — the introduction stays on the overview page (AR-1).
🟢 [PageSplitter] [Lesson 1] repeats the open lesson's number with no body content between — merged, no empty page emitted (lesson_boundary_guard).
🟢 [PageSplitter] Content after the final [end page] (3 blocks) is writer-form boilerplate — not emitted (AR-5).
🟢 [MenuBuilder] Menu heading "Tirohanga Whānui | Overview" is the section label — consumed (the menu scaffolding names it).
🟢 [ContentConverter] Page 1.0: bare [activity] re-emphasis merged into the open numbered activity (no new box).
🟢 [ContentConverter] Page 1.0: [activity] auto-closed before the next important.
🟢 [ContentConverter] [important] right-hand box → the activity sidebar (alertActivity) side column paired with the preceding activity row (positional_side_alert).
🟢 [ContentConverter] Page 1.0: [end activity] had no open container — ignored.
🟢 [ActivitiesBuilder] 2 activity title heading(s) set to h3 (title_heading_level).
🟢 [InteractiveScanner] clickDrop: additional widget [click drop] absorbed (clickDrop + clickDrop).
🟢 [InteractiveScanner] clickDrop: additional widget [click drop] absorbed (clickDrop + clickDrop).
🟢 [InteractiveScanner] clickDrop: additional widget [click drop] absorbed (clickDrop + clickDrop).
🟢 [InteractiveScanner] clickDrop: additional widget [click drop] absorbed (clickDrop + clickDrop).
🟢 [InteractiveScanner] clickDrop: additional widget [click drop] absorbed (clickDrop + clickDrop).
🟢 [ContentConverter] Page 2.0: [activity] auto-closed before the next activity.
🟢 [InteractiveBuilder] Built clickDrop #6 from captured data (no placeholder needed).
🟢 [ContentConverter] Page 2.0: [end activity] had no open container — ignored.
🟢 [ActivitiesBuilder] 5 activity title heading(s) set to h3 (title_heading_level).
🟢 [ActivitiesBuilder] 2 activity title heading(s) set to h3 (title_heading_level).
🟢 [ContentConverter] Page 4.0: bare [activity] re-emphasis merged into the open numbered activity (no new box).
🟢 [ContentConverter] Page 4.0: [end activity] had no open container — ignored.
🟢 [ActivitiesBuilder] 1 activity title heading(s) set to h3 (title_heading_level).
🟢 [ContentConverter] Page 5.0: [end activity] had no open container — ignored.
🟢 [ContentConverter] Page 5.0: [end activity] had no open container — ignored.
🟢 [ContentConverter] Page 5.0: [end activity] had no open container — ignored.
🟢 [ContentConverter] Page 5.0: [end activity] had no open container — ignored.
🟢 [ActivitiesBuilder] 2 activity title heading(s) set to h3 (title_heading_level).
🟢 [InteractiveScanner] carousel: additional widget [carousel] absorbed (carousel + carousel).
🟢 [InteractiveBuilder] Built carousel #14 from captured data (no placeholder needed).
🟢 [ContentConverter] [important] right-hand box → an alert top side column paired with the preceding content row (positional_side_alert).
🟢 [ContentConverter] Page 6.0: [end activity] had no open container — ignored.
🟢 [ContentConverter] Page 6.0: [activity] auto-closed before the next h3.
🟢 [ContentConverter] Page 6.0: [end activity] had no open container — ignored.
🟢 [ActivitiesBuilder] 3 activity title heading(s) set to h3 (title_heading_level).
🟢 [ContentConverter] Page 7.0: bare [activity] re-emphasis merged into the open numbered activity (no new box).
🟢 [ContentConverter] Page 7.0: bare [activity] re-emphasis merged into the open numbered activity (no new box).
🟢 [ActivitiesBuilder] 3 activity title heading(s) set to h3 (title_heading_level).
🟠 [AcksBuilder] YouTube metadata unavailable for item  (stubbed) — possible dead link worth checking: https://www.youtube.com/watch?v=DzNiaOxEWnA
🟠 [AcksBuilder] YouTube metadata unavailable for item  (stubbed) — possible dead link worth checking: https://www.youtube.com/watch?v=s_GBJhu65as
🟠 [AcksBuilder] Unknown media item type "Link to PDF" (item ) — used "Link to pdf" as the prefix; add it to Acks_Formats type_prefix_map.
🟠 [AcksBuilder] YouTube metadata unavailable for item  (stubbed) — possible dead link worth checking: https://www.youtube.com/watch?v=MpLHMKTolVw
🟠 [AcksBuilder] YouTube metadata unavailable for item  (stubbed) — possible dead link worth checking: https://www.youtube.com/watch?v=OjzfQDFf7Uk
🟠 [AcksBuilder] Unknown media item type "Link to Figure it out PDF" (item ) — used "Link to figure it out pdf" as the prefix; add it to Acks_Formats type_prefix_map.
🟠 [AcksBuilder] YouTube metadata unavailable for item  (stubbed) — possible dead link worth checking: https://www.youtube.com/watch?v=FkX-t0Pgzzs
🟠 [AcksBuilder] YouTube metadata unavailable for item  (stubbed) — possible dead link worth checking: https://www.youtube.com/watch?v=dPmQS4eSsBw
🟠 [AcksBuilder] YouTube metadata unavailable for item  (stubbed) — possible dead link worth checking: https://www.youtube.com/watch?v=vp1wqtfGJuk
🟠 [AcksBuilder] YouTube metadata unavailable for item  (stubbed) — possible dead link worth checking: https://www.youtube.com/watch?v=Y7M_KNwIZvw
🟠 [AcksBuilder] YouTube metadata unavailable for item  (stubbed) — possible dead link worth checking: https://www.youtube.com/watch?v=xObCUytIVMo
🟠 [AcksBuilder] Unknown media item type "LInk to PDF for Figure it out" (item ) — used "Link to pdf for figure it out" as the prefix; add it to Acks_Formats type_prefix_map.
🟠 [AcksBuilder] Unknown media item type "Link to PDF" (item ) — used "Link to pdf" as the prefix; add it to Acks_Formats type_prefix_map.
🟠 [AcksBuilder] YouTube metadata unavailable for item  (stubbed) — possible dead link worth checking: https://www.youtube.com/watch?v=Vyg9qmBsgAc
🟠 [AcksBuilder] YouTube metadata unavailable for item  (stubbed) — possible dead link worth checking: https://www.youtube.com/watch?v=Opd1GDJjx4s
🟠 [AcksBuilder] YouTube metadata unavailable for item  (stubbed) — possible dead link worth checking: https://www.youtube.com/watch?v=0WNJkBXywMU
🟠 [AcksBuilder] YouTube metadata unavailable for item  (stubbed) — possible dead link worth checking: https://www.youtube.com/watch?v=bz3K3pbTxT4
🟠 [AcksBuilder] Unknown media item type "Link to PDF resouce" (item ) — used "Link to pdf resouce" as the prefix; add it to Acks_Formats type_prefix_map.
🟠 [AcksBuilder] Unknown media item type "Link to PDF on webiste" (item ) — used "Link to pdf on webiste" as the prefix; add it to Acks_Formats type_prefix_map.
🟠 [AcksBuilder] Unknown media item type "Link to PDFs on website" (item ) — used "Link to pdfs on website" as the prefix; add it to Acks_Formats type_prefix_map.
🟠 [AcksBuilder] Unknown media item type "Link to PDFs on website" (item ) — used "Link to pdfs on website" as the prefix; add it to Acks_Formats type_prefix_map.
🟠 [AcksBuilder] 17 iStock titles could not be verified (no *istock-acks*.txt was supplied); each is marked ❗ and the acks block carries a designer note.
🟢 [ConventionResolver] HTML conventions from group 1-10 Mathematics|7-8: overview menu tabs, lesson menu flat.
🟢 [PageSplitter] [end page] before [MODULE INTRODUCTION] disregarded — the introduction stays on the overview page (AR-1).
🟢 [PageSplitter] Implicit page break: content continues after [end page] without a [LESSON] tag — opened page 5.0 ("Algebra in Sports (Variables)").
🟢 [PageSplitter] Implicit page break: content continues after [end page] without a [LESSON] tag — opened page 6.0 ("Algebra in Sports (Expressions and Equations)").
🟢 [PageSplitter] Implicit page break: content continues after [end page] without a [LESSON] tag — opened page 7.0 ("Writing Rules in Algebra").
🟢 [PageSplitter] Implicit page break: content continues after [end page] without a [LESSON] tag — opened page 9.0 ("Algebra and Sports Outcomes (The Gradient)").
🟢 [PageSplitter] Implicit page break: content continues after [end page] without a [LESSON] tag — opened page 11.0 ("Winning in Sports").
🟢 [PageSplitter] Content after the final [end page] (15 blocks) is writer-form boilerplate — not emitted (AR-5).
🟢 [PageSplitter] Page 4.0: heading says "Lesson 4.0" — using the heading's number.
🟢 [MenuBuilder] Menu heading "Tirohanga Whānui | Overview" is the section label — consumed (the menu scaffolding names it).
🟢 [MenuBuilder] Information pane composed as the group's two-column form (menu.tab2_cols registry, kind "balance").
🟢 [ContentConverter] [alert] right-hand box → an alert top side column paired with the preceding content row (positional_side_alert).
🟠 [ContentConverter] Page 1.0: [activity] was never closed — closed at page end.
🟢 [ActivitiesBuilder] 1 activity title heading(s) set to h3 (title_heading_level).
🟢 [ContentConverter] Page 2.0: [activity] auto-closed before the next h3.
🟢 [ContentConverter] [alert] right-hand box → an alert top side column paired with the preceding content row (positional_side_alert).
🟢 [ContentConverter] Page 2.0: [activity] auto-closed before the next activity.
🟠 [ContentConverter] Page 2.0: [activity] was never closed — closed at page end.
🟢 [ActivitiesBuilder] 2 activity title heading(s) set to h3 (title_heading_level).
🟢 [InteractiveBuilder] Built speechBubble #6 from captured data (no placeholder needed).
🟠 [ContentConverter] Page 3.0: [activity] was never closed — closed at page end.
🟢 [ActivitiesBuilder] 1 activity title heading(s) set to h3 (title_heading_level).
🟢 [InteractiveScanner] Activity 4B: additional widget [accordion] absorbed (accordion + accordion).
🟢 [InteractiveScanner] accordion: additional widget [accordion] absorbed (accordion + accordion).
🟢 [InteractiveBuilder] Built carousel #8 from captured data (no placeholder needed).
🟢 [InteractiveBuilder] Built accordion #10 from captured data (no placeholder needed).
🟢 [InteractiveBuilder] Built accordion #11 from captured data (no placeholder needed).
🟢 [ContentConverter] Page 6.0: [activity] auto-closed before the next activity.
🟢 [InteractiveBuilder] Built carousel #13 from captured data (no placeholder needed).
🟢 [ContentConverter] Page 6.0: [activity] auto-closed before the next activity.
🟢 [InteractiveScanner] Activity 10A: additional widget [drag and drop] absorbed (dragAndDrop + dragAndDrop).
🟢 [ContentConverter] Page 9.0: [activity] auto-closed before the next important.
🟢 [ContentConverter] Page 9.0: [end other] had no open container — ignored.
🟢 [ActivitiesBuilder] 1 activity title heading(s) set to h3 (title_heading_level).
🟠 [AcksBuilder] Media item  sits between lessons 5.0 and 7.0 — placed in 5.0; verify.
🟠 [AcksBuilder] Media item  sits between lessons 7.0 and 9.0 — placed in 7.0; verify.
🟠 [AcksBuilder] Media item  sits between lessons 2.0 and 11.0 — placed in 2.0; verify.
🟢 [SkeletonBuilder] footer_links "final" value "—" is not a footer pattern (the registry's no-evidence marker) — the KB's final-page form "prev+home" applied (footer.kb_position_defaults).
🟢 [ConventionResolver] HTML conventions from series OSBY (deviation over Online Safety (OS9000)|7-8): overview menu flat, lesson menu flat.
🟢 [PageSplitter] [end page] before [MODULE INTRODUCTION] disregarded — the introduction stays on the overview page (AR-1).
🟢 [MenuBuilder] Menu heading "Tirohanga Whānui | Overview" is the section label — consumed (the menu scaffolding names it).
🟢 [InteractiveScanner] accordion: additional widget [accordion] absorbed (accordion + accordion).
🟢 [InteractiveScanner] accordion: additional widget [accordion] absorbed (accordion + accordion).
🟢 [InteractiveScanner] accordion: additional widget [accordion] absorbed (accordion + accordion).
🟢 [InteractiveScanner] accordion: additional widget [accordion] absorbed (accordion + accordion).
🟢 [InteractiveBuilder] Built speechBubble #1 from captured data (no placeholder needed).
🟢 [InteractiveBuilder] Built accordion #2 from captured data (no placeholder needed).
🟢 [InteractiveBuilder] Built speechBubble #5 from captured data (no placeholder needed).
🟢 [InteractiveBuilder] Built carousel #6 from captured data (no placeholder needed).
🟢 [ContentConverter] [alert] wraps the following table/widget as its content (no [end alert]) — closes at the next heading/section/page.
🟢 [InteractiveBuilder] Built speechBubble #7 from captured data (no placeholder needed).
🟢 [InteractiveBuilder] Built carousel #8 from captured data (no placeholder needed).
🟢 [InteractiveBuilder] Built speechBubble #10 from captured data (no placeholder needed).
🟢 [ContentConverter] [engagement quiz button] → the KB's anchored "Go to quiz" button + To Do note (kb_form).
🟠 [ContentConverter] Page 3.0: [activity] was never closed — closed at page end.
🟠 [AcksBuilder] YouTube metadata unavailable for item  (stubbed) — possible dead link worth checking: https://www.youtube.com/watch?v=asTti6y39xI
🟠 [AcksBuilder] Unknown media item type "Picture" (item ) — used "Picture" as the prefix; add it to Acks_Formats type_prefix_map.
🟠 [AcksBuilder] Unknown media item type "Picture" (item ) — used "Picture" as the prefix; add it to Acks_Formats type_prefix_map.
🟠 [AcksBuilder] Unknown media item type "Vido" (item ) — used "Vido" as the prefix; add it to Acks_Formats type_prefix_map.
🟠 [AcksBuilder] YouTube metadata unavailable for item  (stubbed) — possible dead link worth checking: https://www.youtube.com/watch?v=Hp7aVvrlt8U
🟠 [AcksBuilder] Unknown media item type "Vido" (item ) — used "Vido" as the prefix; add it to Acks_Formats type_prefix_map.
🟠 [AcksBuilder] Unknown media item type "Picture" (item ) — used "Picture" as the prefix; add it to Acks_Formats type_prefix_map.
🟠 [AcksBuilder] Unknown media item type "Picture" (item ) — used "Picture" as the prefix; add it to Acks_Formats type_prefix_map.
🟠 [AcksBuilder] Unknown media item type "Picture" (item ) — used "Picture" as the prefix; add it to Acks_Formats type_prefix_map.
🟠 [AcksBuilder] Unknown media item type "Picture" (item ) — used "Picture" as the prefix; add it to Acks_Formats type_prefix_map.
🟠 [AcksBuilder] Unknown media item type "Picture" (item ) — used "Picture" as the prefix; add it to Acks_Formats type_prefix_map.
🟠 [AcksBuilder] Unknown media item type "Picture" (item ) — used "Picture" as the prefix; add it to Acks_Formats type_prefix_map.
🟠 [AcksBuilder] Unknown media item type "Picture" (item ) — used "Picture" as the prefix; add it to Acks_Formats type_prefix_map.
🟠 [AcksBuilder] Unknown media item type "Picture" (item ) — used "Picture" as the prefix; add it to Acks_Formats type_prefix_map.
🟠 [AcksBuilder] Unknown media item type "Picture" (item ) — used "Picture" as the prefix; add it to Acks_Formats type_prefix_map.
🟠 [AcksBuilder] Unknown media item type "Picture" (item ) — used "Picture" as the prefix; add it to Acks_Formats type_prefix_map.
🟠 [AcksBuilder] Unknown media item type "Picture" (item ) — used "Picture" as the prefix; add it to Acks_Formats type_prefix_map.
🟠 [AcksBuilder] Unknown media item type "Picture" (item ) — used "Picture" as the prefix; add it to Acks_Formats type_prefix_map.
🟠 [AcksBuilder] Unknown media item type "Picture" (item ) — used "Picture" as the prefix; add it to Acks_Formats type_prefix_map.
🟠 [AcksBuilder] Unknown media item type "Picture" (item ) — used "Picture" as the prefix; add it to Acks_Formats type_prefix_map.
🟠 [AcksBuilder] YouTube metadata unavailable for item  (stubbed) — possible dead link worth checking: https://www.youtube.com/watch?v=AArIv-tvxWE
🟠 [AcksBuilder] 17 iStock titles could not be verified (no *istock-acks*.txt was supplied); each is marked ❗ and the acks block carries a designer note.
🟢 [ConventionResolver] HTML conventions from series OSSM (deviation over Online Safety (OS9000)|7-8): overview menu tabs, lesson menu tabs.
🟢 [PageSplitter] [end page] before [MODULE INTRODUCTION] disregarded — the introduction stays on the overview page (AR-1).
🟢 [MenuBuilder] Menu heading "Tirohanga Whānui | Overview" is the section label — consumed (the menu scaffolding names it).
🟢 [MenuBuilder] Menu heading "He aha tāku hei tīmata? | What do I need to get started?" had no content beneath it — omitted (empty preconfigured scaffolding).
🟢 [ContentConverter] Page 1.0: [end activity] had no open container — ignored.
🟢 [InteractiveBuilder] Built speechBubble #3 from captured data (no placeholder needed).
🟢 [InteractiveBuilder] Built carousel #4 from captured data (no placeholder needed).
🟢 [ContentConverter] Page 2.0: [end activity] had no open container — ignored.
🟢 [InteractiveBuilder] Built flipCard #6 from captured data (no placeholder needed).
🟢 [InteractiveBuilder] Built speechBubble #8 from captured data (no placeholder needed).
🟢 [InteractiveBuilder] Built clickDrop #9 from captured data (no placeholder needed).
🟢 [ContentConverter] Page 3.0: [end activity] had no open container — ignored.
🟢 [InteractiveBuilder] Built speechBubble #11 from captured data (no placeholder needed).
🟢 [InteractiveBuilder] Built dragAndDrop #13 from captured data (no placeholder needed).
🟢 [ContentConverter] Page 4.0: [end activity] had no open container — ignored.
🟢 [ContentConverter] [engagement quiz button] → the KB's anchored "Go to quiz" button + To Do note (kb_form).
🟠 [ContentConverter] Page 4.0: [activity] was never closed — closed at page end.
🟠 [AcksBuilder] YouTube metadata unavailable for item  (stubbed) — possible dead link worth checking: https://www.youtube.com/watch?v=7fxJiLJvKAo
🟠 [AcksBuilder] YouTube metadata unavailable for item  (stubbed) — possible dead link worth checking: https://www.youtube.com/watch?v=EPbfyNDRhhU
🟠 [AcksBuilder] YouTube metadata unavailable for item  (stubbed) — possible dead link worth checking: https://www.youtube.com/watch?v=DnKpnojwz2M
🟠 [AcksBuilder] YouTube metadata unavailable for item  (stubbed) — possible dead link worth checking: https://www.youtube.com/watch?v=oQ2vXEMYM0A%20
🟠 [AcksBuilder] YouTube metadata unavailable for item  (stubbed) — possible dead link worth checking: https://www.youtube.com/watch?v=viNyPNqdhyw
🟠 [AcksBuilder] 33 iStock titles could not be verified (no *istock-acks*.txt was supplied); each is marked ❗ and the acks block carries a designer note.
🟠 [ModuleResolver] Multiple module-code candidates found (PHE1007, PEO1042) — using PHE1007 from filename "PHE1007 Writers Template + Media List.docx".
🟢 [ConventionResolver] HTML conventions from series PHE (deviation over NCEA1|NCEA): overview menu tabs, lesson menu flat.
🟢 [PageSplitter] [end page] before [MODULE INTRODUCTION] disregarded — the introduction stays on the overview page (AR-1).
🟢 [PageSplitter] Implicit page break: content continues after [end page] without a [LESSON] tag — opened page 1.0.
🟢 [PageSplitter] Implicit page break: content continues after [end page] without a [LESSON] tag — opened page 2.0.
🟢 [PageSplitter] Implicit page break: content continues after [end page] without a [LESSON] tag — opened page 3.0.
🟢 [PageSplitter] Implicit page break: content continues after [end page] without a [LESSON] tag — opened page 4.0.
🟢 [PageSplitter] Implicit page break: content continues after [end page] without a [LESSON] tag — opened page 5.0.
🟢 [PageSplitter] Implicit page break: content continues after [end page] without a [LESSON] tag — opened page 6.0.
🟢 [PageSplitter] Implicit page break: content continues after [end page] without a [LESSON] tag — opened page 7.0.
🟢 [PageSplitter] Implicit page break: content continues after [end page] without a [LESSON] tag — opened page 8.0.
🟢 [PageSplitter] Implicit page break: content continues after [end page] without a [LESSON] tag — opened page 9.0.
🟢 [PageSplitter] Page 8.0: heading says "Lesson 9" — using the heading's number.
🟢 [PageSplitter] Page 9.0: heading says "Lesson 10" — using the heading's number.
🟢 [MenuBuilder] Menu heading "Tirohanga Whānui | Overview" is the section label — consumed (the menu scaffolding names it).
🟢 [MenuBuilder] Menu section "Aromatawai | Assessment for Learning" promoted to its own "Standards" nav tab (menu.extra_tabs registry).
🟢 [InteractiveScanner] tabs: additional widget [tabs] absorbed (tabs + tabs).
🟢 [InteractiveScanner] tabs: additional widget [tabs] absorbed (tabs + tabs).
🟢 [InteractiveBuilder] Built tabs #1 from captured data (no placeholder needed).
🟢 [InteractiveBuilder] Built dropDown #2 from captured data (no placeholder needed).
🟢 [InteractiveBuilder] Built accordion #5 from captured data (no placeholder needed).
🟢 [InteractiveScanner] accordion: additional widget [accordion] absorbed (accordion + accordion).
🟢 [InteractiveScanner] accordion: additional widget [accordion] absorbed (accordion + accordion).
🟢 [InteractiveBuilder] Built accordion #9 from captured data (no placeholder needed).
🟢 [InteractiveScanner] accordion: additional widget [accordion] absorbed (accordion + accordion).
🟢 [InteractiveScanner] accordion: additional widget [accordion] absorbed (accordion + accordion).
🟢 [InteractiveScanner] Activity 3: additional widget [accordion] absorbed (accordion + accordion).
🟢 [InteractiveScanner] Activity 3: additional widget [accordion] absorbed (accordion + accordion).
🟢 [InteractiveScanner] accordion: additional widget [accordion] absorbed (accordion + accordion).
🟢 [InteractiveScanner] flipCard: additional widget [flip card] absorbed (flipCard + flipCard).
🟢 [InteractiveScanner] accordion: nested [flip card] absorbed as a sub-bundle (flipCard); host continues.
🟢 [InteractiveScanner] accordion: additional widget [accordion] absorbed (accordion + accordion).
🟢 [InteractiveScanner] accordion: additional widget [accordion] absorbed (accordion + accordion).
🟢 [InteractiveScanner] accordion: additional widget [accordion] absorbed (accordion + accordion).
🟢 [ContentConverter] Page 7.0: 1 inline definition woven onto the anchor word (orphan definition weave).
🟢 [InteractiveBuilder] Built accordion #14 from captured data (no placeholder needed).
🟢 [InteractiveBuilder] Built accordion #15 from captured data (no placeholder needed).
🟢 [InteractiveBuilder] Built accordion #16 from captured data (no placeholder needed).
🟢 [InteractiveScanner] Activity 3: additional widget [click drop] absorbed (clickDrop + clickDrop).
🟢 [InteractiveScanner] Activity 3: additional widget [click drop] absorbed (clickDrop + clickDrop).
🟢 [InteractiveScanner] Activity 3: additional widget [dropdown] absorbed (clickDrop + dropDown).
🟠 [ContentConverter] Page 10.0: [activity] was never closed — closed at page end.
🟠 [AcksBuilder] YouTube metadata unavailable for item  (stubbed) — possible dead link worth checking: https://youtu.be/QJwORUokEXc
🟠 [AcksBuilder] YouTube metadata unavailable for item 10. (stubbed) — possible dead link worth checking: https://www.youtube.com/watch?v=ihTmABgLqV4
🟠 [AcksBuilder] YouTube metadata unavailable for item 18. (stubbed) — possible dead link worth checking: https://youtu.be/5YcNAPzDxDg
🟠 [AcksBuilder] YouTube metadata unavailable for item 29. (stubbed) — possible dead link worth checking: https://www.youtube.com/watch?v=mXtOphTocJ8
🟠 [AcksBuilder] YouTube metadata unavailable for item 38. (stubbed) — possible dead link worth checking: https://www.youtube.com/watch?v=eXvR-ZkWmn4
🟠 [AcksBuilder] YouTube metadata unavailable for item 44. (stubbed) — possible dead link worth checking: https://www.youtube.com/watch?v=l2ccqJYK2KY
🟠 [AcksBuilder] YouTube metadata unavailable for item 47. (stubbed) — possible dead link worth checking: https://www.youtube.com/watch?v=PIrhiSJcapc
🟠 [AcksBuilder] YouTube metadata unavailable for item 52. (stubbed) — possible dead link worth checking: https://www.youtube.com/watch?v=GSEU7ITTL0o
🟠 [AcksBuilder] YouTube metadata unavailable for item 53. (stubbed) — possible dead link worth checking: https://youtu.be/W5K_HR6hxMY
🟠 [AcksBuilder] YouTube metadata unavailable for item 57. (stubbed) — possible dead link worth checking: https://www.youtube.com/watch?v=d6jj2I_Kn-s
🟠 [AcksBuilder] YouTube metadata unavailable for item 58. (stubbed) — possible dead link worth checking: https://www.youtube.com/watch?v=hjCrnwbkx-A
🟠 [AcksBuilder] YouTube metadata unavailable for item 62. (stubbed) — possible dead link worth checking: https://www.youtube.com/watch?v=MeChdwU-53E
🟠 [AcksBuilder] YouTube metadata unavailable for item 65. (stubbed) — possible dead link worth checking: https://www.youtube.com/watch?v=xXf7A3-uRDI
🟠 [AcksBuilder] YouTube metadata unavailable for item 71. (stubbed) — possible dead link worth checking: https://www.youtube.com/shorts/DFv85Au8wq4
🟠 [AcksBuilder] YouTube metadata unavailable for item 80. (stubbed) — possible dead link worth checking: https://www.youtube.com/watch?v=Oo1XRPxIY2Y
🟠 [AcksBuilder] Media item  could not be mapped to a lesson — placed in the first group (0.0); verify.
🟠 [AcksBuilder] Media item  could not be mapped to a lesson — placed in the first group (0.0); verify.
🟠 [AcksBuilder] Media item  could not be mapped to a lesson — placed in the first group (0.0); verify.
🟠 [AcksBuilder] Media item  could not be mapped to a lesson — placed in the first group (0.0); verify.
🟠 [AcksBuilder] Media item  could not be mapped to a lesson — placed in the first group (0.0); verify.
🟠 [AcksBuilder] Media item  could not be mapped to a lesson — placed in the first group (0.0); verify.
🟠 [AcksBuilder] Media item  could not be mapped to a lesson — placed in the first group (0.0); verify.
🟠 [AcksBuilder] Media item  could not be mapped to a lesson — placed in the first group (0.0); verify.
🟠 [AcksBuilder] Media item  could not be mapped to a lesson — placed in the first group (0.0); verify.
🟠 [AcksBuilder] Media item 10. could not be mapped to a lesson — placed in the first group (0.0); verify.
🟠 [AcksBuilder] Media item 11. could not be mapped to a lesson — placed in the first group (0.0); verify.
🟠 [AcksBuilder] Media item 12. could not be mapped to a lesson — placed in the first group (0.0); verify.
🟠 [AcksBuilder] Media item 13. could not be mapped to a lesson — placed in the first group (0.0); verify.
🟠 [AcksBuilder] Media item 14. could not be mapped to a lesson — placed in the first group (0.0); verify.
🟠 [AcksBuilder] Media item 15. could not be mapped to a lesson — placed in the first group (0.0); verify.
🟠 [AcksBuilder] Media item 16. could not be mapped to a lesson — placed in the first group (0.0); verify.
🟠 [AcksBuilder] Media item 17. could not be mapped to a lesson — placed in the first group (0.0); verify.
🟠 [AcksBuilder] Media item 18. could not be mapped to a lesson — placed in the first group (0.0); verify.
🟠 [AcksBuilder] Media item 19. could not be mapped to a lesson — placed in the first group (0.0); verify.
🟠 [AcksBuilder] Media item 20. could not be mapped to a lesson — placed in the first group (0.0); verify.
🟠 [AcksBuilder] Media item 21. could not be mapped to a lesson — placed in the first group (0.0); verify.
🟠 [AcksBuilder] Media item 22. could not be mapped to a lesson — placed in the first group (0.0); verify.
🟠 [AcksBuilder] Media item 23. could not be mapped to a lesson — placed in the first group (0.0); verify.
🟠 [AcksBuilder] Media item 24. could not be mapped to a lesson — placed in the first group (0.0); verify.
🟠 [AcksBuilder] Media item 25. could not be mapped to a lesson — placed in the first group (0.0); verify.
🟠 [AcksBuilder] Media item 26. could not be mapped to a lesson — placed in the first group (0.0); verify.
🟠 [AcksBuilder] Media item 27. could not be mapped to a lesson — placed in the first group (0.0); verify.
🟠 [AcksBuilder] Media item 28. could not be mapped to a lesson — placed in the first group (0.0); verify.
🟠 [AcksBuilder] Media item 29. could not be mapped to a lesson — placed in the first group (0.0); verify.
🟠 [AcksBuilder] Media item 30. could not be mapped to a lesson — placed in the first group (0.0); verify.
🟠 [AcksBuilder] Media item 31. could not be mapped to a lesson — placed in the first group (0.0); verify.
🟠 [AcksBuilder] Media item 32. could not be mapped to a lesson — placed in the first group (0.0); verify.
🟠 [AcksBuilder] Media item 33. could not be mapped to a lesson — placed in the first group (0.0); verify.
🟠 [AcksBuilder] Media item 34. could not be mapped to a lesson — placed in the first group (0.0); verify.
🟠 [AcksBuilder] Media item 35. could not be mapped to a lesson — placed in the first group (0.0); verify.
🟠 [AcksBuilder] Media item 36. could not be mapped to a lesson — placed in the first group (0.0); verify.
🟠 [AcksBuilder] Media item 37. could not be mapped to a lesson — placed in the first group (0.0); verify.
🟠 [AcksBuilder] Media item 38. could not be mapped to a lesson — placed in the first group (0.0); verify.
🟠 [AcksBuilder] Media item 39. could not be mapped to a lesson — placed in the first group (0.0); verify.
🟠 [AcksBuilder] Media item 40. could not be mapped to a lesson — placed in the first group (0.0); verify.
🟠 [AcksBuilder] Media item 41. could not be mapped to a lesson — placed in the first group (0.0); verify.
🟠 [AcksBuilder] Media item 42. could not be mapped to a lesson — placed in the first group (0.0); verify.
🟠 [AcksBuilder] Media item 43. could not be mapped to a lesson — placed in the first group (0.0); verify.
🟠 [AcksBuilder] Media item 44. could not be mapped to a lesson — placed in the first group (0.0); verify.
🟠 [AcksBuilder] Media item 45. could not be mapped to a lesson — placed in the first group (0.0); verify.
🟠 [AcksBuilder] Media item 46. could not be mapped to a lesson — placed in the first group (0.0); verify.
🟠 [AcksBuilder] Media item 47. could not be mapped to a lesson — placed in the first group (0.0); verify.
🟠 [AcksBuilder] Media item 48. could not be mapped to a lesson — placed in the first group (0.0); verify.
🟠 [AcksBuilder] Media item 49. could not be mapped to a lesson — placed in the first group (0.0); verify.
🟠 [AcksBuilder] Media item 50. could not be mapped to a lesson — placed in the first group (0.0); verify.
🟠 [AcksBuilder] Media item 51. could not be mapped to a lesson — placed in the first group (0.0); verify.
🟠 [AcksBuilder] Media item 52. could not be mapped to a lesson — placed in the first group (0.0); verify.
🟠 [AcksBuilder] Media item 53. could not be mapped to a lesson — placed in the first group (0.0); verify.
🟠 [AcksBuilder] Media item 54. could not be mapped to a lesson — placed in the first group (0.0); verify.
🟠 [AcksBuilder] Media item 55. could not be mapped to a lesson — placed in the first group (0.0); verify.
🟠 [AcksBuilder] Media item 56. could not be mapped to a lesson — placed in the first group (0.0); verify.
🟠 [AcksBuilder] Media item 57. could not be mapped to a lesson — placed in the first group (0.0); verify.
🟠 [AcksBuilder] Media item 58. could not be mapped to a lesson — placed in the first group (0.0); verify.
🟠 [AcksBuilder] Media item 59. could not be mapped to a lesson — placed in the first group (0.0); verify.
🟠 [AcksBuilder] Media item 60. could not be mapped to a lesson — placed in the first group (0.0); verify.
🟠 [AcksBuilder] Media item 61. could not be mapped to a lesson — placed in the first group (0.0); verify.
🟠 [AcksBuilder] Media item 62. could not be mapped to a lesson — placed in the first group (0.0); verify.
🟠 [AcksBuilder] Media item 63. could not be mapped to a lesson — placed in the first group (0.0); verify.
🟠 [AcksBuilder] Media item 64. could not be mapped to a lesson — placed in the first group (0.0); verify.
🟠 [AcksBuilder] Media item 65. could not be mapped to a lesson — placed in the first group (0.0); verify.
🟠 [AcksBuilder] Media item 66. could not be mapped to a lesson — placed in the first group (0.0); verify.
🟠 [AcksBuilder] Media item 67. could not be mapped to a lesson — placed in the first group (0.0); verify.
🟠 [AcksBuilder] Media item 68. could not be mapped to a lesson — placed in the first group (0.0); verify.
🟠 [AcksBuilder] Media item 69. could not be mapped to a lesson — placed in the first group (0.0); verify.
🟠 [AcksBuilder] Media item 70. could not be mapped to a lesson — placed in the first group (0.0); verify.
🟠 [AcksBuilder] Media item 71. could not be mapped to a lesson — placed in the first group (0.0); verify.
🟠 [AcksBuilder] Media item 72. could not be mapped to a lesson — placed in the first group (0.0); verify.
🟠 [AcksBuilder] Media item 73. could not be mapped to a lesson — placed in the first group (0.0); verify.
🟠 [AcksBuilder] Media item 74. could not be mapped to a lesson — placed in the first group (0.0); verify.
🟠 [AcksBuilder] Media item 75. could not be mapped to a lesson — placed in the first group (0.0); verify.
🟠 [AcksBuilder] Media item 76. could not be mapped to a lesson — placed in the first group (0.0); verify.
🟠 [AcksBuilder] Media item 77. could not be mapped to a lesson — placed in the first group (0.0); verify.
🟠 [AcksBuilder] Media item 78. could not be mapped to a lesson — placed in the first group (0.0); verify.
🟠 [AcksBuilder] Media item 79. could not be mapped to a lesson — placed in the first group (0.0); verify.
🟠 [AcksBuilder] Media item 80. could not be mapped to a lesson — placed in the first group (0.0); verify.
🟢 [ModuleResolver] SSFUN07 is a recorded page_model exception — using multi-file.
🟢 [ConventionResolver] HTML conventions from group 1-10 Social Science|combo: overview menu tabs, lesson menu tabs.
🟢 [PageSplitter] Content after the final [end page] (3 blocks) is writer-form boilerplate — not emitted (AR-5).
🟢 [InteractiveScanner] multiChoiceQuiz: additional widget [mcq] absorbed (multiChoiceQuiz + multiChoiceQuiz).
🟢 [InteractiveScanner] flipCard: additional widget [flip card] absorbed (flipCard + flipCard).
🟢 [InteractiveScanner] flipCard: additional widget [flip card] absorbed (flipCard + flipCard).
🟢 [InteractiveScanner] flipCard: additional widget [flip card] absorbed (flipCard + flipCard).
🟢 [InteractiveScanner] flipCard: additional widget [flip card] absorbed (flipCard + flipCard).
🟢 [InteractiveScanner] flipCard: additional widget [flip card] absorbed (flipCard + flipCard).
🟢 [InteractiveScanner] flipCard: additional widget [flip card] absorbed (flipCard + flipCard).
🟢 [InteractiveScanner] flipCard: additional widget [flip card] absorbed (flipCard + flipCard).
🟢 [InteractiveScanner] flipCard: additional widget [flip card] absorbed (flipCard + flipCard).
🟢 [ContentConverter] [alert] right-hand box → an alert top side column paired with the preceding content row (positional_side_alert).
🟢 [InteractiveScanner] multiChoiceQuiz: additional widget [mcq] absorbed (multiChoiceQuiz + multiChoiceQuiz).
🟢 [InteractiveBuilder] Built carousel #10 from captured data (no placeholder needed).
🟠 [AcksBuilder] YouTube metadata unavailable for item  (stubbed) — possible dead link worth checking: https://youtu.be/FpNyTKgi1Io?si=JJ73W6mfH9TpGm1g
🟠 [AcksBuilder] YouTube metadata unavailable for item  (stubbed) — possible dead link worth checking: https://youtu.be/EbQmuz_Wcmg?si=17g9Amnlhd1oWKpJ
🟠 [AcksBuilder] YouTube metadata unavailable for item  (stubbed) — possible dead link worth checking: https://youtu.be/0zKqm-lLXU0?si=E0GJArDkuRxMfrcp
🟠 [AcksBuilder] YouTube metadata unavailable for item  (stubbed) — possible dead link worth checking: https://youtu.be/CQJgGIVM7GA
🟠 [AcksBuilder] YouTube metadata unavailable for item  (stubbed) — possible dead link worth checking: https://youtu.be/X_Ypzkag9l4?si=jCgJaipgUVffFN4l
🟠 [AcksBuilder] Unknown media item type "Website" (item ) — used "Website" as the prefix; add it to Acks_Formats type_prefix_map.
🟠 [AcksBuilder] YouTube metadata unavailable for item  (stubbed) — possible dead link worth checking: https://youtu.be/bY9x0Yoc73g?si=9jKPJzj2nAK1_x5r
🟠 [AcksBuilder] YouTube metadata unavailable for item  (stubbed) — possible dead link worth checking: https://youtu.be/qw4xmW-ZAFc?si=-17lvXdter8Ew_ow
🟠 [AcksBuilder] YouTube metadata unavailable for item  (stubbed) — possible dead link worth checking: https://youtu.be/WswKsQ39eJ0?si=zzW6BD7tFW_eejzQ
🟠 [AcksBuilder] YouTube metadata unavailable for item  (stubbed) — possible dead link worth checking: https://youtu.be/oNFeOl7pW9s?si=Ro8No2ei6xept_NG
🟠 [AcksBuilder] YouTube metadata unavailable for item  (stubbed) — possible dead link worth checking: https://youtu.be/UVWC7Sw-Kvg?si=53RmxQMZz3uAZeKd
🟠 [AcksBuilder] YouTube metadata unavailable for item  (stubbed) — possible dead link worth checking: https://youtu.be/ViJIJh-BNq8?si=gtEXREQ-W9eAYSwS
🟠 [AcksBuilder] YouTube metadata unavailable for item  (stubbed) — possible dead link worth checking: https://youtu.be/T6mK-Ukr_ts?si=FhQxoM3rvS28JCKE
🟠 [AcksBuilder] YouTube metadata unavailable for item  (stubbed) — possible dead link worth checking: https://youtu.be/eV_753wIUzo?si=XP3iz1XQrtqHDqyo
🟠 [AcksBuilder] Unknown media item type "Website" (item ) — used "Website" as the prefix; add it to Acks_Formats type_prefix_map.
🟠 [AcksBuilder] YouTube metadata unavailable for item  (stubbed) — possible dead link worth checking: https://youtu.be/PSI4-A-jQoQ?si=mWABW2c02Twk1jO2
🟠 [AcksBuilder] Unknown media item type "Website" (item ) — used "Website" as the prefix; add it to Acks_Formats type_prefix_map.
🟠 [AcksBuilder] YouTube metadata unavailable for item  (stubbed) — possible dead link worth checking: https://youtu.be/lTV-2aPqMPI?si=BauVACTaZoLUeo6c
🟠 [AcksBuilder] Unknown media item type "Website" (item ) — used "Website" as the prefix; add it to Acks_Formats type_prefix_map.
🟠 [AcksBuilder] YouTube metadata unavailable for item  (stubbed) — possible dead link worth checking: https://youtu.be/tifgf9smfus?si=QFdXHvBg-zvOn2xq
🟠 [AcksBuilder] Unknown media item type "Website" (item ) — used "Website" as the prefix; add it to Acks_Formats type_prefix_map.
🟠 [AcksBuilder] YouTube metadata unavailable for item  (stubbed) — possible dead link worth checking: https://youtu.be/VaLmsoUU_eI?si=eBiRxX4a1ykhCmev
🟠 [AcksBuilder] Unknown media item type "Website" (item ) — used "Website" as the prefix; add it to Acks_Formats type_prefix_map.
🟢 [AcksBuilder] Media item  placed in lesson 4.0 by neighbour interpolation — verify its group.
🟠 [AcksBuilder] 3 iStock titles could not be verified (no *istock-acks*.txt was supplied); each is marked ❗ and the acks block carries a designer note.
🟢 [SkeletonBuilder] Page 1.0: h1_count wants 2 title(s) but the source provided 1 — emitted what exists.
🟢 [SkeletonBuilder] Page 2.0: h1_count wants 2 title(s) but the source provided 1 — emitted what exists.
🟢 [SkeletonBuilder] Page 3.0: h1_count wants 2 title(s) but the source provided 1 — emitted what exists.
🟢 [SkeletonBuilder] Page 4.0: h1_count wants 2 title(s) but the source provided 1 — emitted what exists.
🟢 [SkeletonBuilder] footer_links "final" value "—" is not a footer pattern (the registry's no-evidence marker) — the KB's final-page form "prev+home" applied (footer.kb_position_defaults).
🟢 [ConventionResolver] HTML conventions from group Te Marautanga o Aotearoa TMoA|1-3: overview menu tabs, lesson menu default.
🟢 [PageSplitter] Document opens without a literal [TITLE BAR] — overview page opened at the first content tag (Fundamentals-style template).
🟢 [ContentConverter] [alert] wraps the following table/widget as its content (no [end alert]) — closes at the next heading/section/page.
🟢 [PageAssembler] No [TITLE BAR] / Module Name title — MTK module title taken from [h1] repetition on page 1.0: "The vowels: Aa | Ngā Oropuare: Aa" (round 321).
🟠 [AcksBuilder] YouTube metadata unavailable for item  (stubbed) — possible dead link worth checking: https://www.youtube.com/watch?v=lwum1i3Gfpo&list=PLli513BG9kxASwQk3rDn-fblp5E0ResnL&index=17
🟠 [AcksBuilder] Unknown media item type "PDF" (item ) — used "Pdf" as the prefix; add it to Acks_Formats type_prefix_map.
🟠 [AcksBuilder] Unknown media item type "Link to PDF" (item ) — used "Link to pdf" as the prefix; add it to Acks_Formats type_prefix_map.
🟠 [AcksBuilder] Media item  sits between lessons 2.0 and 1.0 — placed in 2.0; verify.
🟢 [AcksBuilder] Media item  placed in lesson 2.0 by neighbour interpolation — verify its group.
🟢 [AcksBuilder] Media item  placed in lesson 4.0 by neighbour interpolation — verify its group.
🟢 [AcksBuilder] Media item  placed in lesson 4.0 by neighbour interpolation — verify its group.
🟠 [AcksBuilder] Media item  could not be mapped to a lesson — placed in the first group (0.0); verify.
🟠 [AcksBuilder] 39 iStock titles could not be verified (no *istock-acks*.txt was supplied); each is marked ❗ and the acks block carries a designer note.
🟢 [SkeletonBuilder] footer_links "final" value "—" is not a footer pattern (the registry's no-evidence marker) — the KB's final-page form "prev+home" applied (footer.kb_position_defaults).
🟢 [ModuleResolver] TRR304 is not in the registry members — inherited from its level TRR1 (sibling rule).
🟢 [ConventionResolver] HTML conventions from group Te Marautanga o Aotearoa TMoA|1-3: overview menu tabs, lesson menu default.
🟢 [PageSplitter] Document opens without a literal [TITLE BAR] — overview page opened at the first content tag (Fundamentals-style template).
🟢 [InteractiveScanner] dropDown: additional widget [dropdown] absorbed (dropDown + dropDown).
🟢 [PageAssembler] No [TITLE BAR] title — using the front-matter "Module Name" metadata "Te Kaimahi Whakaputa" as the module title (MTK drop-down-menu template).
🟠 [AcksBuilder] Unknown media item type "NZQA" (item 1) — used "Nzqa" as the prefix; add it to Acks_Formats type_prefix_map.
🟠 [AcksBuilder] Unknown media item type "NZQA" (item 2) — used "Nzqa" as the prefix; add it to Acks_Formats type_prefix_map.
🟠 [AcksBuilder] Unknown media item type "Graphic" (item 6) — used "Graphic" as the prefix; add it to Acks_Formats type_prefix_map.
🟠 [AcksBuilder] YouTube metadata unavailable for item 11 (stubbed) — possible dead link worth checking: https://www.youtube.com/watch?v=yc-1y5CxWFk
🟠 [AcksBuilder] Unknown media item type "Graphic" (item 12) — used "Graphic" as the prefix; add it to Acks_Formats type_prefix_map.
🟠 [AcksBuilder] Unknown media item type "Hyperlink" (item ) — used "Hyperlink" as the prefix; add it to Acks_Formats type_prefix_map.
🟠 [AcksBuilder] Unknown media item type "Interactive" (item ) — used "Interactive" as the prefix; add it to Acks_Formats type_prefix_map.
🟠 [AcksBuilder] Unknown media item type "Interactive" (item ) — used "Interactive" as the prefix; add it to Acks_Formats type_prefix_map.
🟠 [AcksBuilder] Unknown media item type "Interactive" (item ) — used "Interactive" as the prefix; add it to Acks_Formats type_prefix_map.
🟠 [AcksBuilder] Unknown media item type "Interactive" (item 27) — used "Interactive" as the prefix; add it to Acks_Formats type_prefix_map.
🟠 [AcksBuilder] Unknown media item type "Interactive" (item 28) — used "Interactive" as the prefix; add it to Acks_Formats type_prefix_map.
🟠 [AcksBuilder] Unknown media item type "Interactive" (item 29) — used "Interactive" as the prefix; add it to Acks_Formats type_prefix_map.
🟠 [AcksBuilder] Unknown media item type "Interactive" (item 31) — used "Interactive" as the prefix; add it to Acks_Formats type_prefix_map.
🟠 [AcksBuilder] Unknown media item type "Interactive" (item 33) — used "Interactive" as the prefix; add it to Acks_Formats type_prefix_map.
🟠 [AcksBuilder] Unknown media item type "Interactive" (item 35) — used "Interactive" as the prefix; add it to Acks_Formats type_prefix_map.
🟠 [AcksBuilder] Unknown media item type "Interactive" (item 36) — used "Interactive" as the prefix; add it to Acks_Formats type_prefix_map.
🟠 [AcksBuilder] Unknown media item type "Interactive" (item 37) — used "Interactive" as the prefix; add it to Acks_Formats type_prefix_map.
🟠 [AcksBuilder] Unknown media item type "Interactive" (item 40) — used "Interactive" as the prefix; add it to Acks_Formats type_prefix_map.
🟠 [AcksBuilder] Unknown media item type "Interactive" (item 41) — used "Interactive" as the prefix; add it to Acks_Formats type_prefix_map.
🟠 [AcksBuilder] Unknown media item type "Element" (item 43) — used "Element" as the prefix; add it to Acks_Formats type_prefix_map.
🟠 [AcksBuilder] Unknown media item type "Element" (item 44) — used "Element" as the prefix; add it to Acks_Formats type_prefix_map.
🟠 [AcksBuilder] Unknown media item type "Element" (item 45) — used "Element" as the prefix; add it to Acks_Formats type_prefix_map.
🟠 [AcksBuilder] Unknown media item type "Element" (item 46) — used "Element" as the prefix; add it to Acks_Formats type_prefix_map.
🟠 [AcksBuilder] Unknown media item type "Element" (item 47) — used "Element" as the prefix; add it to Acks_Formats type_prefix_map.
🟠 [AcksBuilder] Unknown media item type "Element" (item ) — used "Element" as the prefix; add it to Acks_Formats type_prefix_map.
🟢 [AcksBuilder] Media item 5 placed in lesson 2.0 by neighbour interpolation — verify its group.
🟢 [AcksBuilder] Media item 6 placed in lesson 2.0 by neighbour interpolation — verify its group.
🟢 [AcksBuilder] Media item 8 placed in lesson 2.0 by neighbour interpolation — verify its group.
🟠 [AcksBuilder] Media item 11 sits between lessons 3.0 and 2.0 — placed in 3.0; verify.
🟠 [AcksBuilder] Media item 12 sits between lessons 3.0 and 2.0 — placed in 3.0; verify.
🟢 [AcksBuilder] Media item  placed in lesson 2.0 by neighbour interpolation — verify its group.
🟢 [AcksBuilder] Media item  placed in lesson 2.0 by neighbour interpolation — verify its group.
🟢 [AcksBuilder] Media item  placed in lesson 2.0 by neighbour interpolation — verify its group.
🟢 [AcksBuilder] Media item  placed in lesson 2.0 by neighbour interpolation — verify its group.
🟢 [AcksBuilder] Media item  placed in lesson 2.0 by neighbour interpolation — verify its group.
🟢 [AcksBuilder] Media item  placed in lesson 2.0 by neighbour interpolation — verify its group.
🟢 [AcksBuilder] Media item  placed in lesson 2.0 by neighbour interpolation — verify its group.
🟢 [AcksBuilder] Media item  placed in lesson 2.0 by neighbour interpolation — verify its group.
🟢 [AcksBuilder] Media item  placed in lesson 2.0 by neighbour interpolation — verify its group.
🟢 [AcksBuilder] Media item  placed in lesson 2.0 by neighbour interpolation — verify its group.
🟢 [AcksBuilder] Media item  placed in lesson 2.0 by neighbour interpolation — verify its group.
🟢 [AcksBuilder] Media item  placed in lesson 2.0 by neighbour interpolation — verify its group.
🟢 [AcksBuilder] Media item  placed in lesson 2.0 by neighbour interpolation — verify its group.
🟢 [AcksBuilder] Media item  placed in lesson 2.0 by neighbour interpolation — verify its group.
🟢 [AcksBuilder] Media item  placed in lesson 2.0 by neighbour interpolation — verify its group.
🟢 [AcksBuilder] Media item 25 placed in lesson 2.0 by neighbour interpolation — verify its group.
🟢 [AcksBuilder] Media item 26 placed in lesson 2.0 by neighbour interpolation — verify its group.
🟢 [AcksBuilder] Media item 27 placed in lesson 2.0 by neighbour interpolation — verify its group.
🟢 [AcksBuilder] Media item 28 placed in lesson 2.0 by neighbour interpolation — verify its group.
🟢 [AcksBuilder] Media item 29 placed in lesson 2.0 by neighbour interpolation — verify its group.
🟢 [AcksBuilder] Media item 30 placed in lesson 2.0 by neighbour interpolation — verify its group.
🟢 [AcksBuilder] Media item 31 placed in lesson 2.0 by neighbour interpolation — verify its group.
🟢 [AcksBuilder] Media item 32 placed in lesson 2.0 by neighbour interpolation — verify its group.
🟢 [AcksBuilder] Media item 33 placed in lesson 2.0 by neighbour interpolation — verify its group.
🟢 [AcksBuilder] Media item 35 placed in lesson 2.0 by neighbour interpolation — verify its group.
🟢 [AcksBuilder] Media item 36 placed in lesson 2.0 by neighbour interpolation — verify its group.
🟢 [AcksBuilder] Media item 37 placed in lesson 2.0 by neighbour interpolation — verify its group.
🟢 [AcksBuilder] Media item 39 placed in lesson 2.0 by neighbour interpolation — verify its group.
🟢 [AcksBuilder] Media item 40 placed in lesson 2.0 by neighbour interpolation — verify its group.
🟢 [AcksBuilder] Media item 43 placed in lesson 2.0 by neighbour interpolation — verify its group.
🟢 [AcksBuilder] Media item 44 placed in lesson 2.0 by neighbour interpolation — verify its group.
🟢 [AcksBuilder] Media item 45 placed in lesson 2.0 by neighbour interpolation — verify its group.
🟢 [AcksBuilder] Media item 46 placed in lesson 2.0 by neighbour interpolation — verify its group.
🟢 [AcksBuilder] Media item 47 placed in lesson 2.0 by neighbour interpolation — verify its group.
🟢 [AcksBuilder] Media item  placed in lesson 2.0 by neighbour interpolation — verify its group.
🟢 [AcksBuilder] Media item  placed in lesson 2.0 by neighbour interpolation — verify its group.
🟠 [AcksBuilder] Media item 1 could not be mapped to a lesson — placed in the first group (0.0); verify.
🟠 [AcksBuilder] Media item 2 could not be mapped to a lesson — placed in the first group (0.0); verify.
🟢 [SkeletonBuilder] template attribute "1-3" overridden to the level-3 preset "7-8" (template_phase_presets — the module-level rule outranks sibling inheritance for this attribute only).
🟢 [SkeletonBuilder] Page 2.0: h1_count wants 2 title(s) but the source provided 1 — emitted what exists.
🟢 [SkeletonBuilder] Page 3.0: h1_count wants 2 title(s) but the source provided 1 — emitted what exists.
🟢 [SkeletonBuilder] footer_links "final" value "—" is not a footer pattern (the registry's no-evidence marker) — the KB's final-page form "prev+home" applied (footer.kb_position_defaults).
🟢 [ConventionResolver] HTML conventions from series XDLS (deviation over Leaving to Learn|combo): overview menu flat, lesson menu flat.
🟢 [PageSplitter] [end page] before [MODULE INTRODUCTION] disregarded — the introduction stays on the overview page (AR-1).
🟢 [InteractiveBuilder] Built speechBubble #1 from captured data (no placeholder needed).
🟢 [MenuBuilder] Menu heading "Tirohanga Whānui | Overview" is the section label — consumed (the menu scaffolding names it).
🟢 [MenuBuilder] Menu section "Hononga | Connections" promoted to its own "Connections" nav tab (menu.extra_tabs registry).
🟢 [MenuBuilder] Menu section "Aromatawai | Assessment for Learning" promoted to its own "Standards" nav tab (menu.extra_tabs registry).
🟢 [InteractiveScanner] accordion: additional widget [accordion] absorbed (accordion + accordion).
🟢 [InteractiveScanner] accordion: additional widget [accordion] absorbed (accordion + accordion).
🟢 [InteractiveScanner] accordion: additional widget [accordion] absorbed (accordion + accordion).
🟢 [InteractiveScanner] accordion: additional widget [accordion] absorbed (accordion + accordion).
🟢 [InteractiveScanner] accordion: additional widget [accordion] absorbed (accordion + accordion).
🟢 [InteractiveScanner] Activity 5: additional widget [click drop] absorbed (clickDrop + clickDrop).
🟢 [InteractiveScanner] accordion: additional widget [accordion] absorbed (accordion + accordion).
🟢 [InteractiveBuilder] Built speechBubble #2 from captured data (no placeholder needed).
🟢 [InteractiveBuilder] Built accordion #3 from captured data (no placeholder needed).
🟢 [ContentConverter] Page 1.0: [end accordion] had no open container — ignored.
🟢 [InteractiveBuilder] Built speechBubble #4 from captured data (no placeholder needed).
🟢 [InteractiveBuilder] Built speechBubble #6 from captured data (no placeholder needed).
🟢 [ContentConverter] Page 1.0: activity box kept open for its trailing upload box (round 314).
🟢 [InteractiveBuilder] Built dropDown #7 from captured data (no placeholder needed).
🟢 [ContentConverter] Page 1.0: open [activity] closed by the next activity's widget bundle.
🟢 [ContentConverter] Page 1.0: [activity] auto-closed before the next alert.
🟢 [ContentConverter] Page 1.0: [end other] had no open container — ignored.
🟢 [InteractiveBuilder] Built dropDown #10 from captured data (no placeholder needed).
🟢 [InteractiveBuilder] Built flipCard #12 from captured data (no placeholder needed).
🟢 [ContentConverter] Page 1.0: activity box kept open for its trailing upload box (round 314).
🟢 [InteractiveBuilder] Built dropDown #13 from captured data (no placeholder needed).
🟢 [ContentConverter] Page 1.0: open [activity] closed by the next activity's widget bundle.
🟢 [ContentConverter] Page 1.0: [activity] auto-closed before the next alert.
🟢 [InteractiveBuilder] Built speechBubble #16 from captured data (no placeholder needed).
🟢 [ContentConverter] Page 1.0: [end other] had no open container — ignored.
🟢 [InteractiveBuilder] Built speechBubble #17 from captured data (no placeholder needed).
🟢 [ContentConverter] [alert] spans to an explicit end tag (writer-authored box).
🟢 [InteractiveBuilder] Built carousel #18 from captured data (no placeholder needed).
🟢 [ContentConverter] Page 1.0: [end carousel] had no open container — ignored.
🟢 [InteractiveBuilder] Built dropDown #19 from captured data (no placeholder needed).
🟢 [InteractiveScanner] accordion: additional widget [accordion] absorbed (accordion + accordion).
🟢 [InteractiveScanner] accordion: nested [speech bubble] absorbed as a sub-bundle (speechBubble); host continues.
🟢 [InteractiveScanner] accordion: additional widget [accordion] absorbed (accordion + accordion).
🟢 [InteractiveScanner] accordion: nested [speech bubble] absorbed as a sub-bundle (speechBubble); host continues.
🟢 [InteractiveBuilder] Built speechBubble #20 from captured data (no placeholder needed).
🟢 [InteractiveBuilder] Built accordion #21 from captured data (no placeholder needed).
🟢 [InteractiveBuilder] Built speechBubble #22 from captured data (no placeholder needed).
🟢 [ContentConverter] Page 2.0: [end accordion] had no open container — ignored.
🟢 [ContentConverter] Page 2.0: [end accordion] had no open container — ignored.
🟢 [InteractiveBuilder] Built speechBubble #27 from captured data (no placeholder needed).
🟢 [ContentConverter] Page 2.0: [end accordion] had no open container — ignored.
🟢 [ContentConverter] Page 2.0: [activity] auto-closed before the next alert.
🟢 [ContentConverter] [alert] spans to an explicit end tag (writer-authored box).
🟢 [InteractiveBuilder] Built dropDown #29 from captured data (no placeholder needed).
🟢 [InteractiveBuilder] Built dropDown #31 from captured data (no placeholder needed).
🟢 [InteractiveScanner] accordion: additional widget [accordion] absorbed (accordion + accordion).
🟢 [InteractiveScanner] accordion: nested [speech bubble] absorbed as a sub-bundle (speechBubble); host continues.
🟢 [InteractiveScanner] accordion: additional widget [accordion] absorbed (accordion + accordion).
🟢 [InteractiveScanner] accordion: nested [speech bubble] absorbed as a sub-bundle (speechBubble); host continues.
🟢 [InteractiveScanner] accordion: additional widget [accordion] absorbed (accordion + accordion).
🟢 [InteractiveScanner] accordion: additional widget [accordion] absorbed (accordion + accordion).
🟢 [InteractiveScanner] clickDrop: additional widget [click drop] absorbed (clickDrop + clickDrop).
🟢 [InteractiveScanner] clickDrop: additional widget [click drop] absorbed (clickDrop + clickDrop).
🟢 [InteractiveScanner] clickDrop: additional widget [click drop] absorbed (clickDrop + clickDrop).
🟢 [InteractiveScanner] clickDrop: additional widget [click drop] absorbed (clickDrop + clickDrop).
🟢 [InteractiveScanner] clickDrop: additional widget [click drop] absorbed (clickDrop + clickDrop).
🟢 [InteractiveScanner] clickDrop: additional widget [click drop] absorbed (clickDrop + clickDrop).
🟢 [InteractiveScanner] clickDrop: additional widget [click drop] absorbed (clickDrop + clickDrop).
🟢 [InteractiveScanner] clickDrop: additional widget [click drop] absorbed (clickDrop + clickDrop).
🟢 [InteractiveScanner] clickDrop: additional widget [click drop] absorbed (clickDrop + clickDrop).
🟢 [InteractiveBuilder] Built accordion #32 from captured data (no placeholder needed).
🟢 [InteractiveBuilder] Built speechBubble #33 from captured data (no placeholder needed).
🟢 [InteractiveBuilder] Built speechBubble #35 from captured data (no placeholder needed).
🟢 [InteractiveBuilder] Built speechBubble #36 from captured data (no placeholder needed).
🟢 [InteractiveBuilder] Built accordion #34 from captured data (no placeholder needed).
🟢 [ContentConverter] Page 3.0: [end other] had no open container — ignored.
🟢 [ContentConverter] Page 3.0: [end activity] had no open container — ignored.
🟢 [ContentConverter] Page 3.0: [end activity] had no open container — ignored.
🟢 [InteractiveBuilder] Built accordion #40 from captured data (no placeholder needed).
🟢 [ContentConverter] Page 3.0: [end accordion] had no open container — ignored.
🟢 [InteractiveBuilder] Built speechBubble #41 from captured data (no placeholder needed).
🟢 [InteractiveBuilder] Built clickDrop #42 from captured data (no placeholder needed).
🟢 [InteractiveBuilder] Built speechBubble #43 from captured data (no placeholder needed).
🟢 [ContentConverter] Page 3.0: [end body] had no open container — ignored.
🟢 [InteractiveBuilder] Built speechBubble #46 from captured data (no placeholder needed).
🟢 [ContentConverter] Page 3.0: [end carousel] had no open container — ignored.
🟢 [InteractiveBuilder] Built dropDown #47 from captured data (no placeholder needed).
🟢 [InteractiveBuilder] Built speechBubble #48 from captured data (no placeholder needed).
🟢 [InteractiveBuilder] Built dropDown #49 from captured data (no placeholder needed).
🟢 [InteractiveScanner] accordion: additional widget [accordion] absorbed (accordion + accordion).
🟢 [InteractiveBuilder] Built speechBubble #50 from captured data (no placeholder needed).
🟢 [ContentConverter] Page 4.0: [end supervisor note] had no open container — ignored.
🟢 [InteractiveBuilder] Built speechBubble #51 from captured data (no placeholder needed).
🟢 [InteractiveBuilder] Built carousel #52 from captured data (no placeholder needed).
🟢 [ContentConverter] Page 4.0: [end carousel] had no open container — ignored.
🟢 [InteractiveBuilder] Built speechBubble #53 from captured data (no placeholder needed).
🟢 [InteractiveBuilder] Built carousel #54 from captured data (no placeholder needed).
🟢 [ContentConverter] Page 4.0: [end carousel] had no open container — ignored.
🟢 [InteractiveBuilder] Built speechBubble #55 from captured data (no placeholder needed).
🟢 [InteractiveBuilder] Built speechBubble #56 from captured data (no placeholder needed).
🟢 [InteractiveBuilder] Built accordion #57 from captured data (no placeholder needed).
🟢 [ContentConverter] Page 4.0: [end accordion] had no open container — ignored.
🟢 [InteractiveBuilder] Built accordion #58 from captured data (no placeholder needed).
🟢 [ContentConverter] Page 4.0: [end accordion] had no open container — ignored.
🟢 [InteractiveBuilder] Built dropDown #59 from captured data (no placeholder needed).
🟢 [ContentConverter] Page 4.0: [end activity] had no open container — ignored.
🟠 [AcksBuilder] YouTube metadata unavailable for item 1 (stubbed) — possible dead link worth checking: https://www.youtube.com/watch?v=mK66az43EOI
🟠 [AcksBuilder] YouTube metadata unavailable for item 2 (stubbed) — possible dead link worth checking: https://www.youtube.com/watch?v=FqiBOswIiOk
🟠 [AcksBuilder] YouTube metadata unavailable for item  (stubbed) — possible dead link worth checking: https://www.youtube.com/watch?v=gJdBeKdSFaM
🟠 [AcksBuilder] YouTube metadata unavailable for item  (stubbed) — possible dead link worth checking: https://www.youtube.com/watch?v=rjhjkJFRXJ0
🟠 [AcksBuilder] YouTube metadata unavailable for item 5 (stubbed) — possible dead link worth checking: https://www.youtube.com/watch?v=4qWBiOVV7lM)
🟠 [AcksBuilder] YouTube metadata unavailable for item 6 (stubbed) — possible dead link worth checking: https://www.youtube.com/watch?v=EpLZDgwMOlc
🟠 [AcksBuilder] YouTube metadata unavailable for item 7 (stubbed) — possible dead link worth checking: https://www.youtube.com/watch?v=NAqq_LxMH_4
🟠 [AcksBuilder] YouTube metadata unavailable for item 9 (stubbed) — possible dead link worth checking: https://www.youtube.com/watch?v=P5RFKXjiPVA
🟠 [AcksBuilder] YouTube metadata unavailable for item 10 (stubbed) — possible dead link worth checking: https://www.youtube.com/watch?v=wLWV0XN7K1g
🟠 [AcksBuilder] YouTube metadata unavailable for item 16 (stubbed) — possible dead link worth checking: ttps://www.youtube.com/watch?v=pCDVR05cTxw
🟠 [AcksBuilder] YouTube metadata unavailable for item 18 (stubbed) — possible dead link worth checking: https://www.youtube.com/watch?v=24a7xYr_IaA
🟠 [AcksBuilder] YouTube metadata unavailable for item 20 (stubbed) — possible dead link worth checking: https://www.youtube.com/watch?v=wu3olTnekUw
🟠 [AcksBuilder] YouTube metadata unavailable for item 22 (stubbed) — possible dead link worth checking: https://www.youtube.com/watch?v=D3cjDOF6gVA
🟠 [AcksBuilder] YouTube metadata unavailable for item 25 (stubbed) — possible dead link worth checking: https://www.youtube.com/watch?v=3lWg1-C5dwg
🟠 [AcksBuilder] YouTube metadata unavailable for item 27 (stubbed) — possible dead link worth checking: https://www.youtube.com/watch?v=HlCjrf7hJHk
🟠 [AcksBuilder] YouTube metadata unavailable for item 28 (stubbed) — possible dead link worth checking: https://www.youtube.com/watch?v=QyuU4wFIz3o
🟠 [AcksBuilder] Unknown media item type "PDF" (item 29) — used "Pdf" as the prefix; add it to Acks_Formats type_prefix_map.
🟠 [AcksBuilder] YouTube metadata unavailable for item 32 (stubbed) — possible dead link worth checking: https://www.youtube.com/watch?v=yA53yhiOe04
🟠 [AcksBuilder] Unknown media item type "docx" (item 45) — used "Docx" as the prefix; add it to Acks_Formats type_prefix_map.
🟠 [AcksBuilder] YouTube metadata unavailable for item 47 (stubbed) — possible dead link worth checking: https://www.youtube.com/watch?v=DNZFqIabqZk
🟠 [AcksBuilder] YouTube metadata unavailable for item 48 (stubbed) — possible dead link worth checking: https://www.youtube.com/watch?v=a_KoJZNT7YM
🟠 [AcksBuilder] YouTube metadata unavailable for item 53 (stubbed) — possible dead link worth checking: https://www.youtube.com/watch?v=pjiVvOjLx_Q
🟠 [AcksBuilder] YouTube metadata unavailable for item 54 (stubbed) — possible dead link worth checking: https://www.youtube.com/watch?v=8aWuJutAVFQ
🟠 [AcksBuilder] Unknown media item type "AI generated" (item ) — used "Ai generated" as the prefix; add it to Acks_Formats type_prefix_map.
🟠 [AcksBuilder] Unknown media item type "AI generated" (item ) — used "Ai generated" as the prefix; add it to Acks_Formats type_prefix_map.
🟠 [AcksBuilder] Media item 26 sits between lessons 2.0 and 3.0 — placed in 2.0; verify.
🟢 [AcksBuilder] Media item 29 placed in lesson 3.0 by neighbour interpolation — verify its group.
🟢 [AcksBuilder] Media item 55 placed in lesson 4.0 by neighbour interpolation — verify its group.
🟢 [AcksBuilder] Media item 1 placed in lesson 4.0 by neighbour interpolation — verify its group.
🟢 [AcksBuilder] Media item 2 placed in lesson 4.0 by neighbour interpolation — verify its group.
🟢 [AcksBuilder] Media item 3 placed in lesson 4.0 by neighbour interpolation — verify its group.
🟢 [AcksBuilder] Media item 4 placed in lesson 4.0 by neighbour interpolation — verify its group.
🟢 [AcksBuilder] Media item 5 placed in lesson 4.0 by neighbour interpolation — verify its group.
🟢 [AcksBuilder] Media item 6 placed in lesson 4.0 by neighbour interpolation — verify its group.
🟢 [AcksBuilder] Media item  placed in lesson 4.0 by neighbour interpolation — verify its group.
🟠 [AcksBuilder] 28 iStock titles could not be verified (no *istock-acks*.txt was supplied); each is marked ❗ and the acks block carries a designer note.
🟢 [ConventionResolver] HTML conventions from series XGF (deviation over Leaving to Learn|combo): overview menu two_col_li, lesson menu flat.
🟢 [PageSplitter] [end page] before [MODULE INTRODUCTION] disregarded — the introduction stays on the overview page (AR-1).
🟢 [PageSplitter] Implicit page break: content continues after [end page] without a [LESSON] tag — opened page 1.0 ("What is genius hour?").
🟢 [PageSplitter] Implicit page break: content continues after [end page] without a [LESSON] tag — opened page 2.0 ("What’s My Passion? What’s my Spark?").
🟢 [PageSplitter] Implicit page break: content continues after [end page] without a [LESSON] tag — opened page 3.0 ("Ask Big Questions").
🟢 [PageSplitter] Implicit page break: content continues after [end page] without a [LESSON] tag — opened page 4.0 ("Research and Reliable Sources").
🟢 [PageSplitter] Implicit page break: content continues after [end page] without a [LESSON] tag — opened page 5.0 ("Planning and Creating").
🟢 [PageSplitter] Implicit page break: content continues after [end page] without a [LESSON] tag — opened page 6.0 ("Share Your Genius Hour Project").
🟢 [PageSplitter] Implicit page break: content continues after [end page] without a [LESSON] tag — opened page 7.0 ("Reflect and Celebrate").
🟠 [ContentConverter] [TITLE BAR] title half is the placeholder "Te Reo" — the real title is not in the WT; dropped, not shipped as an <h1>. Add the title to the source.
🟢 [ContentConverter] Page 0.0: [end alert] had no open container — ignored.
🟢 [MenuBuilder] Menu heading "Tirohanga Whānui | Overview" is the section label — consumed (the menu scaffolding names it).
🟢 [ContentConverter] [alert] spans to an explicit end tag (writer-authored box).
🟢 [InteractiveBuilder] Built speechBubble #2 from captured data (no placeholder needed).
🟢 [InteractiveBuilder] Built carousel #3 from captured data (no placeholder needed).
🟢 [ContentConverter] Page 1.0: [end carousel] had no open container — ignored.
🟢 [InteractiveBuilder] Built flipCard #4 from captured data (no placeholder needed).
🟢 [InteractiveBuilder] Built speechBubble #6 from captured data (no placeholder needed).
🟢 [ContentConverter] Page 1.0: [activity] auto-closed before the next alert.
🟢 [ContentConverter] [alert] spans to an explicit end tag (writer-authored box).
🟢 [ContentConverter] Page 1.0: [end alert] had no open container — ignored.
🟢 [InteractiveScanner] flipCard: additional widget [flip card] absorbed (flipCard + flipCard).
🟢 [InteractiveScanner] Activity 2B: additional widget [drag and drop] absorbed (dragAndDrop + dragAndDrop).
🟢 [ContentConverter] [alert] right-hand box → an alert top side column paired with the preceding content row (positional_side_alert).
🟢 [ContentConverter] Page 2.0: [activity] auto-closed before the next alert.
🟢 [ContentConverter] [alert] spans to an explicit end tag (writer-authored box).
🟢 [ContentConverter] [button] with a video URL → the video embed (video_destination, own).
🟢 [ContentConverter] Page 2.0: [end alert] had no open container — ignored.
🟢 [InteractiveBuilder] Built speechBubble #13 from captured data (no placeholder needed).
🟢 [ContentConverter] Page 3.0: [end other] had no open container — ignored.
🟢 [ContentConverter] Page 3.0: [end alert] had no open container — ignored.
🟢 [ContentConverter] [alert] right-hand box → an alert top side column paired with the preceding content row (positional_side_alert).
🟢 [ContentConverter] [alert] spans to an explicit end tag (writer-authored box).
🟢 [InteractiveBuilder] Built speechBubble #15 from captured data (no placeholder needed).
🟢 [InteractiveBuilder] Built flipCard #17 from captured data (no placeholder needed).
🟢 [ContentConverter] Page 3.0: [end alert] had no open container — ignored.
🟢 [ContentConverter] [alert] spans to an explicit end tag (writer-authored box).
🟢 [ContentConverter] [alert] spans to an explicit end tag (writer-authored box).
🟢 [ContentConverter] Page 4.0: [end activity] had no open container — ignored.
🟢 [ContentConverter] Page 4.0: [activity] auto-closed before the next alert.
🟢 [ContentConverter] [alert] spans to an explicit end tag (writer-authored box).
🟢 [ContentConverter] Page 4.0: [end alert] had no open container — ignored.
🟢 [InteractiveScanner] accordion: additional widget [accordion] absorbed (accordion + accordion).
🟢 [InteractiveScanner] accordion: additional widget [accordion] absorbed (accordion + accordion).
🟢 [InteractiveScanner] accordion: additional widget [accordion] absorbed (accordion + accordion).
🟢 [InteractiveScanner] accordion: additional widget [accordion] absorbed (accordion + accordion).
🟢 [ContentConverter] [alert] right-hand box → an alert top side column paired with the preceding content row (positional_side_alert).
🟢 [InteractiveBuilder] Built accordion #22 from captured data (no placeholder needed).
🟢 [ContentConverter] Page 5.0: [end accordion] had no open container — ignored.
🟢 [ContentConverter] [alert] spans to an explicit end tag (writer-authored box).
🟢 [InteractiveBuilder] Built flipCard #23 from captured data (no placeholder needed).
🟢 [InteractiveScanner] flipCard: additional widget [flip card] absorbed (flipCard + flipCard).
🟢 [InteractiveScanner] flipCard: additional widget [flip card] absorbed (flipCard + flipCard).
🟢 [ContentConverter] [alert] right-hand box → an alert top side column paired with the preceding content row (positional_side_alert).
🟢 [InteractiveBuilder] Built flipCard #25 from captured data (no placeholder needed).
🟢 [InteractiveBuilder] Built tabs #26 from captured data (no placeholder needed).
🟢 [ContentConverter] Page 6.0: [end tabs] had no open container — ignored.
🟢 [ContentConverter] Page 6.0: [end other] had no open container — ignored.
🟢 [ContentConverter] [alert] spans to an explicit end tag (writer-authored box).
🟢 [InteractiveBuilder] Built carousel #30 from captured data (no placeholder needed).
🟢 [ContentConverter] [alert] spans to an explicit end tag (writer-authored box).
🟢 [InteractiveBuilder] Built flipCard #34 from captured data (no placeholder needed).
🟢 [ContentConverter] Page 7.0: [end alert] had no open container — ignored.
🟠 [AcksBuilder] YouTube metadata unavailable for item  (stubbed) — possible dead link worth checking: https://youtu.be/COF-bqZuE-I?si=5XHQT9-Vq1Iisqze
🟠 [AcksBuilder] YouTube metadata unavailable for item  (stubbed) — possible dead link worth checking: https://youtu.be/ogr70veArN0?si=V-mV_doks6wlIRZq
🟠 [AcksBuilder] YouTube metadata unavailable for item  (stubbed) — possible dead link worth checking: https://youtu.be/YZwwj4UZkyA?si=tzmfbOuR4x25Xtyg
🟠 [AcksBuilder] YouTube metadata unavailable for item  (stubbed) — possible dead link worth checking: https://youtu.be/tiy0uzka1ds?si=DE9E5Y5PX8_3OE_M
🟠 [AcksBuilder] YouTube metadata unavailable for item  (stubbed) — possible dead link worth checking: https://youtu.be/1MVR9qc21nA?si=61Fy4BAKY8LcvZ46
🟠 [AcksBuilder] YouTube metadata unavailable for item  (stubbed) — possible dead link worth checking: https://youtu.be/o50HA6QTxj0?si=oJ8__dnKxwekQPu8
🟠 [AcksBuilder] YouTube metadata unavailable for item  (stubbed) — possible dead link worth checking: https://youtu.be/Oa_HVVvHUr8?si=oReRkPcD7uasceye
🟠 [AcksBuilder] YouTube metadata unavailable for item  (stubbed) — possible dead link worth checking: https://youtu.be/Sj6MAmeDh7k?si=zDNS3TtSp4lzvWLG
🟠 [AcksBuilder] YouTube metadata unavailable for item  (stubbed) — possible dead link worth checking: https://youtu.be/X3vXwWfEfGM?si=LaZdzC9r84mwCE8l
🟠 [AcksBuilder] YouTube metadata unavailable for item  (stubbed) — possible dead link worth checking: https://youtu.be/dbfasV56PrY?si=r0prssUQr17YjwOK
🟠 [AcksBuilder] YouTube metadata unavailable for item  (stubbed) — possible dead link worth checking: https://youtu.be/q1k8rcYUmbQ?si=PEEUBVs0AxfeMYe-
🟠 [AcksBuilder] YouTube metadata unavailable for item  (stubbed) — possible dead link worth checking: https://youtu.be/wMxi6mMYdqE?si=hg9WWBUdldz2Vbgr
🟠 [AcksBuilder] Unknown media item type "Website" (item ) — used "Website" as the prefix; add it to Acks_Formats type_prefix_map.
🟠 [AcksBuilder] YouTube metadata unavailable for item  (stubbed) — possible dead link worth checking: https://youtu.be/dNbtEBUMTD0?si=3vo4HdZtfikftPXQ
🟠 [AcksBuilder] YouTube metadata unavailable for item  (stubbed) — possible dead link worth checking: https://youtu.be/-THUz6E2fRk?si=Y9JtpltaoqDqehH_
🟠 [AcksBuilder] YouTube metadata unavailable for item  (stubbed) — possible dead link worth checking: https://youtu.be/3y7jgpe-k5I?si=T5V2UxLG_Y4aVYzd
🟠 [AcksBuilder] YouTube metadata unavailable for item  (stubbed) — possible dead link worth checking: https://youtu.be/GP1ww_1AJzI?si=c4wPQVVPfo7PVk0_
🟠 [AcksBuilder] Unknown media item type "Website" (item 91.) — used "Website" as the prefix; add it to Acks_Formats type_prefix_map.
🟢 [AcksBuilder] Media item 108. placed in lesson 7.0 by neighbour interpolation — verify its group.
🟢 [AcksBuilder] Media item 109. placed in lesson 7.0 by neighbour interpolation — verify its group.
🟢 [AcksBuilder] Media item 110. placed in lesson 7.0 by neighbour interpolation — verify its group.
🟠 [AcksBuilder] 72 iStock titles could not be verified (no *istock-acks*.txt was supplied); each is marked ❗ and the acks block carries a designer note.
🟢 [ConventionResolver] HTML conventions from series XWHA (deviation over Leaving to Learn|1-3): overview menu two_col_li, lesson menu two_col_li.
🟢 [PageSplitter] Implicit page break: content continues after [end page] without a [LESSON] tag — opened page 1.0.
🟢 [PageSplitter] Content after the final [end page] (16 blocks) is writer-form boilerplate — not emitted (AR-5).
🟠 [AcksBuilder] YouTube metadata unavailable for item  (stubbed) — possible dead link worth checking: https://youtu.be/3amo75PcprQ
🟠 [AcksBuilder] Unknown media item type "images" (item ) — used "Images" as the prefix; add it to Acks_Formats type_prefix_map.
🟠 [AcksBuilder] 2 iStock titles could not be verified (no *istock-acks*.txt was supplied); each is marked ❗ and the acks block carries a designer note.
shard 4 -> 29 modules, 317 records
