🟢 [ConventionResolver] HTML conventions from group ANZH|4-6: overview menu two_col_li, lesson menu two_col_li.
🟢 [PageSplitter] [end page] before [MODULE INTRODUCTION] disregarded — the introduction stays on the overview page (AR-1).
🟢 [PageSplitter] Implicit page break: content continues after [end page] without a [LESSON] tag — opened page 2.0 ("What happened at Waitangi?").
🟢 [PageSplitter] Implicit page break: content continues after [end page] without a [LESSON] tag — opened page 3.0 ("Voyages of Te Tiriti o Waitangi").
🟢 [PageSplitter] Implicit page break: content continues after [end page] without a [LESSON] tag — opened page 4.0 ("My Rohe").
🟢 [PageSplitter] Implicit page break: content continues after [end page] without a [LESSON] tag — opened page 5.0 ("Two Treaties").
🟢 [PageSplitter] Implicit page break: content continues after [end page] without a [LESSON] tag — opened page 6.0 ("After Te Tiriti").
🟢 [MenuBuilder] Menu heading "Tirohanga Whānui | Overview" is the section label — consumed (the menu scaffolding names it).
🟢 [InteractiveScanner] speechBubble: additional widget [speech bubble] absorbed (speechBubble + speechBubble).
🟢 [InteractiveScanner] speechBubble: additional widget [speech bubble] absorbed (speechBubble + speechBubble).
🟢 [InteractiveScanner] speechBubble: additional widget [speech bubble] absorbed (speechBubble + speechBubble).
🟢 [InteractiveScanner] speechBubble: additional widget [speech bubble] absorbed (speechBubble + speechBubble).
🟢 [InteractiveBuilder] Built speechBubble #3 from captured data (no placeholder needed).
🟢 [InteractiveBuilder] Built speechBubble #5 from captured data (no placeholder needed).
🟢 [InteractiveBuilder] Built speechBubble #7 from captured data (no placeholder needed).
🟢 [InteractiveBuilder] Built speechBubble #9 from captured data (no placeholder needed).
🟢 [InteractiveBuilder] Built speechBubble #11 from captured data (no placeholder needed).
🟢 [InteractiveBuilder] Built speechBubble #13 from captured data (no placeholder needed).
🟠 [ContentConverter] Page 2.0: [activity] was never closed — closed at page end.
🟢 [InteractiveBuilder] Built flipCard #15 from captured data (no placeholder needed).
🟢 [ContentConverter] Page 4.0: [activity] auto-closed before the next alert.
🟠 [ContentConverter] Page 4.0: [activity] was never closed — closed at page end.
🟠 [ContentConverter] Page 5.0: [activity] was never closed — closed at page end.
🟢 [InteractiveScanner] accordion: additional widget [accordion] absorbed (accordion + accordion).
🟢 [InteractiveScanner] accordion: additional widget [accordion] absorbed (accordion + accordion).
🟢 [InteractiveBuilder] Built carousel #18 from captured data (no placeholder needed).
🟢 [InteractiveBuilder] Built accordion #19 from captured data (no placeholder needed).
🟠 [AcksBuilder] YouTube metadata unavailable for item  (stubbed) — possible dead link worth checking: https://www.youtube.com/watch?v=-JqCcugWmsU&t=15s
🟠 [AcksBuilder] Unknown media item type "Journal text and Audio" (item ) — used "Journal text and audio" as the prefix; add it to Acks_Formats type_prefix_map.
🟠 [AcksBuilder] Unknown media item type "Journal text and Audio" (item ) — used "Journal text and audio" as the prefix; add it to Acks_Formats type_prefix_map.
🟠 [AcksBuilder] Unknown media item type "Journal text and Audio" (item 5) — used "Journal text and audio" as the prefix; add it to Acks_Formats type_prefix_map.
🟢 [AcksBuilder] Media item 6 ("Link") is a lesson link — no acknowledgement (scope rule).
🟢 [AcksBuilder] Media item 7 ("Link") is a lesson link — no acknowledgement (scope rule).
🟠 [AcksBuilder] Unknown media item type "Journal text and Audio" (item 8) — used "Journal text and audio" as the prefix; add it to Acks_Formats type_prefix_map.
🟠 [AcksBuilder] Unknown media item type "Journal text and Audio" (item 10) — used "Journal text and audio" as the prefix; add it to Acks_Formats type_prefix_map.
🟠 [AcksBuilder] YouTube metadata unavailable for item 11 (stubbed) — possible dead link worth checking: https://www.youtube.com/watch?v=-JqCcugWmsU&t=15s
🟢 [AcksBuilder] Media item 12 ("Link") is a lesson link — no acknowledgement (scope rule).
🟠 [AcksBuilder] Unknown media item type "Images" (item 14) — used "Images" as the prefix; add it to Acks_Formats type_prefix_map.
🟠 [AcksBuilder] Unknown media item type "Images" (item 20) — used "Images" as the prefix; add it to Acks_Formats type_prefix_map.
🟠 [AcksBuilder] Unknown media item type "Journal text and Audio" (item 27) — used "Journal text and audio" as the prefix; add it to Acks_Formats type_prefix_map.
🟠 [AcksBuilder] Unknown media item type "Journal text and Audio" (item 29) — used "Journal text and audio" as the prefix; add it to Acks_Formats type_prefix_map.
🟠 [AcksBuilder] Unknown media item type "Journal text and Audio" (item 31) — used "Journal text and audio" as the prefix; add it to Acks_Formats type_prefix_map.
🟠 [AcksBuilder] YouTube metadata unavailable for item 32 (stubbed) — possible dead link worth checking: https://www.youtube.com/watch?v=-JqCcugWmsU&t=15s
🟠 [AcksBuilder] YouTube metadata unavailable for item 33 (stubbed) — possible dead link worth checking: https://www.youtube.com/watch?v=GPhhHwwveDw
🟠 [AcksBuilder] YouTube metadata unavailable for item 38 (stubbed) — possible dead link worth checking: https://www.youtube.com/watch?v=GPhhHwwveDw
🟠 [AcksBuilder] Unknown media item type "Journal text and Audio" (item 43) — used "Journal text and audio" as the prefix; add it to Acks_Formats type_prefix_map.
🟢 [AcksBuilder] Media item 47 ("Link") is a lesson link — no acknowledgement (scope rule).
🟢 [AcksBuilder] Media item 48 ("Link") is a lesson link — no acknowledgement (scope rule).
🟢 [AcksBuilder] Media item 49 ("Link") is a lesson link — no acknowledgement (scope rule).
🟢 [AcksBuilder] Media item 50 ("Link") is a lesson link — no acknowledgement (scope rule).
🟢 [AcksBuilder] Media item 51 ("Link") is a lesson link — no acknowledgement (scope rule).
🟢 [AcksBuilder] Media item 52 ("Link") is a lesson link — no acknowledgement (scope rule).
🟢 [AcksBuilder] Media item 53 ("Link") is a lesson link — no acknowledgement (scope rule).
🟢 [AcksBuilder] Media item 54 ("Link") is a lesson link — no acknowledgement (scope rule).
🟢 [AcksBuilder] Media item 55 ("Link") is a lesson link — no acknowledgement (scope rule).
🟠 [AcksBuilder] YouTube metadata unavailable for item 56 (stubbed) — possible dead link worth checking: https://www.youtube.com/watch?v=-JqCcugWmsU&t=15s
🟠 [AcksBuilder] Unknown media item type "Journal text and Audio" (item 57) — used "Journal text and audio" as the prefix; add it to Acks_Formats type_prefix_map.
🟠 [AcksBuilder] YouTube metadata unavailable for item 58 (stubbed) — possible dead link worth checking: https://www.youtube.com/watch?v=-JqCcugWmsU&t=15s
🟠 [AcksBuilder] Unknown media item type "Journal text and Audio" (item 59) — used "Journal text and audio" as the prefix; add it to Acks_Formats type_prefix_map.
🟠 [AcksBuilder] YouTube metadata unavailable for item 60 (stubbed) — possible dead link worth checking: https://www.youtube.com/watch?v=-JqCcugWmsU&t=15s
🟠 [AcksBuilder] Unknown media item type "Image and Link" (item 61) — used "Image and link" as the prefix; add it to Acks_Formats type_prefix_map.
🟢 [AcksBuilder] Media item 63 ("Link") is a lesson link — no acknowledgement (scope rule).
🟢 [AcksBuilder] Media item 65 ("Link") is a lesson link — no acknowledgement (scope rule).
🟢 [AcksBuilder] Media item 66 ("link") is a lesson link — no acknowledgement (scope rule).
🟠 [AcksBuilder] YouTube metadata unavailable for item 67 (stubbed) — possible dead link worth checking: https://www.youtube.com/watch?v=O_DtsHdMAtk&t=22s
🟠 [AcksBuilder] Unknown media item type "Image and Link" (item 68) — used "Image and link" as the prefix; add it to Acks_Formats type_prefix_map.
🟢 [AcksBuilder] Media item 70 ("Link") is a lesson link — no acknowledgement (scope rule).
🟢 [AcksBuilder] Media item 71 placed in lesson 6.0 by neighbour interpolation — verify its group.
🟢 [AcksBuilder] Media item 72 placed in lesson 6.0 by neighbour interpolation — verify its group.
🟠 [AcksBuilder] 2 iStock titles could not be verified (no *istock-acks*.txt was supplied); each is marked ❗ and the acks block carries a designer note.
🟢 [ModuleResolver] BLL110 is a recorded page_model exception — using single-file.
🟢 [ConventionResolver] HTML conventions from group 1-10 Blended Literacy|1-3: overview menu two_col_li, lesson menu two_col_li.
🟢 [PageSplitter] Registry says single-file but lesson/page tags exist — keeping ONE file; the tags become in-page breaks (registry rule).
🟢 [InteractiveScanner] Activity 1A: additional widget [flip card] absorbed (carousel + flipCard).
🟢 [InteractiveScanner] Activity 1C: additional widget [typing quiz] absorbed (selfCheck + selfCheck).
🟢 [InteractiveScanner] Activity 1F: additional widget [modal] absorbed (modal + modal).
🟢 [InteractiveScanner] Activity 1F: additional widget [modal] absorbed (modal + modal).
🟢 [InteractiveScanner] Activity 1F: additional widget [modal] absorbed (modal + modal).
🟢 [InteractiveScanner] Activity 1F: additional widget [modal] absorbed (modal + modal).
🟢 [InteractiveScanner] Activity 1F: additional widget [modal] absorbed (modal + modal).
🟢 [InteractiveScanner] Activity 1F: additional widget [modal] absorbed (modal + modal).
🟢 [InteractiveScanner] Activity 1F: additional widget [modal] absorbed (modal + modal).
🟢 [InteractiveScanner] Activity 1F: additional widget [modal] absorbed (modal + modal).
🟢 [InteractiveScanner] Activity 1F: additional widget [modal] absorbed (modal + modal).
🟢 [InteractiveScanner] Activity 1F: additional widget [modal] absorbed (modal + modal).
🟢 [InteractiveScanner] Activity 1F: additional widget [modal] absorbed (modal + modal).
🟢 [InteractiveScanner] Activity 2B: additional widget [flip card] absorbed (carousel + flipCard).
🟢 [InteractiveScanner] Activity 4: additional widget [typing quiz] absorbed (selfCheck + selfCheck).
🟢 [InteractiveScanner] Activity 2G: additional widget [modal] absorbed (modal + modal).
🟢 [InteractiveScanner] Activity 2G: additional widget [modal] absorbed (modal + modal).
🟢 [InteractiveScanner] Activity 2G: additional widget [modal] absorbed (modal + modal).
🟢 [InteractiveScanner] Activity 2G: additional widget [modal] absorbed (modal + modal).
🟢 [InteractiveScanner] Activity 2G: additional widget [modal] absorbed (modal + modal).
🟢 [InteractiveScanner] Activity 2G: additional widget [modal] absorbed (modal + modal).
🟢 [InteractiveScanner] Activity 2G: additional widget [modal] absorbed (modal + modal).
🟢 [InteractiveScanner] Activity 2G: additional widget [modal] absorbed (modal + modal).
🟢 [InteractiveScanner] Activity 2G: additional widget [modal] absorbed (modal + modal).
🟢 [InteractiveScanner] Activity 2G: additional widget [modal] absorbed (modal + modal).
🟢 [InteractiveScanner] Activity 2G: additional widget [modal] absorbed (modal + modal).
🟢 [InteractiveScanner] Activity 3B: additional widget [flip card] absorbed (carousel + flipCard).
🟢 [InteractiveScanner] Activity 3D: additional widget [typing quiz] absorbed (selfCheck + selfCheck).
🟢 [InteractiveScanner] Activity 3H: additional widget [modal] absorbed (modal + modal).
🟢 [InteractiveScanner] Activity 3H: additional widget [modal] absorbed (modal + modal).
🟢 [InteractiveScanner] Activity 3H: additional widget [modal] absorbed (modal + modal).
🟢 [InteractiveScanner] Activity 3H: additional widget [modal] absorbed (modal + modal).
🟢 [InteractiveScanner] Activity 3H: additional widget [modal] absorbed (modal + modal).
🟢 [InteractiveScanner] Activity 3H: additional widget [modal] absorbed (modal + modal).
🟢 [InteractiveScanner] Activity 3H: additional widget [modal] absorbed (modal + modal).
🟢 [InteractiveScanner] Activity 3H: additional widget [modal] absorbed (modal + modal).
🟢 [InteractiveScanner] Activity 3H: additional widget [modal] absorbed (modal + modal).
🟢 [InteractiveScanner] Activity 3H: additional widget [modal] absorbed (modal + modal).
🟢 [InteractiveScanner] Activity 3H: additional widget [modal] absorbed (modal + modal).
🟢 [InteractiveScanner] Activity 4B: additional widget [flip card] absorbed (carousel + flipCard).
🟢 [InteractiveScanner] Activity 4D: additional widget [typing quiz] absorbed (selfCheck + selfCheck).
🟢 [InteractiveScanner] Activity 4H: additional widget [modal] absorbed (modal + modal).
🟢 [InteractiveScanner] Activity 4H: additional widget [modal] absorbed (modal + modal).
🟢 [InteractiveScanner] Activity 4H: additional widget [modal] absorbed (modal + modal).
🟢 [InteractiveScanner] Activity 4H: additional widget [modal] absorbed (modal + modal).
🟢 [InteractiveScanner] Activity 4H: additional widget [modal] absorbed (modal + modal).
🟢 [InteractiveScanner] Activity 4H: additional widget [modal] absorbed (modal + modal).
🟢 [InteractiveScanner] Activity 4H: additional widget [modal] absorbed (modal + modal).
🟢 [InteractiveScanner] Activity 4H: additional widget [modal] absorbed (modal + modal).
🟢 [InteractiveScanner] Activity 4H: additional widget [modal] absorbed (modal + modal).
🟢 [InteractiveScanner] Activity 4H: additional widget [modal] absorbed (modal + modal).
🟢 [InteractiveScanner] Activity 4H: additional widget [modal] absorbed (modal + modal).
🟢 [InteractiveScanner] Activity 5B: additional widget [flip card] absorbed (carousel + flipCard).
🟢 [InteractiveScanner] Activity 5D: additional widget [typing quiz] absorbed (selfCheck + selfCheck).
🟢 [InteractiveScanner] Activity 5H: additional widget [modal] absorbed (modal + modal).
🟢 [InteractiveScanner] Activity 5H: additional widget [modal] absorbed (modal + modal).
🟢 [InteractiveScanner] Activity 5H: additional widget [modal] absorbed (modal + modal).
🟢 [InteractiveScanner] Activity 5H: additional widget [modal] absorbed (modal + modal).
🟢 [InteractiveScanner] Activity 5H: additional widget [modal] absorbed (modal + modal).
🟢 [InteractiveScanner] Activity 5H: additional widget [modal] absorbed (modal + modal).
🟢 [InteractiveScanner] Activity 5H: additional widget [modal] absorbed (modal + modal).
🟢 [InteractiveScanner] Activity 5H: additional widget [modal] absorbed (modal + modal).
🟢 [InteractiveScanner] Activity 5H: additional widget [modal] absorbed (modal + modal).
🟢 [InteractiveScanner] Activity 5H: additional widget [modal] absorbed (modal + modal).
🟢 [InteractiveScanner] Activity 5H: additional widget [modal] absorbed (modal + modal).
🟢 [InteractiveScanner] Activity 6B: additional widget [flip card] absorbed (carousel + flipCard).
🟢 [InteractiveScanner] Activity 6D: additional widget [typing quiz] absorbed (selfCheck + selfCheck).
🟢 [InteractiveScanner] Activity 6H: additional widget [modal] absorbed (modal + modal).
🟢 [InteractiveScanner] Activity 6H: additional widget [modal] absorbed (modal + modal).
🟢 [InteractiveScanner] Activity 6H: additional widget [modal] absorbed (modal + modal).
🟢 [InteractiveScanner] Activity 6H: additional widget [modal] absorbed (modal + modal).
🟢 [InteractiveScanner] Activity 6H: additional widget [modal] absorbed (modal + modal).
🟢 [InteractiveScanner] Activity 6H: additional widget [modal] absorbed (modal + modal).
🟢 [InteractiveScanner] Activity 6H: additional widget [modal] absorbed (modal + modal).
🟢 [InteractiveScanner] Activity 6H: additional widget [modal] absorbed (modal + modal).
🟢 [InteractiveScanner] Activity 6H: additional widget [modal] absorbed (modal + modal).
🟢 [InteractiveScanner] Activity 6H: additional widget [modal] absorbed (modal + modal).
🟢 [InteractiveScanner] Activity 6H: additional widget [modal] absorbed (modal + modal).
🟢 [ContentConverter] Page 0.0: supervisor note paired with its section paragraph (BLL family convention).
🟢 [InteractiveBuilder] Built carousel #2 from captured data (no placeholder needed).
🟢 [ContentConverter] Page 0.0: [activity] auto-closed before the next activity.
🟢 [ContentConverter] Page 0.0: [activity] auto-closed before the next activity.
🟢 [InteractiveBuilder] Built modal #5 from captured data (no placeholder needed).
🟢 [ContentConverter] Page 0.0: supervisor note paired with its section heading (BLL1 h2-inside convention).
🟢 [ContentConverter] Page 0.0: [activity] auto-closed before the next activity.
🟢 [InteractiveBuilder] Built carousel #7 from captured data (no placeholder needed).
🟢 [ContentConverter] Page 0.0: [activity] auto-closed before the next activity.
🟢 [ContentConverter] Page 0.0: [activity] auto-closed before the next activity.
🟢 [InteractiveBuilder] Built modal #10 from captured data (no placeholder needed).
🟢 [ContentConverter] Page 0.0: [activity] auto-closed before the next activity.
🟢 [InteractiveBuilder] Built carousel #12 from captured data (no placeholder needed).
🟢 [ContentConverter] Page 0.0: [activity] auto-closed before the next activity.
🟢 [ContentConverter] Page 0.0: [activity] auto-closed before the next activity.
🟢 [InteractiveBuilder] Built modal #15 from captured data (no placeholder needed).
🟢 [ContentConverter] Page 0.0: [activity] auto-closed before the next activity.
🟢 [InteractiveBuilder] Built carousel #17 from captured data (no placeholder needed).
🟢 [ContentConverter] Page 0.0: [activity] auto-closed before the next activity.
🟢 [ContentConverter] Page 0.0: [activity] auto-closed before the next activity.
🟢 [InteractiveBuilder] Built modal #20 from captured data (no placeholder needed).
🟢 [ContentConverter] Page 0.0: [activity] auto-closed before the next activity.
🟢 [InteractiveBuilder] Built carousel #22 from captured data (no placeholder needed).
🟢 [ContentConverter] Page 0.0: [activity] auto-closed before the next activity.
🟢 [ContentConverter] Page 0.0: [activity] auto-closed before the next activity.
🟢 [InteractiveBuilder] Built modal #25 from captured data (no placeholder needed).
🟢 [ContentConverter] Page 0.0: [activity] auto-closed before the next activity.
🟢 [InteractiveBuilder] Built carousel #27 from captured data (no placeholder needed).
🟢 [ContentConverter] Page 0.0: [activity] auto-closed before the next activity.
🟢 [ContentConverter] Page 0.0: [activity] auto-closed before the next activity.
🟢 [InteractiveBuilder] Built modal #30 from captured data (no placeholder needed).
🟢 [MenuBuilder] Menu heading "Tirohanga Whānui | Overview" is the section label — consumed (the menu scaffolding names it).
🟢 [MenuBuilder] Menu heading "Know" had no content beneath it — omitted (empty preconfigured scaffolding).
🟢 [MenuBuilder] Menu heading "Do" had no content beneath it — omitted (empty preconfigured scaffolding).
🟠 [AcksBuilder] YouTube metadata unavailable for item  (stubbed) — possible dead link worth checking: https://www.youtube.com/watch?v=MpIsZc3_LrY
🟠 [AcksBuilder] YouTube metadata unavailable for item  (stubbed) — possible dead link worth checking: https://www.youtube.com/watch?v=4Y-7Fq_ImC4
🟠 [AcksBuilder] YouTube metadata unavailable for item  (stubbed) — possible dead link worth checking: https://www.youtube.com/watch?v=LtBB1qX327Y
🟠 [AcksBuilder] YouTube metadata unavailable for item  (stubbed) — possible dead link worth checking: https://www.youtube.com/watch?v=z_fLs1hSxf4&t=94s
🟠 [AcksBuilder] Unknown media item type "website" (item ) — used "Website" as the prefix; add it to Acks_Formats type_prefix_map.
🟠 [AcksBuilder] YouTube metadata unavailable for item  (stubbed) — possible dead link worth checking: https://www.youtube.com/watch?v=IEMMHCfj8aI
🟠 [AcksBuilder] YouTube metadata unavailable for item  (stubbed) — possible dead link worth checking: https://www.youtube.com/watch?v=CAkLs-AjuqQ
🟠 [AcksBuilder] YouTube metadata unavailable for item  (stubbed) — possible dead link worth checking: https://www.youtube.com/watch?v=nnYIgBXu2Bg
🟠 [AcksBuilder] YouTube metadata unavailable for item  (stubbed) — possible dead link worth checking: https://www.youtube.com/watch?v=_KUiov8_uEo
🟠 [AcksBuilder] YouTube metadata unavailable for item  (stubbed) — possible dead link worth checking: https://www.youtube.com/watch?v=7AiUtLSvDyk
🟠 [AcksBuilder] Unknown media item type "website" (item ) — used "Website" as the prefix; add it to Acks_Formats type_prefix_map.
🟠 [AcksBuilder] YouTube metadata unavailable for item  (stubbed) — possible dead link worth checking: https://www.youtube.com/watch?v=egWW51b2hpE
🟠 [AcksBuilder] YouTube metadata unavailable for item  (stubbed) — possible dead link worth checking: https://www.youtube.com/watch?v=Yk74NIHRTsc
🟠 [AcksBuilder] YouTube metadata unavailable for item  (stubbed) — possible dead link worth checking: https://www.youtube.com/watch?v=UMqD-XWuh3U
🟠 [AcksBuilder] YouTube metadata unavailable for item  (stubbed) — possible dead link worth checking: https://www.youtube.com/watch?v=6Qm9nwUYr1M
🟠 [AcksBuilder] YouTube metadata unavailable for item  (stubbed) — possible dead link worth checking: https://www.youtube.com/watch?v=ArKXsvVVlT8
🟠 [AcksBuilder] YouTube metadata unavailable for item  (stubbed) — possible dead link worth checking: https://www.youtube.com/watch?v=N8EgJWPKv3c
🟠 [AcksBuilder] Unknown media item type "website" (item ) — used "Website" as the prefix; add it to Acks_Formats type_prefix_map.
🟠 [AcksBuilder] YouTube metadata unavailable for item  (stubbed) — possible dead link worth checking: https://www.youtube.com/watch?v=V0YX6Dy2lnk
🟠 [AcksBuilder] YouTube metadata unavailable for item  (stubbed) — possible dead link worth checking: https://www.youtube.com/watch?v=dUPvbwIEXvQ
🟠 [AcksBuilder] YouTube metadata unavailable for item  (stubbed) — possible dead link worth checking: https://www.youtube.com/watch?v=amhtGbChGqY
🟠 [AcksBuilder] YouTube metadata unavailable for item  (stubbed) — possible dead link worth checking: https://www.youtube.com/watch?v=EF-wUfomVHQ
🟠 [AcksBuilder] YouTube metadata unavailable for item  (stubbed) — possible dead link worth checking: https://www.youtube.com/watch?v=Fsg69ZX9mwY
🟠 [AcksBuilder] YouTube metadata unavailable for item  (stubbed) — possible dead link worth checking: https://www.youtube.com/watch?v=iTfPTkd-T3U
🟠 [AcksBuilder] Unknown media item type "website" (item ) — used "Website" as the prefix; add it to Acks_Formats type_prefix_map.
🟠 [AcksBuilder] YouTube metadata unavailable for item  (stubbed) — possible dead link worth checking: https://www.youtube.com/watch?v=ejcsU9MfFko
🟠 [AcksBuilder] YouTube metadata unavailable for item  (stubbed) — possible dead link worth checking: https://www.youtube.com/watch?v=gu1RXK3QJu4
🟠 [AcksBuilder] YouTube metadata unavailable for item  (stubbed) — possible dead link worth checking: https://www.youtube.com/watch?v=43qYGUpp2CA
🟠 [AcksBuilder] YouTube metadata unavailable for item  (stubbed) — possible dead link worth checking: https://www.youtube.com/watch?v=Q3U_s31l_Wk
🟠 [AcksBuilder] YouTube metadata unavailable for item  (stubbed) — possible dead link worth checking: https://www.youtube.com/watch?v=ZY1ZRuEcah4
🟠 [AcksBuilder] YouTube metadata unavailable for item  (stubbed) — possible dead link worth checking: https://www.youtube.com/watch?v=CE307LAAqNQ
🟠 [AcksBuilder] Unknown media item type "website" (item ) — used "Website" as the prefix; add it to Acks_Formats type_prefix_map.
🟠 [AcksBuilder] YouTube metadata unavailable for item  (stubbed) — possible dead link worth checking: https://www.youtube.com/watch?v=hDvWymWpUBY
🟠 [AcksBuilder] YouTube metadata unavailable for item  (stubbed) — possible dead link worth checking: https://www.youtube.com/watch?v=kDGcRFfVt_Y)
🟠 [AcksBuilder] YouTube metadata unavailable for item  (stubbed) — possible dead link worth checking: https://www.youtube.com/watch?v=AGX574G6hY0
🟠 [AcksBuilder] YouTube metadata unavailable for item  (stubbed) — possible dead link worth checking: https://www.youtube.com/watch?v=C50iaAEjeDs
🟠 [AcksBuilder] YouTube metadata unavailable for item  (stubbed) — possible dead link worth checking: https://www.youtube.com/watch?v=1HoscIJDJ2Y
🟠 [AcksBuilder] YouTube metadata unavailable for item  (stubbed) — possible dead link worth checking: https://www.youtube.com/watch?v=pfHOto8RSWo
🟠 [AcksBuilder] Unknown media item type "website" (item ) — used "Website" as the prefix; add it to Acks_Formats type_prefix_map.
🟠 [AcksBuilder] YouTube metadata unavailable for item  (stubbed) — possible dead link worth checking: https://www.youtube.com/watch?v=NAb1aUDHjJQ
🟠 [AcksBuilder] YouTube metadata unavailable for item  (stubbed) — possible dead link worth checking: https://www.youtube.com/watch?v=S2DC_bwPxSA
🟢 [AcksBuilder] Media item  placed in lesson 0.0 by neighbour interpolation — verify its group.
🟠 [AcksBuilder] 109 iStock titles could not be verified (no *istock-acks*.txt was supplied); each is marked ❗ and the acks block carries a designer note.
🟢 [ModuleResolver] BLL130 is a recorded page_model exception — using single-file.
🟢 [ConventionResolver] HTML conventions from group 1-10 Blended Literacy|1-3: overview menu two_col_li, lesson menu two_col_li.
🟢 [PageSplitter] Registry says single-file but lesson/page tags exist — keeping ONE file; the tags become in-page breaks (registry rule).
🟢 [InteractiveScanner] Activity 1A: additional widget [flip card] absorbed (carousel + flipCard).
🟢 [InteractiveScanner] Activity 1C: additional widget [typing quiz] absorbed (selfCheck + selfCheck).
🟢 [InteractiveScanner] Activity 1G: additional widget [modal] absorbed (modal + modal).
🟢 [InteractiveScanner] Activity 1G: additional widget [modal] absorbed (modal + modal).
🟢 [InteractiveScanner] Activity 1G: additional widget [modal] absorbed (modal + modal).
🟢 [InteractiveScanner] Activity 1G: additional widget [modal] absorbed (modal + modal).
🟢 [InteractiveScanner] Activity 1G: additional widget [modal] absorbed (modal + modal).
🟢 [InteractiveScanner] Activity 1G: additional widget [modal] absorbed (modal + modal).
🟢 [InteractiveScanner] Activity 1G: additional widget [modal] absorbed (modal + modal).
🟢 [InteractiveScanner] Activity 1G: additional widget [modal] absorbed (modal + modal).
🟢 [InteractiveScanner] Activity 1G: additional widget [modal] absorbed (modal + modal).
🟢 [InteractiveScanner] Activity 1G: additional widget [modal] absorbed (modal + modal).
🟢 [InteractiveScanner] Activity 1G: additional widget [modal] absorbed (modal + modal).
🟢 [InteractiveScanner] Activity 2B: additional widget [flip card] absorbed (carousel + flipCard).
🟢 [InteractiveScanner] Activity 2D: additional widget [typing quiz] absorbed (selfCheck + selfCheck).
🟢 [InteractiveScanner] Activity 2H: additional widget [modal] absorbed (modal + modal).
🟢 [InteractiveScanner] Activity 2H: additional widget [modal] absorbed (modal + modal).
🟢 [InteractiveScanner] Activity 2H: additional widget [modal] absorbed (modal + modal).
🟢 [InteractiveScanner] Activity 2H: additional widget [modal] absorbed (modal + modal).
🟢 [InteractiveScanner] Activity 2H: additional widget [modal] absorbed (modal + modal).
🟢 [InteractiveScanner] Activity 2H: additional widget [modal] absorbed (modal + modal).
🟢 [InteractiveScanner] Activity 2H: additional widget [modal] absorbed (modal + modal).
🟢 [InteractiveScanner] Activity 2H: additional widget [modal] absorbed (modal + modal).
🟢 [InteractiveScanner] Activity 2H: additional widget [modal] absorbed (modal + modal).
🟢 [InteractiveScanner] Activity 2H: additional widget [modal] absorbed (modal + modal).
🟢 [InteractiveScanner] Activity 2H: additional widget [modal] absorbed (modal + modal).
🟢 [InteractiveScanner] Activity 3B: additional widget [flip card] absorbed (carousel + flipCard).
🟢 [InteractiveScanner] Activity 3D: additional widget [typing quiz] absorbed (selfCheck + selfCheck).
🟢 [InteractiveScanner] Activity 3H: additional widget [modal] absorbed (modal + modal).
🟢 [InteractiveScanner] Activity 3H: additional widget [modal] absorbed (modal + modal).
🟢 [InteractiveScanner] Activity 3H: additional widget [modal] absorbed (modal + modal).
🟢 [InteractiveScanner] Activity 3H: additional widget [modal] absorbed (modal + modal).
🟢 [InteractiveScanner] Activity 3H: additional widget [modal] absorbed (modal + modal).
🟢 [InteractiveScanner] Activity 3H: additional widget [modal] absorbed (modal + modal).
🟢 [InteractiveScanner] Activity 3H: additional widget [modal] absorbed (modal + modal).
🟢 [InteractiveScanner] Activity 3H: additional widget [modal] absorbed (modal + modal).
🟢 [InteractiveScanner] Activity 3H: additional widget [modal] absorbed (modal + modal).
🟢 [InteractiveScanner] Activity 3H: additional widget [modal] absorbed (modal + modal).
🟢 [InteractiveScanner] Activity 3H: additional widget [modal] absorbed (modal + modal).
🟢 [InteractiveScanner] Activity 1B: additional widget [flip card] absorbed (carousel + flipCard).
🟢 [InteractiveScanner] Activity 4D: additional widget [typing quiz] absorbed (selfCheck + selfCheck).
🟢 [InteractiveScanner] Activity 4H: additional widget [modal] absorbed (modal + modal).
🟢 [InteractiveScanner] Activity 4H: additional widget [modal] absorbed (modal + modal).
🟢 [InteractiveScanner] Activity 4H: additional widget [modal] absorbed (modal + modal).
🟢 [InteractiveScanner] Activity 4H: additional widget [modal] absorbed (modal + modal).
🟢 [InteractiveScanner] Activity 4H: additional widget [modal] absorbed (modal + modal).
🟢 [InteractiveScanner] Activity 4H: additional widget [modal] absorbed (modal + modal).
🟢 [InteractiveScanner] Activity 4H: additional widget [modal] absorbed (modal + modal).
🟢 [InteractiveScanner] Activity 4H: additional widget [modal] absorbed (modal + modal).
🟢 [InteractiveScanner] Activity 4H: additional widget [modal] absorbed (modal + modal).
🟢 [InteractiveScanner] Activity 4H: additional widget [modal] absorbed (modal + modal).
🟢 [InteractiveScanner] Activity 4H: additional widget [modal] absorbed (modal + modal).
🟢 [InteractiveScanner] Activity 5B: additional widget [flip card] absorbed (carousel + flipCard).
🟢 [InteractiveScanner] Activity 5D: additional widget [typing quiz] absorbed (selfCheck + selfCheck).
🟢 [InteractiveScanner] Activity 5H: additional widget [modal] absorbed (modal + modal).
🟢 [InteractiveScanner] Activity 5H: additional widget [modal] absorbed (modal + modal).
🟢 [InteractiveScanner] Activity 5H: additional widget [modal] absorbed (modal + modal).
🟢 [InteractiveScanner] Activity 5H: additional widget [modal] absorbed (modal + modal).
🟢 [InteractiveScanner] Activity 5H: additional widget [modal] absorbed (modal + modal).
🟢 [InteractiveScanner] Activity 5H: additional widget [modal] absorbed (modal + modal).
🟢 [InteractiveScanner] Activity 5H: additional widget [modal] absorbed (modal + modal).
🟢 [InteractiveScanner] Activity 5H: additional widget [modal] absorbed (modal + modal).
🟢 [InteractiveScanner] Activity 5H: additional widget [modal] absorbed (modal + modal).
🟢 [InteractiveScanner] Activity 5H: additional widget [modal] absorbed (modal + modal).
🟢 [InteractiveScanner] Activity 5H: additional widget [modal] absorbed (modal + modal).
🟢 [InteractiveScanner] Activity 6B: additional widget [flip card] absorbed (carousel + flipCard).
🟢 [InteractiveScanner] Activity 6D: additional widget [typing quiz] absorbed (selfCheck + selfCheck).
🟢 [InteractiveScanner] Activity 6H: additional widget [modal] absorbed (modal + modal).
🟢 [InteractiveScanner] Activity 6H: additional widget [modal] absorbed (modal + modal).
🟢 [InteractiveScanner] Activity 6H: additional widget [modal] absorbed (modal + modal).
🟢 [InteractiveScanner] Activity 6H: additional widget [modal] absorbed (modal + modal).
🟢 [InteractiveScanner] Activity 6H: additional widget [modal] absorbed (modal + modal).
🟢 [InteractiveScanner] Activity 6H: additional widget [modal] absorbed (modal + modal).
🟢 [InteractiveScanner] Activity 6H: additional widget [modal] absorbed (modal + modal).
🟢 [InteractiveScanner] Activity 6H: additional widget [modal] absorbed (modal + modal).
🟢 [InteractiveScanner] Activity 6H: additional widget [modal] absorbed (modal + modal).
🟢 [InteractiveScanner] Activity 6H: additional widget [modal] absorbed (modal + modal).
🟢 [InteractiveScanner] Activity 6H: additional widget [modal] absorbed (modal + modal).
🟢 [ContentConverter] Page 0.0: supervisor note paired with its section paragraph (BLL family convention).
🟢 [ContentConverter] Page 0.0: supervisor note paired with its section heading (BLL1 h2-inside convention).
🟢 [InteractiveBuilder] Built carousel #2 from captured data (no placeholder needed).
🟢 [ContentConverter] Page 0.0: [activity] auto-closed before the next activity.
🟢 [ContentConverter] Page 0.0: [activity] auto-closed before the next activity.
🟢 [InteractiveBuilder] Built modal #5 from captured data (no placeholder needed).
🟢 [ContentConverter] Page 0.0: supervisor note paired with its section heading (BLL1 h2-inside convention).
🟢 [InteractiveBuilder] Built carousel #8 from captured data (no placeholder needed).
🟢 [ContentConverter] Page 0.0: [activity] auto-closed before the next activity.
🟢 [ContentConverter] Page 0.0: [activity] auto-closed before the next activity.
🟢 [InteractiveBuilder] Built dragAndDrop #10 from captured data (no placeholder needed).
🟢 [InteractiveBuilder] Built modal #11 from captured data (no placeholder needed).
🟢 [ContentConverter] Page 0.0: supervisor note paired with its section heading (BLL1 h2-inside convention).
🟢 [ContentConverter] Page 0.0: [activity] auto-closed before the next activity.
🟢 [InteractiveBuilder] Built carousel #13 from captured data (no placeholder needed).
🟢 [ContentConverter] Page 0.0: [activity] auto-closed before the next activity.
🟢 [ContentConverter] Page 0.0: [activity] auto-closed before the next activity.
🟢 [InteractiveBuilder] Built modal #16 from captured data (no placeholder needed).
🟢 [ContentConverter] Page 0.0: supervisor note paired with its section heading (BLL1 h2-inside convention).
🟢 [ContentConverter] Page 0.0: [activity] auto-closed before the next activity.
🟢 [InteractiveBuilder] Built carousel #18 from captured data (no placeholder needed).
🟢 [ContentConverter] Page 0.0: [activity] auto-closed before the next activity.
🟢 [ContentConverter] Page 0.0: [activity] auto-closed before the next activity.
🟢 [InteractiveBuilder] Built modal #21 from captured data (no placeholder needed).
🟢 [ContentConverter] Page 0.0: supervisor note paired with its section heading (BLL1 h2-inside convention).
🟢 [ContentConverter] Page 0.0: [activity] auto-closed before the next activity.
🟢 [InteractiveBuilder] Built carousel #23 from captured data (no placeholder needed).
🟢 [ContentConverter] Page 0.0: [activity] auto-closed before the next activity.
🟢 [ContentConverter] Page 0.0: [activity] auto-closed before the next activity.
🟢 [InteractiveBuilder] Built modal #26 from captured data (no placeholder needed).
🟢 [ContentConverter] Page 0.0: supervisor note paired with its section heading (BLL1 h2-inside convention).
🟢 [ContentConverter] Page 0.0: [activity] auto-closed before the next activity.
🟢 [InteractiveBuilder] Built carousel #28 from captured data (no placeholder needed).
🟢 [ContentConverter] Page 0.0: [activity] auto-closed before the next activity.
🟢 [ContentConverter] Page 0.0: [activity] auto-closed before the next activity.
🟢 [ContentConverter] Page 0.0: [activity] auto-closed before the next activity.
🟢 [InteractiveBuilder] Built modal #30 from captured data (no placeholder needed).
🟢 [MenuBuilder] Menu heading "Tirohanga Whānui | Overview" is the section label — consumed (the menu scaffolding names it).
🟠 [AcksBuilder] YouTube metadata unavailable for item  (stubbed) — possible dead link worth checking: https://www.youtube.com/watch?v=GfpXcydr0Dk
🟠 [AcksBuilder] YouTube metadata unavailable for item  (stubbed) — possible dead link worth checking: https://www.youtube.com/watch?v=b0hz6TKPfC8
🟠 [AcksBuilder] YouTube metadata unavailable for item  (stubbed) — possible dead link worth checking: https://www.youtube.com/watch?v=2ooozVG5gN4
🟠 [AcksBuilder] YouTube metadata unavailable for item  (stubbed) — possible dead link worth checking: https://www.youtube.com/watch?v=fSRxV6YgZKc
🟠 [AcksBuilder] Unknown media item type "Website" (item ) — used "Website" as the prefix; add it to Acks_Formats type_prefix_map.
🟠 [AcksBuilder] YouTube metadata unavailable for item  (stubbed) — possible dead link worth checking: https://www.youtube.com/watch?v=ZeWzg82Dcpg
🟠 [AcksBuilder] YouTube metadata unavailable for item  (stubbed) — possible dead link worth checking: https://www.youtube.com/watch?v=xW5bVhwXXOQ
🟠 [AcksBuilder] YouTube metadata unavailable for item  (stubbed) — possible dead link worth checking: https://www.youtube.com/watch?v=kyVXEOubfY0
🟠 [AcksBuilder] YouTube metadata unavailable for item  (stubbed) — possible dead link worth checking: https://www.youtube.com/watch?v=Jcy9iR1ZRbc
🟠 [AcksBuilder] YouTube metadata unavailable for item  (stubbed) — possible dead link worth checking: https://www.youtube.com/watch?v=NFe1JXK8nT4
🟠 [AcksBuilder] YouTube metadata unavailable for item  (stubbed) — possible dead link worth checking: https://www.youtube.com/watch?v=m_0NIdAQenc
🟢 [AcksBuilder] Media item  ("link") is a lesson link — no acknowledgement (scope rule).
🟠 [AcksBuilder] YouTube metadata unavailable for item  (stubbed) — possible dead link worth checking: https://www.youtube.com/watch?v=GSF5bFTs45Y
🟠 [AcksBuilder] YouTube metadata unavailable for item  (stubbed) — possible dead link worth checking: https://www.youtube.com/watch?v=M0j2k_uuLv0
🟠 [AcksBuilder] YouTube metadata unavailable for item  (stubbed) — possible dead link worth checking: https://www.youtube.com/watch?v=Hag5EbQi4vs
🟠 [AcksBuilder] YouTube metadata unavailable for item  (stubbed) — possible dead link worth checking: https://www.youtube.com/watch?v=4_3EEyEg0Oc&t=21s
🟠 [AcksBuilder] YouTube metadata unavailable for item  (stubbed) — possible dead link worth checking: https://www.youtube.com/watch?v=44GY9dx0iuk
🟠 [AcksBuilder] YouTube metadata unavailable for item  (stubbed) — possible dead link worth checking: https://www.youtube.com/watch?v=qmWTMNhtY9Q
🟠 [AcksBuilder] YouTube metadata unavailable for item  (stubbed) — possible dead link worth checking: https://www.youtube.com/watch?v=ehCrjk4hdc4
🟢 [AcksBuilder] Media item  ("link") is a lesson link — no acknowledgement (scope rule).
🟠 [AcksBuilder] YouTube metadata unavailable for item  (stubbed) — possible dead link worth checking: https://www.youtube.com/watch?v=h8lhqQsV9oo
🟠 [AcksBuilder] YouTube metadata unavailable for item  (stubbed) — possible dead link worth checking: https://www.youtube.com/watch?v=_48Xethb2nI
🟠 [AcksBuilder] YouTube metadata unavailable for item  (stubbed) — possible dead link worth checking: https://www.youtube.com/watch?v=PkO5IJyknyw
🟠 [AcksBuilder] YouTube metadata unavailable for item  (stubbed) — possible dead link worth checking: https://www.youtube.com/watch?v=zLvrFck6Vaw
🟠 [AcksBuilder] YouTube metadata unavailable for item  (stubbed) — possible dead link worth checking: https://www.youtube.com/watch?v=-tqupFZaA3c
🟠 [AcksBuilder] YouTube metadata unavailable for item  (stubbed) — possible dead link worth checking: https://www.youtube.com/watch?v=BfON_hknk-A
🟠 [AcksBuilder] YouTube metadata unavailable for item  (stubbed) — possible dead link worth checking: https://www.youtube.com/watch?v=w0MgvPT5M04
🟢 [AcksBuilder] Media item  ("Link") is a lesson link — no acknowledgement (scope rule).
🟠 [AcksBuilder] YouTube metadata unavailable for item  (stubbed) — possible dead link worth checking: https://www.youtube.com/watch?v=CLA5ZqWPeL8
🟠 [AcksBuilder] YouTube metadata unavailable for item  (stubbed) — possible dead link worth checking: https://www.youtube.com/watch?v=W66TAqCT4hc
🟠 [AcksBuilder] YouTube metadata unavailable for item  (stubbed) — possible dead link worth checking: https://www.youtube.com/watch?v=TZVGN9bJkhA
🟠 [AcksBuilder] YouTube metadata unavailable for item  (stubbed) — possible dead link worth checking: https://www.youtube.com/watch?v=jqxcv-k4gYA
🟠 [AcksBuilder] YouTube metadata unavailable for item  (stubbed) — possible dead link worth checking: https://www.youtube.com/watch?v=LWMED_3Nvig
🟠 [AcksBuilder] YouTube metadata unavailable for item  (stubbed) — possible dead link worth checking: https://www.youtube.com/watch?v=PzK0-VSZPd4
🟢 [AcksBuilder] Media item  ("Link") is a lesson link — no acknowledgement (scope rule).
🟠 [AcksBuilder] YouTube metadata unavailable for item  (stubbed) — possible dead link worth checking: https://www.youtube.com/watch?v=pe0jJ8_Tyk0
🟠 [AcksBuilder] YouTube metadata unavailable for item  (stubbed) — possible dead link worth checking: https://www.youtube.com/watch?v=SqFG8xe_VZ4
🟠 [AcksBuilder] YouTube metadata unavailable for item  (stubbed) — possible dead link worth checking: https://www.youtube.com/watch?v=aAn2l7itlXc
🟠 [AcksBuilder] YouTube metadata unavailable for item  (stubbed) — possible dead link worth checking: https://www.youtube.com/watch?v=pK97JIBhj7M
🟠 [AcksBuilder] YouTube metadata unavailable for item  (stubbed) — possible dead link worth checking: https://www.youtube.com/watch?v=NUTikIF_KAo
🟠 [AcksBuilder] YouTube metadata unavailable for item  (stubbed) — possible dead link worth checking: https://www.youtube.com/watch?v=92wP5T6ouTM
🟢 [AcksBuilder] Media item  ("Link") is a lesson link — no acknowledgement (scope rule).
🟠 [AcksBuilder] YouTube metadata unavailable for item  (stubbed) — possible dead link worth checking: https://www.youtube.com/watch?v=0MRbumooMnQ
🟠 [AcksBuilder] YouTube metadata unavailable for item  (stubbed) — possible dead link worth checking: https://www.youtube.com/watch?v=BZ3Jd32lfwk
🟠 [AcksBuilder] YouTube metadata unavailable for item  (stubbed) — possible dead link worth checking: https://www.youtube.com/watch?v=DCfUUb6Zav0
🟠 [AcksBuilder] Media item Intro could not be mapped to a lesson — placed in the first group (0.0); verify.
🟠 [AcksBuilder] 112 iStock titles could not be verified (no *istock-acks*.txt was supplied); each is marked ❗ and the acks block carries a designer note.
🟢 [ModuleResolver] BLL150 is a recorded page_model exception — using single-file.
🟢 [ConventionResolver] HTML conventions from group 1-10 Blended Literacy|1-3: overview menu two_col_li, lesson menu two_col_li.
🟢 [PageSplitter] Registry says single-file but lesson/page tags exist — keeping ONE file; the tags become in-page breaks (registry rule).
🟢 [InteractiveScanner] Activity 1C: additional widget [typing quiz] absorbed (selfCheck + selfCheck).
🟢 [InteractiveScanner] Activity 1H: additional widget [modal] absorbed (modal + modal).
🟢 [InteractiveScanner] Activity 1H: additional widget [modal] absorbed (modal + modal).
🟢 [InteractiveScanner] Activity 1H: additional widget [modal] absorbed (modal + modal).
🟢 [InteractiveScanner] Activity 1H: additional widget [modal] absorbed (modal + modal).
🟢 [InteractiveScanner] Activity 1H: additional widget [modal] absorbed (modal + modal).
🟢 [InteractiveScanner] Activity 1H: additional widget [modal] absorbed (modal + modal).
🟢 [InteractiveScanner] Activity 1H: additional widget [modal] absorbed (modal + modal).
🟢 [InteractiveScanner] Activity 1H: additional widget [modal] absorbed (modal + modal).
🟢 [InteractiveScanner] Activity 1H: additional widget [modal] absorbed (modal + modal).
🟢 [InteractiveScanner] Activity 1H: additional widget [modal] absorbed (modal + modal).
🟢 [InteractiveScanner] Activity 1H: additional widget [modal] absorbed (modal + modal).
🟢 [InteractiveScanner] Activity 2D: additional widget [typing quiz] absorbed (selfCheck + selfCheck).
🟢 [InteractiveScanner] Activity 2H: additional widget [modal] absorbed (modal + modal).
🟢 [InteractiveScanner] Activity 2H: additional widget [modal] absorbed (modal + modal).
🟢 [InteractiveScanner] Activity 2H: additional widget [modal] absorbed (modal + modal).
🟢 [InteractiveScanner] Activity 2H: additional widget [modal] absorbed (modal + modal).
🟢 [InteractiveScanner] Activity 2H: additional widget [modal] absorbed (modal + modal).
🟢 [InteractiveScanner] Activity 2H: additional widget [modal] absorbed (modal + modal).
🟢 [InteractiveScanner] Activity 2H: additional widget [modal] absorbed (modal + modal).
🟢 [InteractiveScanner] Activity 2H: additional widget [modal] absorbed (modal + modal).
🟢 [InteractiveScanner] Activity 2H: additional widget [modal] absorbed (modal + modal).
🟢 [InteractiveScanner] Activity 2H: additional widget [modal] absorbed (modal + modal).
🟢 [InteractiveScanner] Activity 2H: additional widget [modal] absorbed (modal + modal).
🟢 [InteractiveScanner] Activity 3D: additional widget [typing quiz] absorbed (selfCheck + selfCheck).
🟢 [InteractiveScanner] Activity 2H: additional widget [modal] absorbed (modal + modal).
🟢 [InteractiveScanner] Activity 2H: additional widget [modal] absorbed (modal + modal).
🟢 [InteractiveScanner] Activity 2H: additional widget [modal] absorbed (modal + modal).
🟢 [InteractiveScanner] Activity 2H: additional widget [modal] absorbed (modal + modal).
🟢 [InteractiveScanner] Activity 2H: additional widget [modal] absorbed (modal + modal).
🟢 [InteractiveScanner] Activity 2H: additional widget [modal] absorbed (modal + modal).
🟢 [InteractiveScanner] Activity 2H: additional widget [modal] absorbed (modal + modal).
🟢 [InteractiveScanner] Activity 2H: additional widget [modal] absorbed (modal + modal).
🟢 [InteractiveScanner] Activity 2H: additional widget [modal] absorbed (modal + modal).
🟢 [InteractiveScanner] Activity 2H: additional widget [modal] absorbed (modal + modal).
🟢 [InteractiveScanner] Activity 2H: additional widget [modal] absorbed (modal + modal).
🟢 [InteractiveScanner] Activity 4G: additional widget [modal] absorbed (modal + modal).
🟢 [InteractiveScanner] Activity 4G: additional widget [modal] absorbed (modal + modal).
🟢 [InteractiveScanner] Activity 4G: additional widget [modal] absorbed (modal + modal).
🟢 [InteractiveScanner] Activity 4G: additional widget [modal] absorbed (modal + modal).
🟢 [InteractiveScanner] Activity 4G: additional widget [modal] absorbed (modal + modal).
🟢 [InteractiveScanner] Activity 4G: additional widget [modal] absorbed (modal + modal).
🟢 [InteractiveScanner] Activity 4G: additional widget [modal] absorbed (modal + modal).
🟢 [InteractiveScanner] Activity 4G: additional widget [modal] absorbed (modal + modal).
🟢 [InteractiveScanner] Activity 4G: additional widget [modal] absorbed (modal + modal).
🟢 [InteractiveScanner] Activity 4G: additional widget [modal] absorbed (modal + modal).
🟢 [InteractiveScanner] Activity 4G: additional widget [modal] absorbed (modal + modal).
🟢 [InteractiveScanner] Activity 5G: additional widget [modal] absorbed (modal + modal).
🟢 [InteractiveScanner] Activity 5G: additional widget [modal] absorbed (modal + modal).
🟢 [InteractiveScanner] Activity 5G: additional widget [modal] absorbed (modal + modal).
🟢 [InteractiveScanner] Activity 5G: additional widget [modal] absorbed (modal + modal).
🟢 [InteractiveScanner] Activity 5G: additional widget [modal] absorbed (modal + modal).
🟢 [InteractiveScanner] Activity 5G: additional widget [modal] absorbed (modal + modal).
🟢 [InteractiveScanner] Activity 5G: additional widget [modal] absorbed (modal + modal).
🟢 [InteractiveScanner] Activity 5G: additional widget [modal] absorbed (modal + modal).
🟢 [InteractiveScanner] Activity 5G: additional widget [modal] absorbed (modal + modal).
🟢 [InteractiveScanner] Activity 5G: additional widget [modal] absorbed (modal + modal).
🟢 [InteractiveScanner] Activity 5G: additional widget [modal] absorbed (modal + modal).
🟢 [ContentConverter] Page 0.0: supervisor note paired with its section paragraph (BLL family convention).
🟢 [ContentConverter] Page 0.0: supervisor note paired with its section heading (BLL1 h2-inside convention).
🟢 [InteractiveBuilder] Built carousel #1 from captured data (no placeholder needed).
🟢 [ContentConverter] Page 0.0: [activity] auto-closed before the next activity.
🟢 [ContentConverter] Page 0.0: [activity] auto-closed before the next side alert.
🟢 [ContentConverter] Page 0.0: [activity] auto-closed before the next activity.
🟢 [ContentConverter] Page 0.0: [activity] auto-closed before the next activity.
🟢 [ContentConverter] Page 0.0: supervisor note paired with its section heading (BLL1 h2-inside convention).
🟢 [ContentConverter] Page 0.0: [activity] auto-closed before the next activity.
🟢 [InteractiveBuilder] Built carousel #5 from captured data (no placeholder needed).
🟢 [ContentConverter] Page 0.0: [activity] auto-closed before the next activity.
🟢 [ContentConverter] Page 0.0: [activity] auto-closed before the next side alert.
🟢 [ContentConverter] Page 0.0: [activity] auto-closed before the next activity.
🟢 [ContentConverter] Page 0.0: [activity] auto-closed before the next activity.
🟢 [ContentConverter] Page 0.0: supervisor note paired with its section heading (BLL1 h2-inside convention).
🟢 [ContentConverter] Page 0.0: [activity] auto-closed before the next activity.
🟢 [InteractiveBuilder] Built carousel #9 from captured data (no placeholder needed).
🟢 [ContentConverter] Page 0.0: [activity] auto-closed before the next activity.
🟢 [ContentConverter] Page 0.0: [activity] auto-closed before the next side alert.
🟢 [ContentConverter] Page 0.0: [activity] auto-closed before the next activity.
🟢 [ContentConverter] Page 0.0: [activity] auto-closed before the next activity.
🟢 [ContentConverter] Page 0.0: supervisor note paired with its section heading (BLL1 h2-inside convention).
🟢 [ContentConverter] Page 0.0: [activity] auto-closed before the next activity.
🟢 [InteractiveBuilder] Built carousel #13 from captured data (no placeholder needed).
🟢 [ContentConverter] Page 0.0: [activity] auto-closed before the next activity.
🟢 [ContentConverter] Page 0.0: supervisor note paired with its [page N] label heading (BLL1 fold_page_label).
🟢 [ContentConverter] Page 0.0: [activity] auto-closed before the next activity.
🟢 [InteractiveBuilder] Built carousel #18 from captured data (no placeholder needed).
🟢 [ContentConverter] Page 0.0: [activity] auto-closed before the next h3.
🟢 [InteractiveBuilder] Built modal #22 from captured data (no placeholder needed).
🟢 [MenuBuilder] Menu heading "Tirohanga Whānui | Overview" is the section label — consumed (the menu scaffolding names it).
🟠 [AcksBuilder] YouTube metadata unavailable for item  (stubbed) — possible dead link worth checking: https://www.youtube.com/watch?v=cjwZS2d_G34
🟠 [AcksBuilder] YouTube metadata unavailable for item  (stubbed) — possible dead link worth checking: https://www.youtube.com/watch?v=yZMrKgd3FsU
🟠 [AcksBuilder] YouTube metadata unavailable for item  (stubbed) — possible dead link worth checking: https://www.youtube.com/watch?v=gDnLTE9rolA
🟠 [AcksBuilder] Unknown media item type "Embedded link" (item ) — used "Embedded link" as the prefix; add it to Acks_Formats type_prefix_map.
🟠 [AcksBuilder] YouTube metadata unavailable for item  (stubbed) — possible dead link worth checking: https://www.youtube.com/watch?v=tfF2nk_leok
🟠 [AcksBuilder] YouTube metadata unavailable for item  (stubbed) — possible dead link worth checking: https://www.youtube.com/watch?v=3z3ClG9eM0E
🟠 [AcksBuilder] YouTube metadata unavailable for item  (stubbed) — possible dead link worth checking: https://www.youtube.com/watch?v=Hn17nTLWB94
🟠 [AcksBuilder] YouTube metadata unavailable for item  (stubbed) — possible dead link worth checking: https://www.youtube.com/watch?v=J3jlAt13beM
🟠 [AcksBuilder] YouTube metadata unavailable for item  (stubbed) — possible dead link worth checking: https://www.youtube.com/watch?v=XBQ7UQ65bLY
🟠 [AcksBuilder] Unknown media item type "Embedded link" (item ) — used "Embedded link" as the prefix; add it to Acks_Formats type_prefix_map.
🟠 [AcksBuilder] Unknown media item type "imaghe" (item ) — used "Imaghe" as the prefix; add it to Acks_Formats type_prefix_map.
🟠 [AcksBuilder] YouTube metadata unavailable for item  (stubbed) — possible dead link worth checking: https://www.youtube.com/watch?v=qA_8lrwYFLQ
🟠 [AcksBuilder] YouTube metadata unavailable for item  (stubbed) — possible dead link worth checking: https://www.youtube.com/watch?v=8dLe5dS4b60
🟠 [AcksBuilder] YouTube metadata unavailable for item  (stubbed) — possible dead link worth checking: https://www.youtube.com/watch?v=0lwBiQNyLeI
🟠 [AcksBuilder] YouTube metadata unavailable for item  (stubbed) — possible dead link worth checking: https://www.youtube.com/watch?v=Q9_5m79CpAM
🟠 [AcksBuilder] YouTube metadata unavailable for item  (stubbed) — possible dead link worth checking: https://www.youtube.com/watch?v=yZjEtwr8Q4o
🟠 [AcksBuilder] Unknown media item type "Embedded link" (item ) — used "Embedded link" as the prefix; add it to Acks_Formats type_prefix_map.
🟠 [AcksBuilder] YouTube metadata unavailable for item  (stubbed) — possible dead link worth checking: https://www.youtube.com/watch?v=S3eLA_gy_U8
🟠 [AcksBuilder] YouTube metadata unavailable for item  (stubbed) — possible dead link worth checking: https://www.youtube.com/watch?v=ScvllfoEFdw
🟠 [AcksBuilder] YouTube metadata unavailable for item  (stubbed) — possible dead link worth checking: https://www.youtube.com/watch?v=Lw7UXAAPe4E
🟠 [AcksBuilder] YouTube metadata unavailable for item  (stubbed) — possible dead link worth checking: https://www.youtube.com/watch?v=WYKS5_t-hF8
🟠 [AcksBuilder] Unknown media item type "vodeo" (item ) — used "Vodeo" as the prefix; add it to Acks_Formats type_prefix_map.
🟠 [AcksBuilder] YouTube metadata unavailable for item  (stubbed) — possible dead link worth checking: https://www.youtube.com/watch?v=Nrjb0rIer5M&t=13s
🟠 [AcksBuilder] Unknown media item type "vodeo" (item ) — used "Vodeo" as the prefix; add it to Acks_Formats type_prefix_map.
🟠 [AcksBuilder] YouTube metadata unavailable for item  (stubbed) — possible dead link worth checking: https://www.youtube.com/watch?v=dhlo9JnP5H4
🟠 [AcksBuilder] YouTube metadata unavailable for item  (stubbed) — possible dead link worth checking: https://www.youtube.com/watch?v=_y2jWQyz4i8
🟠 [AcksBuilder] YouTube metadata unavailable for item  (stubbed) — possible dead link worth checking: https://www.youtube.com/watch?v=w0i_kB1C1w4
🟠 [AcksBuilder] YouTube metadata unavailable for item  (stubbed) — possible dead link worth checking: https://www.youtube.com/watch?v=GIhE7R_dIcs
🟠 [AcksBuilder] YouTube metadata unavailable for item  (stubbed) — possible dead link worth checking: https://www.youtube.com/watch?v=Dbvp5ZNxabI
🟠 [AcksBuilder] YouTube metadata unavailable for item  (stubbed) — possible dead link worth checking: https://www.youtube.com/watch?v=msuL4qNBg2c
🟠 [AcksBuilder] YouTube metadata unavailable for item  (stubbed) — possible dead link worth checking: https://www.youtube.com/watch?v=ONgqoexO8gY
🟠 [AcksBuilder] YouTube metadata unavailable for item  (stubbed) — possible dead link worth checking: https://www.youtube.com/watch?v=9kmN24zHLJI
🟠 [AcksBuilder] YouTube metadata unavailable for item  (stubbed) — possible dead link worth checking: https://www.youtube.com/watch?v=-R5Dabf2R2w
🟠 [AcksBuilder] 63 iStock titles could not be verified (no *istock-acks*.txt was supplied); each is marked ❗ and the acks block carries a designer note.
🟢 [ModuleResolver] BLL170 is a recorded page_model exception — using single-file.
🟢 [ConventionResolver] HTML conventions from group 1-10 Blended Literacy|1-3: overview menu two_col_li, lesson menu two_col_li.
🟢 [PageSplitter] Registry says single-file but lesson/page tags exist — keeping ONE file; the tags become in-page breaks (registry rule).
🟢 [InteractiveScanner] Activity 1C: additional widget [typing quiz] absorbed (selfCheck + selfCheck).
🟢 [InteractiveScanner] Activity 1H: additional widget [modal] absorbed (modal + modal).
🟢 [InteractiveScanner] Activity 1H: additional widget [modal] absorbed (modal + modal).
🟢 [InteractiveScanner] Activity 1H: additional widget [modal] absorbed (modal + modal).
🟢 [InteractiveScanner] Activity 1H: additional widget [modal] absorbed (modal + modal).
🟢 [InteractiveScanner] Activity 1H: additional widget [modal] absorbed (modal + modal).
🟢 [InteractiveScanner] Activity 1H: additional widget [modal] absorbed (modal + modal).
🟢 [InteractiveScanner] Activity 1H: additional widget [modal] absorbed (modal + modal).
🟢 [InteractiveScanner] Activity 1H: additional widget [modal] absorbed (modal + modal).
🟢 [InteractiveScanner] Activity 1H: additional widget [modal] absorbed (modal + modal).
🟢 [InteractiveScanner] Activity 1H: additional widget [modal] absorbed (modal + modal).
🟢 [InteractiveScanner] Activity 1H: additional widget [modal] absorbed (modal + modal).
🟢 [InteractiveScanner] Activity 4G: additional widget [modal] absorbed (modal + modal).
🟢 [InteractiveScanner] Activity 4G: additional widget [modal] absorbed (modal + modal).
🟢 [InteractiveScanner] Activity 4G: additional widget [modal] absorbed (modal + modal).
🟢 [InteractiveScanner] Activity 4G: additional widget [modal] absorbed (modal + modal).
🟢 [InteractiveScanner] Activity 4G: additional widget [modal] absorbed (modal + modal).
🟢 [InteractiveScanner] Activity 4G: additional widget [modal] absorbed (modal + modal).
🟢 [InteractiveScanner] Activity 4G: additional widget [modal] absorbed (modal + modal).
🟢 [InteractiveScanner] Activity 4G: additional widget [modal] absorbed (modal + modal).
🟢 [InteractiveScanner] Activity 4G: additional widget [modal] absorbed (modal + modal).
🟢 [InteractiveScanner] Activity 4G: additional widget [modal] absorbed (modal + modal).
🟢 [InteractiveScanner] Activity 4G: additional widget [modal] absorbed (modal + modal).
🟢 [InteractiveScanner] Activity 3G: additional widget [modal] absorbed (modal + modal).
🟢 [InteractiveScanner] Activity 3G: additional widget [modal] absorbed (modal + modal).
🟢 [InteractiveScanner] Activity 3G: additional widget [modal] absorbed (modal + modal).
🟢 [InteractiveScanner] Activity 3G: additional widget [modal] absorbed (modal + modal).
🟢 [InteractiveScanner] Activity 3G: additional widget [modal] absorbed (modal + modal).
🟢 [InteractiveScanner] Activity 3G: additional widget [modal] absorbed (modal + modal).
🟢 [InteractiveScanner] Activity 3G: additional widget [modal] absorbed (modal + modal).
🟢 [InteractiveScanner] Activity 3G: additional widget [modal] absorbed (modal + modal).
🟢 [InteractiveScanner] Activity 3G: additional widget [modal] absorbed (modal + modal).
🟢 [InteractiveScanner] Activity 3G: additional widget [modal] absorbed (modal + modal).
🟢 [InteractiveScanner] Activity 3G: additional widget [modal] absorbed (modal + modal).
🟢 [InteractiveScanner] Activity 4G: additional widget [modal] absorbed (modal + modal).
🟢 [InteractiveScanner] Activity 4G: additional widget [modal] absorbed (modal + modal).
🟢 [InteractiveScanner] Activity 4G: additional widget [modal] absorbed (modal + modal).
🟢 [InteractiveScanner] Activity 4G: additional widget [modal] absorbed (modal + modal).
🟢 [InteractiveScanner] Activity 4G: additional widget [modal] absorbed (modal + modal).
🟢 [InteractiveScanner] Activity 4G: additional widget [modal] absorbed (modal + modal).
🟢 [InteractiveScanner] Activity 4G: additional widget [modal] absorbed (modal + modal).
🟢 [InteractiveScanner] Activity 4G: additional widget [modal] absorbed (modal + modal).
🟢 [InteractiveScanner] Activity 4G: additional widget [modal] absorbed (modal + modal).
🟢 [InteractiveScanner] Activity 4G: additional widget [modal] absorbed (modal + modal).
🟢 [InteractiveScanner] Activity 4G: additional widget [modal] absorbed (modal + modal).
🟢 [InteractiveScanner] Activity 5G: additional widget [modal] absorbed (modal + modal).
🟢 [InteractiveScanner] Activity 5G: additional widget [modal] absorbed (modal + modal).
🟢 [InteractiveScanner] Activity 5G: additional widget [modal] absorbed (modal + modal).
🟢 [InteractiveScanner] Activity 5G: additional widget [modal] absorbed (modal + modal).
🟢 [InteractiveScanner] Activity 5G: additional widget [modal] absorbed (modal + modal).
🟢 [InteractiveScanner] Activity 5G: additional widget [modal] absorbed (modal + modal).
🟢 [InteractiveScanner] Activity 5G: additional widget [modal] absorbed (modal + modal).
🟢 [InteractiveScanner] Activity 5G: additional widget [modal] absorbed (modal + modal).
🟢 [InteractiveScanner] Activity 5G: additional widget [modal] absorbed (modal + modal).
🟢 [InteractiveScanner] Activity 5G: additional widget [modal] absorbed (modal + modal).
🟢 [InteractiveScanner] Activity 5G: additional widget [modal] absorbed (modal + modal).
🟢 [InteractiveScanner] Activity 6G: additional widget [modal] absorbed (modal + modal).
🟢 [InteractiveScanner] Activity 6G: additional widget [modal] absorbed (modal + modal).
🟢 [InteractiveScanner] Activity 6G: additional widget [modal] absorbed (modal + modal).
🟢 [InteractiveScanner] Activity 6G: additional widget [modal] absorbed (modal + modal).
🟢 [InteractiveScanner] Activity 6G: additional widget [modal] absorbed (modal + modal).
🟢 [InteractiveScanner] Activity 6G: additional widget [modal] absorbed (modal + modal).
🟢 [InteractiveScanner] Activity 6G: additional widget [modal] absorbed (modal + modal).
🟢 [InteractiveScanner] Activity 6G: additional widget [modal] absorbed (modal + modal).
🟢 [InteractiveScanner] Activity 6G: additional widget [modal] absorbed (modal + modal).
🟢 [InteractiveScanner] Activity 6G: additional widget [modal] absorbed (modal + modal).
🟢 [InteractiveScanner] Activity 6G: additional widget [modal] absorbed (modal + modal).
🟢 [ContentConverter] Page 0.0: supervisor note paired with its section paragraph (BLL family convention).
🟢 [ContentConverter] Page 0.0: supervisor note paired with its section heading (BLL1 h2-inside convention).
🟢 [ContentConverter] Page 0.0: [activity] auto-closed before the next important.
🟢 [InteractiveBuilder] Built carousel #1 from captured data (no placeholder needed).
🟢 [ContentConverter] Page 0.0: [activity] auto-closed before the next side alert.
🟢 [ContentConverter] Page 0.0: [activity] auto-closed before the next activity.
🟢 [ContentConverter] Page 0.0: [activity] auto-closed before the next activity.
🟢 [ContentConverter] Page 0.0: [activity] auto-closed before the next activity.
🟢 [ContentConverter] Page 0.0: supervisor note paired with its section heading (BLL1 h2-inside convention).
🟢 [InteractiveBuilder] Built carousel #5 from captured data (no placeholder needed).
🟢 [ContentConverter] Page 0.0: [activity] auto-closed before the next activity.
🟢 [ContentConverter] Page 0.0: supervisor note paired with its section heading (BLL1 h2-inside convention).
🟢 [ContentConverter] Page 0.0: [activity] auto-closed before the next activity.
🟢 [InteractiveBuilder] Built carousel #10 from captured data (no placeholder needed).
🟢 [ContentConverter] Page 0.0: [activity] auto-closed before the next activity.
🟢 [ContentConverter] Page 0.0: supervisor note paired with its [page N] label heading (BLL1 fold_page_label).
🟢 [ContentConverter] Page 0.0: [activity] auto-closed before the next activity.
🟢 [InteractiveBuilder] Built carousel #15 from captured data (no placeholder needed).
🟢 [ContentConverter] Page 0.0: [activity] auto-closed before the next activity.
🟢 [InteractiveBuilder] Built carousel #21 from captured data (no placeholder needed).
🟢 [ContentConverter] Page 0.0: [activity] auto-closed before the next activity.
🟢 [ContentConverter] Page 0.0: [activity] auto-closed before the next activity.
🟢 [InteractiveBuilder] Built carousel #26 from captured data (no placeholder needed).
🟢 [ContentConverter] Page 0.0: [activity] auto-closed before the next activity.
🟢 [InteractiveBuilder] Built modal #30 from captured data (no placeholder needed).
🟢 [MenuBuilder] Menu heading "Tirohanga Whānui | Overview" is the section label — consumed (the menu scaffolding names it).
🟠 [AcksBuilder] YouTube metadata unavailable for item  (stubbed) — possible dead link worth checking: https://www.youtube.com/watch?v=u8_sllilxhw
🟠 [AcksBuilder] YouTube metadata unavailable for item  (stubbed) — possible dead link worth checking: https://www.youtube.com/watch?v=BGWqK8KUed0
🟠 [AcksBuilder] YouTube metadata unavailable for item  (stubbed) — possible dead link worth checking: https://www.youtube.com/watch?v=gMxs2AaY07s
🟠 [AcksBuilder] YouTube metadata unavailable for item  (stubbed) — possible dead link worth checking: https://www.youtube.com/watch?v=gCr7VPh7ym4
🟠 [AcksBuilder] Unknown media item type "Embedded link" (item ) — used "Embedded link" as the prefix; add it to Acks_Formats type_prefix_map.
🟠 [AcksBuilder] YouTube metadata unavailable for item  (stubbed) — possible dead link worth checking: https://www.youtube.com/watch?v=P-UWngev4ZQ
🟠 [AcksBuilder] YouTube metadata unavailable for item  (stubbed) — possible dead link worth checking: https://www.youtube.com/watch?v=OwW15M7UB6A
🟠 [AcksBuilder] YouTube metadata unavailable for item  (stubbed) — possible dead link worth checking: https://www.youtube.com/watch?v=A8YUSqt_MZ0
🟠 [AcksBuilder] YouTube metadata unavailable for item  (stubbed) — possible dead link worth checking: https://www.youtube.com/watch?v=7pZd5N4Klic
🟠 [AcksBuilder] YouTube metadata unavailable for item  (stubbed) — possible dead link worth checking: https://www.youtube.com/watch?v=sxYoeGpB4RI
🟠 [AcksBuilder] YouTube metadata unavailable for item  (stubbed) — possible dead link worth checking: https://www.youtube.com/watch?v=rVheZmuK5dg
🟠 [AcksBuilder] YouTube metadata unavailable for item  (stubbed) — possible dead link worth checking: https://www.youtube.com/watch?v=I6_Twpffldk
🟠 [AcksBuilder] YouTube metadata unavailable for item  (stubbed) — possible dead link worth checking: https://www.youtube.com/watch?v=VX7bM2KB21E
🟠 [AcksBuilder] YouTube metadata unavailable for item  (stubbed) — possible dead link worth checking: https://www.youtube.com/watch?v=lKc_Ul5XMIs
🟠 [AcksBuilder] YouTube metadata unavailable for item  (stubbed) — possible dead link worth checking: https://www.youtube.com/watch?v=AF1moj2rL9E
🟠 [AcksBuilder] YouTube metadata unavailable for item  (stubbed) — possible dead link worth checking: https://www.youtube.com/watch?v=IrEakBzHzoY
🟠 [AcksBuilder] YouTube metadata unavailable for item  (stubbed) — possible dead link worth checking: https://www.youtube.com/watch?v=ZOJDJggBk4g
🟠 [AcksBuilder] YouTube metadata unavailable for item  (stubbed) — possible dead link worth checking: https://www.youtube.com/watch?v=01EO7QgWyxU
🟠 [AcksBuilder] YouTube metadata unavailable for item  (stubbed) — possible dead link worth checking: https://www.youtube.com/watch?v=Z-0wWdE-Ezg
🟠 [AcksBuilder] YouTube metadata unavailable for item  (stubbed) — possible dead link worth checking: https://www.youtube.com/watch?v=6_zXmAUPVj4
🟠 [AcksBuilder] YouTube metadata unavailable for item  (stubbed) — possible dead link worth checking: https://www.youtube.com/watch?v=xQKCS1h3dcE
🟠 [AcksBuilder] YouTube metadata unavailable for item  (stubbed) — possible dead link worth checking: https://www.youtube.com/watch?v=_OyLfgefELE
🟠 [AcksBuilder] YouTube metadata unavailable for item  (stubbed) — possible dead link worth checking: https://www.youtube.com/watch?v=MgDmilSYTNY
🟠 [AcksBuilder] YouTube metadata unavailable for item  (stubbed) — possible dead link worth checking: https://www.youtube.com/watch?v=fLrAGcK26s4
🟠 [AcksBuilder] YouTube metadata unavailable for item  (stubbed) — possible dead link worth checking: https://www.youtube.com/watch?v=-IDwqZon3dU
🟠 [AcksBuilder] YouTube metadata unavailable for item  (stubbed) — possible dead link worth checking: https://www.youtube.com/watch?v=9If0Y-LiDTg
🟠 [AcksBuilder] YouTube metadata unavailable for item  (stubbed) — possible dead link worth checking: https://www.youtube.com/watch?v=TigsV8B0HFk
🟠 [AcksBuilder] YouTube metadata unavailable for item  (stubbed) — possible dead link worth checking: https://www.youtube.com/watch?v=N36ovni-osI
🟠 [AcksBuilder] YouTube metadata unavailable for item  (stubbed) — possible dead link worth checking: https://www.youtube.com/watch?v=ivSOU_GuN1Q
🟠 [AcksBuilder] YouTube metadata unavailable for item  (stubbed) — possible dead link worth checking: https://www.youtube.com/watch?v=Taa3ANEyN_Y
🟠 [AcksBuilder] YouTube metadata unavailable for item  (stubbed) — possible dead link worth checking: https://www.youtube.com/watch?v=0pxP9SFQJ6c
🟠 [AcksBuilder] YouTube metadata unavailable for item  (stubbed) — possible dead link worth checking: https://www.youtube.com/watch?v=Iw6PN-eDhZY
🟠 [AcksBuilder] YouTube metadata unavailable for item  (stubbed) — possible dead link worth checking: https://www.youtube.com/watch?v=Gei5zzy6urI&t=20s
🟠 [AcksBuilder] YouTube metadata unavailable for item  (stubbed) — possible dead link worth checking: https://www.youtube.com/watch?v=v_URzFmlSS4
🟠 [AcksBuilder] YouTube metadata unavailable for item  (stubbed) — possible dead link worth checking: https://www.youtube.com/watch?v=1E-svf1ZNug
🟠 [AcksBuilder] YouTube metadata unavailable for item  (stubbed) — possible dead link worth checking: https://www.youtube.com/watch?v=0CcGlX-QUJY
🟠 [AcksBuilder] YouTube metadata unavailable for item  (stubbed) — possible dead link worth checking: https://www.youtube.com/watch?v=lLFON8qBZsE
🟠 [AcksBuilder] YouTube metadata unavailable for item  (stubbed) — possible dead link worth checking: https://www.youtube.com/watch?v=QI4bVIW4qK4
🟠 [AcksBuilder] YouTube metadata unavailable for item  (stubbed) — possible dead link worth checking: https://www.youtube.com/watch?v=h783XHdQDsI
🟠 [AcksBuilder] YouTube metadata unavailable for item  (stubbed) — possible dead link worth checking: https://www.youtube.com/watch?v=STZoPsdDaX8
🟠 [AcksBuilder] 45 iStock titles could not be verified (no *istock-acks*.txt was supplied); each is marked ❗ and the acks block carries a designer note.
🟢 [ModuleResolver] BLL220 is a recorded page_model exception — using single-file.
🟢 [ConventionResolver] HTML conventions from group 1-10 Blended Literacy|1-3: overview menu two_col_li, lesson menu two_col_li.
🟢 [PageSplitter] Registry says single-file but lesson/page tags exist — keeping ONE file; the tags become in-page breaks (registry rule).
🟢 [InteractiveScanner] Activity 1H: additional widget [click drop] absorbed (clickDrop + clickDrop).
🟢 [InteractiveScanner] Activity 1H: additional widget [click drop] absorbed (clickDrop + clickDrop).
🟢 [InteractiveScanner] Activity 1H: additional widget [click drop] absorbed (clickDrop + clickDrop).
🟢 [InteractiveScanner] Activity 1H: additional widget [click drop] absorbed (clickDrop + clickDrop).
🟢 [InteractiveScanner] Activity 1H: additional widget [click drop] absorbed (clickDrop + clickDrop).
🟢 [InteractiveScanner] Activity 1H: additional widget [click drop] absorbed (clickDrop + clickDrop).
🟢 [InteractiveScanner] Activity 1H: additional widget [click drop] absorbed (clickDrop + clickDrop).
🟢 [InteractiveScanner] Activity 1H: additional widget [click drop] absorbed (clickDrop + clickDrop).
🟢 [InteractiveScanner] Activity 1H: additional widget [click drop] absorbed (clickDrop + clickDrop).
🟢 [InteractiveScanner] Activity 1H: additional widget [carousel] absorbed (clickDrop + carousel).
🟢 [InteractiveScanner] Activity 1H: additional widget [click drop] absorbed (clickDrop + clickDrop).
🟢 [InteractiveScanner] Activity 1H: additional widget [click drop] absorbed (clickDrop + clickDrop).
🟢 [InteractiveScanner] Activity 2G: additional widget [click drop] absorbed (clickDrop + clickDrop).
🟢 [InteractiveScanner] Activity 2G: additional widget [click drop] absorbed (clickDrop + clickDrop).
🟢 [InteractiveScanner] Activity 2G: additional widget [click drop] absorbed (clickDrop + clickDrop).
🟢 [InteractiveScanner] Activity 2G: additional widget [click drop] absorbed (clickDrop + clickDrop).
🟢 [InteractiveScanner] Activity 2G: additional widget [click drop] absorbed (clickDrop + clickDrop).
🟢 [InteractiveScanner] Activity 2G: additional widget [click drop] absorbed (clickDrop + clickDrop).
🟢 [InteractiveScanner] Activity 2G: additional widget [click drop] absorbed (clickDrop + clickDrop).
🟢 [InteractiveScanner] Activity 2G: additional widget [click drop] absorbed (clickDrop + clickDrop).
🟢 [InteractiveScanner] Activity 2G: additional widget [click drop] absorbed (clickDrop + clickDrop).
🟢 [InteractiveScanner] Activity 2G: additional widget [click drop] absorbed (clickDrop + clickDrop).
🟢 [InteractiveScanner] Activity 2G: additional widget [click drop] absorbed (clickDrop + clickDrop).
🟢 [InteractiveScanner] dragAndDrop: additional widget [drag and drop] absorbed (dragAndDrop + dragAndDrop).
🟢 [InteractiveScanner] dragAndDrop: additional widget [drag and drop] absorbed (dragAndDrop + dragAndDrop).
🟢 [InteractiveScanner] Activity 3G: additional widget [click drop] absorbed (clickDrop + clickDrop).
🟢 [InteractiveScanner] Activity 3G: additional widget [click drop] absorbed (clickDrop + clickDrop).
🟢 [InteractiveScanner] Activity 3G: additional widget [click drop] absorbed (clickDrop + clickDrop).
🟢 [InteractiveScanner] Activity 3G: additional widget [click drop] absorbed (clickDrop + clickDrop).
🟢 [InteractiveScanner] Activity 3G: additional widget [click drop] absorbed (clickDrop + clickDrop).
🟢 [InteractiveScanner] Activity 3G: additional widget [click drop] absorbed (clickDrop + clickDrop).
🟢 [InteractiveScanner] Activity 3G: additional widget [click drop] absorbed (clickDrop + clickDrop).
🟢 [InteractiveScanner] Activity 3G: additional widget [click drop] absorbed (clickDrop + clickDrop).
🟢 [InteractiveScanner] Activity 3G: additional widget [click drop] absorbed (clickDrop + clickDrop).
🟢 [InteractiveScanner] Activity 3G: additional widget [click drop] absorbed (clickDrop + clickDrop).
🟢 [InteractiveScanner] Activity 3G: additional widget [click drop] absorbed (clickDrop + clickDrop).
🟢 [InteractiveScanner] dragAndDrop: additional widget [drag and drop] absorbed (dragAndDrop + dragAndDrop).
🟢 [InteractiveScanner] dragAndDrop: additional widget [drag and drop] absorbed (dragAndDrop + dragAndDrop).
🟢 [InteractiveScanner] Activity 4G: additional widget [click drop] absorbed (clickDrop + clickDrop).
🟢 [InteractiveScanner] Activity 4G: additional widget [click drop] absorbed (clickDrop + clickDrop).
🟢 [InteractiveScanner] Activity 4G: additional widget [click drop] absorbed (clickDrop + clickDrop).
🟢 [InteractiveScanner] Activity 4G: additional widget [click drop] absorbed (clickDrop + clickDrop).
🟢 [InteractiveScanner] Activity 4G: additional widget [click drop] absorbed (clickDrop + clickDrop).
🟢 [InteractiveScanner] Activity 4G: additional widget [click drop] absorbed (clickDrop + clickDrop).
🟢 [InteractiveScanner] Activity 4G: additional widget [click drop] absorbed (clickDrop + clickDrop).
🟢 [InteractiveScanner] Activity 4G: additional widget [click drop] absorbed (clickDrop + clickDrop).
🟢 [InteractiveScanner] Activity 4G: additional widget [click drop] absorbed (clickDrop + clickDrop).
🟢 [InteractiveScanner] Activity 4G: additional widget [click drop] absorbed (clickDrop + clickDrop).
🟢 [InteractiveScanner] Activity 4G: additional widget [click drop] absorbed (clickDrop + clickDrop).
🟢 [InteractiveScanner] dragAndDrop: additional widget [drag and drop] absorbed (dragAndDrop + dragAndDrop).
🟢 [InteractiveScanner] Activity 5G: additional widget [click drop] absorbed (clickDrop + clickDrop).
🟢 [InteractiveScanner] Activity 5G: additional widget [click drop] absorbed (clickDrop + clickDrop).
🟢 [InteractiveScanner] Activity 5G: additional widget [click drop] absorbed (clickDrop + clickDrop).
🟢 [InteractiveScanner] Activity 5G: additional widget [click drop] absorbed (clickDrop + clickDrop).
🟢 [InteractiveScanner] Activity 5G: additional widget [click drop] absorbed (clickDrop + clickDrop).
🟢 [InteractiveScanner] Activity 5G: additional widget [click drop] absorbed (clickDrop + clickDrop).
🟢 [InteractiveScanner] Activity 5G: additional widget [click drop] absorbed (clickDrop + clickDrop).
🟢 [InteractiveScanner] Activity 5G: additional widget [click drop] absorbed (clickDrop + clickDrop).
🟢 [InteractiveScanner] Activity 5G: additional widget [click drop] absorbed (clickDrop + clickDrop).
🟢 [InteractiveScanner] Activity 5G: additional widget [click drop] absorbed (clickDrop + clickDrop).
🟢 [InteractiveScanner] Activity 5G: additional widget [click drop] absorbed (clickDrop + clickDrop).
🟢 [ContentConverter] Page 0.0: supervisor note paired with its section paragraph (BLL family convention).
🟢 [InteractiveBuilder] Built carousel #1 from captured data (no placeholder needed).
🟢 [ContentConverter] Page 0.0: [activity] auto-closed before the next activity.
🟢 [InteractiveBuilder] Built carousel #7 from captured data (no placeholder needed).
🟢 [ContentConverter] Page 0.0: [activity] auto-closed before the next side alert.
🟢 [ContentConverter] Page 0.0: [activity] auto-closed before the next activity.
🟢 [InteractiveBuilder] Built carousel #13 from captured data (no placeholder needed).
🟢 [InteractiveBuilder] Built carousel #14 from captured data (no placeholder needed).
🟢 [ContentConverter] Page 0.0: [activity] auto-closed before the next activity.
🟢 [InteractiveBuilder] Built dragAndDrop #15 from captured data (no placeholder needed).
🟢 [ContentConverter] Page 0.0: [activity] auto-closed before the next activity.
🟢 [ContentConverter] Page 0.0: [activity] auto-closed before the next activity.
🟢 [InteractiveBuilder] Built carousel #19 from captured data (no placeholder needed).
🟢 [InteractiveBuilder] Built carousel #20 from captured data (no placeholder needed).
🟢 [ContentConverter] Page 0.0: [activity] auto-closed before the next activity.
🟢 [InteractiveBuilder] Built dragAndDrop #21 from captured data (no placeholder needed).
🟢 [ContentConverter] Page 0.0: [activity] auto-closed before the next side alert.
🟢 [InteractiveBuilder] Built dragAndDrop #25 from captured data (no placeholder needed).
🟢 [InteractiveBuilder] Built carousel #26 from captured data (no placeholder needed).
🟢 [InteractiveBuilder] Built carousel #27 from captured data (no placeholder needed).
🟢 [ContentConverter] Page 0.0: [activity] auto-closed before the next activity.
🟢 [ContentConverter] Page 0.0: [activity] auto-closed before the next activity.
🟢 [ContentConverter] Page 0.0: [activity] auto-closed before the next activity.
🟢 [MenuBuilder] Menu heading "Tirohanga Whānui | Overview" is the section label — consumed (the menu scaffolding names it).
🟠 [AcksBuilder] YouTube metadata unavailable for item  (stubbed) — possible dead link worth checking: https://www.youtube.com/watch?v=CcmxqwJhWxc
🟠 [AcksBuilder] YouTube metadata unavailable for item  (stubbed) — possible dead link worth checking: https://www.youtube.com/watch?v=g_FDezjoPMw
🟠 [AcksBuilder] YouTube metadata unavailable for item  (stubbed) — possible dead link worth checking: https://www.youtube.com/watch?v=p63GORjHBN0
🟠 [AcksBuilder] YouTube metadata unavailable for item  (stubbed) — possible dead link worth checking: https://www.youtube.com/watch?v=zKg-g3lp3yw
🟠 [AcksBuilder] YouTube metadata unavailable for item  (stubbed) — possible dead link worth checking: https://www.youtube.com/watch?v=zgzaGovg6PU
🟠 [AcksBuilder] YouTube metadata unavailable for item  (stubbed) — possible dead link worth checking: https://www.youtube.com/watch?v=Ya8kykht3gk
🟠 [AcksBuilder] YouTube metadata unavailable for item  (stubbed) — possible dead link worth checking: https://www.youtube.com/watch?v=z_NVbNYB7Ao
🟠 [AcksBuilder] YouTube metadata unavailable for item  (stubbed) — possible dead link worth checking: https://www.youtube.com/watch?v=uG0AjiLjlnE
🟠 [AcksBuilder] YouTube metadata unavailable for item  (stubbed) — possible dead link worth checking: https://www.youtube.com/watch?v=1Y5R8K7OKSo&t=45s
🟠 [AcksBuilder] YouTube metadata unavailable for item  (stubbed) — possible dead link worth checking: https://www.youtube.com/watch?v=gPeEARPfY8w
🟠 [AcksBuilder] YouTube metadata unavailable for item  (stubbed) — possible dead link worth checking: https://www.youtube.com/watch?v=HILiE1m1rP0
🟠 [AcksBuilder] YouTube metadata unavailable for item  (stubbed) — possible dead link worth checking: https://www.youtube.com/watch?v=OdWkgYQnFcw
🟠 [AcksBuilder] YouTube metadata unavailable for item  (stubbed) — possible dead link worth checking: https://www.youtube.com/watch?v=dj41FU7RIMY
🟠 [AcksBuilder] YouTube metadata unavailable for item  (stubbed) — possible dead link worth checking: https://www.youtube.com/watch?v=Gph6qpPjMLs&t=97s
🟠 [AcksBuilder] YouTube metadata unavailable for item  (stubbed) — possible dead link worth checking: https://www.youtube.com/watch?v=xiwz7DvSkVM
🟠 [AcksBuilder] YouTube metadata unavailable for item  (stubbed) — possible dead link worth checking: https://www.youtube.com/watch?v=BGrIyCT7nK0
🟠 [AcksBuilder] YouTube metadata unavailable for item  (stubbed) — possible dead link worth checking: https://www.youtube.com/watch?v=Q-bo7epob6k
🟠 [AcksBuilder] YouTube metadata unavailable for item  (stubbed) — possible dead link worth checking: https://www.youtube.com/watch?v=OXeXKT6a1Os
🟠 [AcksBuilder] YouTube metadata unavailable for item  (stubbed) — possible dead link worth checking: https://www.youtube.com/watch?v=ghd898RDjEM
🟠 [AcksBuilder] YouTube metadata unavailable for item  (stubbed) — possible dead link worth checking: https://www.youtube.com/watch?v=hU25Xhx73U8
🟠 [AcksBuilder] YouTube metadata unavailable for item  (stubbed) — possible dead link worth checking: https://www.youtube.com/watch?v=bWUq1jYUn9c
🟠 [AcksBuilder] YouTube metadata unavailable for item  (stubbed) — possible dead link worth checking: https://www.youtube.com/watch?v=Qrn01JeAnQk&t=5s
🟠 [AcksBuilder] YouTube metadata unavailable for item  (stubbed) — possible dead link worth checking: https://www.youtube.com/watch?v=MrOzSPemvss
🟠 [AcksBuilder] YouTube metadata unavailable for item  (stubbed) — possible dead link worth checking: https://www.youtube.com/watch?v=giItlhrUJk8
🟠 [AcksBuilder] YouTube metadata unavailable for item  (stubbed) — possible dead link worth checking: https://www.youtube.com/watch?v=WhbCeOSeiwg
🟠 [AcksBuilder] YouTube metadata unavailable for item  (stubbed) — possible dead link worth checking: https://www.youtube.com/watch?v=Qfw7If7BQc4
🟠 [AcksBuilder] YouTube metadata unavailable for item  (stubbed) — possible dead link worth checking: https://www.youtube.com/watch?v=HSbt4myCthg&list=PLcd6lV0KIHm4RjG7AzbKQqg-a0eqvU9vy
🟠 [AcksBuilder] YouTube metadata unavailable for item  (stubbed) — possible dead link worth checking: https://www.youtube.com/watch?v=i8bC0ukQ7nU
🟠 [AcksBuilder] YouTube metadata unavailable for item  (stubbed) — possible dead link worth checking: https://www.youtube.com/watch?v=Nmb55nvO4Pk&t=26s
🟠 [AcksBuilder] YouTube metadata unavailable for item  (stubbed) — possible dead link worth checking: https://www.youtube.com/watch?v=14h7hmpUKXk&list=PLPGtEgK9QjZZW3RIqwyTisQuzGjzyehqy
🟠 [AcksBuilder] YouTube metadata unavailable for item  (stubbed) — possible dead link worth checking: https://www.youtube.com/watch?v=mfeHAiZ89zA
🟠 [AcksBuilder] YouTube metadata unavailable for item  (stubbed) — possible dead link worth checking: https://www.youtube.com/watch?v=jf3h9bR3gWE
🟠 [AcksBuilder] YouTube metadata unavailable for item  (stubbed) — possible dead link worth checking: https://www.youtube.com/watch?v=_yOevzjtNA4
🟠 [AcksBuilder] YouTube metadata unavailable for item  (stubbed) — possible dead link worth checking: https://www.youtube.com/watch?v=HgitHPfLeCY
🟠 [AcksBuilder] YouTube metadata unavailable for item  (stubbed) — possible dead link worth checking: https://www.youtube.com/watch?v=loPr_GdXuGI
🟠 [AcksBuilder] YouTube metadata unavailable for item  (stubbed) — possible dead link worth checking: https://www.youtube.com/watch?v=U60sOQxbO4I
🟠 [AcksBuilder] YouTube metadata unavailable for item  (stubbed) — possible dead link worth checking: https://www.youtube.com/watch?v=f1LzjZ209PU
🟠 [AcksBuilder] YouTube metadata unavailable for item  (stubbed) — possible dead link worth checking: https://www.youtube.com/watch?v=3ElrdJJpnZQ
🟠 [AcksBuilder] YouTube metadata unavailable for item  (stubbed) — possible dead link worth checking: https://www.youtube.com/shorts/1jWfS35DJuk
🟠 [AcksBuilder] YouTube metadata unavailable for item  (stubbed) — possible dead link worth checking: https://www.youtube.com/watch?v=480nKq2XwKc
🟠 [AcksBuilder] YouTube metadata unavailable for item  (stubbed) — possible dead link worth checking: https://www.youtube.com/watch?v=cKaQXmRvpvw
🟠 [AcksBuilder] 32 iStock titles could not be verified (no *istock-acks*.txt was supplied); each is marked ❗ and the acks block carries a designer note.
🟢 [ConventionResolver] HTML conventions from group 1-10 Blended Literacy|1-3: overview menu two_col_li, lesson menu two_col_li.
🟢 [PageSplitter] [end page] before [MODULE INTRODUCTION] disregarded — the introduction stays on the overview page (AR-1).
🟢 [PageSplitter] Implicit page break: content continues after [end page] without a [LESSON] tag — opened page 1.0.
🟢 [PageSplitter] Implicit page break: content continues after [end page] without a [LESSON] tag — opened page 2.0.
🟢 [PageSplitter] Adjacent page boundaries merged — no empty page emitted (AR-2).
🟢 [ContentConverter] Page 0.0: supervisor note paired with its section paragraph (BLL family convention).
🟢 [MenuBuilder] Menu heading "Tirohanga Whānui | Overview" is the section label — consumed (the menu scaffolding names it).
🟢 [InteractiveScanner] Activity 1G: additional widget [click drop] absorbed (clickDrop + clickDrop).
🟢 [InteractiveScanner] Activity 1G: additional widget [click drop] absorbed (clickDrop + clickDrop).
🟢 [InteractiveScanner] Activity 1G: additional widget [click drop] absorbed (clickDrop + clickDrop).
🟢 [InteractiveScanner] Activity 1G: additional widget [click drop] absorbed (clickDrop + clickDrop).
🟢 [InteractiveScanner] Activity 1G: additional widget [click drop] absorbed (clickDrop + clickDrop).
🟢 [InteractiveScanner] Activity 1G: additional widget [click drop] absorbed (clickDrop + clickDrop).
🟢 [InteractiveScanner] Activity 1G: additional widget [click drop] absorbed (clickDrop + clickDrop).
🟢 [InteractiveScanner] Activity 1G: additional widget [click drop] absorbed (clickDrop + clickDrop).
🟢 [InteractiveScanner] Activity 1G: additional widget [click drop] absorbed (clickDrop + clickDrop).
🟢 [InteractiveScanner] Activity 1G: additional widget [click drop] absorbed (clickDrop + clickDrop).
🟢 [InteractiveScanner] Activity 1G: additional widget [click drop] absorbed (clickDrop + clickDrop).
🟢 [InteractiveScanner] Activity 1G: additional widget [carousel] absorbed (clickDrop + carousel).
🟢 [ContentConverter] Page 1.1: [activity] auto-closed before the next activity.
🟢 [InteractiveBuilder] Built carousel #2 from captured data (no placeholder needed).
🟢 [ContentConverter] Page 1.1: [end carousel] had no open container — ignored.
🟢 [ContentConverter] Page 1.1: [activity] auto-closed before the next activity.
🟢 [ContentConverter] Page 1.1: [activity] auto-closed before the next alert.
🟢 [InteractiveScanner] Activity 2F: additional widget [modal] absorbed (modal + modal).
🟢 [InteractiveScanner] Activity 2F: additional widget [modal] absorbed (modal + modal).
🟢 [InteractiveScanner] Activity 2F: additional widget [modal] absorbed (modal + modal).
🟢 [InteractiveScanner] Activity 2F: additional widget [modal] absorbed (modal + modal).
🟢 [InteractiveScanner] Activity 2F: additional widget [modal] absorbed (modal + modal).
🟢 [InteractiveScanner] Activity 2F: additional widget [modal] absorbed (modal + modal).
🟢 [InteractiveScanner] Activity 2F: additional widget [modal] absorbed (modal + modal).
🟢 [InteractiveScanner] Activity 2F: additional widget [click drop] absorbed (modal + clickDrop).
🟢 [InteractiveScanner] Activity 2F: additional widget [click drop] absorbed (modal + clickDrop).
🟢 [InteractiveScanner] Activity 2F: additional widget [carousel] absorbed (modal + carousel).
🟢 [InteractiveScanner] Activity 2F: additional widget [click drop] absorbed (modal + clickDrop).
🟢 [InteractiveScanner] Activity 2F: additional widget [click drop] absorbed (modal + clickDrop).
🟢 [InteractiveBuilder] Built carousel #7 from captured data (no placeholder needed).
🟢 [ContentConverter] Page 1.2: [activity] auto-closed before the next activity.
🟢 [InteractiveBuilder] Built modal #11 from captured data (no placeholder needed).
🟢 [InteractiveScanner] Activity 3F: additional widget [modal] absorbed (modal + modal).
🟢 [InteractiveScanner] Activity 3F: additional widget [modal] absorbed (modal + modal).
🟢 [InteractiveScanner] Activity 3F: additional widget [modal] absorbed (modal + modal).
🟢 [InteractiveScanner] Activity 3F: additional widget [modal] absorbed (modal + modal).
🟢 [InteractiveScanner] Activity 3F: additional widget [modal] absorbed (modal + modal).
🟢 [InteractiveScanner] Activity 3F: additional widget [modal] absorbed (modal + modal).
🟢 [InteractiveScanner] Activity 3F: additional widget [modal] absorbed (modal + modal).
🟢 [InteractiveScanner] Activity 3F: additional widget [click drop] absorbed (modal + clickDrop).
🟢 [InteractiveScanner] Activity 3F: additional widget [click drop] absorbed (modal + clickDrop).
🟢 [InteractiveScanner] Activity 3F: additional widget [carousel] absorbed (modal + carousel).
🟢 [InteractiveScanner] Activity 3F: additional widget [click drop] absorbed (modal + clickDrop).
🟢 [InteractiveScanner] Activity 3F: additional widget [click drop] absorbed (modal + clickDrop).
🟢 [InteractiveBuilder] Built carousel #12 from captured data (no placeholder needed).
🟢 [ContentConverter] Page 1.3: [activity] auto-closed before the next activity.
🟢 [InteractiveScanner] Activity 4F: additional widget [modal] absorbed (modal + modal).
🟢 [InteractiveScanner] Activity 4F: additional widget [modal] absorbed (modal + modal).
🟢 [InteractiveScanner] Activity 4F: additional widget [modal] absorbed (modal + modal).
🟢 [InteractiveScanner] Activity 4F: additional widget [modal] absorbed (modal + modal).
🟢 [InteractiveScanner] Activity 4F: additional widget [modal] absorbed (modal + modal).
🟢 [InteractiveScanner] Activity 4F: additional widget [modal] absorbed (modal + modal).
🟢 [InteractiveScanner] Activity 4F: additional widget [modal] absorbed (modal + modal).
🟢 [InteractiveScanner] Activity 4F: additional widget [click drop] absorbed (modal + clickDrop).
🟢 [InteractiveScanner] Activity 4F: additional widget [click drop] absorbed (modal + clickDrop).
🟢 [InteractiveScanner] Activity 4F: additional widget [click drop] absorbed (modal + clickDrop).
🟢 [InteractiveScanner] Activity 4F: additional widget [click drop] absorbed (modal + clickDrop).
🟢 [InteractiveBuilder] Built carousel #17 from captured data (no placeholder needed).
🟢 [ContentConverter] Page 1.4: [activity] auto-closed before the next alert.
🟢 [InteractiveScanner] Activity 5F: additional widget [modal] absorbed (modal + modal).
🟢 [InteractiveScanner] Activity 5F: additional widget [modal] absorbed (modal + modal).
🟢 [InteractiveScanner] Activity 5F: additional widget [modal] absorbed (modal + modal).
🟢 [InteractiveScanner] Activity 5F: additional widget [modal] absorbed (modal + modal).
🟢 [InteractiveScanner] Activity 5F: additional widget [modal] absorbed (modal + modal).
🟢 [InteractiveScanner] Activity 5F: additional widget [modal] absorbed (modal + modal).
🟢 [InteractiveScanner] Activity 5F: additional widget [modal] absorbed (modal + modal).
🟢 [InteractiveScanner] Activity 5F: additional widget [click drop] absorbed (modal + clickDrop).
🟢 [InteractiveScanner] Activity 5F: additional widget [click drop] absorbed (modal + clickDrop).
🟢 [InteractiveScanner] Activity 5F: additional widget [click drop] absorbed (modal + clickDrop).
🟢 [InteractiveScanner] Activity 5F: additional widget [click drop] absorbed (modal + clickDrop).
🟢 [ContentConverter] Page 1.5: [activity] auto-closed before the next activity.
🟢 [ContentConverter] Page 1.5: [activity] auto-closed before the next h3.
🟢 [InteractiveBuilder] Built modal #26 from captured data (no placeholder needed).
🟢 [InteractiveScanner] Activity 6F: additional widget [modal] absorbed (modal + modal).
🟢 [InteractiveScanner] Activity 6F: additional widget [modal] absorbed (modal + modal).
🟢 [InteractiveScanner] Activity 6F: additional widget [modal] absorbed (modal + modal).
🟢 [InteractiveScanner] Activity 6F: additional widget [modal] absorbed (modal + modal).
🟢 [InteractiveScanner] Activity 6F: additional widget [modal] absorbed (modal + modal).
🟢 [InteractiveScanner] Activity 6F: additional widget [modal] absorbed (modal + modal).
🟢 [InteractiveScanner] Activity 6F: additional widget [modal] absorbed (modal + modal).
🟢 [InteractiveScanner] Activity 6F: additional widget [click drop] absorbed (modal + clickDrop).
🟢 [InteractiveScanner] Activity 6F: additional widget [click drop] absorbed (modal + clickDrop).
🟢 [InteractiveScanner] Activity 6F: additional widget [click drop] absorbed (modal + clickDrop).
🟢 [InteractiveScanner] Activity 6F: additional widget [click drop] absorbed (modal + clickDrop).
🟢 [InteractiveBuilder] Built carousel #27 from captured data (no placeholder needed).
🟢 [ContentConverter] Page 1.6: [activity] auto-closed before the next h3.
🟢 [InteractiveBuilder] Built flipCard #30 from captured data (no placeholder needed).
🟢 [InteractiveScanner] Activity 7F: additional widget [modal] absorbed (modal + modal).
🟢 [InteractiveScanner] Activity 7F: additional widget [modal] absorbed (modal + modal).
🟢 [InteractiveScanner] Activity 7F: additional widget [modal] absorbed (modal + modal).
🟢 [InteractiveScanner] Activity 7F: additional widget [modal] absorbed (modal + modal).
🟢 [InteractiveScanner] Activity 7F: additional widget [modal] absorbed (modal + modal).
🟢 [InteractiveScanner] Activity 7F: additional widget [modal] absorbed (modal + modal).
🟢 [InteractiveScanner] Activity 7F: additional widget [modal] absorbed (modal + modal).
🟢 [InteractiveScanner] Activity 7F: additional widget [carousel] absorbed (modal + carousel).
🟢 [InteractiveScanner] Activity 7F: additional widget [click drop] absorbed (modal + clickDrop).
🟢 [InteractiveScanner] Activity 7F: additional widget [click drop] absorbed (modal + clickDrop).
🟢 [InteractiveScanner] Activity 7F: additional widget [click drop] absorbed (modal + clickDrop).
🟢 [InteractiveScanner] Activity 7F: additional widget [click drop] absorbed (modal + clickDrop).
🟢 [InteractiveScanner] Activity 7F: additional widget [carousel] absorbed (modal + carousel).
🟢 [ContentConverter] Page 1.7: [activity] auto-closed before the next activity.
🟢 [ContentConverter] Page 1.7: [activity] auto-closed before the next activity.
🟢 [InteractiveBuilder] Built modal #35 from captured data (no placeholder needed).
🟠 [AcksBuilder] YouTube metadata unavailable for item  (stubbed) — possible dead link worth checking: https://youtu.be/TBA-R3Sx1Pc?si=iBMAtMi5uB32QgU6
🟠 [AcksBuilder] YouTube metadata unavailable for item  (stubbed) — possible dead link worth checking: https://youtu.be/Kgj5oCNoKdw?si=7UzIkVLrODgc2Ipp
🟠 [AcksBuilder] YouTube metadata unavailable for item  (stubbed) — possible dead link worth checking: https://youtu.be/GO3UxDydumA?si=IjFD-xqQFydyBj-C
🟠 [AcksBuilder] YouTube metadata unavailable for item  (stubbed) — possible dead link worth checking: https://youtu.be/J2faUfPq2Rs?si=y1pTOoS5-jMVE_i8
🟠 [AcksBuilder] YouTube metadata unavailable for item  (stubbed) — possible dead link worth checking: https://youtu.be/uCZgDd1dOQk?si=-RPdDn9xqa5_AVgl
🟠 [AcksBuilder] YouTube metadata unavailable for item  (stubbed) — possible dead link worth checking: https://youtu.be/qJUclowq0J8?si=SwHYiXpWvBDs67vy
🟠 [AcksBuilder] YouTube metadata unavailable for item  (stubbed) — possible dead link worth checking: https://youtu.be/x_0HHw6SYRI?si=dPyB42C3BMfOEQX9
🟠 [AcksBuilder] YouTube metadata unavailable for item  (stubbed) — possible dead link worth checking: https://youtu.be/qhVXpyEhLRA?si=HuvJEu2kWVkf6Y3Q
🟠 [AcksBuilder] YouTube metadata unavailable for item  (stubbed) — possible dead link worth checking: https://youtu.be/t2No7Hl7Wec?si=p9WSVPf6C5c01KjU
🟠 [AcksBuilder] YouTube metadata unavailable for item  (stubbed) — possible dead link worth checking: https://youtu.be/9oL_Y0F-yRw?si=wBh1gf8sOZHuI-al
🟠 [AcksBuilder] YouTube metadata unavailable for item  (stubbed) — possible dead link worth checking: https://youtu.be/kibwDQpqtA4?si=HxKN7S2piQvtC0SY
🟠 [AcksBuilder] YouTube metadata unavailable for item  (stubbed) — possible dead link worth checking: https://youtu.be/41rarInjzqo?si=HjL0IaMCRqDF90mH
🟠 [AcksBuilder] YouTube metadata unavailable for item  (stubbed) — possible dead link worth checking: https://youtu.be/zz79MxaCgsw?si=51LeMsOIait1iSy9
🟠 [AcksBuilder] YouTube metadata unavailable for item  (stubbed) — possible dead link worth checking: https://youtu.be/FByNoNt32XA?si=Ph4RaQ7wXT54J46O
🟠 [AcksBuilder] YouTube metadata unavailable for item  (stubbed) — possible dead link worth checking: https://youtu.be/IsWa2s_qmRo?si=dxxuZvWl2DgyC9Hp
🟠 [AcksBuilder] YouTube metadata unavailable for item  (stubbed) — possible dead link worth checking: https://youtube.com/shorts/qf6dwWBJ67U?si=AsyEVUFBlj2BKc3j
🟠 [AcksBuilder] Unknown media item type "Website" (item ) — used "Website" as the prefix; add it to Acks_Formats type_prefix_map.
🟠 [AcksBuilder] YouTube metadata unavailable for item  (stubbed) — possible dead link worth checking: https://youtu.be/KcoLCX97YbQ?si=I4DIaknOhc1l7dSY
🟠 [AcksBuilder] YouTube metadata unavailable for item  (stubbed) — possible dead link worth checking: https://youtu.be/0IPIzDgoTAs?si=JijmhG9pHH8nwzs8
🟠 [AcksBuilder] YouTube metadata unavailable for item  (stubbed) — possible dead link worth checking: https://youtu.be/7MOqgEol2V0?si=iYs4_6lLXqbblDWX
🟠 [AcksBuilder] YouTube metadata unavailable for item  (stubbed) — possible dead link worth checking: https://youtu.be/SV9iZgKjit8?si=1cgsBlqlQpijSgBu
🟠 [AcksBuilder] YouTube metadata unavailable for item  (stubbed) — possible dead link worth checking: https://youtu.be/GGwtMPtb160?si=j0HwT5_hvVsrwg_E
🟠 [AcksBuilder] YouTube metadata unavailable for item  (stubbed) — possible dead link worth checking: https://youtu.be/irKjE026fJQ?si=WIv3NgXOFV9DT0h9
🟠 [AcksBuilder] YouTube metadata unavailable for item  (stubbed) — possible dead link worth checking: https://youtu.be/4S-wspUIAd8?si=RwcVH_9hW6Cu4duz
🟠 [AcksBuilder] YouTube metadata unavailable for item  (stubbed) — possible dead link worth checking: https://youtu.be/6kSBmL65aQc?si=oSTa_MMt_8n-SBWM
🟠 [AcksBuilder] YouTube metadata unavailable for item  (stubbed) — possible dead link worth checking: https://youtu.be/J2tEq6m-NWw?si=zLrYWLN9EfANfoQb
🟠 [AcksBuilder] YouTube metadata unavailable for item  (stubbed) — possible dead link worth checking: https://youtu.be/nAh0nZE7pxo?si=sk8yxrmVYd-8iRR5
🟠 [AcksBuilder] YouTube metadata unavailable for item  (stubbed) — possible dead link worth checking: https://youtu.be/857b2cT2_1A?si=voOQ8vl3jKUBp18-
🟠 [AcksBuilder] YouTube metadata unavailable for item  (stubbed) — possible dead link worth checking: https://youtu.be/CdC72XSMuoc?si=KLq1Qop4tawldgbl
🟠 [AcksBuilder] YouTube metadata unavailable for item  (stubbed) — possible dead link worth checking: https://youtu.be/y3ZRUwRtUio?si=F74dIH24hc3ExS5j
🟠 [AcksBuilder] YouTube metadata unavailable for item  (stubbed) — possible dead link worth checking: https://youtu.be/AbewM-jAj7I?si=w8GveM4pfcqKMzMD
🟠 [AcksBuilder] YouTube metadata unavailable for item  (stubbed) — possible dead link worth checking: https://youtu.be/wfnOBXFc8Nw?si=fzxiWHR-dj_sb8Hn
🟠 [AcksBuilder] YouTube metadata unavailable for item  (stubbed) — possible dead link worth checking: https://youtu.be/KvFTIKBGjik?si=NDCNViKkj4ffhnav
🟠 [AcksBuilder] YouTube metadata unavailable for item  (stubbed) — possible dead link worth checking: https://youtu.be/rIDRuy7WT_U?si=lJDQCYe0Z3wLtWXb
🟠 [AcksBuilder] YouTube metadata unavailable for item  (stubbed) — possible dead link worth checking: https://youtu.be/tKBEtk0lKj8?si=fLPpeMBix4BfXLYy
🟠 [AcksBuilder] YouTube metadata unavailable for item  (stubbed) — possible dead link worth checking: https://youtu.be/-hmXESlL9pU?si=ufYykbDPFLavYnSv
🟠 [AcksBuilder] YouTube metadata unavailable for item  (stubbed) — possible dead link worth checking: https://youtu.be/naDOqWVn0Ts?si=OZI5EILVVvWsb0kQ
🟠 [AcksBuilder] YouTube metadata unavailable for item  (stubbed) — possible dead link worth checking: https://youtu.be/_nelU3vK8W8?si=ndLFiicYRRQOxQnL
🟠 [AcksBuilder] YouTube metadata unavailable for item  (stubbed) — possible dead link worth checking: https://youtu.be/jmKMrkrZHkE?si=ZTx-GC7k9HEeLiTm
🟠 [AcksBuilder] YouTube metadata unavailable for item  (stubbed) — possible dead link worth checking: https://youtu.be/w0Gmay_iq5A?si=Aocc0H2e7qeKD_JF
🟠 [AcksBuilder] YouTube metadata unavailable for item  (stubbed) — possible dead link worth checking: https://youtu.be/zV7Bi8FxCl8?si=Z2yFgGmxPCi5i-hB
🟠 [AcksBuilder] YouTube metadata unavailable for item  (stubbed) — possible dead link worth checking: https://youtu.be/evgawexaIJM?si=PTehrtvaw5_GsprU
🟠 [AcksBuilder] YouTube metadata unavailable for item  (stubbed) — possible dead link worth checking: https://youtu.be/-5UFqEzEGJE?si=ku_ARgtVnBo1RBk3
🟠 [AcksBuilder] YouTube metadata unavailable for item  (stubbed) — possible dead link worth checking: https://youtu.be/Z4kIeW3zXxU?si=m_4ARiLvRS7-YJ_p
🟠 [AcksBuilder] YouTube metadata unavailable for item  (stubbed) — possible dead link worth checking: https://youtu.be/moxO3VkMeRg?si=N0a7Hr0RvqGjr4Bi
🟠 [AcksBuilder] YouTube metadata unavailable for item  (stubbed) — possible dead link worth checking: https://youtu.be/US59eim8wec?si=V2gjW5dUcWEF3YV-
🟠 [AcksBuilder] YouTube metadata unavailable for item  (stubbed) — possible dead link worth checking: https://youtu.be/-hmXESlL9pU?si=PvTxjyD8wMxHNgfw
🟠 [AcksBuilder] YouTube metadata unavailable for item  (stubbed) — possible dead link worth checking: https://youtu.be/-keiXftims4?si=AwmqjpsKrHu7fSq0
🟠 [AcksBuilder] YouTube metadata unavailable for item  (stubbed) — possible dead link worth checking: https://youtu.be/VrNeJDQlHSY?si=8bTx5V0M9xQeC3ge
🟠 [AcksBuilder] YouTube metadata unavailable for item  (stubbed) — possible dead link worth checking: https://youtu.be/Q6fzbtalefY?si=JS_H9kB2PO3H48ce
🟠 [AcksBuilder] YouTube metadata unavailable for item  (stubbed) — possible dead link worth checking: https://youtu.be/1LzyXvHO638?si=STtQTadI5cOpmpUZ
🟠 [AcksBuilder] YouTube metadata unavailable for item  (stubbed) — possible dead link worth checking: https://youtu.be/ByHnRS52s-0?si=pP6-MZfKB8XYwzQw
🟠 [AcksBuilder] Media item  sits between lessons 1.2 and 1.3 — placed in 1.2; verify.
🟠 [AcksBuilder] 1 iStock title could not be verified (no *istock-acks*.txt was supplied); each is marked ❗ and the acks block carries a designer note.
🟢 [ModuleResolver] BLL260 is not in the registry members — inherited from its level BLL2 (sibling rule).
🟢 [ConventionResolver] HTML conventions from group 1-10 Blended Literacy|1-3: overview menu two_col_li, lesson menu two_col_li.
🟢 [PageSplitter] [end page] before [MODULE INTRODUCTION] disregarded — the introduction stays on the overview page (AR-1).
🟢 [PageSplitter] Implicit page break: content continues after [end page] without a [LESSON] tag — opened page 1.0.
🟢 [PageSplitter] Implicit page break: content continues after [end page] without a [LESSON] tag — opened page 2.0.
🟢 [PageSplitter] Implicit page break: content continues after [end page] without a [LESSON] tag — opened page 3.0.
🟢 [PageSplitter] Implicit page break: content continues after [end page] without a [LESSON] tag — opened page 4.0.
🟢 [PageSplitter] Implicit page break: content continues after [end page] without a [LESSON] tag — opened page 5.0.
🟢 [PageSplitter] Implicit page break: content continues after [end page] without a [LESSON] tag — opened page 6.0.
🟢 [PageSplitter] Content after the final [end page] (2 blocks) is writer-form boilerplate — not emitted (AR-5).
🟢 [ContentConverter] Page 0.0: [end supervisor note] had no open container — ignored.
🟢 [MenuBuilder] Menu heading "Tirohanga Whānui | Overview" is the section label — consumed (the menu scaffolding names it).
🟢 [InteractiveScanner] Activity 1F: additional widget [click drop] absorbed (clickDrop + clickDrop).
🟢 [InteractiveScanner] Activity 1F: additional widget [click drop] absorbed (clickDrop + clickDrop).
🟢 [InteractiveScanner] Activity 1F: additional widget [click drop] absorbed (clickDrop + clickDrop).
🟢 [InteractiveScanner] Activity 1F: additional widget [click drop] absorbed (clickDrop + clickDrop).
🟢 [InteractiveScanner] Activity 1F: additional widget [click drop] absorbed (clickDrop + clickDrop).
🟢 [InteractiveScanner] Activity 1F: additional widget [click drop] absorbed (clickDrop + clickDrop).
🟢 [InteractiveScanner] Activity 1F: additional widget [click drop] absorbed (clickDrop + clickDrop).
🟢 [InteractiveScanner] Activity 1F: additional widget [click drop] absorbed (clickDrop + clickDrop).
🟢 [InteractiveScanner] Activity 1F: additional widget [click drop] absorbed (clickDrop + clickDrop).
🟢 [InteractiveScanner] Activity 1F: additional widget [click drop] absorbed (clickDrop + clickDrop).
🟢 [ContentConverter] Page 1.1: [end supervisor note] had no open container — ignored.
🟢 [InteractiveBuilder] Built carousel #1 from captured data (no placeholder needed).
🟢 [ContentConverter] Page 1.1: [end carousel] had no open container — ignored.
🟢 [InteractiveBuilder] Built accordion #3 from captured data (no placeholder needed).
🟢 [ContentConverter] Page 1.1: [end accordion] had no open container — ignored.
🟢 [ContentConverter] Page 1.1: [end body] had no open container — ignored.
🟢 [ContentConverter] Page 1.1: [end activity] had no open container — ignored.
🟢 [ContentConverter] Page 1.1: [end activity] had no open container — ignored.
🟢 [InteractiveScanner] Activity 2F: additional widget [click drop] absorbed (clickDrop + clickDrop).
🟢 [InteractiveScanner] Activity 2F: additional widget [click drop] absorbed (clickDrop + clickDrop).
🟢 [InteractiveScanner] Activity 2F: additional widget [click drop] absorbed (clickDrop + clickDrop).
🟢 [InteractiveScanner] Activity 2F: additional widget [click drop] absorbed (clickDrop + clickDrop).
🟢 [ContentConverter] Page 2.1: [end supervisor note] had no open container — ignored.
🟢 [InteractiveBuilder] Built carousel #7 from captured data (no placeholder needed).
🟢 [InteractiveBuilder] Built accordion #9 from captured data (no placeholder needed).
🟢 [ContentConverter] Page 2.1: [end accordion] had no open container — ignored.
🟢 [InteractiveBuilder] Built flipCard #11 from captured data (no placeholder needed).
🟢 [InteractiveScanner] Activity 3F: additional widget [click drop] absorbed (clickDrop + clickDrop).
🟢 [InteractiveScanner] Activity 3F: additional widget [click drop] absorbed (clickDrop + clickDrop).
🟢 [InteractiveScanner] Activity 3F: additional widget [click drop] absorbed (clickDrop + clickDrop).
🟢 [InteractiveScanner] Activity 3F: additional widget [click drop] absorbed (clickDrop + clickDrop).
🟢 [InteractiveScanner] Activity 3F: additional widget [click drop] absorbed (clickDrop + clickDrop).
🟢 [InteractiveScanner] Activity 3F: additional widget [click drop] absorbed (clickDrop + clickDrop).
🟢 [InteractiveScanner] Activity 3F: additional widget [click drop] absorbed (clickDrop + clickDrop).
🟢 [ContentConverter] Page 3.1: [end supervisor note] had no open container — ignored.
🟢 [ContentConverter] Page 3.1: [activity] auto-closed before the next side alert.
🟢 [InteractiveBuilder] Built carousel #13 from captured data (no placeholder needed).
🟢 [ContentConverter] Page 3.1: [end carousel] had no open container — ignored.
🟢 [InteractiveBuilder] Built accordion #15 from captured data (no placeholder needed).
🟢 [ContentConverter] Page 3.1: [end accordion] had no open container — ignored.
🟢 [ContentConverter] Page 3.1: [end other] had no open container — ignored.
🟢 [InteractiveScanner] Activity 4F: additional widget [click drop] absorbed (clickDrop + clickDrop).
🟢 [InteractiveScanner] Activity 4F: additional widget [click drop] absorbed (clickDrop + clickDrop).
🟢 [InteractiveScanner] Activity 4F: additional widget [click drop] absorbed (clickDrop + clickDrop).
🟢 [InteractiveScanner] Activity 4F: additional widget [click drop] absorbed (clickDrop + clickDrop).
🟢 [InteractiveScanner] Activity 4F: additional widget [click drop] absorbed (clickDrop + clickDrop).
🟢 [InteractiveScanner] Activity 4F: additional widget [click drop] absorbed (clickDrop + clickDrop).
🟢 [InteractiveScanner] Activity 4F: additional widget [click drop] absorbed (clickDrop + clickDrop).
🟢 [InteractiveScanner] Activity 4F: additional widget [click drop] absorbed (clickDrop + clickDrop).
🟢 [ContentConverter] Page 4.1: [end supervisor note] had no open container — ignored.
🟢 [ContentConverter] Page 4.1: [activity] auto-closed before the next side alert.
🟢 [InteractiveBuilder] Built carousel #19 from captured data (no placeholder needed).
🟢 [ContentConverter] Page 4.1: [end carousel] had no open container — ignored.
🟢 [InteractiveBuilder] Built accordion #21 from captured data (no placeholder needed).
🟢 [ContentConverter] Page 4.1: [end accordion] had no open container — ignored.
🟢 [ContentConverter] Page 4.1: [end other] had no open container — ignored.
🟢 [InteractiveScanner] Activity 5F: additional widget [click drop] absorbed (clickDrop + clickDrop).
🟢 [InteractiveScanner] Activity 5F: additional widget [click drop] absorbed (clickDrop + clickDrop).
🟢 [InteractiveScanner] Activity 5F: additional widget [click drop] absorbed (clickDrop + clickDrop).
🟢 [InteractiveScanner] Activity 5F: additional widget [click drop] absorbed (clickDrop + clickDrop).
🟢 [InteractiveScanner] Activity 5F: additional widget [click drop] absorbed (clickDrop + clickDrop).
🟢 [InteractiveScanner] Activity 5F: additional widget [click drop] absorbed (clickDrop + clickDrop).
🟢 [InteractiveScanner] Activity 5F: additional widget [click drop] absorbed (clickDrop + clickDrop).
🟢 [InteractiveScanner] Activity 5F: additional widget [click drop] absorbed (clickDrop + clickDrop).
🟢 [InteractiveScanner] Activity 5F: additional widget [click drop] absorbed (clickDrop + clickDrop).
🟢 [InteractiveScanner] Activity 5F: additional widget [click drop] absorbed (clickDrop + clickDrop).
🟢 [InteractiveScanner] Activity 5F: additional widget [click drop] absorbed (clickDrop + clickDrop).
🟢 [ContentConverter] Page 5.1: [end supervisor note] had no open container — ignored.
🟢 [InteractiveBuilder] Built carousel #25 from captured data (no placeholder needed).
🟢 [ContentConverter] Page 5.1: [end carousel] had no open container — ignored.
🟢 [InteractiveBuilder] Built accordion #27 from captured data (no placeholder needed).
🟢 [ContentConverter] Page 5.1: [end accordion] had no open container — ignored.
🟢 [InteractiveBuilder] Built flipCard #29 from captured data (no placeholder needed).
🟢 [InteractiveBuilder] Built clickDrop #30 from captured data (no placeholder needed).
🟢 [ContentConverter] Page 5.1: [end other] had no open container — ignored.
🟢 [InteractiveScanner] Activity 6F: additional widget [click drop] absorbed (clickDrop + clickDrop).
🟢 [InteractiveScanner] Activity 6F: additional widget [click drop] absorbed (clickDrop + clickDrop).
🟢 [InteractiveScanner] Activity 6F: additional widget [click drop] absorbed (clickDrop + clickDrop).
🟢 [InteractiveScanner] Activity 6F: additional widget [click drop] absorbed (clickDrop + clickDrop).
🟢 [InteractiveScanner] Activity 6F: additional widget [click drop] absorbed (clickDrop + clickDrop).
🟢 [InteractiveScanner] Activity 6F: additional widget [click drop] absorbed (clickDrop + clickDrop).
🟢 [InteractiveScanner] Activity 6F: additional widget [click drop] absorbed (clickDrop + clickDrop).
🟢 [InteractiveScanner] Activity 6F: additional widget [click drop] absorbed (clickDrop + clickDrop).
🟢 [InteractiveScanner] Activity 6F: additional widget [click drop] absorbed (clickDrop + clickDrop).
🟢 [InteractiveScanner] Activity 6F: additional widget [click drop] absorbed (clickDrop + clickDrop).
🟢 [InteractiveScanner] Activity 6F: additional widget [click drop] absorbed (clickDrop + clickDrop).
🟢 [ContentConverter] Page 6.1: [end supervisor note] had no open container — ignored.
🟢 [InteractiveBuilder] Built carousel #31 from captured data (no placeholder needed).
🟢 [ContentConverter] Page 6.1: [end carousel] had no open container — ignored.
🟢 [InteractiveBuilder] Built accordion #33 from captured data (no placeholder needed).
🟢 [ContentConverter] Page 6.1: [end accordion] had no open container — ignored.
🟢 [InteractiveBuilder] Built flipCard #35 from captured data (no placeholder needed).
🟢 [ContentConverter] Page 6.1: [end other] had no open container — ignored.
🟠 [AcksBuilder] YouTube metadata unavailable for item  (stubbed) — possible dead link worth checking: https://www.youtube.com/watch?v=QGR8Fwf2jUc
🟠 [AcksBuilder] YouTube metadata unavailable for item  (stubbed) — possible dead link worth checking: https://www.youtube.com/watch?v=WyCeN1hrhak
🟠 [AcksBuilder] YouTube metadata unavailable for item  (stubbed) — possible dead link worth checking: https://www.youtube.com/watch?v=opCMAXix9qE
🟠 [AcksBuilder] YouTube metadata unavailable for item  (stubbed) — possible dead link worth checking: https://www.youtube.com/watch?v=XOAs5Afxohs
🟠 [AcksBuilder] YouTube metadata unavailable for item  (stubbed) — possible dead link worth checking: https://www.youtube.com/watch?v=-o4LpfqwKa8
🟠 [AcksBuilder] YouTube metadata unavailable for item  (stubbed) — possible dead link worth checking: https://www.youtube.com/watch?v=ASxv1zDNP-o
🟠 [AcksBuilder] YouTube metadata unavailable for item  (stubbed) — possible dead link worth checking: https://www.youtube.com/watch?v=dMDJKNfJXrI
🟠 [AcksBuilder] YouTube metadata unavailable for item  (stubbed) — possible dead link worth checking: https://www.youtube.com/watch?v=nszM8JQo4mM
🟠 [AcksBuilder] Unknown media item type "Video (same video as 1B)" (item ) — used "Video (same video as 1b)" as the prefix; add it to Acks_Formats type_prefix_map.
🟠 [AcksBuilder] YouTube metadata unavailable for item  (stubbed) — possible dead link worth checking: https://www.youtube.com/watch?v=WyCeN1hrhak
🟠 [AcksBuilder] Unknown media item type "Video (same video as 1B)" (item ) — used "Video (same video as 1b)" as the prefix; add it to Acks_Formats type_prefix_map.
🟠 [AcksBuilder] YouTube metadata unavailable for item  (stubbed) — possible dead link worth checking: https://www.youtube.com/watch?v=-yDaSjBF9UM
🟠 [AcksBuilder] YouTube metadata unavailable for item  (stubbed) — possible dead link worth checking: https://www.youtube.com/watch?v=NLkVWwhGj-A
🟠 [AcksBuilder] YouTube metadata unavailable for item  (stubbed) — possible dead link worth checking: https://www.youtube.com/watch?v=7IdzRDXxvHE
🟠 [AcksBuilder] YouTube metadata unavailable for item  (stubbed) — possible dead link worth checking: https://www.youtube.com/watch?v=K5j0qu-mcmk%20
🟠 [AcksBuilder] YouTube metadata unavailable for item  (stubbed) — possible dead link worth checking: https://www.youtube.com/watch?v=udK5JCuTiBM
🟠 [AcksBuilder] YouTube metadata unavailable for item  (stubbed) — possible dead link worth checking: https://www.youtube.com/watch?v=KX0ScxJuiVM
🟠 [AcksBuilder] YouTube metadata unavailable for item  (stubbed) — possible dead link worth checking: https://www.youtube.com/watch?v=0NC3aWRLKyI
🟠 [AcksBuilder] YouTube metadata unavailable for item  (stubbed) — possible dead link worth checking: https://www.youtube.com/watch?v=ZnuG3msOYyg
🟠 [AcksBuilder] YouTube metadata unavailable for item  (stubbed) — possible dead link worth checking: https://www.youtube.com/watch?v=Cqz1UQl86_k&t=6s
🟠 [AcksBuilder] YouTube metadata unavailable for item  (stubbed) — possible dead link worth checking: https://www.youtube.com/watch?v=kvdwsSE-s0o
🟠 [AcksBuilder] YouTube metadata unavailable for item  (stubbed) — possible dead link worth checking: https://www.youtube.com/watch?v=ZIDcbnrmkTI
🟠 [AcksBuilder] YouTube metadata unavailable for item  (stubbed) — possible dead link worth checking: https://www.youtube.com/watch?v=38zecmUP1Y8
🟠 [AcksBuilder] YouTube metadata unavailable for item  (stubbed) — possible dead link worth checking: https://www.youtube.com/watch?v=qH2Rh6Mc01w
🟠 [AcksBuilder] YouTube metadata unavailable for item  (stubbed) — possible dead link worth checking: https://www.youtube.com/watch?v=R8AGTsaeQhg
🟠 [AcksBuilder] YouTube metadata unavailable for item  (stubbed) — possible dead link worth checking: https://www.youtube.com/watch?v=qus_vfy1Tgo
🟠 [AcksBuilder] YouTube metadata unavailable for item  (stubbed) — possible dead link worth checking: https://www.youtube.com/watch?v=fWNG5-4Nvv4
🟠 [AcksBuilder] YouTube metadata unavailable for item  (stubbed) — possible dead link worth checking: https://www.youtube.com/watch?v=lXaRkKEuZjo
🟠 [AcksBuilder] YouTube metadata unavailable for item  (stubbed) — possible dead link worth checking: https://www.youtube.com/watch?v=Fn9VQOm0Md0
🟠 [AcksBuilder] Media item **Reminder: List all external platforms recommended to the student in the module for copyright review (old and new links)** sits between lessons 1.1 and 2.1 — placed in 1.1; verify.
🟠 [AcksBuilder] 54 iStock titles could not be verified (no *istock-acks*.txt was supplied); each is marked ❗ and the acks block carries a designer note.
🟢 [ConventionResolver] HTML conventions from series CEDK (deviation over ConnectED|1-3): overview menu two_col_li, lesson menu two_col_li.
🟢 [InteractiveScanner] clickDrop: additional widget [click drop] absorbed (clickDrop + clickDrop).
🟢 [InteractiveScanner] clickDrop: additional widget [click drop] absorbed (clickDrop + clickDrop).
🟢 [InteractiveScanner] modal: additional widget [modal] absorbed (modal + modal).
🟢 [InteractiveScanner] modal: additional widget [modal] absorbed (modal + modal).
🟢 [ContentConverter] Page 0.0: [activity] auto-closed before the next activity.
🟢 [InteractiveBuilder] Built flipCard #2 from captured data (no placeholder needed).
🟢 [ContentConverter] Page 0.0: [end activity] had no open container — ignored.
🟢 [ContentConverter] Page 0.0: bare [activity] re-emphasis merged into the open numbered activity (no new box).
🟢 [ContentConverter] Page 0.0: bare [activity] re-emphasis merged into the open numbered activity (no new box).
🟢 [ContentConverter] Page 0.0: bare [activity] re-emphasis merged into the open numbered activity (no new box).
🟢 [ContentConverter] Page 0.0: bare [activity] re-emphasis merged into the open numbered activity (no new box).
🟢 [ContentConverter] Page 0.0: [activity] auto-closed before the next supervisor note.
🟢 [ContentConverter] Page 0.0: [end activity] had no open container — ignored.
🟢 [ContentConverter] Page 0.0: bare [activity] re-emphasis merged into the open numbered activity (no new box).
🟢 [ContentConverter] Page 0.0: bare [activity] re-emphasis merged into the open numbered activity (no new box).
🟢 [ContentConverter] Page 0.0: [activity] auto-closed before the next activity.
🟢 [ContentConverter] Page 0.0: [end activity] had no open container — ignored.
🟢 [ContentConverter] Page 0.0: [activity] auto-closed before the next activity.
🟢 [ContentConverter] Page 0.0: [activity] auto-closed before the next activity.
🟢 [InteractiveBuilder] Built clickDrop #9 from captured data (no placeholder needed).
🟢 [ContentConverter] Page 0.0: [activity] auto-closed before the next activity.
🟢 [ContentConverter] Page 0.0: [end activity] had no open container — ignored.
🟢 [ContentConverter] Page 0.0: [activity] auto-closed before the next activity.
🟢 [ContentConverter] Page 0.0: [activity] auto-closed before the next activity.
🟢 [InteractiveBuilder] Built modal #14 from captured data (no placeholder needed).
🟢 [ContentConverter] Page 0.0: [end activity] had no open container — ignored.
🟢 [ContentConverter] Page 0.0: bare [activity] re-emphasis merged into the open numbered activity (no new box).
🟢 [ContentConverter] Page 0.0: [activity] auto-closed before the next supervisor note.
🟢 [ContentConverter] Page 0.0: bare [activity] re-emphasis merged into the open numbered activity (no new box).
🟢 [MenuBuilder] Menu heading "Tirohanga Whānui | Overview" is the section label — consumed (the menu scaffolding names it).
🟢 [ActivitiesBuilder] 1 activity title heading(s) set to h3 (title_heading_level).
🟠 [AcksBuilder] Unknown media item type "Link to website" (item 18) — used "Link to website" as the prefix; add it to Acks_Formats type_prefix_map.
🟠 [AcksBuilder] Unknown media item type "Link to website" (item 19) — used "Link to website" as the prefix; add it to Acks_Formats type_prefix_map.
🟢 [AcksBuilder] Media item 32 ("Website link") is a lesson link — no acknowledgement (scope rule).
🟢 [AcksBuilder] Media item 33 ("Website link") is a lesson link — no acknowledgement (scope rule).
🟢 [AcksBuilder] Media item 34 ("Website link") is a lesson link — no acknowledgement (scope rule).
🟢 [AcksBuilder] Media item 35 ("Website link") is a lesson link — no acknowledgement (scope rule).
🟠 [AcksBuilder] Unknown media item type "Link to google folder" (item 36) — used "Link to google folder" as the prefix; add it to Acks_Formats type_prefix_map.
🟠 [AcksBuilder] YouTube metadata unavailable for item 37 (stubbed) — possible dead link worth checking: https://www.youtube.com/watch?v=-Kq3nvC8La0
🟠 [AcksBuilder] 28 iStock titles could not be verified (no *istock-acks*.txt was supplied); each is marked ❗ and the acks block carries a designer note.
🟠 [SkeletonBuilder] module_code value "—" has no module_code_value_map entry — element omitted; add the value to Emit_Templates.
🟢 [SkeletonBuilder] footer_links "overview" value "—" is not a footer pattern (the registry's no-evidence marker) — the KB's overview-page form "next+home" applied (footer.kb_position_defaults).
🟢 [ConventionResolver] HTML conventions from group ConnectED|7-8: overview menu two_col_li, lesson menu two_col_li.
🟢 [PageSplitter] Registry says single-file but lesson/page tags exist — keeping ONE file; the tags become in-page breaks (registry rule).
🟢 [PageSplitter] Document opens without a literal [TITLE BAR] — overview page opened at the first content tag (Fundamentals-style template).
🟢 [PageSplitter] Second [TITLE BAR] kept in-page — registry page_model is single-file.
🟠 [ContentConverter] [TITLE BAR] title half is the placeholder "MODULE TITLE" — the real title is not in the WT; dropped, not shipped as an <h1>. Add the title to the source.
🟢 [PageAssembler] [TITLE BAR] held only placeholder text — using the front-matter Course "Tūhono - Ako whakauru | ConnectED" as the English title; no Te Reo title (the real one is not in the WT).
🟠 [SkeletonBuilder] module_code value "—" has no module_code_value_map entry — element omitted; add the value to Emit_Templates.
🟢 [SkeletonBuilder] footer_links "overview" value "—" is not a footer pattern (the registry's no-evidence marker) — the KB's overview-page form "next+home" applied (footer.kb_position_defaults).
🟢 [ConventionResolver] HTML conventions from group ConnectED|4-6: overview menu two_col_li, lesson menu two_col_li.
🟢 [PageSplitter] Registry says single-file but lesson/page tags exist — keeping ONE file; the tags become in-page breaks (registry rule).
🟢 [ContentConverter] Page 0.0: [activity] auto-closed before the next activity.
🟢 [ContentConverter] Page 0.0: [activity] auto-closed before the next activity.
🟢 [ContentConverter] Page 0.0: [activity] auto-closed before the next alert.
🟢 [ContentConverter] Page 0.0: [activity] auto-closed before the next activity.
🟢 [ContentConverter] Page 0.0: [activity] auto-closed before the next activity.
🟢 [ContentConverter] Page 0.0: [activity] auto-closed before the next activity.
🟢 [ContentConverter] Page 0.0: [activity] auto-closed before the next h3.
🟢 [ContentConverter] Page 0.0: [activity] auto-closed before the next activity.
🟢 [ContentConverter] Page 0.0: [activity] auto-closed before the next activity.
🟢 [ContentConverter] Page 0.0: [activity] auto-closed before the next h3.
🟢 [ContentConverter] Page 0.0: [activity] auto-closed before the next activity.
🟢 [ContentConverter] Page 0.0: [activity] auto-closed before the next activity.
🟢 [ContentConverter] Page 0.0: [activity] auto-closed before the next activity.
🟢 [ContentConverter] Page 0.0: [activity] auto-closed before the next activity.
🟠 [ContentConverter] Page 0.0: [activity] was never closed — closed at page end.
🟠 [AcksBuilder] YouTube metadata unavailable for item 2 (stubbed) — possible dead link worth checking: https://www.youtube.com/watch?v=A_saeTJKfgA
🟠 [AcksBuilder] YouTube metadata unavailable for item 3 (stubbed) — possible dead link worth checking: https://www.youtube.com/watch?v=f_dlQ6wxPc0
🟠 [AcksBuilder] YouTube metadata unavailable for item 9 (stubbed) — possible dead link worth checking: https://www.youtube.com/watch?v=vfak4x6Wjqw
🟠 [AcksBuilder] YouTube metadata unavailable for item 10 (stubbed) — possible dead link worth checking: https://www.youtube.com/watch?v=XbI5ei3v5yg
🟠 [AcksBuilder] YouTube metadata unavailable for item 11 (stubbed) — possible dead link worth checking: https://www.youtube.com/watch?v=TUxjA28b_Eg
🟠 [AcksBuilder] YouTube metadata unavailable for item 12 (stubbed) — possible dead link worth checking: https://www.youtube.com/watch?v=GtEvysh1654
🟠 [AcksBuilder] YouTube metadata unavailable for item 13 (stubbed) — possible dead link worth checking: https://www.youtube.com/watch?v=vaGvPwiFW4g
🟠 [AcksBuilder] YouTube metadata unavailable for item 14 (stubbed) — possible dead link worth checking: https://www.youtube.com/watch?v=R533DDds3RY
🟠 [AcksBuilder] Unknown media item type "Word art" (item 15) — used "Word art" as the prefix; add it to Acks_Formats type_prefix_map.
🟠 [AcksBuilder] YouTube metadata unavailable for item 16 (stubbed) — possible dead link worth checking: https://www.youtube.com/watch?v=ddvTFgzkS5M
🟠 [AcksBuilder] YouTube metadata unavailable for item 17 (stubbed) — possible dead link worth checking: https://www.youtube.com/watch?v=bAfq6yLdXLU
🟠 [AcksBuilder] YouTube metadata unavailable for item 18 (stubbed) — possible dead link worth checking: https://www.youtube.com/watch?v=HirU41kPGkc
🟠 [AcksBuilder] YouTube metadata unavailable for item 19 (stubbed) — possible dead link worth checking: https://www.youtube.com/shorts/TtnWy57riq8?feature=share
🟠 [AcksBuilder] YouTube metadata unavailable for item 20 (stubbed) — possible dead link worth checking: https://www.youtube.com/watch?v=ej_lp0ZwckY
🟠 [AcksBuilder] YouTube metadata unavailable for item 21 (stubbed) — possible dead link worth checking: https://www.youtube.com/watch?v=UIe38Zx4iWk
🟠 [AcksBuilder] YouTube metadata unavailable for item 22 (stubbed) — possible dead link worth checking: https://www.youtube.com/watch?v=njB7SonjmoE
🟠 [AcksBuilder] YouTube metadata unavailable for item 23 (stubbed) — possible dead link worth checking: https://www.youtube.com/watch?v=ElX5T6q3tlY
🟠 [AcksBuilder] YouTube metadata unavailable for item 24 (stubbed) — possible dead link worth checking: https://www.youtube.com/watch?v=ElX5T6q3tlY
🟠 [AcksBuilder] YouTube metadata unavailable for item 25 (stubbed) — possible dead link worth checking: https://www.youtube.com/watch?v=nO1JHWYy_Fo
🟢 [AcksBuilder] Media item 15 placed in lesson 0.0 by neighbour interpolation — verify its group.
🟠 [AcksBuilder] 3 iStock titles could not be verified (no *istock-acks*.txt was supplied); each is marked ❗ and the acks block carries a designer note.
🟠 [SkeletonBuilder] module_code value "—" has no module_code_value_map entry — element omitted; add the value to Emit_Templates.
🟢 [SkeletonBuilder] footer_links "overview" value "—" is not a footer pattern (the registry's no-evidence marker) — the KB's overview-page form "next+home" applied (footer.kb_position_defaults).
🟠 [ModuleResolver] Multiple module-code candidates found (ENG1004, ENG1001) — using ENG1004 from filename "ENG1004 Writers Template + Media List.docx".
🟢 [ConventionResolver] HTML conventions from group NCEA1|NCEA: overview menu tabs, lesson menu flat.
🟢 [PageSplitter] [end page] on the overview disregarded — an introduction-cluster marker follows ([Title]/[Introduction]/[supervisor note]; AR-1 generalised).
🟢 [PageSplitter] Implicit page break: content continues after [end page] without a [LESSON] tag — opened page 1.0.
🟢 [PageSplitter] Implicit page break: content continues after [end page] without a [LESSON] tag — opened page 2.0.
🟢 [PageSplitter] Implicit page break: content continues after [end page] without a [LESSON] tag — opened page 3.0.
🟢 [PageSplitter] Implicit page break: content continues after [end page] without a [LESSON] tag — opened page 4.0.
🟢 [PageSplitter] Implicit page break: content continues after [end page] without a [LESSON] tag — opened page 5.0.
🟢 [PageSplitter] Implicit page break: content continues after [end page] without a [LESSON] tag — opened page 6.0.
🟢 [PageSplitter] Implicit page break: content continues after [end page] without a [LESSON] tag — opened page 7.0.
🟢 [PageSplitter] Content after the final [end page] (26 blocks) is writer-form boilerplate — not emitted (AR-5).
🟢 [InteractiveScanner] accordion: additional widget [accordion] absorbed (accordion + accordion).
🟢 [InteractiveScanner] accordion: additional widget [accordion] absorbed (accordion + accordion).
🟢 [InteractiveScanner] accordion: additional widget [accordion] absorbed (accordion + accordion).
🟢 [InteractiveScanner] accordion: nested [dropdown] absorbed as a sub-bundle (dropDown); host continues.
🟢 [InteractiveScanner] accordion: additional widget [accordion] absorbed (accordion + accordion).
🟢 [InteractiveBuilder] Built accordion #1 from captured data (no placeholder needed).
🟢 [InteractiveBuilder] Built accordion #3 from captured data (no placeholder needed).
🟢 [InteractiveBuilder] Built dropDown #4 from captured data (no placeholder needed).
🟢 [MenuBuilder] Menu heading "Tirohanga Whānui | Overview" is the section label — consumed (the menu scaffolding names it).
🟢 [MenuBuilder] Menu section "Aromatawai | Assessment for Learning" promoted to its own "Standards" nav tab (menu.extra_tabs registry).
🟢 [InteractiveScanner] accordion: nested [dropdown] absorbed as a sub-bundle (dropDown); host continues.
🟢 [InteractiveScanner] accordion: additional widget [accordion] absorbed (accordion + accordion).
🟢 [InteractiveBuilder] Built accordion #8 from captured data (no placeholder needed).
🟢 [InteractiveBuilder] Built dropDown #9 from captured data (no placeholder needed).
🟢 [InteractiveScanner] accordion: nested [dropdown] absorbed as a sub-bundle (dropDown); host continues.
🟢 [InteractiveScanner] accordion: additional widget [accordion] absorbed (accordion + accordion).
🟢 [InteractiveBuilder] Built accordion #13 from captured data (no placeholder needed).
🟢 [InteractiveBuilder] Built dropDown #14 from captured data (no placeholder needed).
🟢 [InteractiveScanner] accordion: additional widget [accordion] absorbed (accordion + accordion).
🟢 [InteractiveScanner] accordion: additional widget [accordion] absorbed (accordion + accordion).
🟢 [InteractiveScanner] accordion: additional widget [accordion] absorbed (accordion + accordion).
🟢 [InteractiveScanner] accordion: additional widget [accordion] absorbed (accordion + accordion).
🟢 [InteractiveScanner] accordion: additional widget [accordion] absorbed (accordion + accordion).
🟢 [InteractiveScanner] accordion: additional widget [accordion] absorbed (accordion + accordion).
🟢 [InteractiveScanner] accordion: additional widget [accordion] absorbed (accordion + accordion).
🟢 [InteractiveScanner] accordion: additional widget [accordion] absorbed (accordion + accordion).
🟢 [InteractiveScanner] accordion: additional widget [accordion] absorbed (accordion + accordion).
🟢 [InteractiveScanner] accordion: additional widget [accordion] absorbed (accordion + accordion).
🟢 [InteractiveScanner] accordion: additional widget [accordion] absorbed (accordion + accordion).
🟢 [InteractiveScanner] accordion: additional widget [accordion] absorbed (accordion + accordion).
🟢 [InteractiveScanner] accordion: additional widget [accordion] absorbed (accordion + accordion).
🟢 [InteractiveScanner] accordion: additional widget [accordion] absorbed (accordion + accordion).
🟢 [InteractiveScanner] accordion: additional widget [accordion] absorbed (accordion + accordion).
🟢 [InteractiveScanner] accordion: additional widget [accordion] absorbed (accordion + accordion).
🟢 [InteractiveScanner] accordion: additional widget [accordion] absorbed (accordion + accordion).
🟢 [InteractiveScanner] accordion: additional widget [accordion] absorbed (accordion + accordion).
🟢 [InteractiveScanner] accordion: additional widget [accordion] absorbed (accordion + accordion).
🟢 [InteractiveScanner] accordion: additional widget [accordion] absorbed (accordion + accordion).
🟢 [InteractiveScanner] accordion: additional widget [accordion] absorbed (accordion + accordion).
🟢 [InteractiveScanner] accordion: additional widget [accordion] absorbed (accordion + accordion).
🟢 [InteractiveScanner] accordion: additional widget [accordion] absorbed (accordion + accordion).
🟢 [InteractiveScanner] accordion: additional widget [accordion] absorbed (accordion + accordion).
🟢 [InteractiveScanner] accordion: additional widget [accordion] absorbed (accordion + accordion).
🟢 [InteractiveBuilder] Built accordion #17 from captured data (no placeholder needed).
🟢 [InteractiveBuilder] Built accordion #18 from captured data (no placeholder needed).
🟢 [InteractiveBuilder] Built accordion #19 from captured data (no placeholder needed).
🟠 [AcksBuilder] Unknown media item type "Still from video" (item ) — used "Still from video" as the prefix; add it to Acks_Formats type_prefix_map.
🟠 [AcksBuilder] YouTube metadata unavailable for item  (stubbed) — possible dead link worth checking: https://www.youtube.com/watch?v=UHwQAebxo_8
🟠 [AcksBuilder] Unknown media item type "Still from video" (item ) — used "Still from video" as the prefix; add it to Acks_Formats type_prefix_map.
🟠 [AcksBuilder] Media item  could not be mapped to a lesson — placed in the first group (0.0); verify.
🟠 [AcksBuilder] Media item  could not be mapped to a lesson — placed in the first group (0.0); verify.
🟠 [ModuleResolver] Multiple module-code candidates found (ENGI203, EN000) — using ENGI203 from filename "ENGI203 Writers Template + Media List.docx".
🟢 [ConventionResolver] HTML conventions from series ENGI (deviation over 1-10 English|4-6): overview menu two_col_li, lesson menu two_col_li.
🟢 [PageSplitter] [end page] before [MODULE INTRODUCTION] disregarded — the introduction stays on the overview page (AR-1).
🟢 [PageSplitter] Content after the final [end page] (18 blocks) is writer-form boilerplate — not emitted (AR-5).
🟢 [MenuBuilder] Menu heading "Tirohanga Whānui | Overview" is the section label — consumed (the menu scaffolding names it).
🟢 [InteractiveBuilder] Built carousel #5 from captured data (no placeholder needed).
🟢 [InteractiveBuilder] Built dragAndDrop #7 from captured data (no placeholder needed).
🟢 [InteractiveBuilder] Built carousel #8 from captured data (no placeholder needed).
🟢 [InteractiveBuilder] Built carousel #10 from captured data (no placeholder needed).
🟢 [InteractiveBuilder] Built dragAndDrop #12 from captured data (no placeholder needed).
🟢 [InteractiveBuilder] Built carousel #13 from captured data (no placeholder needed).
🟢 [InteractiveBuilder] Built carousel #16 from captured data (no placeholder needed).
🟢 [InteractiveBuilder] Built flipCard #20 from captured data (no placeholder needed).
🟢 [InteractiveBuilder] Built dragAndDrop #21 from captured data (no placeholder needed).
🟢 [ContentConverter] Page 10.0: [activity] auto-closed before the next activity.
🟠 [ContentConverter] Page 10.0: [activity] was never closed — closed at page end.
🟠 [AcksBuilder] YouTube metadata unavailable for item  (stubbed) — possible dead link worth checking: https://www.youtube.com/watch?v=x8fmeSVrFLw
🟠 [AcksBuilder] YouTube metadata unavailable for item  (stubbed) — possible dead link worth checking: https://www.youtube.com/watch?v=1kgUs4UHVK8&t=28s
🟠 [AcksBuilder] Unknown media item type "Jpg" (item ) — used "Jpg" as the prefix; add it to Acks_Formats type_prefix_map.
🟠 [AcksBuilder] YouTube metadata unavailable for item  (stubbed) — possible dead link worth checking: https://www.youtube.com/watch?v=RDOFt1tFYx8
🟠 [AcksBuilder] YouTube metadata unavailable for item  (stubbed) — possible dead link worth checking: https://www.youtube.com/watch?v=kOmSLK42HzI
🟠 [AcksBuilder] Unknown media item type "Graphic" (item ) — used "Graphic" as the prefix; add it to Acks_Formats type_prefix_map.
🟠 [AcksBuilder] YouTube metadata unavailable for item  (stubbed) — possible dead link worth checking: https://www.youtube.com/watch?v=dTd2ylacYNU
🟠 [AcksBuilder] YouTube metadata unavailable for item  (stubbed) — possible dead link worth checking: https://www.youtube.com/watch?v=xFrGuyw1V8s
🟠 [AcksBuilder] YouTube metadata unavailable for item  (stubbed) — possible dead link worth checking: https://www.youtube.com/watch?v=btPJPFnesV4
🟠 [AcksBuilder] YouTube metadata unavailable for item  (stubbed) — possible dead link worth checking: https://www.youtube.com/watch?v=4fndeDfaWCg
🟠 [AcksBuilder] YouTube metadata unavailable for item  (stubbed) — possible dead link worth checking: https://www.youtube.com/watch?v=8xg3vE8Ie_E
🟠 [AcksBuilder] YouTube metadata unavailable for item  (stubbed) — possible dead link worth checking: https://www.youtube.com/watch?v=4JNtAtGGNRU
🟠 [AcksBuilder] YouTube metadata unavailable for item  (stubbed) — possible dead link worth checking: https://www.youtube.com/watch?v=y_CJFEKNvX8
🟠 [AcksBuilder] Unknown media item type "Jpg" (item ) — used "Jpg" as the prefix; add it to Acks_Formats type_prefix_map.
🟠 [AcksBuilder] YouTube metadata unavailable for item  (stubbed) — possible dead link worth checking: https://www.youtube.com/watch?v=LbZ1IZ7zoSo
🟠 [AcksBuilder] Unknown media item type "Jpg" (item ) — used "Jpg" as the prefix; add it to Acks_Formats type_prefix_map.
🟠 [AcksBuilder] YouTube metadata unavailable for item  (stubbed) — possible dead link worth checking: https://www.youtube.com/watch?v=WuC2r8OMt0c
🟠 [AcksBuilder] YouTube metadata unavailable for item  (stubbed) — possible dead link worth checking: https://www.youtube.com/watch?v=YfkEQDPlb8g&t=1s
🟠 [AcksBuilder] YouTube metadata unavailable for item  (stubbed) — possible dead link worth checking: https://www.youtube.com/watch?v=2cBja3AbahY
🟠 [AcksBuilder] YouTube metadata unavailable for item  (stubbed) — possible dead link worth checking: https://www.youtube.com/watch?v=FHDKexBsSlU
🟠 [AcksBuilder] YouTube metadata unavailable for item  (stubbed) — possible dead link worth checking: https://www.youtube.com/watch?v=tN1A2mVnrOM
🟠 [AcksBuilder] YouTube metadata unavailable for item  (stubbed) — possible dead link worth checking: https://www.youtube.com/watch?v=-UaGUdNJdRQ
🟠 [AcksBuilder] YouTube metadata unavailable for item  (stubbed) — possible dead link worth checking: https://www.youtube.com/watch?v=TbQm5doF_Uc
🟠 [AcksBuilder] YouTube metadata unavailable for item  (stubbed) — possible dead link worth checking: https://www.youtube.com/watch?v=TnGl01FkMMo&t=5s
🟠 [AcksBuilder] Unknown media item type "Jpg" (item ) — used "Jpg" as the prefix; add it to Acks_Formats type_prefix_map.
🟠 [AcksBuilder] YouTube metadata unavailable for item  (stubbed) — possible dead link worth checking: https://www.youtube.com/watch?v=NoX6mOg2EZQ
🟠 [AcksBuilder] Unknown media item type "Jpg" (item ) — used "Jpg" as the prefix; add it to Acks_Formats type_prefix_map.
🟠 [AcksBuilder] YouTube metadata unavailable for item  (stubbed) — possible dead link worth checking: https://www.youtube.com/watch?v=omEDLKS5pbY
🟠 [AcksBuilder] Unknown media item type "Jpg" (item ) — used "Jpg" as the prefix; add it to Acks_Formats type_prefix_map.
🟠 [AcksBuilder] YouTube metadata unavailable for item  (stubbed) — possible dead link worth checking: https://www.youtube.com/watch?v=TBcP69fzJp8&list=PLqLfh-6CkbiLO0ujCbmvjzGLOaptTNlTn&index=4
🟠 [AcksBuilder] Unknown media item type "Jpg" (item ) — used "Jpg" as the prefix; add it to Acks_Formats type_prefix_map.
🟠 [AcksBuilder] Unknown media item type "Jpg" (item ) — used "Jpg" as the prefix; add it to Acks_Formats type_prefix_map.
🟠 [AcksBuilder] Unknown media item type "jpg" (item ) — used "Jpg" as the prefix; add it to Acks_Formats type_prefix_map.
🟢 [AcksBuilder] Media item  placed in lesson 9.0 by neighbour interpolation — verify its group.
🟠 [AcksBuilder] 13 iStock titles could not be verified (no *istock-acks*.txt was supplied); each is marked ❗ and the acks block carries a designer note.
🟢 [ConventionResolver] HTML conventions from group 1-10 English|1-3: overview menu two_col_li, lesson menu flat.
🟢 [PageSplitter] Implicit page break: content continues after [end page] without a [LESSON] tag — opened page 1.0.
🟢 [PageSplitter] Implicit page break: content continues after [end page] without a [LESSON] tag — opened page 4.0.
🟢 [PageSplitter] Implicit page break: content continues after [end page] without a [LESSON] tag — opened page 5.0.
🟢 [PageSplitter] Implicit page break: content continues after [end page] without a [LESSON] tag — opened page 6.0.
🟢 [PageSplitter] Content after the final [end page] (3 blocks) is writer-form boilerplate — not emitted (AR-5).
🟢 [PageSplitter] Page 4.0: heading says "Lesson 3" — using the heading's number.
🟢 [PageSplitter] Page 5.0: heading says "Lesson 4" — using the heading's number.
🟢 [PageSplitter] Page 6.0: heading says "Lesson 5" — using the heading's number.
🟠 [PageSplitter] Duplicate lesson label 1.0 (writers reused the number) — relabelled to 2.0; check the source numbering.
🟠 [PageSplitter] Duplicate lesson label 2.0 (writers reused the number) — relabelled to 3.0; check the source numbering.
🟠 [PageSplitter] Duplicate lesson label 3.0 (writers reused the number) — relabelled to 4.0; check the source numbering.
🟠 [PageSplitter] Duplicate lesson label 4.0 (writers reused the number) — relabelled to 5.0; check the source numbering.
🟠 [PageSplitter] Duplicate lesson label 5.0 (writers reused the number) — relabelled to 6.0; check the source numbering.
🟠 [ContentConverter] [TITLE BAR] title half is the placeholder "TE REO" — the real title is not in the WT; dropped, not shipped as an <h1>. Add the title to the source.
🟢 [MenuBuilder] Menu heading "Tirohanga Whānui | Overview" is the section label — consumed (the menu scaffolding names it).
🟢 [InteractiveScanner] Activity 1D: additional widget [speech bubble] absorbed (multiChoiceQuiz + speechBubble).
🟢 [InteractiveBuilder] Built speechBubble #1 from captured data (no placeholder needed).
🟢 [ContentConverter] Page 2.0: open [activity] closed by the next activity's widget bundle.
🟢 [InteractiveScanner] Activity 2A: additional widget [info trigger] absorbed (speechBubble + infoTrigger).
🟢 [InteractiveScanner] Activity 2A: additional widget [speech bubble] absorbed (speechBubble + speechBubble).
🟢 [InteractiveScanner] Activity 2A: additional widget [info trigger] absorbed (speechBubble + infoTrigger).
🟢 [InteractiveScanner] Activity 2A: additional widget [speech bubble] absorbed (speechBubble + speechBubble).
🟢 [InteractiveScanner] Activity 2A: additional widget [info trigger] absorbed (speechBubble + infoTrigger).
🟢 [InteractiveScanner] Activity 2A: additional widget [speech bubble] absorbed (speechBubble + speechBubble).
🟢 [InteractiveScanner] Activity 2A: additional widget [info trigger] absorbed (speechBubble + infoTrigger).
🟢 [InteractiveScanner] Activity 2A: additional widget [speech bubble] absorbed (speechBubble + speechBubble).
🟢 [InteractiveScanner] Activity 2A: additional widget [info trigger] absorbed (speechBubble + infoTrigger).
🟢 [InteractiveScanner] Activity 2A: additional widget [speech bubble] absorbed (speechBubble + speechBubble).
🟢 [InteractiveScanner] Activity 2A: additional widget [info trigger] absorbed (speechBubble + infoTrigger).
🟢 [InteractiveScanner] Activity 2A: additional widget [speech bubble] absorbed (speechBubble + speechBubble).
🟢 [InteractiveScanner] Activity 2A: additional widget [info trigger] absorbed (speechBubble + infoTrigger).
🟢 [InteractiveScanner] Activity 2A: additional widget [speech bubble] absorbed (speechBubble + speechBubble).
🟢 [InteractiveScanner] Activity 2A: additional widget [info trigger] absorbed (speechBubble + infoTrigger).
🟢 [InteractiveScanner] Activity 2A: additional widget [speech bubble] absorbed (speechBubble + speechBubble).
🟢 [InteractiveScanner] Activity 2B: additional widget [click drop] absorbed (dragAndDrop + clickDrop).
🟢 [InteractiveScanner] Activity 2B: additional widget [speech bubble] absorbed (dragAndDrop + speechBubble).
🟢 [InteractiveScanner] Activity 2E: additional widget [speech bubble] absorbed (multiChoiceQuiz + speechBubble).
🟢 [InteractiveBuilder] Built speechBubble #5 from captured data (no placeholder needed).
🟢 [InteractiveBuilder] Built speechBubble #6 from captured data (no placeholder needed).
🟢 [InteractiveBuilder] Built speechBubble #7 from captured data (no placeholder needed).
🟢 [InteractiveBuilder] Built flipCard #9 from captured data (no placeholder needed).
🟢 [InteractiveBuilder] Built flipCard #10 from captured data (no placeholder needed).
🟢 [InteractiveBuilder] Built flipCard #11 from captured data (no placeholder needed).
🟢 [InteractiveBuilder] Built flipCard #12 from captured data (no placeholder needed).
🟢 [InteractiveBuilder] Built flipCard #13 from captured data (no placeholder needed).
🟢 [InteractiveBuilder] Built speechBubble #14 from captured data (no placeholder needed).
🟢 [InteractiveScanner] Activity 3D: additional widget [speech bubble] absorbed (multiChoiceQuiz + speechBubble).
🟢 [InteractiveBuilder] Built speechBubble #18 from captured data (no placeholder needed).
🟢 [InteractiveBuilder] Built flipCard #19 from captured data (no placeholder needed).
🟢 [InteractiveScanner] Activity 4A: additional widget [flip card] absorbed (dragAndDrop + flipCard).
🟢 [InteractiveScanner] Activity 4B: additional widget [click drop] absorbed (dragAndDrop + clickDrop).
🟢 [InteractiveScanner] Activity 4B: additional widget [speech bubble] absorbed (dragAndDrop + speechBubble).
🟢 [InteractiveScanner] Activity 4B: additional widget [flip card] absorbed (dragAndDrop + flipCard).
🟢 [InteractiveScanner] Activity 4B: additional widget [drag and drop] absorbed (dragAndDrop + dragAndDrop).
🟢 [InteractiveScanner] Activity 4E: additional widget [speech bubble] absorbed (multiChoiceQuiz + speechBubble).
🟢 [InteractiveBuilder] Built speechBubble #24 from captured data (no placeholder needed).
🟢 [InteractiveBuilder] Built clickDrop #27 from captured data (no placeholder needed).
🟢 [InteractiveScanner] Activity 5E: additional widget [speech bubble] absorbed (multiChoiceQuiz + speechBubble).
🟢 [InteractiveBuilder] Built speechBubble #30 from captured data (no placeholder needed).
🟢 [ContentConverter] Page 6.0: [activity] auto-closed before the next activity.
🟢 [ContentConverter] Page 6.0: [activity] auto-closed before the next activity.
🟠 [AcksBuilder] YouTube metadata unavailable for item  (stubbed) — possible dead link worth checking: https://www.youtube.com/watch?v=Kjzr_vONMwg
🟠 [AcksBuilder] YouTube metadata unavailable for item  (stubbed) — possible dead link worth checking: https://www.youtube.com/watch?v=jWXJ-xouIzU
🟠 [AcksBuilder] YouTube metadata unavailable for item  (stubbed) — possible dead link worth checking: https://www.youtube.com/watch?v=mnanlcyRuuI
🟠 [AcksBuilder] YouTube metadata unavailable for item  (stubbed) — possible dead link worth checking: https://www.youtube.com/watch?v=9fl7dBpzDG8
🟠 [AcksBuilder] YouTube metadata unavailable for item  (stubbed) — possible dead link worth checking: https://www.youtube.com/watch?v=7fb3Pdt8kxg
🟠 [AcksBuilder] YouTube metadata unavailable for item  (stubbed) — possible dead link worth checking: https://www.youtube.com/watch?v=TxZefW-bX1k
🟠 [AcksBuilder] Unknown media item type "document" (item ) — used "Document" as the prefix; add it to Acks_Formats type_prefix_map.
🟠 [AcksBuilder] Unknown media item type "vide" (item ) — used "Vide" as the prefix; add it to Acks_Formats type_prefix_map.
🟠 [AcksBuilder] YouTube metadata unavailable for item  (stubbed) — possible dead link worth checking: https://www.youtube.com/watch?v=1P58aOuTExo
🟠 [AcksBuilder] Unknown media item type "vide" (item ) — used "Vide" as the prefix; add it to Acks_Formats type_prefix_map.
🟠 [AcksBuilder] YouTube metadata unavailable for item  (stubbed) — possible dead link worth checking: https://www.youtube.com/watch?v=DHC-GWFNSL0
🟠 [AcksBuilder] YouTube metadata unavailable for item  (stubbed) — possible dead link worth checking: https://www.youtube.com/watch?v=_9nJ5jzmRxc
🟠 [AcksBuilder] YouTube metadata unavailable for item  (stubbed) — possible dead link worth checking: https://www.youtube.com/watch?v=MkXTynQCQW0
🟠 [AcksBuilder] YouTube metadata unavailable for item  (stubbed) — possible dead link worth checking: https://www.youtube.com/watch?v=x-jC56XCrBI
🟠 [AcksBuilder] YouTube metadata unavailable for item  (stubbed) — possible dead link worth checking: https://www.youtube.com/watch?v=IKPIVKsBBqM
🟠 [AcksBuilder] YouTube metadata unavailable for item  (stubbed) — possible dead link worth checking: https://www.youtube.com/watch?v=Mv-MKw_6swI
🟠 [AcksBuilder] YouTube metadata unavailable for item  (stubbed) — possible dead link worth checking: https://www.youtube.com/watch?v=J5li5WabFXE
🟠 [AcksBuilder] 58 iStock titles could not be verified (no *istock-acks*.txt was supplied); each is marked ❗ and the acks block carries a designer note.
🟢 [SkeletonBuilder] footer_links "final" value "—" is not a footer pattern (the registry's no-evidence marker) — the KB's final-page form "prev+home" applied (footer.kb_position_defaults).
🟢 [ConventionResolver] HTML conventions from group EXPlore|combo: overview menu two_col_li, lesson menu default.
🟢 [PageSplitter] Document opens without a literal [TITLE BAR] — overview page opened at the first content tag (Fundamentals-style template).
🟢 [InteractiveScanner] accordion: additional widget [accordion] absorbed (accordion + accordion).
🟢 [InteractiveScanner] accordion: additional widget [accordion] absorbed (accordion + accordion).
🟢 [InteractiveScanner] accordion: additional widget [accordion] absorbed (accordion + accordion).
🟢 [InteractiveScanner] modal: additional widget [modal] absorbed (modal + modal).
🟢 [InteractiveScanner] modal: additional widget [modal] absorbed (modal + modal).
🟢 [InteractiveScanner] modal: additional widget [modal] absorbed (modal + modal).
🟢 [InteractiveScanner] accordion: additional widget [accordion] absorbed (accordion + accordion).
🟢 [InteractiveScanner] accordion: additional widget [accordion] absorbed (accordion + accordion).
🟢 [InteractiveScanner] accordion: additional widget [accordion] absorbed (accordion + accordion).
🟢 [InteractiveScanner] modal: additional widget [modal] absorbed (modal + modal).
🟢 [InteractiveScanner] modal: additional widget [modal] absorbed (modal + modal).
🟢 [InteractiveScanner] modal: additional widget [modal] absorbed (modal + modal).
🟢 [InteractiveScanner] modal: additional widget [modal] absorbed (modal + modal).
🟢 [InteractiveScanner] accordion: additional widget [accordion] absorbed (accordion + accordion).
🟢 [InteractiveScanner] accordion: additional widget [accordion] absorbed (accordion + accordion).
🟢 [InteractiveScanner] accordion: additional widget [accordion] absorbed (accordion + accordion).
🟢 [InteractiveScanner] modal: additional widget [modal] absorbed (modal + modal).
🟢 [InteractiveScanner] modal: additional widget [modal] absorbed (modal + modal).
🟢 [InteractiveScanner] modal: additional widget [modal] absorbed (modal + modal).
🟢 [InteractiveScanner] modal: additional widget [modal] absorbed (modal + modal).
🟢 [InteractiveScanner] accordion: additional widget [accordion] absorbed (accordion + accordion).
🟢 [InteractiveScanner] accordion: additional widget [accordion] absorbed (accordion + accordion).
🟢 [InteractiveScanner] accordion: additional widget [accordion] absorbed (accordion + accordion).
🟢 [InteractiveScanner] modal: additional widget [modal] absorbed (modal + modal).
🟢 [InteractiveScanner] modal: additional widget [modal] absorbed (modal + modal).
🟢 [InteractiveScanner] modal: additional widget [modal] absorbed (modal + modal).
🟢 [InteractiveScanner] modal: additional widget [modal] absorbed (modal + modal).
🟢 [InteractiveScanner] accordion: additional widget [accordion] absorbed (accordion + accordion).
🟢 [InteractiveScanner] accordion: additional widget [accordion] absorbed (accordion + accordion).
🟢 [InteractiveScanner] accordion: additional widget [accordion] absorbed (accordion + accordion).
🟢 [InteractiveScanner] modal: additional widget [modal] absorbed (modal + modal).
🟢 [InteractiveScanner] modal: additional widget [modal] absorbed (modal + modal).
🟢 [InteractiveScanner] modal: additional widget [modal] absorbed (modal + modal).
🟢 [InteractiveScanner] modal: additional widget [modal] absorbed (modal + modal).
🟢 [InteractiveScanner] accordion: additional widget [accordion] absorbed (accordion + accordion).
🟢 [InteractiveScanner] accordion: additional widget [accordion] absorbed (accordion + accordion).
🟢 [InteractiveScanner] accordion: additional widget [accordion] absorbed (accordion + accordion).
🟢 [InteractiveScanner] modal: additional widget [modal] absorbed (modal + modal).
🟢 [InteractiveScanner] modal: additional widget [modal] absorbed (modal + modal).
🟢 [InteractiveScanner] modal: additional widget [modal] absorbed (modal + modal).
🟢 [InteractiveScanner] modal: additional widget [modal] absorbed (modal + modal).
🟢 [InteractiveBuilder] Built carousel #1 from captured data (no placeholder needed).
🟢 [InteractiveBuilder] Built accordion #2 from captured data (no placeholder needed).
🟢 [InteractiveBuilder] Built modal #3 from captured data (no placeholder needed).
🟢 [InteractiveBuilder] Built modal #4 from captured data (no placeholder needed).
🟢 [InteractiveBuilder] Built modal #5 from captured data (no placeholder needed).
🟢 [ContentConverter] Page 0.0: [end modal] had no open container — ignored.
🟢 [ContentConverter] Page 0.0: [end activity] had no open container — ignored.
🟢 [InteractiveBuilder] Built carousel #6 from captured data (no placeholder needed).
🟢 [InteractiveBuilder] Built accordion #7 from captured data (no placeholder needed).
🟢 [InteractiveBuilder] Built modal #8 from captured data (no placeholder needed).
🟢 [InteractiveBuilder] Built modal #9 from captured data (no placeholder needed).
🟢 [InteractiveBuilder] Built modal #10 from captured data (no placeholder needed).
🟢 [ContentConverter] Page 0.0: [end activity] had no open container — ignored.
🟢 [InteractiveBuilder] Built carousel #11 from captured data (no placeholder needed).
🟢 [InteractiveBuilder] Built accordion #12 from captured data (no placeholder needed).
🟢 [ContentConverter] Page 0.0: [end accordion] had no open container — ignored.
🟢 [InteractiveBuilder] Built modal #13 from captured data (no placeholder needed).
🟢 [InteractiveBuilder] Built modal #14 from captured data (no placeholder needed).
🟢 [InteractiveBuilder] Built modal #15 from captured data (no placeholder needed).
🟢 [ContentConverter] Page 0.0: [end modal] had no open container — ignored.
🟢 [ContentConverter] Page 0.0: [end activity] had no open container — ignored.
🟢 [InteractiveBuilder] Built carousel #16 from captured data (no placeholder needed).
🟢 [InteractiveBuilder] Built accordion #17 from captured data (no placeholder needed).
🟢 [InteractiveBuilder] Built modal #18 from captured data (no placeholder needed).
🟢 [InteractiveBuilder] Built modal #19 from captured data (no placeholder needed).
🟢 [InteractiveBuilder] Built modal #20 from captured data (no placeholder needed).
🟢 [ContentConverter] Page 0.0: [end activity] had no open container — ignored.
🟢 [InteractiveBuilder] Built carousel #21 from captured data (no placeholder needed).
🟢 [InteractiveBuilder] Built accordion #22 from captured data (no placeholder needed).
🟢 [InteractiveBuilder] Built modal #23 from captured data (no placeholder needed).
🟢 [InteractiveBuilder] Built modal #24 from captured data (no placeholder needed).
🟢 [InteractiveBuilder] Built modal #25 from captured data (no placeholder needed).
🟢 [ContentConverter] Page 0.0: [end activity] had no open container — ignored.
🟢 [InteractiveBuilder] Built carousel #26 from captured data (no placeholder needed).
🟢 [InteractiveBuilder] Built accordion #27 from captured data (no placeholder needed).
🟢 [InteractiveBuilder] Built modal #28 from captured data (no placeholder needed).
🟢 [InteractiveBuilder] Built modal #29 from captured data (no placeholder needed).
🟢 [InteractiveBuilder] Built modal #30 from captured data (no placeholder needed).
🟢 [ContentConverter] Page 0.0: [end activity] had no open container — ignored.
🟠 [AcksBuilder] YouTube metadata unavailable for item  (stubbed) — possible dead link worth checking: https://www.youtube.com/watch?v=-_oqghnxBmY
🟠 [AcksBuilder] YouTube metadata unavailable for item  (stubbed) — possible dead link worth checking: https://www.youtube.com/watch?v=5VX7sojco3s
🟠 [AcksBuilder] YouTube metadata unavailable for item  (stubbed) — possible dead link worth checking: https://www.youtube.com/watch?v=2-5KeCM0XYQ
🟠 [AcksBuilder] YouTube metadata unavailable for item  (stubbed) — possible dead link worth checking: https://www.youtube.com/watch?v=PTD_EZWCO7w
🟠 [AcksBuilder] YouTube metadata unavailable for item  (stubbed) — possible dead link worth checking: https://www.youtube.com/watch?v=n7RTRLTIuYw
🟠 [AcksBuilder] YouTube metadata unavailable for item  (stubbed) — possible dead link worth checking: https://www.youtube.com/watch?v=BW82k7lwI_U
🟠 [AcksBuilder] YouTube metadata unavailable for item  (stubbed) — possible dead link worth checking: https://www.youtube.com/watch?v=ui8X_TTFIzI
🟠 [AcksBuilder] YouTube metadata unavailable for item  (stubbed) — possible dead link worth checking: https://www.youtube.com/watch?v=QRvpM34drpU&t=28s
🟠 [AcksBuilder] YouTube metadata unavailable for item  (stubbed) — possible dead link worth checking: https://www.youtube.com/watch?v=1DTRjAqC61s
🟠 [AcksBuilder] YouTube metadata unavailable for item  (stubbed) — possible dead link worth checking: https://www.youtube.com/watch?v=tqz7UcCgbLA
🟠 [AcksBuilder] YouTube metadata unavailable for item  (stubbed) — possible dead link worth checking: https://www.youtube.com/watch?v=O5uKJVDFHFw
🟠 [AcksBuilder] YouTube metadata unavailable for item  (stubbed) — possible dead link worth checking: https://www.youtube.com/watch?v=kQjhSXu2tqA
🟠 [AcksBuilder] YouTube metadata unavailable for item  (stubbed) — possible dead link worth checking: https://www.youtube.com/watch?v=_IZMVMf4NQ0
🟠 [AcksBuilder] YouTube metadata unavailable for item  (stubbed) — possible dead link worth checking: https://www.youtube.com/watch?v=kn8frIzQupA
🟠 [AcksBuilder] YouTube metadata unavailable for item  (stubbed) — possible dead link worth checking: https://www.youtube.com/watch?v=3hb0QXQTlV8
🟠 [AcksBuilder] YouTube metadata unavailable for item  (stubbed) — possible dead link worth checking: https://www.youtube.com/watch?v=LhQWrHQwYTk&list=PLA2DahRgmhYQp2HU8XctwwgOySAvtLn0D
🟠 [AcksBuilder] YouTube metadata unavailable for item  (stubbed) — possible dead link worth checking: https://www.youtube.com/watch?v=0GjAHJSHDTs
🟠 [AcksBuilder] 3 iStock titles could not be verified (no *istock-acks*.txt was supplied); each is marked ❗ and the acks block carries a designer note.
🟠 [SkeletonBuilder] module_code value "—" has no module_code_value_map entry — element omitted; add the value to Emit_Templates.
🟢 [SkeletonBuilder] footer_links "overview" value "—" is not a footer pattern (the registry's no-evidence marker) — the KB's overview-page form "next+home" applied (footer.kb_position_defaults).
🟠 [ModuleResolver] Multiple module-code candidates found (HIS1007, HIS1000) — using HIS1007 from filename "HIS1007 Writers Template.docx".
🟠 [ModuleResolver] No media list found — acknowledgements will hold the standing items plus per-lesson designer-media check lines only.
🟢 [ConventionResolver] HTML conventions from group NCEA1|NCEA: overview menu tabs, lesson menu flat.
🟢 [PageSplitter] Implicit page break: content continues after [end page] without a [LESSON] tag — opened page 1.0.
🟢 [PageSplitter] [Lesson 1] repeats the open lesson's number with no body content between — merged, no empty page emitted (lesson_boundary_guard).
🟢 [PageSplitter] "[rollover for narrative: go to fundamental lesson 2 for supp" mentions lesson inside a writer instruction — not a page boundary (lesson_boundary_guard).
🟢 [PageSplitter] Content after the final [end page] (5 blocks) is writer-form boilerplate — not emitted (AR-5).
🟢 [MenuBuilder] Menu heading "Tirohanga Whānui | Overview" is the section label — consumed (the menu scaffolding names it).
🟢 [MenuBuilder] Menu section "Aromatawai | Assessment for Learning" promoted to its own "Standards" nav tab (menu.extra_tabs registry).
🟢 [ContentConverter] Page 1.0: layout-note [activity] opener merged into the adjacent numbered activity (no empty box).
🟢 [ContentConverter] Page 1.0: [activity] auto-closed before the next h2.
🟢 [ContentConverter] Page 1.0: layout-note [activity] opener merged into the adjacent numbered activity (no empty box).
🟢 [ContentConverter] [button] naming a video → the following [video] embeds it (video_destination).
🟢 [ContentConverter] Page 1.0: [activity] auto-closed before the next activity.
🟢 [ContentConverter] Page 1.0: layout-note [activity] opener merged into the adjacent numbered activity (no empty box).
🟢 [ContentConverter] [button] naming a video → the following [video] embeds it (video_destination).
🟢 [ContentConverter] Page 1.0: [activity] auto-closed before the next h2.
🟢 [ContentConverter] Page 1.0: [activity] auto-closed before the next activity.
🟢 [ContentConverter] Page 1.0: [end other] had no open container — ignored.
🟢 [ActivitiesBuilder] 3 activity title heading(s) set to h3 (title_heading_level).
🟢 [ContentConverter] [important] spans to an explicit end tag (writer-authored box).
🟢 [ContentConverter] Page 2.0: layout-note [activity] opener merged into the adjacent numbered activity (no empty box).
🟢 [ContentConverter] [button] with a video URL → the video embed (video_destination, next-tag-url).
🟢 [ContentConverter] [important] spans to an explicit end tag (writer-authored box).
🟢 [ContentConverter] Page 2.0: layout-note [activity] opener merged into the adjacent numbered activity (no empty box).
🟢 [ActivitiesBuilder] 2 activity title heading(s) set to h3 (title_heading_level).
🟢 [ContentConverter] Page 3.0: layout-note [activity] opener merged into the adjacent numbered activity (no empty box).
🟢 [ContentConverter] [button] naming a video → the following [video] embeds it (video_destination).
🟢 [ContentConverter] Page 3.0: [activity] auto-closed before the next h2.
🟢 [ContentConverter] Page 3.0: layout-note [activity] opener merged into the adjacent numbered activity (no empty box).
🟢 [ContentConverter] Page 3.0: layout-note [activity] opener merged into the adjacent numbered activity (no empty box).
🟢 [ContentConverter] Page 3.0: [activity] auto-closed before the next alert.
🟢 [ActivitiesBuilder] 3 activity title heading(s) set to h3 (title_heading_level).
🟢 [ContentConverter] Page 3.1: layout-note [activity] opener merged into the adjacent numbered activity (no empty box).
🟢 [ContentConverter] [button] naming a video → the following [video] embeds it (video_destination).
🟢 [ContentConverter] Page 3.1: [activity] auto-closed before the next h2.
🟢 [ContentConverter] [button] naming a video → the following [video] embeds it (video_destination).
🟢 [ContentConverter] Page 3.1: layout-note [activity] opener merged into the adjacent numbered activity (no empty box).
🟢 [ActivitiesBuilder] 2 activity title heading(s) set to h3 (title_heading_level).
🟢 [ContentConverter] Page 4.0: layout-note [activity] opener merged into the adjacent numbered activity (no empty box).
🟢 [ContentConverter] Page 4.0: layout-note [activity] opener merged into the adjacent numbered activity (no empty box).
🟢 [ContentConverter] [button] with a video URL → the video embed (video_destination, next-tag-url).
🟢 [ContentConverter] Page 4.0: [activity] auto-closed before the next h2.
🟢 [ContentConverter] Page 4.0: layout-note [activity] opener merged into the adjacent numbered activity (no empty box).
🟢 [ContentConverter] [button] naming a video → the following [video] embeds it (video_destination).
🟢 [ContentConverter] Page 4.0: layout-note [activity] opener merged into the adjacent numbered activity (no empty box).
🟢 [ContentConverter] Page 4.0: [activity] auto-closed before the next important.
🟢 [ActivitiesBuilder] 4 activity title heading(s) set to h3 (title_heading_level).
🟢 [ContentConverter] Page 4.1: layout-note [activity] opener merged into the adjacent numbered activity (no empty box).
🟢 [ContentConverter] Page 4.1: layout-note [activity] opener merged into the adjacent numbered activity (no empty box).
🟢 [ContentConverter] [button] naming a video → the following [video] embeds it (video_destination).
🟢 [ActivitiesBuilder] 2 activity title heading(s) set to h3 (title_heading_level).
🟢 [SkeletonBuilder] footer_links "final" value "—" is not a footer pattern (the registry's no-evidence marker) — the KB's final-page form "prev+home" applied (footer.kb_position_defaults).
🟢 [ConventionResolver] HTML conventions from group 1-10 Health and PE|combo: overview menu default, lesson menu two_col_li.
🟢 [PageSplitter] Document opens without a literal [TITLE BAR] — overview page opened at the first content tag (Fundamentals-style template).
🟢 [ContentConverter] Page 0.0: [end tab n] had no open container — ignored.
🟢 [ContentConverter] Page 0.0: [end other] had no open container — ignored.
🟢 [InteractiveBuilder] Built carousel #3 from captured data (no placeholder needed).
🟢 [ContentConverter] Page 0.0: [end tab n] had no open container — ignored.
🟢 [InteractiveBuilder] Built carousel #5 from captured data (no placeholder needed).
🟢 [ContentConverter] Page 0.0: [end carousel] had no open container — ignored.
🟢 [ContentConverter] Page 0.0: [end flip card] had no open container — ignored.
🟢 [InteractiveBuilder] Built carousel #8 from captured data (no placeholder needed).
🟢 [ContentConverter] Page 0.0: [end carousel] had no open container — ignored.
🟢 [ContentConverter] Page 0.0: [end activity] had no open container — ignored.
🟢 [ContentConverter] Page 0.0: [end tab n] had no open container — ignored.
🟢 [ContentConverter] Page 0.0: [end carousel] had no open container — ignored.
🟢 [ContentConverter] Page 0.0: [end accordion] had no open container — ignored.
🟢 [ContentConverter] Page 0.0: [end tab n] had no open container — ignored.
🟢 [ContentConverter] Page 0.0: [end accordion] had no open container — ignored.
🟢 [ContentConverter] Page 0.0: [end tab n] had no open container — ignored.
🟢 [ContentConverter] Page 0.0: [activity] auto-closed before the next activity.
🟢 [ContentConverter] Page 0.0: [end mcq] had no open container — ignored.
🟢 [ContentConverter] Page 0.0: [end tab n] had no open container — ignored.
🟢 [MenuBuilder] Fundamentals [Overview] WALT/I-can block routed to the module menu as the two-col LI/SC form (menu.fundamentals_overview_li).
🟠 [AcksBuilder] YouTube metadata unavailable for item 2. (stubbed) — possible dead link worth checking: https://youtu.be/_I5YuUhyBbs
🟠 [AcksBuilder] Unknown media item type "pdf" (item 3.) — used "Pdf" as the prefix; add it to Acks_Formats type_prefix_map.
🟠 [AcksBuilder] YouTube metadata unavailable for item 4. (stubbed) — possible dead link worth checking: https://youtu.be/n4d7PtKztBU
🟠 [AcksBuilder] YouTube metadata unavailable for item 5. (stubbed) — possible dead link worth checking: https://youtu.be/n4d7PtKztBU
🟠 [AcksBuilder] YouTube metadata unavailable for item 8. (stubbed) — possible dead link worth checking: https://youtu.be/u35sNPhPAiI
🟠 [AcksBuilder] YouTube metadata unavailable for item 10. (stubbed) — possible dead link worth checking: https://youtu.be/2hGy838Ho3g
🟠 [AcksBuilder] YouTube metadata unavailable for item 11. (stubbed) — possible dead link worth checking: https://youtu.be/PWhls1IrZJg
🟠 [AcksBuilder] YouTube metadata unavailable for item 12. (stubbed) — possible dead link worth checking: https://youtu.be/WfNFMCWUfdg
🟠 [AcksBuilder] YouTube metadata unavailable for item 13. (stubbed) — possible dead link worth checking: https://youtu.be/yk3XV6_XY5k
🟠 [AcksBuilder] YouTube metadata unavailable for item 22 (stubbed) — possible dead link worth checking: https://youtu.be/p86lgcFMFHw
🟠 [AcksBuilder] YouTube metadata unavailable for item 23 (stubbed) — possible dead link worth checking: https://youtu.be/mdyF6wQAQQ0
🟠 [AcksBuilder] Unknown media item type "PDF" (item 34) — used "Pdf" as the prefix; add it to Acks_Formats type_prefix_map.
🟠 [AcksBuilder] YouTube metadata unavailable for item 54. (stubbed) — possible dead link worth checking: https://youtu.be/7X3FKVyhHv8
🟠 [AcksBuilder] YouTube metadata unavailable for item 58 (stubbed) — possible dead link worth checking: https://youtu.be/vMLpkfVsKLw
🟠 [AcksBuilder] YouTube metadata unavailable for item 62. (stubbed) — possible dead link worth checking: https://youtu.be/mJOth6Qk92o
🟠 [AcksBuilder] YouTube metadata unavailable for item 63. (stubbed) — possible dead link worth checking: https://youtu.be/N_C9CzoCZ9I
🟢 [AcksBuilder] Media item 41 placed in lesson 0.0 by neighbour interpolation — verify its group.
🟠 [AcksBuilder] 1 iStock title could not be verified (no *istock-acks*.txt was supplied); each is marked ❗ and the acks block carries a designer note.
🟢 [ConventionResolver] HTML conventions from group 1-10 Mathematics|1-3: overview menu tabs, lesson menu flat.
🟢 [PageSplitter] [end page] before [MODULE INTRODUCTION] disregarded — the introduction stays on the overview page (AR-1).
🟢 [PageSplitter] Implicit page break: content continues after [end page] without a [LESSON] tag — opened page 8.0 ("Mosaic Design and Artwork Creation").
🟢 [PageSplitter] Content after the final [end page] (6 blocks) is writer-form boilerplate — not emitted (AR-5).
🟢 [InteractiveBuilder] Built carousel #1 from captured data (no placeholder needed).
🟢 [MenuBuilder] Menu heading "Tirohanga Whānui | Overview" is the section label — consumed (the menu scaffolding names it).
🟢 [MenuBuilder] Second menu tab labelled "Learning" with the LI/SC content homed there (menu.learning_tab registry).
🟢 [ContentConverter] Page 1.0: [activity] auto-closed before the next activity.
🟢 [ContentConverter] Page 1.0: [activity] auto-closed before the next activity.
🟠 [ContentConverter] Page 1.0: [activity] was never closed — closed at page end.
🟢 [ContentConverter] Page 2.0: [activity] auto-closed before the next alert.
🟢 [ContentConverter] [alert] right-hand box → the activity sidebar (alertActivity) side column paired with the preceding activity row (positional_side_alert).
🟢 [ContentConverter] Page 2.0: [activity] auto-closed before the next activity.
🟠 [ContentConverter] Page 2.0: [activity] was never closed — closed at page end.
🟢 [ActivitiesBuilder] 1 activity title heading(s) set to h3 (title_heading_level).
🟠 [ContentConverter] Page 3.0: [activity] was never closed — closed at page end.
🟢 [ActivitiesBuilder] 1 activity title heading(s) set to h3 (title_heading_level).
🟢 [ContentConverter] Page 4.0: [activity] auto-closed before the next activity.
🟢 [ContentConverter] Page 4.0: [activity] auto-closed before the next activity.
🟠 [ContentConverter] Page 4.0: [activity] was never closed — closed at page end.
🟢 [ActivitiesBuilder] 1 activity title heading(s) set to h3 (title_heading_level).
🟢 [ContentConverter] Page 5.0: [activity] auto-closed before the next activity.
🟢 [ContentConverter] Page 5.0: [activity] auto-closed before the next activity.
🟠 [ContentConverter] Page 5.0: [activity] was never closed — closed at page end.
🟢 [ActivitiesBuilder] 1 activity title heading(s) set to h3 (title_heading_level).
🟢 [ContentConverter] Page 6.0: [end other] had no open container — ignored.
🟢 [ContentConverter] Page 6.0: [activity] auto-closed before the next activity.
🟢 [ContentConverter] Page 6.0: layout-note [activity] opener merged into the adjacent numbered activity (no empty box).
🟢 [ContentConverter] Page 6.0: [activity] auto-closed before the next activity.
🟢 [ContentConverter] Page 6.0: [activity] auto-closed before the next h3.
🟢 [ActivitiesBuilder] 1 activity title heading(s) set to h3 (title_heading_level).
🟢 [InteractiveScanner] accordion: additional widget [accordion] absorbed (accordion + accordion).
🟢 [InteractiveScanner] accordion: additional widget [accordion] absorbed (accordion + accordion).
🟢 [ContentConverter] Page 7.0: [activity] auto-closed before the next activity.
🟢 [ContentConverter] Page 7.0: [activity] auto-closed before the next activity.
🟢 [ContentConverter] Page 7.0: [activity] auto-closed before the next h3.
🟢 [ContentConverter] Page 7.0: [end other] had no open container — ignored.
🟢 [ContentConverter] Page 7.0: [activity] auto-closed before the next activity.
🟢 [ContentConverter] Page 7.0: [activity] auto-closed before the next activity.
🟠 [ContentConverter] Page 7.0: [activity] was never closed — closed at page end.
🟢 [ActivitiesBuilder] 2 activity title heading(s) set to h3 (title_heading_level).
🟢 [InteractiveScanner] accordion: additional widget [accordion] absorbed (accordion + accordion).
🟢 [InteractiveScanner] accordion: additional widget [accordion] absorbed (accordion + accordion).
🟢 [InteractiveScanner] Activity 8B: additional widget [accordion] absorbed (accordion + accordion).
🟢 [InteractiveScanner] Activity 8B: additional widget [accordion] absorbed (accordion + accordion).
🟢 [InteractiveScanner] Activity 8B: additional widget [accordion] absorbed (accordion + accordion).
🟢 [InteractiveScanner] Activity 8B: additional widget [accordion] absorbed (accordion + accordion).
🟢 [InteractiveScanner] Activity 8B: additional widget [accordion] absorbed (accordion + accordion).
🟢 [InteractiveBuilder] Built accordion #8 from captured data (no placeholder needed).
🟢 [ContentConverter] Page 8.0: [activity] auto-closed before the next h3.
🟢 [InteractiveBuilder] Built accordion #9 from captured data (no placeholder needed).
🟠 [ContentConverter] Page 8.0: [activity] was never closed — closed at page end.
🟢 [ActivitiesBuilder] 2 activity title heading(s) set to h3 (title_heading_level).
🟠 [AcksBuilder] YouTube metadata unavailable for item  (stubbed) — possible dead link worth checking: https://youtu.be/zvnwL2gbxtA?si=nW43SYkLhC4LyQPX
🟠 [AcksBuilder] YouTube metadata unavailable for item  (stubbed) — possible dead link worth checking: https://youtu.be/C9u7nkjFOyM?si=jjb-qvBEwai1BNfE&t=164
🟢 [AcksBuilder] Media item  ("Weblink") is a lesson link — no acknowledgement (scope rule).
🟠 [AcksBuilder] YouTube metadata unavailable for item  (stubbed) — possible dead link worth checking: https://www.youtube.com/watch?v=EkWSlcsWCUM
🟠 [AcksBuilder] YouTube metadata unavailable for item  (stubbed) — possible dead link worth checking: https://youtu.be/IaoZhhx_I9s?si=lO1khoOuDA-FZk6p
🟠 [AcksBuilder] Unknown media item type "Worksheet" (item ) — used "Worksheet" as the prefix; add it to Acks_Formats type_prefix_map.
🟠 [AcksBuilder] YouTube metadata unavailable for item  (stubbed) — possible dead link worth checking: https://youtu.be/WkunHw5V4e0?si=Fg2cD50QCbdd3D2U
🟢 [AcksBuilder] Media item  ("Website link") is a lesson link — no acknowledgement (scope rule).
🟠 [AcksBuilder] Unknown media item type "Images" (item ) — used "Images" as the prefix; add it to Acks_Formats type_prefix_map.
🟠 [AcksBuilder] Unknown media item type "Images" (item ) — used "Images" as the prefix; add it to Acks_Formats type_prefix_map.
🟠 [AcksBuilder] YouTube metadata unavailable for item  (stubbed) — possible dead link worth checking: https://youtu.be/mLeNaZcy-hE?si=3e_0AN4NFSPqoPMh
🟠 [AcksBuilder] YouTube metadata unavailable for item  (stubbed) — possible dead link worth checking: https://www.youtube.com/watch?v=AAY1bsazcgM&t=52s
🟠 [AcksBuilder] YouTube metadata unavailable for item  (stubbed) — possible dead link worth checking: https://youtu.be/3ioBM9PMBI0?si=DS4GorsXub3xqYzC
🟠 [AcksBuilder] YouTube metadata unavailable for item  (stubbed) — possible dead link worth checking: https://youtu.be/VJTxv-tRKj0?si=pQN0bLANKM99V-U-&t=58
🟠 [AcksBuilder] Unknown media item type "Worksheets" (item ) — used "Worksheets" as the prefix; add it to Acks_Formats type_prefix_map.
🟠 [AcksBuilder] Unknown media item type "Worksheets" (item ) — used "Worksheets" as the prefix; add it to Acks_Formats type_prefix_map.
🟠 [AcksBuilder] Unknown media item type "Website" (item ) — used "Website" as the prefix; add it to Acks_Formats type_prefix_map.
🟠 [AcksBuilder] YouTube metadata unavailable for item  (stubbed) — possible dead link worth checking: https://youtu.be/ibLedhew2r0?si=6_UmGl4h-IA-tqVx&t=191
🟠 [AcksBuilder] 17 iStock titles could not be verified (no *istock-acks*.txt was supplied); each is marked ❗ and the acks block carries a designer note.
🟢 [ConventionResolver] HTML conventions from series MXFL (deviation over 1-10 Mathematics|4-6): overview menu two_col_li, lesson menu flat.
🟢 [PageSplitter] [end page] before [MODULE INTRODUCTION] disregarded — the introduction stays on the overview page (AR-1).
🟢 [PageSplitter] Implicit page break: content continues after [end page] without a [LESSON] tag — opened page 2.0.
🟢 [PageSplitter] Content after the final [end page] (3 blocks) is writer-form boilerplate — not emitted (AR-5).
🟠 [PageSplitter] Duplicate lesson label 5.0 (writers reused the number) — relabelled to 6.0; check the source numbering.
🟢 [MenuBuilder] Menu heading "Tirohanga Whānui | Overview" is the section label — consumed (the menu scaffolding names it).
🟢 [ContentConverter] Page 1.0: [activity] auto-closed before the next activity.
🟢 [ContentConverter] Page 2.0: [activity] auto-closed before the next activity.
🟢 [ContentConverter] Page 2.0: [activity] auto-closed before the next activity.
🟢 [ContentConverter] Page 2.0: [activity] auto-closed before the next activity.
🟢 [ContentConverter] Page 2.0: [activity] auto-closed before the next activity.
🟢 [ContentConverter] Page 3.0: [activity] auto-closed before the next activity.
🟢 [ContentConverter] Page 3.0: [activity] auto-closed before the next activity.
🟢 [ContentConverter] Page 3.0: [activity] auto-closed before the next activity.
🟢 [ContentConverter] Page 3.0: [activity] auto-closed before the next activity.
🟠 [ContentConverter] Page 3.0: [activity] was never closed — closed at page end.
🟢 [ContentConverter] Page 3.1: [activity] auto-closed before the next activity.
🟢 [ContentConverter] Page 3.1: [activity] auto-closed before the next activity.
🟢 [ContentConverter] Page 3.1: [activity] auto-closed before the next activity.
🟢 [ContentConverter] Page 3.1: [activity] auto-closed before the next activity.
🟢 [ContentConverter] Page 3.1: [activity] auto-closed before the next activity.
🟠 [ContentConverter] Page 3.1: [activity] was never closed — closed at page end.
🟢 [ContentConverter] Page 5.0: [activity] auto-closed before the next activity.
🟢 [ContentConverter] Page 5.0: layout-note [activity] opener merged into the adjacent numbered activity (no empty box).
🟢 [ContentConverter] Page 5.0: [activity] auto-closed before the next activity.
🟢 [ContentConverter] Page 5.0: [activity] auto-closed before the next activity.
🟢 [ContentConverter] Page 5.0: [activity] auto-closed before the next activity.
🟢 [ContentConverter] Page 5.0: [activity] auto-closed before the next activity.
🟠 [ContentConverter] Page 5.0: [activity] was never closed — closed at page end.
🟠 [ContentConverter] Page 5.1: [activity] was never closed — closed at page end.
🟢 [ContentConverter] Page 7.0: [activity] auto-closed before the next activity.
🟢 [ContentConverter] Page 7.0: [activity] auto-closed before the next activity.
🟢 [ContentConverter] Page 7.0: [activity] auto-closed before the next activity.
🟠 [ContentConverter] Page 7.0: [activity] was never closed — closed at page end.
🟢 [ContentConverter] Page 8.0: [activity] auto-closed before the next activity.
🟢 [ContentConverter] Page 8.0: [activity] auto-closed before the next activity.
🟢 [ContentConverter] Page 8.0: [activity] auto-closed before the next activity.
🟢 [ContentConverter] Page 8.0: [activity] auto-closed before the next activity.
🟢 [ContentConverter] Page 8.0: [activity] auto-closed before the next activity.
🟢 [ContentConverter] Page 8.0: [activity] auto-closed before the next activity.
🟢 [ContentConverter] Page 8.0: [activity] auto-closed before the next activity.
🟢 [ContentConverter] Page 8.0: [activity] auto-closed before the next activity.
🟠 [ContentConverter] Page 8.0: [activity] was never closed — closed at page end.
🟢 [InteractiveScanner] Activity 9D: additional widget [speech bubble] absorbed (speechBubble + speechBubble).
🟢 [InteractiveScanner] Activity 9D: additional widget [speech bubble] absorbed (speechBubble + speechBubble).
🟢 [InteractiveScanner] Activity 9D: additional widget [speech bubble] absorbed (speechBubble + speechBubble).
🟢 [InteractiveScanner] Activity 9D: additional widget [speech bubble] absorbed (speechBubble + speechBubble).
🟢 [InteractiveScanner] Activity 9D: additional widget [speech bubble] absorbed (speechBubble + speechBubble).
🟢 [ContentConverter] Page 9.0: [activity] auto-closed before the next activity.
🟢 [ContentConverter] Page 9.0: [activity] auto-closed before the next activity.
🟢 [InteractiveBuilder] Built speechBubble #27 from captured data (no placeholder needed).
🟢 [ContentConverter] Page 9.0: [activity] auto-closed before the next activity.
🟠 [ContentConverter] Page 9.0: [activity] was never closed — closed at page end.
🟢 [InteractiveScanner] accordion: additional widget [accordion] absorbed (accordion + accordion).
🟢 [InteractiveScanner] accordion: additional widget [accordion] absorbed (accordion + accordion).
🟢 [InteractiveScanner] accordion: additional widget [accordion] absorbed (accordion + accordion).
🟢 [InteractiveScanner] accordion: additional widget [accordion] absorbed (accordion + accordion).
🟢 [InteractiveScanner] accordion: additional widget [accordion] absorbed (accordion + accordion).
🟢 [InteractiveScanner] accordion: additional widget [accordion] absorbed (accordion + accordion).
🟢 [InteractiveBuilder] Built accordion #29 from captured data (no placeholder needed).
🟠 [AcksBuilder] YouTube metadata unavailable for item  (stubbed) — possible dead link worth checking: https://youtu.be/Ba2xajUlMP8
🟠 [AcksBuilder] YouTube metadata unavailable for item  (stubbed) — possible dead link worth checking: https://youtu.be/MKP_N9Ipm7Y
🟠 [AcksBuilder] YouTube metadata unavailable for item  (stubbed) — possible dead link worth checking: https://youtu.be/MKP_N9Ipm7Y
🟠 [AcksBuilder] YouTube metadata unavailable for item  (stubbed) — possible dead link worth checking: https://youtu.be/OeF93Q8gPsM
🟠 [AcksBuilder] Unknown media item type "pdf" (item ) — used "Pdf" as the prefix; add it to Acks_Formats type_prefix_map.
🟠 [AcksBuilder] Unknown media item type "pdf" (item ) — used "Pdf" as the prefix; add it to Acks_Formats type_prefix_map.
🟠 [AcksBuilder] Unknown media item type "pdf" (item ) — used "Pdf" as the prefix; add it to Acks_Formats type_prefix_map.
🟠 [AcksBuilder] Unknown media item type "pdf" (item ) — used "Pdf" as the prefix; add it to Acks_Formats type_prefix_map.
🟠 [AcksBuilder] YouTube metadata unavailable for item  (stubbed) — possible dead link worth checking: https://youtu.be/1RDqvVRPCyk
🟠 [AcksBuilder] Unknown media item type "website" (item ) — used "Website" as the prefix; add it to Acks_Formats type_prefix_map.
🟠 [AcksBuilder] YouTube metadata unavailable for item  (stubbed) — possible dead link worth checking: https://youtu.be/dwFsRZv4oHA
🟠 [AcksBuilder] YouTube metadata unavailable for item  (stubbed) — possible dead link worth checking: https://youtu.be/WTVdncVCvKo
🟠 [AcksBuilder] YouTube metadata unavailable for item  (stubbed) — possible dead link worth checking: https://youtu.be/JuEpHNhRJlA
🟠 [AcksBuilder] Unknown media item type "webpage" (item ) — used "Webpage" as the prefix; add it to Acks_Formats type_prefix_map.
🟠 [AcksBuilder] YouTube metadata unavailable for item  (stubbed) — possible dead link worth checking: https://youtu.be/GjJdZaQrItg
🟠 [AcksBuilder] Unknown media item type "pdf" (item ) — used "Pdf" as the prefix; add it to Acks_Formats type_prefix_map.
🟠 [AcksBuilder] YouTube metadata unavailable for item  (stubbed) — possible dead link worth checking: https://youtu.be/AL0-0f9azNo
🟠 [AcksBuilder] YouTube metadata unavailable for item  (stubbed) — possible dead link worth checking: https://youtu.be/keBFpEdiVVU
🟠 [AcksBuilder] YouTube metadata unavailable for item  (stubbed) — possible dead link worth checking: https://youtu.be/q1k8rcYUmbQ
🟠 [AcksBuilder] YouTube metadata unavailable for item  (stubbed) — possible dead link worth checking: https://youtu.be/8DKagDNXx4Y
🟠 [AcksBuilder] Unknown media item type "Slide show" (item ) — used "Slide show" as the prefix; add it to Acks_Formats type_prefix_map.
🟠 [AcksBuilder] Unknown media item type "webpage" (item ) — used "Webpage" as the prefix; add it to Acks_Formats type_prefix_map.
🟠 [AcksBuilder] Unknown media item type "pdf" (item ) — used "Pdf" as the prefix; add it to Acks_Formats type_prefix_map.
🟢 [AcksBuilder] Media item  placed in lesson 8.0 by neighbour interpolation — verify its group.
🟠 [AcksBuilder] 6 iStock titles could not be verified (no *istock-acks*.txt was supplied); each is marked ❗ and the acks block carries a designer note.
🟢 [ConventionResolver] HTML conventions from group Online Safety (OS9000)|1-3: overview menu tabs, lesson menu flat.
🟢 [PageSplitter] [end page] before [MODULE INTRODUCTION] disregarded — the introduction stays on the overview page (AR-1).
🟢 [MenuBuilder] Menu heading "Tirohanga Whānui | Overview" is the section label — consumed (the menu scaffolding names it).
🟢 [MenuBuilder] Menu heading "He aha tāku hei tīmata? | What do I need to get started?" had no content beneath it — omitted (empty preconfigured scaffolding).
🟢 [InteractiveScanner] Activity 1C: additional widget [dropdown] absorbed (dropDown + dropDown).
🟢 [InteractiveScanner] Activity 1C: additional widget [dropdown] absorbed (dropDown + dropDown).
🟢 [InteractiveScanner] Activity 1C: additional widget [dropdown] absorbed (dropDown + dropDown).
🟢 [InteractiveScanner] Activity 1C: additional widget [dropdown] absorbed (dropDown + dropDown).
🟢 [InteractiveScanner] Activity 1C: additional widget [dropdown] absorbed (dropDown + dropDown).
🟢 [InteractiveScanner] Activity 1C: additional widget [dropdown] absorbed (dropDown + dropDown).
🟢 [InteractiveScanner] Activity 1C: additional widget [dropdown] absorbed (dropDown + dropDown).
🟢 [InteractiveScanner] Activity 1C: additional widget [dropdown] absorbed (dropDown + dropDown).
🟢 [InteractiveScanner] Activity 1C: additional widget [dropdown] absorbed (dropDown + dropDown).
🟢 [InteractiveBuilder] Built carousel #1 from captured data (no placeholder needed).
🟢 [InteractiveBuilder] Built speechBubble #2 from captured data (no placeholder needed).
🟢 [InteractiveBuilder] Built carousel #8 from captured data (no placeholder needed).
🟢 [InteractiveBuilder] Built speechBubble #11 from captured data (no placeholder needed).
🟢 [InteractiveBuilder] Built flipCard #12 from captured data (no placeholder needed).
🟢 [InteractiveBuilder] Built hintSlider #14 from captured data (no placeholder needed).
🟢 [ContentConverter] Page 2.0: [activity] auto-closed before the next h3.
🟢 [ContentConverter] [engagement quiz button] → the KB's anchored "Go to quiz" button + To Do note (kb_form).
🟠 [ContentConverter] Page 2.0: [activity] was never closed — closed at page end.
🟠 [AcksBuilder] YouTube metadata unavailable for item 1 (stubbed) — possible dead link worth checking: https://www.youtube.com/watch?v=_oyST-hoZNE
🟠 [AcksBuilder] Unknown media item type "youtube" (item 15) — used "Youtube" as the prefix; add it to Acks_Formats type_prefix_map.
🟠 [AcksBuilder] YouTube metadata unavailable for item 15 (stubbed) — possible dead link worth checking: https://www.youtube.com/watch?v=UWeDo09UveM
🟠 [AcksBuilder] Unknown media item type "youtube" (item 15) — used "Youtube" as the prefix; add it to Acks_Formats type_prefix_map.
🟠 [AcksBuilder] YouTube metadata unavailable for item 48 (stubbed) — possible dead link worth checking: https://www.youtube.com/watch?v=BY4nbuzPXCo
🟢 [AcksBuilder] Media item 49 ("External link") is a lesson link — no acknowledgement (scope rule).
🟠 [AcksBuilder] Unknown media item type "istock" (item 53) — used "Istock" as the prefix; add it to Acks_Formats type_prefix_map.
🟠 [AcksBuilder] 36 iStock titles could not be verified (no *istock-acks*.txt was supplied); each is marked ❗ and the acks block carries a designer note.
🟢 [ConventionResolver] HTML conventions from group Online Safety (OS9000)|4-6: overview menu tabs, lesson menu flat.
🟢 [PageSplitter] [end page] before [MODULE INTRODUCTION] disregarded — the introduction stays on the overview page (AR-1).
🟢 [MenuBuilder] Overview [H1] "Tirohanga Whānui | Overview" kept as the tab-1 <h4> banner (overview_banner_h4).
🟢 [InteractiveScanner] accordion: nested [click drop] absorbed as a sub-bundle (clickDrop); host continues.
🟢 [InteractiveScanner] accordion: additional widget [accordion] absorbed (accordion + accordion).
🟢 [InteractiveScanner] accordion: additional widget [accordion] absorbed (accordion + accordion).
🟢 [InteractiveScanner] accordion: nested [shape hover] absorbed as a sub-bundle (shapeHover); host continues.
🟢 [InteractiveBuilder] Built carousel #2 from captured data (no placeholder needed).
🟢 [ContentConverter] Page 1.0: [activity] auto-closed before the next activity.
🟢 [InteractiveBuilder] Built clickDrop #11 from captured data (no placeholder needed).
🟢 [InteractiveBuilder] Built accordion #12 from captured data (no placeholder needed).
🟢 [InteractiveBuilder] Built speechBubble #14 from captured data (no placeholder needed).
🟢 [InteractiveBuilder] Built speechBubble #16 from captured data (no placeholder needed).
🟢 [InteractiveBuilder] Built modal #17 from captured data (no placeholder needed).
🟢 [InteractiveBuilder] Built flipCard #19 from captured data (no placeholder needed).
🟢 [InteractiveBuilder] Built modal #20 from captured data (no placeholder needed).
🟢 [InteractiveBuilder] Built speechBubble #21 from captured data (no placeholder needed).
🟢 [InteractiveBuilder] Built modal #24 from captured data (no placeholder needed).
🟢 [InteractiveBuilder] Built modal #25 from captured data (no placeholder needed).
🟢 [ContentConverter] [engagement quiz button] → the KB's anchored "Go to quiz" button + To Do note (kb_form).
🟠 [ContentConverter] Page 3.0: [activity] was never closed — closed at page end.
🟠 [AcksBuilder] YouTube metadata unavailable for item  (stubbed) — possible dead link worth checking: https://www.youtube.com/watch?v=xC6-Hl1vyaM
🟠 [AcksBuilder] YouTube metadata unavailable for item  (stubbed) — possible dead link worth checking: https://www.youtube.com/watch?v=0pOQHQ6x-Y8
🟠 [AcksBuilder] Unknown media item type "Google slide" (item 18.) — used "Google slide" as the prefix; add it to Acks_Formats type_prefix_map.
🟠 [AcksBuilder] Unknown media item type "Te Kura D2L link (CS use only)" (item 26) — used "Te kura d2l link (cs use only)" as the prefix; add it to Acks_Formats type_prefix_map.
🟠 [AcksBuilder] YouTube metadata unavailable for item 40 (stubbed) — possible dead link worth checking: https://www.youtube.com/watch?v=AGKftaUwJh4
🟠 [AcksBuilder] YouTube metadata unavailable for item 44 (stubbed) — possible dead link worth checking: https://www.youtube.com/watch?v=NrrCjZ8Sufg&list=RDNrrCjZ8Sufg&start_radio=1
🟢 [AcksBuilder] Media item 46 ("link") is a lesson link — no acknowledgement (scope rule).
🟠 [AcksBuilder] YouTube metadata unavailable for item 47 (stubbed) — possible dead link worth checking: https://www.youtube.com/watch?v=19zUi9QDhIk
🟠 [AcksBuilder] Unknown media item type "Word Doc" (item 48) — used "Word doc" as the prefix; add it to Acks_Formats type_prefix_map.
🟢 [AcksBuilder] Media item 56 ("External link") is a lesson link — no acknowledgement (scope rule).
🟠 [AcksBuilder] YouTube metadata unavailable for item 58 (stubbed) — possible dead link worth checking: https://www.youtube.com/watch?v=LIuQyI2URwY
🟠 [AcksBuilder] Unknown media item type "Audio file" (item 60) — used "Audio file" as the prefix; add it to Acks_Formats type_prefix_map.
🟠 [AcksBuilder] Unknown media item type "Audio file" (item 62) — used "Audio file" as the prefix; add it to Acks_Formats type_prefix_map.
🟠 [AcksBuilder] Unknown media item type "slide" (item 63) — used "Slide" as the prefix; add it to Acks_Formats type_prefix_map.
🟠 [AcksBuilder] Unknown media item type "slide" (item 63) — used "Slide" as the prefix; add it to Acks_Formats type_prefix_map.
🟠 [AcksBuilder] Unknown media item type "Word Doc" (item 67) — used "Word doc" as the prefix; add it to Acks_Formats type_prefix_map.
🟢 [AcksBuilder] Media item 52 placed in lesson 2.0 by neighbour interpolation — verify its group.
🟠 [AcksBuilder] 44 iStock titles could not be verified (no *istock-acks*.txt was supplied); each is marked ❗ and the acks block carries a designer note.
🟢 [ConventionResolver] HTML conventions from group NCEA1|NCEA: overview menu tabs, lesson menu flat.
🟢 [PageSplitter] [end page] before [MODULE INTRODUCTION] disregarded — the introduction stays on the overview page (AR-1).
🟢 [PageSplitter] "[pho1053 lesson 4]" mentions lesson inside a writer instruction — not a page boundary (lesson_boundary_guard).
🟢 [PageSplitter] "[from pho1031 lesson 6]" mentions lesson inside a writer instruction — not a page boundary (lesson_boundary_guard).
🟢 [PageSplitter] "[copy pho1032 lesson 8]" mentions lesson inside a writer instruction — not a page boundary (lesson_boundary_guard).
🟢 [PageSplitter] Content after the final [end page] (3 blocks) is writer-form boilerplate — not emitted (AR-5).
🟠 [PageSplitter] Duplicate lesson label 10.0 (writers reused the number) — relabelled to 18.0; check the source numbering.
🟢 [MenuBuilder] Menu heading "Tirohanga Whānui | Overview" is the section label — consumed (the menu scaffolding names it).
🟢 [MenuBuilder] Menu section "Aromatawai | Assessment for Learning" promoted to its own "Standards" nav tab (menu.extra_tabs registry).
🟢 [InteractiveBuilder] Built modal #1 from captured data (no placeholder needed).
🟢 [ContentConverter] Page 3.0: [activity] auto-closed before the next activity.
🟠 [ContentConverter] Page 3.0: [activity] was never closed — closed at page end.
🟢 [InteractiveBuilder] Built modal #3 from captured data (no placeholder needed).
🟠 [ContentConverter] Page 5.0: [activity] was never closed — closed at page end.
🟠 [ContentConverter] Page 7.0: [activity] was never closed — closed at page end.
🟢 [InteractiveScanner] dropDown: additional widget [dropdown] absorbed (dropDown + dropDown).
🟢 [InteractiveBuilder] Built tabs #11 from captured data (no placeholder needed).
🟢 [ModuleResolver] SSCI205 is not in the registry members — inherited from its level SSCI3 (sibling rule).
🟢 [ConventionResolver] HTML conventions from group 1-10 Social Science|7-8: overview menu tabs, lesson menu default.
🟢 [InteractiveScanner] clickDrop: additional widget [click drop] absorbed (clickDrop + clickDrop).
🟢 [InteractiveScanner] clickDrop: additional widget [click drop] absorbed (clickDrop + clickDrop).
🟢 [InteractiveBuilder] Built hint #3 from captured data (no placeholder needed).
🟢 [InteractiveScanner] Activity 2C: additional widget [click drop] absorbed (reorder + clickDrop).
🟢 [InteractiveScanner] Activity 2C: additional widget [click drop] absorbed (reorder + clickDrop).
🟢 [InteractiveBuilder] Built speechBubble #4 from captured data (no placeholder needed).
🟢 [ContentConverter] Page 2.0: [end activity] had no open container — ignored.
🟢 [InteractiveBuilder] Built hint #7 from captured data (no placeholder needed).
🟢 [InteractiveScanner] clickDrop: additional widget [click drop] absorbed (clickDrop + clickDrop).
🟢 [InteractiveScanner] clickDrop: additional widget [click drop] absorbed (clickDrop + clickDrop).
🟢 [InteractiveScanner] clickDrop: additional widget [click drop] absorbed (clickDrop + clickDrop).
🟢 [InteractiveScanner] clickDrop: additional widget [click drop] absorbed (clickDrop + clickDrop).
🟢 [InteractiveScanner] clickDrop: additional widget [click drop] absorbed (clickDrop + clickDrop).
🟢 [InteractiveScanner] Activity 3A: additional widget [typing quiz] absorbed (dragAndDrop + typing).
🟢 [InteractiveScanner] Activity 3B: additional widget [typing quiz] absorbed (dragAndDrop + typing).
🟢 [InteractiveBuilder] Built speechBubble #8 from captured data (no placeholder needed).
🟢 [InteractiveBuilder] Built clickDrop #9 from captured data (no placeholder needed).
🟢 [ContentConverter] Page 3.0: [end activity] had no open container — ignored.
🟢 [InteractiveBuilder] Built flipCard #11 from captured data (no placeholder needed).
🟢 [ContentConverter] Page 3.0: [end activity] had no open container — ignored.
🟢 [InteractiveBuilder] Built flipCard #13 from captured data (no placeholder needed).
🟢 [InteractiveBuilder] Built hint #16 from captured data (no placeholder needed).
🟢 [InteractiveBuilder] Built speechBubble #17 from captured data (no placeholder needed).
🟢 [InteractiveBuilder] Built flipCard #18 from captured data (no placeholder needed).
🟢 [ContentConverter] Page 4.0: [end activity] had no open container — ignored.
🟢 [InteractiveScanner] Activity 5C: additional widget [mcq] absorbed (multiChoiceQuiz + multiChoiceQuiz).
🟢 [InteractiveScanner] Activity 5C: additional widget [typing quiz] absorbed (multiChoiceQuiz + typing).
🟢 [InteractiveScanner] Activity 5C: additional widget [typing quiz] absorbed (multiChoiceQuiz + typing).
🟢 [InteractiveScanner] Activity 5C: additional widget [typing quiz] absorbed (multiChoiceQuiz + typing).
🟢 [InteractiveScanner] Activity 5C: additional widget [typing quiz] absorbed (multiChoiceQuiz + typing).
🟢 [InteractiveBuilder] Built speechBubble #22 from captured data (no placeholder needed).
🟢 [ContentConverter] Page 5.0: [end activity] had no open container — ignored.
🟢 [InteractiveBuilder] Built flipCard #24 from captured data (no placeholder needed).
🟢 [ContentConverter] Page 5.0: [end activity] had no open container — ignored.
🟢 [ContentConverter] Page 5.0: [end activity] had no open container — ignored.
🟢 [ContentConverter] Page 5.0: [end activity] had no open container — ignored.
🟢 [InteractiveScanner] clickDrop: additional widget [click drop] absorbed (clickDrop + clickDrop).
🟢 [InteractiveScanner] clickDrop: additional widget [click drop] absorbed (clickDrop + clickDrop).
🟢 [InteractiveScanner] clickDrop: additional widget [click drop] absorbed (clickDrop + clickDrop).
🟢 [InteractiveScanner] clickDrop: additional widget [click drop] absorbed (clickDrop + clickDrop).
🟢 [InteractiveScanner] clickDrop: additional widget [click drop] absorbed (clickDrop + clickDrop).
🟢 [InteractiveScanner] clickDrop: additional widget [click drop] absorbed (clickDrop + clickDrop).
🟢 [InteractiveBuilder] Built speechBubble #28 from captured data (no placeholder needed).
🟢 [ContentConverter] Page 6.0: [end activity] had no open container — ignored.
🟢 [ContentConverter] Page 6.0: [end activity] had no open container — ignored.
🟢 [InteractiveBuilder] Built clickDrop #31 from captured data (no placeholder needed).
🟢 [ContentConverter] Page 6.0: [end activity] had no open container — ignored.
🟢 [InteractiveBuilder] Built hint #33 from captured data (no placeholder needed).
🟢 [InteractiveScanner] clickDrop: additional widget [click drop] absorbed (clickDrop + clickDrop).
🟢 [InteractiveScanner] clickDrop: additional widget [click drop] absorbed (clickDrop + clickDrop).
🟢 [InteractiveScanner] clickDrop: additional widget [click drop] absorbed (clickDrop + clickDrop).
🟢 [InteractiveScanner] clickDrop: additional widget [click drop] absorbed (clickDrop + clickDrop).
🟢 [InteractiveScanner] clickDrop: additional widget [click drop] absorbed (clickDrop + clickDrop).
🟢 [InteractiveScanner] clickDrop: additional widget [click drop] absorbed (clickDrop + clickDrop).
🟢 [InteractiveScanner] clickDrop: additional widget [click drop] absorbed (clickDrop + clickDrop).
🟢 [InteractiveScanner] clickDrop: additional widget [click drop] absorbed (clickDrop + clickDrop).
🟢 [InteractiveScanner] clickDrop: additional widget [click drop] absorbed (clickDrop + clickDrop).
🟢 [InteractiveScanner] clickDrop: additional widget [click drop] absorbed (clickDrop + clickDrop).
🟢 [InteractiveScanner] clickDrop: additional widget [click drop] absorbed (clickDrop + clickDrop).
🟢 [InteractiveBuilder] Built flipCard #34 from captured data (no placeholder needed).
🟢 [ContentConverter] Page 7.0: [end activity] had no open container — ignored.
🟢 [ContentConverter] Page 7.0: [end activity] had no open container — ignored.
🟢 [InteractiveBuilder] Built hint #37 from captured data (no placeholder needed).
🟢 [InteractiveScanner] clickDrop: additional widget [click drop] absorbed (clickDrop + clickDrop).
🟢 [InteractiveScanner] clickDrop: additional widget [click drop] absorbed (clickDrop + clickDrop).
🟢 [InteractiveScanner] clickDrop: additional widget [click drop] absorbed (clickDrop + clickDrop).
🟢 [InteractiveScanner] clickDrop: additional widget [click drop] absorbed (clickDrop + clickDrop).
🟢 [InteractiveScanner] clickDrop: additional widget [click drop] absorbed (clickDrop + clickDrop).
🟢 [InteractiveScanner] clickDrop: additional widget [click drop] absorbed (clickDrop + clickDrop).
🟢 [InteractiveScanner] clickDrop: additional widget [click drop] absorbed (clickDrop + clickDrop).
🟢 [InteractiveBuilder] Built speechBubble #38 from captured data (no placeholder needed).
🟢 [InteractiveBuilder] Built clickDrop #39 from captured data (no placeholder needed).
🟢 [InteractiveBuilder] Built hint #41 from captured data (no placeholder needed).
🟢 [InteractiveBuilder] Built dropDown #43 from captured data (no placeholder needed).
🟠 [AcksBuilder] Unknown media item type "AI created image" (item ) — used "Ai created image" as the prefix; add it to Acks_Formats type_prefix_map.
🟠 [AcksBuilder] YouTube metadata unavailable for item  (stubbed) — possible dead link worth checking: https://www.youtube.com/watch?v=pa9EY2k4pWo&list=RDpa9EY2k4pWo&start_radio=1
🟠 [AcksBuilder] Unknown media item type "AI created image" (item ) — used "Ai created image" as the prefix; add it to Acks_Formats type_prefix_map.
🟠 [AcksBuilder] Unknown media item type "PDF" (item ) — used "Pdf" as the prefix; add it to Acks_Formats type_prefix_map.
🟠 [AcksBuilder] Unknown media item type "AI created image" (item ) — used "Ai created image" as the prefix; add it to Acks_Formats type_prefix_map.
🟠 [AcksBuilder] Unknown media item type "AI created image" (item ) — used "Ai created image" as the prefix; add it to Acks_Formats type_prefix_map.
🟠 [AcksBuilder] Unknown media item type "AI created image" (item ) — used "Ai created image" as the prefix; add it to Acks_Formats type_prefix_map.
🟠 [AcksBuilder] Unknown media item type "AI created image" (item ) — used "Ai created image" as the prefix; add it to Acks_Formats type_prefix_map.
🟠 [AcksBuilder] Unknown media item type "AI created image" (item ) — used "Ai created image" as the prefix; add it to Acks_Formats type_prefix_map.
🟠 [AcksBuilder] Unknown media item type "AI created image" (item ) — used "Ai created image" as the prefix; add it to Acks_Formats type_prefix_map.
🟠 [AcksBuilder] Unknown media item type "AI created image" (item ) — used "Ai created image" as the prefix; add it to Acks_Formats type_prefix_map.
🟠 [AcksBuilder] Unknown media item type "AI created image" (item ) — used "Ai created image" as the prefix; add it to Acks_Formats type_prefix_map.
🟠 [AcksBuilder] Unknown media item type "AI created image" (item ) — used "Ai created image" as the prefix; add it to Acks_Formats type_prefix_map.
🟠 [AcksBuilder] Unknown media item type "AI created image" (item ) — used "Ai created image" as the prefix; add it to Acks_Formats type_prefix_map.
🟠 [AcksBuilder] Unknown media item type "AI created image" (item ) — used "Ai created image" as the prefix; add it to Acks_Formats type_prefix_map.
🟠 [AcksBuilder] Unknown media item type "AI created image" (item ) — used "Ai created image" as the prefix; add it to Acks_Formats type_prefix_map.
🟠 [AcksBuilder] YouTube metadata unavailable for item  (stubbed) — possible dead link worth checking: https://www.youtube.com/watch?v=ZsSUZfhQWeI
🟠 [AcksBuilder] Unknown media item type "AI created image" (item ) — used "Ai created image" as the prefix; add it to Acks_Formats type_prefix_map.
🟠 [AcksBuilder] Unknown media item type "AI created image" (item ) — used "Ai created image" as the prefix; add it to Acks_Formats type_prefix_map.
🟠 [AcksBuilder] Unknown media item type "PDF" (item ) — used "Pdf" as the prefix; add it to Acks_Formats type_prefix_map.
🟠 [AcksBuilder] Unknown media item type "AI created image" (item ) — used "Ai created image" as the prefix; add it to Acks_Formats type_prefix_map.
🟠 [AcksBuilder] Unknown media item type "AI created image" (item ) — used "Ai created image" as the prefix; add it to Acks_Formats type_prefix_map.
🟠 [AcksBuilder] Unknown media item type "AI created image" (item ) — used "Ai created image" as the prefix; add it to Acks_Formats type_prefix_map.
🟠 [AcksBuilder] Unknown media item type "AI created image" (item ) — used "Ai created image" as the prefix; add it to Acks_Formats type_prefix_map.
🟠 [AcksBuilder] Unknown media item type "AI created image" (item ) — used "Ai created image" as the prefix; add it to Acks_Formats type_prefix_map.
🟠 [AcksBuilder] Unknown media item type "AI created image" (item ) — used "Ai created image" as the prefix; add it to Acks_Formats type_prefix_map.
🟠 [AcksBuilder] Unknown media item type "AI created image" (item ) — used "Ai created image" as the prefix; add it to Acks_Formats type_prefix_map.
🟠 [AcksBuilder] Unknown media item type "AI created image" (item ) — used "Ai created image" as the prefix; add it to Acks_Formats type_prefix_map.
🟠 [AcksBuilder] Unknown media item type "AI created image" (item ) — used "Ai created image" as the prefix; add it to Acks_Formats type_prefix_map.
🟠 [AcksBuilder] Unknown media item type "AI created image" (item ) — used "Ai created image" as the prefix; add it to Acks_Formats type_prefix_map.
🟠 [AcksBuilder] Unknown media item type "AI created image" (item ) — used "Ai created image" as the prefix; add it to Acks_Formats type_prefix_map.
🟠 [AcksBuilder] Unknown media item type "AI created image" (item ) — used "Ai created image" as the prefix; add it to Acks_Formats type_prefix_map.
🟠 [AcksBuilder] Unknown media item type "AI created image" (item ) — used "Ai created image" as the prefix; add it to Acks_Formats type_prefix_map.
🟠 [AcksBuilder] YouTube metadata unavailable for item  (stubbed) — possible dead link worth checking: https://www.youtube.com/watch?v=rFDT-c6QGpk
🟠 [AcksBuilder] Unknown media item type "AI created image" (item ) — used "Ai created image" as the prefix; add it to Acks_Formats type_prefix_map.
🟠 [AcksBuilder] Unknown media item type "AI created image" (item ) — used "Ai created image" as the prefix; add it to Acks_Formats type_prefix_map.
🟠 [AcksBuilder] Unknown media item type "AI created image" (item ) — used "Ai created image" as the prefix; add it to Acks_Formats type_prefix_map.
🟠 [AcksBuilder] Unknown media item type "AI created images" (item ) — used "Ai created images" as the prefix; add it to Acks_Formats type_prefix_map.
🟠 [AcksBuilder] Unknown media item type "AI created image" (item ) — used "Ai created image" as the prefix; add it to Acks_Formats type_prefix_map.
🟠 [AcksBuilder] Unknown media item type "AI Created image" (item ) — used "Ai created image" as the prefix; add it to Acks_Formats type_prefix_map.
🟠 [AcksBuilder] Unknown media item type "PDF" (item ) — used "Pdf" as the prefix; add it to Acks_Formats type_prefix_map.
🟠 [AcksBuilder] Unknown media item type "AI create image" (item ) — used "Ai create image" as the prefix; add it to Acks_Formats type_prefix_map.
🟠 [AcksBuilder] Unknown media item type "AI create image" (item ) — used "Ai create image" as the prefix; add it to Acks_Formats type_prefix_map.
🟠 [AcksBuilder] Unknown media item type "AI create image" (item ) — used "Ai create image" as the prefix; add it to Acks_Formats type_prefix_map.
🟠 [AcksBuilder] YouTube metadata unavailable for item  (stubbed) — possible dead link worth checking: https://www.youtube.com/watch?v=adpEGAh0GFw
🟠 [AcksBuilder] Unknown media item type "AI create image" (item ) — used "Ai create image" as the prefix; add it to Acks_Formats type_prefix_map.
🟠 [AcksBuilder] Unknown media item type "PDF" (item ) — used "Pdf" as the prefix; add it to Acks_Formats type_prefix_map.
🟠 [AcksBuilder] Unknown media item type "AI Created image" (item ) — used "Ai created image" as the prefix; add it to Acks_Formats type_prefix_map.
🟠 [AcksBuilder] Unknown media item type "AI Created image" (item ) — used "Ai created image" as the prefix; add it to Acks_Formats type_prefix_map.
🟠 [AcksBuilder] Unknown media item type "AI Created image" (item ) — used "Ai created image" as the prefix; add it to Acks_Formats type_prefix_map.
🟠 [AcksBuilder] Unknown media item type "Ai create image" (item ) — used "Ai create image" as the prefix; add it to Acks_Formats type_prefix_map.
🟠 [AcksBuilder] Unknown media item type "Ai create image" (item ) — used "Ai create image" as the prefix; add it to Acks_Formats type_prefix_map.
🟠 [AcksBuilder] Unknown media item type "PDF" (item ) — used "Pdf" as the prefix; add it to Acks_Formats type_prefix_map.
🟠 [AcksBuilder] Unknown media item type "Ai created image" (item ) — used "Ai created image" as the prefix; add it to Acks_Formats type_prefix_map.
🟠 [AcksBuilder] Unknown media item type "Ai created image" (item ) — used "Ai created image" as the prefix; add it to Acks_Formats type_prefix_map.
🟠 [AcksBuilder] YouTube metadata unavailable for item  (stubbed) — possible dead link worth checking: https://www.youtube.com/watch?v=wTxW7sa2rtg
🟠 [AcksBuilder] Unknown media item type "Ai created image" (item ) — used "Ai created image" as the prefix; add it to Acks_Formats type_prefix_map.
🟠 [AcksBuilder] YouTube metadata unavailable for item  (stubbed) — possible dead link worth checking: https://www.youtube.com/watch?v=3288GILNCyo
🟠 [AcksBuilder] Unknown media item type "PDF" (item ) — used "Pdf" as the prefix; add it to Acks_Formats type_prefix_map.
🟠 [AcksBuilder] Unknown media item type "Ai created image" (item ) — used "Ai created image" as the prefix; add it to Acks_Formats type_prefix_map.
🟠 [AcksBuilder] Unknown media item type "Ai created image" (item ) — used "Ai created image" as the prefix; add it to Acks_Formats type_prefix_map.
🟠 [AcksBuilder] Unknown media item type "Ai created image" (item ) — used "Ai created image" as the prefix; add it to Acks_Formats type_prefix_map.
🟠 [AcksBuilder] Unknown media item type "Ai created image" (item ) — used "Ai created image" as the prefix; add it to Acks_Formats type_prefix_map.
🟠 [AcksBuilder] Unknown media item type "AI created image" (item ) — used "Ai created image" as the prefix; add it to Acks_Formats type_prefix_map.
🟠 [AcksBuilder] 17 iStock titles could not be verified (no *istock-acks*.txt was supplied); each is marked ❗ and the acks block carries a designer note.
🟢 [SkeletonBuilder] template attribute "7-8" overridden to the level-2 preset "4-6" (template_phase_presets — the module-level rule outranks sibling inheritance for this attribute only).
🟢 [ConventionResolver] HTML conventions from group 1-10 Technology|combo: overview menu default, lesson menu two_col_li.
🟢 [InteractiveScanner] speechBubble: additional widget [speech bubble] absorbed (speechBubble + speechBubble).
🟢 [InteractiveScanner] speechBubble: additional widget [speech bubble] absorbed (speechBubble + speechBubble).
🟠 [ContentConverter] [TITLE BAR] title half is the placeholder "MODULE TITLE TE REO" — the real title is not in the WT; dropped, not shipped as an <h1>. Add the title to the source.
🟢 [ContentConverter] [alert] right-hand box → an alert top side column paired with the preceding content row (positional_side_alert).
🟢 [ContentConverter] Page 0.0: [activity] auto-closed before the next h3.
🟢 [ContentConverter] Page 0.0: [end mcq] had no open container — ignored.
🟢 [InteractiveBuilder] Built flipCard #3 from captured data (no placeholder needed).
🟢 [InteractiveBuilder] Built speechBubble #4 from captured data (no placeholder needed).
🟢 [ActivitiesBuilder] 6 activity title heading(s) set to h3 (title_heading_level).
🟠 [AcksBuilder] Unknown media item type "PDF" (item 4) — used "Pdf" as the prefix; add it to Acks_Formats type_prefix_map.
🟠 [AcksBuilder] YouTube metadata unavailable for item 8 (stubbed) — possible dead link worth checking: https://www.youtube.com/watch?v=JMjozqJS44M
🟠 [AcksBuilder] YouTube metadata unavailable for item 14 (stubbed) — possible dead link worth checking: https://www.youtube.com/watch?v=MsQDXRA0q9c
🟠 [AcksBuilder] YouTube metadata unavailable for item 15 (stubbed) — possible dead link worth checking: https://www.youtube.com/watch?v=_4d5gRwZ_4g
🟠 [AcksBuilder] YouTube metadata unavailable for item 17 (stubbed) — possible dead link worth checking: https://www.youtube.com/watch?v=_4d5gRwZ_4g
🟢 [AcksBuilder] Media item 9 placed in lesson 0.0 by neighbour interpolation — verify its group.
🟠 [AcksBuilder] 13 iStock titles could not be verified (no *istock-acks*.txt was supplied); each is marked ❗ and the acks block carries a designer note.
🟢 [ConventionResolver] HTML conventions from group Te Marautanga o Aotearoa TMoA|1-3: overview menu tabs, lesson menu default.
🟢 [PageSplitter] Document opens without a literal [TITLE BAR] — overview page opened at the first content tag (Fundamentals-style template).
🟢 [PageAssembler] No [TITLE BAR] / Module Name title — MTK module title taken from [h1] repetition on page 1.0: "The vowel blend: ia | Ngā oropuare pūrua: ia" (round 321).
🟠 [AcksBuilder] Unknown media item type "PDF" (item ) — used "Pdf" as the prefix; add it to Acks_Formats type_prefix_map.
🟠 [AcksBuilder] Unknown media item type "PDF" (item ) — used "Pdf" as the prefix; add it to Acks_Formats type_prefix_map.
🟠 [AcksBuilder] Unknown media item type "PDF" (item ) — used "Pdf" as the prefix; add it to Acks_Formats type_prefix_map.
🟠 [AcksBuilder] Unknown media item type "PDF" (item ) — used "Pdf" as the prefix; add it to Acks_Formats type_prefix_map.
🟢 [AcksBuilder] Media item  placed in lesson 1.0 by neighbour interpolation — verify its group.
🟠 [AcksBuilder] Media item  sits between lessons 1.0 and 2.0 — placed in 1.0; verify.
🟢 [AcksBuilder] Media item  placed in lesson 2.0 by neighbour interpolation — verify its group.
🟠 [AcksBuilder] Media item  sits between lessons 2.0 and 3.0 — placed in 2.0; verify.
🟢 [AcksBuilder] Media item  placed in lesson 3.0 by neighbour interpolation — verify its group.
🟠 [AcksBuilder] Media item  sits between lessons 3.0 and 4.0 — placed in 3.0; verify.
🟢 [AcksBuilder] Media item  placed in lesson 4.0 by neighbour interpolation — verify its group.
🟠 [AcksBuilder] Media item  sits between lessons 4.0 and 5.0 — placed in 4.0; verify.
🟠 [AcksBuilder] Media item  could not be mapped to a lesson — placed in the first group (0.0); verify.
🟢 [SkeletonBuilder] footer_links "final" value "—" is not a footer pattern (the registry's no-evidence marker) — the KB's final-page form "prev+home" applied (footer.kb_position_defaults).
🟢 [ConventionResolver] HTML conventions from group Te ara Whakapuawa -Wellbeing|7-8: overview menu default, lesson menu two_col_li.
🟢 [ContentConverter] Page 0.0: [end tab n] had no open container — ignored.
🟢 [ContentConverter] [alert] right-hand box → an alert top side column paired with the preceding content row (positional_side_alert).
🟢 [InteractiveBuilder] Built carousel #1 from captured data (no placeholder needed).
🟢 [ContentConverter] Page 0.0: [activity] auto-closed before the next activity.
🟢 [ContentConverter] Page 0.0: [activity] auto-closed before the next alert.
🟢 [ContentConverter] [button] with a video URL → the video embed (video_destination, own).
🟢 [ContentConverter] Page 0.0: [end tab n] had no open container — ignored.
🟢 [ContentConverter] Page 0.0: [end tab n] had no open container — ignored.
🟢 [ContentConverter] Page 0.0: [end tab n] had no open container — ignored.
🟢 [ContentConverter] Page 0.0: [end tab n] had no open container — ignored.
🟢 [InteractiveBuilder] Built flipCard #7 from captured data (no placeholder needed).
🟢 [ContentConverter] Page 0.0: [end tab n] had no open container — ignored.
🟢 [ContentConverter] Page 0.0: [end tab n] had no open container — ignored.
🟢 [MenuBuilder] Menu heading "Tirohanga Whānui | Overview" is the section label — consumed (the menu scaffolding names it).
🟢 [MenuBuilder] Menu heading "Understand: We can navigate the digital world safely, responsibly, and ethically, while fostering positive and respectful online relationships." had no content beneath it — omitted (empty preconfigured scaffolding).
🟢 [MenuBuilder] Menu heading "He aha tāku hei tīmata? | What do I need to get started?" had no content beneath it — omitted (empty preconfigured scaffolding).
🟢 [ActivitiesBuilder] 5 activity title heading(s) set to h3 (title_heading_level).
🟠 [AcksBuilder] YouTube metadata unavailable for item  (stubbed) — possible dead link worth checking: https://youtu.be/DEr9wUHp4zw
🟠 [AcksBuilder] YouTube metadata unavailable for item  (stubbed) — possible dead link worth checking: https://youtu.be/L7rB_Iwlh8M
🟠 [AcksBuilder] Unknown media item type "Interactive image" (item ) — used "Interactive image" as the prefix; add it to Acks_Formats type_prefix_map.
🟠 [AcksBuilder] Unknown media item type "Icons" (item ) — used "Icons" as the prefix; add it to Acks_Formats type_prefix_map.
🟢 [AcksBuilder] Media item  ("Link") is a lesson link — no acknowledgement (scope rule).
🟢 [AcksBuilder] Media item  ("Link") is a lesson link — no acknowledgement (scope rule).
🟠 [AcksBuilder] YouTube metadata unavailable for item  (stubbed) — possible dead link worth checking: https://youtu.be/RnPJVqMy_00
🟠 [AcksBuilder] YouTube metadata unavailable for item  (stubbed) — possible dead link worth checking: https://youtu.be/vtfMzmkYp9E
🟠 [AcksBuilder] Unknown media item type "Link/Button" (item ) — used "Link/button" as the prefix; add it to Acks_Formats type_prefix_map.
🟠 [AcksBuilder] Unknown media item type "Link/Button" (item ) — used "Link/button" as the prefix; add it to Acks_Formats type_prefix_map.
🟠 [AcksBuilder] YouTube metadata unavailable for item  (stubbed) — possible dead link worth checking: https://youtu.be/10LEWqdscvI
🟢 [AcksBuilder] Media item  ("link") is a lesson link — no acknowledgement (scope rule).
🟢 [AcksBuilder] Media item  ("Link") is a lesson link — no acknowledgement (scope rule).
🟠 [AcksBuilder] Unknown media item type "icons" (item ) — used "Icons" as the prefix; add it to Acks_Formats type_prefix_map.
🟠 [AcksBuilder] 26 iStock titles could not be verified (no *istock-acks*.txt was supplied); each is marked ❗ and the acks block carries a designer note.
🟢 [ConventionResolver] HTML conventions from series XDLS (deviation over Leaving to Learn|combo): overview menu flat, lesson menu flat.
🟢 [PageSplitter] [end page] before [MODULE INTRODUCTION] disregarded — the introduction stays on the overview page (AR-1).
🟢 [MenuBuilder] Menu heading "Tirohanga Whānui | Overview" is the section label — consumed (the menu scaffolding names it).
🟢 [MenuBuilder] Menu section "Hononga | Connections" promoted to its own "Connections" nav tab (menu.extra_tabs registry).
🟢 [MenuBuilder] Menu section "Aromatawai | Assessment for Learning" promoted to its own "Standards" nav tab (menu.extra_tabs registry).
🟢 [InteractiveScanner] clickDrop: additional widget [click drop] absorbed (clickDrop + clickDrop).
🟢 [ContentConverter] Page 1.0: [activity] auto-closed before the next alert.
🟢 [InteractiveBuilder] Built dropDown #2 from captured data (no placeholder needed).
🟢 [ContentConverter] Page 1.0: [activity] auto-closed before the next alert.
🟢 [InteractiveBuilder] Built dropDown #5 from captured data (no placeholder needed).
🟢 [ContentConverter] Page 1.0: [activity] auto-closed before the next alert.
🟢 [InteractiveBuilder] Built clickDrop #7 from captured data (no placeholder needed).
🟢 [InteractiveScanner] Activity 2C: additional widget [info trigger] absorbed (carousel + infoTrigger).
🟢 [InteractiveScanner] Activity 2C: additional widget [carousel] absorbed (carousel + carousel).
🟢 [InteractiveBuilder] Built carousel #10 from captured data (no placeholder needed).
🟢 [InteractiveBuilder] Built dropDown #11 from captured data (no placeholder needed).
🟢 [InteractiveBuilder] Built carousel #12 from captured data (no placeholder needed).
🟢 [InteractiveBuilder] Built carousel #13 from captured data (no placeholder needed).
🟢 [InteractiveBuilder] Built flipCard #16 from captured data (no placeholder needed).
🟢 [InteractiveScanner] Activity 3C: additional widget [slider] absorbed (slider + slider).
🟢 [InteractiveBuilder] Built carousel #18 from captured data (no placeholder needed).
🟢 [InteractiveBuilder] Built carousel #19 from captured data (no placeholder needed).
🟢 [ContentConverter] Page 3.0: [activity] auto-closed before the next activity.
🟢 [ContentConverter] Page 3.0: activity box kept open for its trailing upload box (round 314).
🟢 [InteractiveBuilder] Built dropDown #21 from captured data (no placeholder needed).
🟢 [ContentConverter] Page 3.0: activity box kept open for its trailing upload box (round 314).
🟢 [InteractiveBuilder] Built dropDown #23 from captured data (no placeholder needed).
🟢 [ContentConverter] Page 3.0: [activity] auto-closed before the next alert.
🟢 [ContentConverter] Page 4.0: activity box kept open for its trailing upload box (round 314).
🟢 [InteractiveBuilder] Built dropDown #28 from captured data (no placeholder needed).
🟢 [ContentConverter] Page 4.0: [activity] auto-closed before the next activity.
🟢 [ContentConverter] Page 4.0: [activity] auto-closed before the next alert.
🟢 [ContentConverter] Page 4.0: [summary box] declined — the writer tagged its content, so a strict callout would be empty (r304 empty guard).
🟢 [InteractiveBuilder] Built carousel #30 from captured data (no placeholder needed).
🟢 [ContentConverter] Page 5.0: activity box kept open for its trailing upload box (round 314).
🟢 [InteractiveBuilder] Built dropDown #32 from captured data (no placeholder needed).
🟢 [ContentConverter] Page 5.0: [activity] auto-closed before the next activity.
🟢 [InteractiveBuilder] Built carousel #34 from captured data (no placeholder needed).
🟢 [ContentConverter] Page 5.0: activity box kept open for its trailing upload box (round 314).
🟢 [InteractiveBuilder] Built dropDown #35 from captured data (no placeholder needed).
🟢 [ContentConverter] Page 5.0: [activity] auto-closed before the next alert.
🟠 [AcksBuilder] Unknown media item type "Link to app" (item ) — used "Link to app" as the prefix; add it to Acks_Formats type_prefix_map.
🟠 [AcksBuilder] Unknown media item type "Link to app" (item ) — used "Link to app" as the prefix; add it to Acks_Formats type_prefix_map.
🟠 [AcksBuilder] Unknown media item type "Link to app" (item ) — used "Link to app" as the prefix; add it to Acks_Formats type_prefix_map.
🟠 [AcksBuilder] YouTube metadata unavailable for item  (stubbed) — possible dead link worth checking: https://youtu.be/SE-YrYJ4Fe8
🟠 [AcksBuilder] YouTube metadata unavailable for item  (stubbed) — possible dead link worth checking: https://youtu.be/EBT0IDSL9-Q
🟢 [AcksBuilder] Media item  ("Link") is a lesson link — no acknowledgement (scope rule).
🟠 [AcksBuilder] YouTube metadata unavailable for item  (stubbed) — possible dead link worth checking: https://youtu.be/EPrAeylmtw4
🟢 [AcksBuilder] Media item  ("Link") is a lesson link — no acknowledgement (scope rule).
🟠 [AcksBuilder] YouTube metadata unavailable for item  (stubbed) — possible dead link worth checking: https://youtu.be/hXP5fUfBGQQ
🟠 [AcksBuilder] YouTube metadata unavailable for item  (stubbed) — possible dead link worth checking: https://youtu.be/2BpAZXhKHoc
🟠 [AcksBuilder] YouTube metadata unavailable for item  (stubbed) — possible dead link worth checking: https://www.youtube.com/watch?v=Myf2CUx9E60
🟠 [AcksBuilder] YouTube metadata unavailable for item  (stubbed) — possible dead link worth checking: https://youtu.be/g57ufLcYD8E
🟠 [AcksBuilder] YouTube metadata unavailable for item  (stubbed) — possible dead link worth checking: https://www.youtube.com/watch?v=4r4O66MBtaM
🟠 [AcksBuilder] YouTube metadata unavailable for item  (stubbed) — possible dead link worth checking: https://www.youtube.com/watch?v=01COSszay_g
🟠 [AcksBuilder] YouTube metadata unavailable for item  (stubbed) — possible dead link worth checking: https://www.youtube.com/watch?v=_7dHUN2ORDk
🟠 [AcksBuilder] YouTube metadata unavailable for item  (stubbed) — possible dead link worth checking: https://www.youtube.com/watch?v=6eDW4fi5TCg
🟢 [AcksBuilder] Media item  ("Link") is a lesson link — no acknowledgement (scope rule).
🟢 [AcksBuilder] Media item  ("Link") is a lesson link — no acknowledgement (scope rule).
🟠 [AcksBuilder] 197 iStock titles could not be verified (no *istock-acks*.txt was supplied); each is marked ❗ and the acks block carries a designer note.
🟢 [ConventionResolver] HTML conventions from group Leaving to Learn|1-3: overview menu flat, lesson menu flat.
🟢 [PageSplitter] [end page] before [MODULE INTRODUCTION] disregarded — the introduction stays on the overview page (AR-1).
🟢 [PageSplitter] Content after the final [end page] (3 blocks) is writer-form boilerplate — not emitted (AR-5).
🟢 [MenuBuilder] Menu heading "Tirohanga Whānui | Overview" is the section label — consumed (the menu scaffolding names it).
🟢 [MenuBuilder] Menu section "Aromatawai | Assessment for Learning" promoted to its own "Standards" nav tab (menu.extra_tabs registry).
🟢 [InteractiveScanner] Activity 1B: additional widget [accordion] absorbed (accordion + accordion).
🟢 [InteractiveScanner] Activity 1E: additional widget [click drop] absorbed (dragAndDrop + clickDrop).
🟢 [ContentConverter] Page 1.0: activity box kept open for its trailing upload box (round 314).
🟢 [InteractiveBuilder] Built dropDown #3 from captured data (no placeholder needed).
🟢 [ContentConverter] Page 1.0: [activity] auto-closed before the next activity.
🟢 [InteractiveBuilder] Built accordion #4 from captured data (no placeholder needed).
🟢 [ContentConverter] Page 1.0: [end accordion] had no open container — ignored.
🟢 [ContentConverter] Page 1.0: [end activity] had no open container — ignored.
🟢 [InteractiveBuilder] Built carousel #5 from captured data (no placeholder needed).
🟢 [ContentConverter] Page 1.0: activity box kept open for its trailing upload box (round 314).
🟢 [InteractiveBuilder] Built dropDown #6 from captured data (no placeholder needed).
🟢 [ContentConverter] Page 1.0: [activity] auto-closed before the next activity.
🟢 [ContentConverter] Page 1.0: [activity] auto-closed before the next activity.
🟢 [InteractiveScanner] Activity 2D: additional widget [interactive] absorbed (carousel + interactive).
🟢 [InteractiveBuilder] Built flipCard #9 from captured data (no placeholder needed).
🟢 [ContentConverter] Page 2.0: [activity] auto-closed before the next activity.
🟢 [ContentConverter] Page 2.0: [activity] auto-closed before the next activity.
🟢 [ContentConverter] Page 2.0: activity box kept open for its trailing upload box (round 314).
🟢 [InteractiveBuilder] Built dropDown #14 from captured data (no placeholder needed).
🟢 [ContentConverter] Page 2.0: [activity] auto-closed before the next activity.
🟢 [ContentConverter] Page 2.0: activity box kept open for its trailing upload box (round 314).
🟢 [InteractiveBuilder] Built dropDown #16 from captured data (no placeholder needed).
🟢 [InteractiveBuilder] Built clickDrop #17 from captured data (no placeholder needed).
🟢 [ContentConverter] Page 2.0: [activity] auto-closed before the next activity.
🟢 [InteractiveBuilder] Built carousel #19 from captured data (no placeholder needed).
🟢 [ContentConverter] Page 3.0: [activity] auto-closed before the next activity.
🟢 [ContentConverter] Page 3.0: activity box kept open for its trailing upload box (round 314).
🟢 [InteractiveBuilder] Built dropDown #22 from captured data (no placeholder needed).
🟢 [ContentConverter] Page 3.0: [activity] auto-closed before the next activity.
🟢 [ContentConverter] Page 3.0: [activity] auto-closed before the next alert.
🟢 [InteractiveBuilder] Built dropDown #27 from captured data (no placeholder needed).
🟢 [InteractiveBuilder] Built clickDrop #28 from captured data (no placeholder needed).
🟢 [ContentConverter] Page 3.0: [activity] auto-closed before the next activity.
🟢 [InteractiveBuilder] Built dropDown #30 from captured data (no placeholder needed).
🟢 [ContentConverter] Page 4.0: [activity] auto-closed before the next activity.
🟢 [ContentConverter] Page 4.0: activity box kept open for its trailing upload box (round 314).
🟢 [InteractiveBuilder] Built dropDown #33 from captured data (no placeholder needed).
🟢 [InteractiveBuilder] Built clickDrop #34 from captured data (no placeholder needed).
🟢 [ContentConverter] Page 4.0: [activity] auto-closed before the next activity.
🟢 [ContentConverter] Page 5.0: [activity] auto-closed before the next activity.
🟢 [InteractiveBuilder] Built flipCard #37 from captured data (no placeholder needed).
🟢 [ContentConverter] Page 5.0: activity box kept open for its trailing upload box (round 314).
🟢 [InteractiveBuilder] Built dropDown #39 from captured data (no placeholder needed).
🟢 [InteractiveBuilder] Built clickDrop #40 from captured data (no placeholder needed).
🟢 [ContentConverter] Page 5.0: [activity] auto-closed before the next activity.
🟠 [AcksBuilder] YouTube metadata unavailable for item  (stubbed) — possible dead link worth checking: https://youtu.be/zpRHUqKKTqc
🟠 [AcksBuilder] YouTube metadata unavailable for item  (stubbed) — possible dead link worth checking: https://youtu.be/T2EiHk8pv8k
🟠 [AcksBuilder] YouTube metadata unavailable for item  (stubbed) — possible dead link worth checking: https://youtu.be/eUbj-e2Nauk
🟠 [AcksBuilder] YouTube metadata unavailable for item  (stubbed) — possible dead link worth checking: https://youtu.be/CUeSQFjnhoM
🟠 [AcksBuilder] YouTube metadata unavailable for item  (stubbed) — possible dead link worth checking: https://youtu.be/4FgU5qqw8-w
🟠 [AcksBuilder] YouTube metadata unavailable for item  (stubbed) — possible dead link worth checking: https://youtu.be/rCXSxCJRAZQ
🟠 [AcksBuilder] YouTube metadata unavailable for item  (stubbed) — possible dead link worth checking: https://www.youtube.com/watch?v=YiXlT1XL0z0
🟠 [AcksBuilder] YouTube metadata unavailable for item  (stubbed) — possible dead link worth checking: https://youtu.be/30V9_BUPt50
🟠 [AcksBuilder] YouTube metadata unavailable for item  (stubbed) — possible dead link worth checking: https://youtu.be/2O3ICulcHBg
🟠 [AcksBuilder] YouTube metadata unavailable for item  (stubbed) — possible dead link worth checking: https://youtu.be/IK8OOpeYHC4
🟠 [AcksBuilder] YouTube metadata unavailable for item  (stubbed) — possible dead link worth checking: https://youtu.be/ftdFs8mZ2oM
🟠 [AcksBuilder] YouTube metadata unavailable for item  (stubbed) — possible dead link worth checking: https://youtu.be/MOxvY8_ESc8
🟢 [AcksBuilder] Media item  ("Link") is a lesson link — no acknowledgement (scope rule).
🟠 [AcksBuilder] YouTube metadata unavailable for item  (stubbed) — possible dead link worth checking: https://www.youtube.com/watch?v=MOxvY8_ESc8
🟠 [AcksBuilder] Unknown media item type "Sound clips" (item ) — used "Sound clips" as the prefix; add it to Acks_Formats type_prefix_map.
🟢 [AcksBuilder] Media item  ("Link") is a lesson link — no acknowledgement (scope rule).
🟠 [AcksBuilder] YouTube metadata unavailable for item  (stubbed) — possible dead link worth checking: https://youtu.be/fu7JH_DoC_o
🟠 [AcksBuilder] YouTube metadata unavailable for item  (stubbed) — possible dead link worth checking: https://youtu.be/R4i3_EuIs58
🟠 [AcksBuilder] 61 iStock titles could not be verified (no *istock-acks*.txt was supplied); each is marked ❗ and the acks block carries a designer note.
🟢 [SkeletonBuilder] Page 1.0: h1_count wants 2 title(s) but the source provided 1 — emitted what exists.
shard 13 -> 28 modules, 443 records
