🟢 [ConventionResolver] HTML conventions from group ANZH|1-3: overview menu two_col_li, lesson menu flat.
🟢 [PageSplitter] [end page] before [MODULE INTRODUCTION] disregarded — the introduction stays on the overview page (AR-1).
🟢 [PageSplitter] Implicit page break: content continues after [end page] without a [LESSON] tag — opened page 1.0.
🟢 [PageSplitter] Implicit page break: content continues after [end page] without a [LESSON] tag — opened page 2.0 ("Pūrākau | Stories").
🟢 [PageSplitter] Implicit page break: content continues after [end page] without a [LESSON] tag — opened page 3.0 ("Sharing Pūrākau in Different Ways").
🟢 [PageSplitter] Content after the final [end page] (33 blocks) is writer-form boilerplate — not emitted (AR-5).
🟢 [MenuBuilder] Menu heading "Tirohanga Whānui | Overview" is the section label — consumed (the menu scaffolding names it).
🟢 [ContentConverter] Page 1.0: [activity] auto-closed before the next h3.
🟢 [ContentConverter] Page 1.0: [activity] auto-closed before the next alert.
🟢 [ContentConverter] [alert] right-hand box → the activity sidebar (alertActivity) side column paired with the preceding activity row (positional_side_alert).
🟢 [ContentConverter] Page 1.0: [activity] auto-closed before the next alert.
🟢 [ContentConverter] Page 2.0: [activity] auto-closed before the next alert.
🟢 [ContentConverter] [alert] right-hand box → the activity sidebar (alertActivity) side column paired with the preceding activity row (positional_side_alert).
🟢 [ContentConverter] Page 2.0: [activity] auto-closed before the next activity.
🟢 [ContentConverter] Page 2.0: [activity] auto-closed before the next alert.
🟢 [ContentConverter] [alert] right-hand box → the activity sidebar (alertActivity) side column paired with the preceding activity row (positional_side_alert).
🟢 [ContentConverter] Page 2.0: [activity] auto-closed before the next alert.
🟢 [ActivitiesBuilder] 1 activity title heading(s) set to h3 (title_heading_level).
🟢 [ContentConverter] Page 3.0: [activity] auto-closed before the next alert.
🟢 [ActivitiesBuilder] 1 activity title heading(s) set to h3 (title_heading_level).
🟠 [AcksBuilder] YouTube metadata unavailable for item  (stubbed) — possible dead link worth checking: https://www.youtube.com/watch?v=8w0zjqA3hUI&t=20s
🟠 [AcksBuilder] YouTube metadata unavailable for item  (stubbed) — possible dead link worth checking: https://www.youtube.com/watch?v=0xw_r8xsYsI
🟠 [AcksBuilder] YouTube metadata unavailable for item  (stubbed) — possible dead link worth checking: https://www.youtube.com/watch?v=g1Kpekzypg0
🟠 [AcksBuilder] YouTube metadata unavailable for item  (stubbed) — possible dead link worth checking: https://www.youtube.com/watch?v=cHspwLb3w3Q&t=25s
🟠 [AcksBuilder] Unknown media item type "Google Slides" (item ) — used "Google slides" as the prefix; add it to Acks_Formats type_prefix_map.
🟠 [AcksBuilder] YouTube metadata unavailable for item  (stubbed) — possible dead link worth checking: https://www.youtube.com/watch?v=kf9cMhAFnns
🟠 [AcksBuilder] Unknown media item type "School journal text plus audio" (item ) — used "School journal text plus audio" as the prefix; add it to Acks_Formats type_prefix_map.
🟠 [AcksBuilder] Unknown media item type "School journal text plus audio" (item ) — used "School journal text plus audio" as the prefix; add it to Acks_Formats type_prefix_map.
🟠 [AcksBuilder] Unknown media item type "School journal text plus audio" (item ) — used "School journal text plus audio" as the prefix; add it to Acks_Formats type_prefix_map.
🟠 [AcksBuilder] Unknown media item type "School journal text plus audio" (item ) — used "School journal text plus audio" as the prefix; add it to Acks_Formats type_prefix_map.
🟢 [AcksBuilder] Media item  ("Link") is a lesson link — no acknowledgement (scope rule).
🟠 [AcksBuilder] 3 iStock titles could not be verified (no *istock-acks*.txt was supplied); each is marked ❗ and the acks block carries a designer note.
🟠 [ModuleResolver] Multiple module-code candidates found (ART1003, AR1000) — using ART1003 from filename "ART1003 Writers Template + Media List.docx".
🟢 [ConventionResolver] HTML conventions from series ART (deviation over NCEA1|NCEA): overview menu tabs, lesson menu flat.
🟢 [PageSplitter] [end page] before [MODULE INTRODUCTION] disregarded — the introduction stays on the overview page (AR-1).
🟢 [PageSplitter] Content after the final [end page] (18 blocks) is writer-form boilerplate — not emitted (AR-5).
🟢 [InteractiveBuilder] Built carousel #1 from captured data (no placeholder needed).
🟢 [InteractiveBuilder] Built carousel #3 from captured data (no placeholder needed).
🟢 [MenuBuilder] Menu heading "Tirohanga Whānui | Overview" is the section label — consumed (the menu scaffolding names it).
🟠 [AcksBuilder] YouTube metadata unavailable for item  (stubbed) — possible dead link worth checking: https://youtu.be/KFIFqg16sXM
🟠 [AcksBuilder] Unknown media item type "Word Document" (item ) — used "Word document" as the prefix; add it to Acks_Formats type_prefix_map.
🟠 [AcksBuilder] Unknown media item type "PNG file" (item ) — used "Png file" as the prefix; add it to Acks_Formats type_prefix_map.
🟠 [AcksBuilder] Unknown media item type "A series of PDF files" (item ) — used "A series of pdf files" as the prefix; add it to Acks_Formats type_prefix_map.
🟠 [AcksBuilder] Unknown media item type "JPG" (item ) — used "Jpg" as the prefix; add it to Acks_Formats type_prefix_map.
🟠 [AcksBuilder] Unknown media item type "JPG" (item ) — used "Jpg" as the prefix; add it to Acks_Formats type_prefix_map.
🟠 [AcksBuilder] Unknown media item type "JPG" (item ) — used "Jpg" as the prefix; add it to Acks_Formats type_prefix_map.
🟠 [AcksBuilder] Unknown media item type "PPT" (item ) — used "Ppt" as the prefix; add it to Acks_Formats type_prefix_map.
🟠 [AcksBuilder] Unknown media item type "JPEG" (item ) — used "Jpeg" as the prefix; add it to Acks_Formats type_prefix_map.
🟠 [AcksBuilder] Unknown media item type "PDF" (item ) — used "Pdf" as the prefix; add it to Acks_Formats type_prefix_map.
🟠 [AcksBuilder] Unknown media item type "JPG" (item ) — used "Jpg" as the prefix; add it to Acks_Formats type_prefix_map.
🟠 [AcksBuilder] Unknown media item type "Document" (item ) — used "Document" as the prefix; add it to Acks_Formats type_prefix_map.
🟠 [AcksBuilder] Media item  could not be mapped to a lesson — placed in the first group (0.0); verify.
🟠 [AcksBuilder] Media item  could not be mapped to a lesson — placed in the first group (0.0); verify.
🟠 [AcksBuilder] Media item  could not be mapped to a lesson — placed in the first group (0.0); verify.
🟠 [AcksBuilder] Media item  could not be mapped to a lesson — placed in the first group (0.0); verify.
🟠 [AcksBuilder] Media item  could not be mapped to a lesson — placed in the first group (0.0); verify.
🟠 [AcksBuilder] Media item  could not be mapped to a lesson — placed in the first group (0.0); verify.
🟠 [AcksBuilder] Media item  could not be mapped to a lesson — placed in the first group (0.0); verify.
🟠 [AcksBuilder] Media item  could not be mapped to a lesson — placed in the first group (0.0); verify.
🟠 [AcksBuilder] Media item  could not be mapped to a lesson — placed in the first group (0.0); verify.
🟠 [AcksBuilder] Media item  could not be mapped to a lesson — placed in the first group (0.0); verify.
🟠 [AcksBuilder] Media item  could not be mapped to a lesson — placed in the first group (0.0); verify.
🟠 [AcksBuilder] Media item  could not be mapped to a lesson — placed in the first group (0.0); verify.
🟠 [AcksBuilder] Media item  could not be mapped to a lesson — placed in the first group (0.0); verify.
🟠 [AcksBuilder] Media item  could not be mapped to a lesson — placed in the first group (0.0); verify.
🟠 [AcksBuilder] Media item  could not be mapped to a lesson — placed in the first group (0.0); verify.
🟢 [ConventionResolver] HTML conventions from group 1-10 Blended Literacy|1-3: overview menu two_col_li, lesson menu two_col_li.
🟢 [PageSplitter] Second [TITLE BAR] is a same-text duplicate of the previous one — kept in-page, not a sub-document.
🟢 [PageSplitter] [end page] on the overview disregarded — an introduction-cluster marker follows ([Title]/[Introduction]/[supervisor note]; AR-1 generalised).
🟢 [ContentConverter] Page 0.0: supervisor note swapped after its section heading (BLL pairing pre-pass).
🟢 [ContentConverter] Page 0.0: supervisor note paired with its section paragraph (BLL family convention).
🟢 [MenuBuilder] Menu heading "Tirohanga Whānui | Overview" is the section label — consumed (the menu scaffolding names it).
🟢 [ContentConverter] Page 1.0: activity box kept open for its trailing upload box (round 314).
🟢 [InteractiveBuilder] Built dropDown #2 from captured data (no placeholder needed).
🟢 [ContentConverter] Page 1.0: [activity] auto-closed before the next activity.
🟢 [ContentConverter] Page 1.0: [activity] auto-closed before the next activity.
🟢 [ContentConverter] Page 1.0: activity box kept open for its trailing upload box (round 314).
🟢 [ContentConverter] Page 1.0: [end other] had no open container — ignored.
🟢 [ContentConverter] Page 1.0: [end other] had no open container — ignored.
🟢 [InteractiveBuilder] Built dropDown #8 from captured data (no placeholder needed).
🟠 [ContentConverter] Page 1.0: [activity] was never closed — closed at page end.
🟢 [InteractiveScanner] Activity 2A: additional widget [typing quiz] absorbed (unclassified + selfCheck).
🟢 [InteractiveBuilder] Built dropDown #10 from captured data (no placeholder needed).
🟢 [ContentConverter] Page 2.0: [activity] auto-closed before the next activity.
🟢 [ContentConverter] Page 2.0: [activity] auto-closed before the next activity.
🟠 [AcksBuilder] Unknown media item type "Embedded text" (item ) — used "Embedded text" as the prefix; add it to Acks_Formats type_prefix_map.
🟠 [AcksBuilder] YouTube metadata unavailable for item 10. (stubbed) — possible dead link worth checking: https://www.youtube.com/watch?v=yakEk2VT9nQ
🟠 [AcksBuilder] YouTube metadata unavailable for item 11. (stubbed) — possible dead link worth checking: https://www.youtube.com/watch?v=OxB5Fn6x44g
🟠 [AcksBuilder] Unknown media item type "Embedded text" (item 17.) — used "Embedded text" as the prefix; add it to Acks_Formats type_prefix_map.
🟠 [AcksBuilder] 13 iStock titles could not be verified (no *istock-acks*.txt was supplied); each is marked ❗ and the acks block carries a designer note.
🟢 [SkeletonBuilder] footer_links "final" value "—" is not a footer pattern (the registry's no-evidence marker) — the KB's final-page form "prev+home" applied (footer.kb_position_defaults).
🟢 [ConventionResolver] HTML conventions from group 1-10 Blended Literacy|1-3: overview menu two_col_li, lesson menu two_col_li.
🟢 [PageSplitter] [end page] on the overview disregarded — an introduction-cluster marker follows ([Title]/[Introduction]/[supervisor note]; AR-1 generalised).
🟢 [PageSplitter] Implicit page break: content continues after [end page] without a [LESSON] tag — opened page 1.0.
🟢 [ContentConverter] Page 0.0: supervisor note swapped after its section heading (BLL pairing pre-pass).
🟢 [ContentConverter] Page 0.0: supervisor note paired with its section paragraph (BLL family convention).
🟢 [MenuBuilder] Menu heading "Tirohanga Whānui | Overview" is the section label — consumed (the menu scaffolding names it).
🟢 [InteractiveScanner] Activity 1A: additional widget [typing quiz] absorbed (dragAndDrop + selfCheck).
🟢 [ContentConverter] Page 1.0: activity box kept open for its trailing upload box (round 314).
🟢 [InteractiveBuilder] Built dropDown #2 from captured data (no placeholder needed).
🟢 [ContentConverter] Page 1.0: [activity] auto-closed before the next activity.
🟠 [ContentConverter] Page 1.0: [activity] was never closed — closed at page end.
🟢 [ContentConverter] Page 1.1: [activity] auto-closed before the next activity.
🟢 [ContentConverter] Page 1.1: [activity] auto-closed before the next activity.
🟢 [InteractiveBuilder] Built carousel #9 from captured data (no placeholder needed).
🟢 [ContentConverter] Page 1.1: [end other] had no open container — ignored.
🟠 [AcksBuilder] Unknown media item type "text" (item 1) — used "Text" as the prefix; add it to Acks_Formats type_prefix_map.
🟠 [AcksBuilder] YouTube metadata unavailable for item 4 (stubbed) — possible dead link worth checking: https://www.youtube.com/watch?v=d1HWaT6494w
🟠 [AcksBuilder] Unknown media item type "Embedded text" (item 10) — used "Embedded text" as the prefix; add it to Acks_Formats type_prefix_map.
🟠 [AcksBuilder] YouTube metadata unavailable for item 11 (stubbed) — possible dead link worth checking: https://www.youtube.com/watch?v=cRwrrGmj9Hk
🟠 [AcksBuilder] YouTube metadata unavailable for item 12 (stubbed) — possible dead link worth checking: https://www.youtube.com/watch?v=uE5YkzIKfKs
🟠 [AcksBuilder] YouTube metadata unavailable for item 13 (stubbed) — possible dead link worth checking: https://www.youtube.com/watch?v=W66TAqCT4hc
🟠 [AcksBuilder] 7 iStock titles could not be verified (no *istock-acks*.txt was supplied); each is marked ❗ and the acks block carries a designer note.
🟢 [SkeletonBuilder] footer_links "final" value "—" is not a footer pattern (the registry's no-evidence marker) — the KB's final-page form "prev+home" applied (footer.kb_position_defaults).
🟢 [ConventionResolver] HTML conventions from group 1-10 Blended Literacy|1-3: overview menu two_col_li, lesson menu two_col_li.
🟢 [PageSplitter] [end page] on the overview disregarded — an introduction-cluster marker follows ([Title]/[Introduction]/[supervisor note]; AR-1 generalised).
🟢 [PageSplitter] Implicit page break: content continues after [end page] without a [LESSON] tag — opened page 1.0.
🟢 [ContentConverter] Page 0.0: supervisor note swapped after its section heading (BLL pairing pre-pass).
🟢 [ContentConverter] Page 0.0: supervisor note paired with its section paragraph (BLL family convention).
🟢 [MenuBuilder] Menu heading "Tirohanga Whānui | Overview" is the section label — consumed (the menu scaffolding names it).
🟢 [InteractiveBuilder] Built accordion #2 from captured data (no placeholder needed).
🟢 [InteractiveBuilder] Built dropDown #3 from captured data (no placeholder needed).
🟢 [InteractiveBuilder] Built dropDown #5 from captured data (no placeholder needed).
🟢 [InteractiveBuilder] Built accordion #7 from captured data (no placeholder needed).
🟢 [InteractiveScanner] Activity 2D: additional widget [dropdown] absorbed (carousel + dropDown).
🟢 [InteractiveBuilder] Built accordion #12 from captured data (no placeholder needed).
🟢 [ContentConverter] Page 1.1: activity box kept open for its trailing upload box (round 314).
🟢 [InteractiveBuilder] Built dropDown #13 from captured data (no placeholder needed).
🟠 [AcksBuilder] Unknown media item type "Embedded text" (item 1) — used "Embedded text" as the prefix; add it to Acks_Formats type_prefix_map.
🟠 [AcksBuilder] Unknown media item type "Embedded text" (item 2) — used "Embedded text" as the prefix; add it to Acks_Formats type_prefix_map.
🟠 [AcksBuilder] 1 iStock title could not be verified (no *istock-acks*.txt was supplied); each is marked ❗ and the acks block carries a designer note.
🟢 [SkeletonBuilder] footer_links "final" value "—" is not a footer pattern (the registry's no-evidence marker) — the KB's final-page form "prev+home" applied (footer.kb_position_defaults).
🟠 [ModuleResolver] Multiple module-code candidates found (BLL214, BLL184) — using BLL214 from filename "BLL214 Writers Template + Media List.docx".
🟢 [ConventionResolver] HTML conventions from group 1-10 Blended Literacy|1-3: overview menu two_col_li, lesson menu two_col_li.
🟢 [ContentConverter] Page 0.0: supervisor note swapped after its section heading (BLL pairing pre-pass).
🟢 [ContentConverter] Page 0.0: supervisor note paired with its section paragraph (BLL family convention).
🟢 [MenuBuilder] Menu heading "Tirohanga Whānui | Overview" is the section label — consumed (the menu scaffolding names it).
🟢 [InteractiveBuilder] Built dropDown #2 from captured data (no placeholder needed).
🟢 [ContentConverter] Page 1.0: [activity] auto-closed before the next activity.
🟢 [ContentConverter] Page 1.0: [activity] auto-closed before the next activity.
🟢 [InteractiveBuilder] Built dropDown #5 from captured data (no placeholder needed).
🟢 [InteractiveBuilder] Built accordion #8 from captured data (no placeholder needed).
🟢 [ContentConverter] Page 2.0: [activity] auto-closed before the next activity.
🟠 [ContentConverter] Page 2.0: [activity] was never closed — closed at page end.
🟠 [AcksBuilder] Unknown media item type "Embedded text" (item 1) — used "Embedded text" as the prefix; add it to Acks_Formats type_prefix_map.
🟠 [AcksBuilder] Unknown media item type "Embedded text" (item 2) — used "Embedded text" as the prefix; add it to Acks_Formats type_prefix_map.
🟠 [AcksBuilder] Unknown media item type "Embedded text" (item 3) — used "Embedded text" as the prefix; add it to Acks_Formats type_prefix_map.
🟢 [ConventionResolver] HTML conventions from group 1-10 Blended Literacy|1-3: overview menu two_col_li, lesson menu two_col_li.
🟢 [MenuBuilder] Menu heading "Tirohanga Whānui | Overview" is the section label — consumed (the menu scaffolding names it).
🟢 [ContentConverter] Page 1.0: [activity] auto-closed before the next activity.
🟢 [ContentConverter] Page 1.0: [activity] auto-closed before the next activity.
🟢 [InteractiveBuilder] Built accordion #2 from captured data (no placeholder needed).
🟢 [ContentConverter] Page 1.0: [end accordion] had no open container — ignored.
🟢 [ContentConverter] Page 2.0: [activity] auto-closed before the next alert.
🟢 [InteractiveBuilder] Built carousel #4 from captured data (no placeholder needed).
🟢 [ContentConverter] Page 2.0: [activity] auto-closed before the next activity.
🟢 [ContentConverter] Page 2.0: [activity] auto-closed before the next alert.
🟢 [InteractiveBuilder] Built carousel #6 from captured data (no placeholder needed).
🟢 [ContentConverter] Page 2.0: [end activity] had no open container — ignored.
🟠 [AcksBuilder] YouTube metadata unavailable for item  (stubbed) — possible dead link worth checking: https://www.youtube.com/watch?v=QljtKt6hZ2E&t=28s
🟠 [AcksBuilder] YouTube metadata unavailable for item  (stubbed) — possible dead link worth checking: https://www.youtube.com/watch?v=xfT9T9gW32c
🟠 [AcksBuilder] YouTube metadata unavailable for item  (stubbed) — possible dead link worth checking: https://www.youtube.com/watch?v=I_EmsguJMic
🟠 [AcksBuilder] YouTube metadata unavailable for item  (stubbed) — possible dead link worth checking: https://www.youtube.com/watch?v=Hrgqs4MmK3U
🟠 [AcksBuilder] Unknown media item type "Embedded text" (item ) — used "Embedded text" as the prefix; add it to Acks_Formats type_prefix_map.
🟠 [AcksBuilder] YouTube metadata unavailable for item  (stubbed) — possible dead link worth checking: https://www.youtube.com/watch?v=5zOOzBnVRcQ
🟠 [AcksBuilder] YouTube metadata unavailable for item  (stubbed) — possible dead link worth checking: https://www.youtube.com/watch?v=xiRqC-aM5xM
🟠 [AcksBuilder] YouTube metadata unavailable for item  (stubbed) — possible dead link worth checking: https://www.youtube.com/watch?v=xiRqC-aM5xM
🟠 [AcksBuilder] YouTube metadata unavailable for item  (stubbed) — possible dead link worth checking: https://www.youtube.com/watch?v=2a2zA36jTAE
🟠 [AcksBuilder] Unknown media item type "Embed worksheet" (item ) — used "Embed worksheet" as the prefix; add it to Acks_Formats type_prefix_map.
🟢 [AcksBuilder] Media item  placed in lesson 2.0 by neighbour interpolation — verify its group.
🟠 [AcksBuilder] 1 iStock title could not be verified (no *istock-acks*.txt was supplied); each is marked ❗ and the acks block carries a designer note.
🟢 [ConventionResolver] HTML conventions from group 1-10 Blended Literacy|1-3: overview menu two_col_li, lesson menu two_col_li.
🟢 [PageSplitter] [end page] before [MODULE INTRODUCTION] disregarded — the introduction stays on the overview page (AR-1).
🟢 [ContentConverter] Page 0.0: supervisor note swapped after its section heading (BLL pairing pre-pass).
🟢 [ContentConverter] Page 0.0: supervisor note paired with its section paragraph (BLL family convention).
🟢 [MenuBuilder] Menu heading "Tirohanga Whānui | Overview" is the section label — consumed (the menu scaffolding names it).
🟢 [InteractiveScanner] Activity 1A: additional widget [typing quiz] absorbed (carousel + typing).
🟢 [InteractiveScanner] Activity 1B: additional widget [click drop] absorbed (clickDrop + clickDrop).
🟢 [InteractiveScanner] Activity 1E: additional widget [flip card] absorbed (flipCard + flipCard).
🟢 [InteractiveScanner] Activity 1E: additional widget [flip card] absorbed (flipCard + flipCard).
🟢 [InteractiveScanner] Activity 1E: additional widget [flip card] absorbed (flipCard + flipCard).
🟢 [InteractiveScanner] Activity 1E: additional widget [flip card] absorbed (flipCard + flipCard).
🟢 [InteractiveScanner] Activity 1E: additional widget [flip card] absorbed (flipCard + flipCard).
🟢 [InteractiveScanner] Activity 1E: additional widget [flip card] absorbed (flipCard + flipCard).
🟢 [InteractiveScanner] Activity 1E: additional widget [flip card] absorbed (flipCard + flipCard).
🟢 [InteractiveScanner] Activity 1E: additional widget [flip card] absorbed (flipCard + flipCard).
🟢 [InteractiveScanner] Activity 1E: additional widget [flip card] absorbed (flipCard + flipCard).
🟢 [InteractiveBuilder] Built clickDrop #2 from captured data (no placeholder needed).
🟢 [ContentConverter] Page 1.0: [activity] auto-closed before the next activity.
🟢 [InteractiveScanner] Activity 2E: additional widget [click drop] absorbed (clickDrop + clickDrop).
🟢 [ContentConverter] Page 2.0: [activity] auto-closed before the next side alert.
🟢 [ContentConverter] Page 2.0: [activity] auto-closed before the next alert.
🟢 [ContentConverter] [alert] spans to an explicit end tag (writer-authored box).
🟢 [InteractiveBuilder] Built clickDrop #8 from captured data (no placeholder needed).
🟢 [ModuleResolver] BLL275 is not in the registry members — inherited from its level BLL2 (sibling rule).
🟢 [ConventionResolver] HTML conventions from group 1-10 Blended Literacy|1-3: overview menu two_col_li, lesson menu two_col_li.
🟢 [PageSplitter] [end page] before [MODULE INTRODUCTION] disregarded — the introduction stays on the overview page (AR-1).
🟢 [ContentConverter] Page 0.0: [end supervisor note] had no open container — ignored.
🟢 [MenuBuilder] Menu heading "Tirohanga Whānui | Overview" is the section label — consumed (the menu scaffolding names it).
🟢 [InteractiveScanner] clickDrop: additional widget [click drop] absorbed (clickDrop + clickDrop).
🟢 [InteractiveBuilder] Built clickDrop #1 from captured data (no placeholder needed).
🟢 [InteractiveBuilder] Built clickDrop #2 from captured data (no placeholder needed).
🟢 [ContentConverter] Page 1.0: [activity] auto-closed before the next activity.
🟢 [InteractiveBuilder] Built dropDown #6 from captured data (no placeholder needed).
🟢 [ContentConverter] Page 1.0: [activity] auto-closed before the next activity.
🟠 [ContentConverter] Page 1.0: [activity] was never closed — closed at page end.
🟢 [InteractiveScanner] accordion: additional widget [accordion] absorbed (accordion + accordion).
🟢 [InteractiveScanner] Activity 2E: additional widget [click drop] absorbed (clickDrop + clickDrop).
🟢 [InteractiveScanner] Activity 2E: additional widget [click drop] absorbed (clickDrop + clickDrop).
🟢 [InteractiveScanner] Activity 2E: additional widget [click drop] absorbed (clickDrop + clickDrop).
🟢 [InteractiveBuilder] Built accordion #8 from captured data (no placeholder needed).
🟢 [ContentConverter] Page 2.0: [activity] auto-closed before the next activity.
🟢 [InteractiveBuilder] Built clickDrop #10 from captured data (no placeholder needed).
🟢 [ContentConverter] Page 2.0: [end other] had no open container — ignored.
🟢 [PageAssembler] [TITLE BAR] held only "Te Reo Māori" (no English) — using the front-matter Course "Blended Literacy Learning" as the English title; Te Reo kept as the second title.
🟠 [AcksBuilder] Unknown media item type "Website" (item ) — used "Website" as the prefix; add it to Acks_Formats type_prefix_map.
🟠 [AcksBuilder] Unknown media item type "AI Copilot image" (item ) — used "Ai copilot image" as the prefix; add it to Acks_Formats type_prefix_map.
🟠 [AcksBuilder] Unknown media item type "Website" (item ) — used "Website" as the prefix; add it to Acks_Formats type_prefix_map.
🟠 [AcksBuilder] 1 iStock title could not be verified (no *istock-acks*.txt was supplied); each is marked ❗ and the acks block carries a designer note.
🟢 [ConventionResolver] HTML conventions from group ConnectED|4-6: overview menu two_col_li, lesson menu two_col_li.
🟢 [PageSplitter] Registry says single-file but lesson/page tags exist — keeping ONE file; the tags become in-page breaks (registry rule).
🟠 [ContentConverter] [TITLE BAR] title half is the placeholder "MODULE TITLE" — the real title is not in the WT; dropped, not shipped as an <h1>. Add the title to the source.
🟢 [PageAssembler] [TITLE BAR] held only placeholder text — using the front-matter Course "Tūhono – Ako whakauru | ConnectED" as the English title; no Te Reo title (the real one is not in the WT).
🟠 [SkeletonBuilder] module_code value "—" has no module_code_value_map entry — element omitted; add the value to Emit_Templates.
🟢 [SkeletonBuilder] footer_links "overview" value "—" is not a footer pattern (the registry's no-evidence marker) — the KB's overview-page form "next+home" applied (footer.kb_position_defaults).
🟢 [ConventionResolver] HTML conventions from series CEDT (deviation over ConnectED|7-8): overview menu two_col_li, lesson menu flat.
🟢 [PageSplitter] [end page] before [MODULE INTRODUCTION] disregarded — the introduction stays on the overview page (AR-1).
🟢 [PageSplitter] Content after the final [end page] (18 blocks) is writer-form boilerplate — not emitted (AR-5).
🟢 [MenuBuilder] Menu heading "Tirohanga Whānui | Overview" is the section label — consumed (the menu scaffolding names it).
🟢 [InteractiveScanner] Activity 1C: additional widget [modal] absorbed (modal + modal).
🟢 [InteractiveScanner] Activity 1C: additional widget [modal] absorbed (modal + modal).
🟢 [InteractiveScanner] Activity 1C: additional widget [modal] absorbed (modal + modal).
🟢 [ContentConverter] Page 2.0: [activity] auto-closed before the next activity.
🟢 [ContentConverter] Page 2.0: [activity] auto-closed before the next activity.
🟢 [ContentConverter] Page 2.0: [activity] auto-closed before the next activity.
🟢 [ContentConverter] Page 2.0: [activity] auto-closed before the next activity.
🟢 [InteractiveBuilder] Built modal #1 from captured data (no placeholder needed).
🟢 [InteractiveScanner] Activity 2C: additional widget [modal] absorbed (modal + modal).
🟢 [InteractiveScanner] Activity 2C: additional widget [modal] absorbed (modal + modal).
🟢 [InteractiveScanner] Activity 2C: additional widget [modal] absorbed (modal + modal).
🟢 [ContentConverter] Page 3.0: [activity] auto-closed before the next activity.
🟢 [ContentConverter] Page 3.0: [activity] auto-closed before the next activity.
🟢 [ContentConverter] Page 3.0: [activity] auto-closed before the next activity.
🟢 [InteractiveBuilder] Built modal #2 from captured data (no placeholder needed).
🟢 [InteractiveScanner] Activity 3C: additional widget [modal] absorbed (modal + modal).
🟢 [InteractiveScanner] Activity 3C: additional widget [modal] absorbed (modal + modal).
🟢 [ContentConverter] Page 4.0: [activity] auto-closed before the next activity.
🟢 [ContentConverter] Page 4.0: [activity] auto-closed before the next activity.
🟢 [InteractiveBuilder] Built modal #3 from captured data (no placeholder needed).
🟢 [InteractiveScanner] Activity 2A: additional widget [drag and drop] absorbed (unclassified + dragAndDrop).
🟢 [ContentConverter] Page 6.0: [activity] auto-closed before the next activity.
🟢 [InteractiveBuilder] Built speechBubble #6 from captured data (no placeholder needed).
🟢 [ContentConverter] Page 6.0: [activity] auto-closed before the next activity.
🟢 [ContentConverter] Page 6.0: [activity] auto-closed before the next activity.
🟢 [ContentConverter] Page 6.0: [activity] auto-closed before the next activity.
🟢 [ContentConverter] Page 6.0: [activity] auto-closed before the next activity.
🟢 [ContentConverter] Page 6.0: [activity] auto-closed before the next activity.
🟢 [ContentConverter] Page 6.0: [activity] auto-closed before the next alert.
🟢 [ContentConverter] [alert] right-hand box → the activity sidebar (alertActivity) side column paired with the preceding activity row (positional_side_alert).
🟠 [AcksBuilder] YouTube metadata unavailable for item  (stubbed) — possible dead link worth checking: https://www.youtube.com/watch?v=jWhAoZZh8fc
🟠 [AcksBuilder] YouTube metadata unavailable for item  (stubbed) — possible dead link worth checking: https://www.youtube.com/watch?v=Ss9LTuJo9_I&t=2s
🟠 [AcksBuilder] YouTube metadata unavailable for item  (stubbed) — possible dead link worth checking: https://www.youtube.com/watch?v=qeK3SkxrZRI&t=50s
🟠 [AcksBuilder] Unknown media item type "Text" (item ) — used "Text" as the prefix; add it to Acks_Formats type_prefix_map.
🟠 [AcksBuilder] YouTube metadata unavailable for item  (stubbed) — possible dead link worth checking: https://www.youtube.com/watch?v=iSNfjOMf6v8&t=40s
🟠 [AcksBuilder] YouTube metadata unavailable for item  (stubbed) — possible dead link worth checking: https://www.youtube.com/watch?v=DnMLKNwHMuY
🟠 [AcksBuilder] YouTube metadata unavailable for item  (stubbed) — possible dead link worth checking: https://www.youtube.com/watch?v=kYA6GLAzz9A&t=1s
🟠 [AcksBuilder] YouTube metadata unavailable for item  (stubbed) — possible dead link worth checking: https://www.youtube.com/watch?v=x21CLk-_W2c
🟠 [AcksBuilder] YouTube metadata unavailable for item  (stubbed) — possible dead link worth checking: https://www.youtube.com/watch?v=Cs0_m3YgwEM
🟠 [AcksBuilder] YouTube metadata unavailable for item  (stubbed) — possible dead link worth checking: https://www.youtube.com/watch?v=6cA2PhVTKMM
🟠 [AcksBuilder] YouTube metadata unavailable for item  (stubbed) — possible dead link worth checking: https://www.youtube.com/watch?v=edKDxJ7C8HE
🟢 [AcksBuilder] Media item  ("link") is a lesson link — no acknowledgement (scope rule).
🟢 [AcksBuilder] Media item  ("link") is a lesson link — no acknowledgement (scope rule).
🟢 [AcksBuilder] Media item  ("link") is a lesson link — no acknowledgement (scope rule).
🟢 [AcksBuilder] Media item  ("link") is a lesson link — no acknowledgement (scope rule).
🟠 [AcksBuilder] YouTube metadata unavailable for item  (stubbed) — possible dead link worth checking: https://www.youtube.com/watch?v=UgsurPg9Ckw
🟢 [AcksBuilder] Media item  ("LINK") is a lesson link — no acknowledgement (scope rule).
🟢 [AcksBuilder] Media item  ("Link") is a lesson link — no acknowledgement (scope rule).
🟠 [AcksBuilder] Media item  sits between lessons 2.0 and 3.0 — placed in 2.0; verify.
🟠 [AcksBuilder] Media item  sits between lessons 2.0 and 3.0 — placed in 2.0; verify.
🟠 [AcksBuilder] Media item  sits between lessons 2.0 and 3.0 — placed in 2.0; verify.
🟠 [AcksBuilder] Media item  sits between lessons 2.0 and 3.0 — placed in 2.0; verify.
🟠 [AcksBuilder] Media item  sits between lessons 3.0 and 4.0 — placed in 3.0; verify.
🟠 [AcksBuilder] Media item  sits between lessons 3.0 and 4.0 — placed in 3.0; verify.
🟠 [AcksBuilder] Media item  sits between lessons 3.0 and 4.0 — placed in 3.0; verify.
🟠 [AcksBuilder] Media item  sits between lessons 3.0 and 4.0 — placed in 3.0; verify.
🟠 [AcksBuilder] Media item  sits between lessons 3.0 and 4.0 — placed in 3.0; verify.
🟠 [AcksBuilder] Media item  sits between lessons 4.0 and 5.0 — placed in 4.0; verify.
🟠 [AcksBuilder] Media item  sits between lessons 4.0 and 5.0 — placed in 4.0; verify.
🟠 [AcksBuilder] Media item  sits between lessons 4.0 and 5.0 — placed in 4.0; verify.
🟠 [AcksBuilder] Media item  sits between lessons 5.0 and 6.0 — placed in 5.0; verify.
🟠 [AcksBuilder] Media item  sits between lessons 5.0 and 6.0 — placed in 5.0; verify.
🟢 [AcksBuilder] Media item  placed in lesson 6.0 by neighbour interpolation — verify its group.
🟢 [AcksBuilder] Media item  placed in lesson 6.0 by neighbour interpolation — verify its group.
🟠 [AcksBuilder] 13 iStock titles could not be verified (no *istock-acks*.txt was supplied); each is marked ❗ and the acks block carries a designer note.
🟠 [SkeletonBuilder] module_code value "—" has no module_code_value_map entry — element omitted; add the value to Emit_Templates.
🟢 [SkeletonBuilder] footer_links "overview" value "—" is not a footer pattern (the registry's no-evidence marker) — the KB's overview-page form "next+home" applied (footer.kb_position_defaults).
🟠 [SkeletonBuilder] module_code value "(empty)" has no module_code_value_map entry — element omitted; add the value to Emit_Templates.
🟢 [SkeletonBuilder] Page 1.0: h1_count wants 2 title(s) but the source provided 1 — emitted what exists.
🟠 [SkeletonBuilder] module_code value "(empty)" has no module_code_value_map entry — element omitted; add the value to Emit_Templates.
🟢 [SkeletonBuilder] Page 2.0: h1_count wants 2 title(s) but the source provided 1 — emitted what exists.
🟠 [SkeletonBuilder] module_code value "(empty)" has no module_code_value_map entry — element omitted; add the value to Emit_Templates.
🟢 [SkeletonBuilder] Page 3.0: h1_count wants 2 title(s) but the source provided 1 — emitted what exists.
🟠 [SkeletonBuilder] module_code value "(empty)" has no module_code_value_map entry — element omitted; add the value to Emit_Templates.
🟢 [SkeletonBuilder] Page 4.0: h1_count wants 2 title(s) but the source provided 1 — emitted what exists.
🟠 [SkeletonBuilder] module_code value "(empty)" has no module_code_value_map entry — element omitted; add the value to Emit_Templates.
🟢 [SkeletonBuilder] Page 5.0: h1_count wants 2 title(s) but the source provided 1 — emitted what exists.
🟠 [SkeletonBuilder] module_code value "(empty)" has no module_code_value_map entry — element omitted; add the value to Emit_Templates.
🟢 [SkeletonBuilder] Page 6.0: h1_count wants 2 title(s) but the source provided 1 — emitted what exists.
🟢 [SkeletonBuilder] footer_links "final" value "—" is not a footer pattern (the registry's no-evidence marker) — the KB's final-page form "prev+home" applied (footer.kb_position_defaults).
🟢 [ConventionResolver] HTML conventions from group 1-10 English|combo: overview menu default, lesson menu two_col_li.
🟢 [PageSplitter] Document opens without a literal [TITLE BAR] — overview page opened at the first content tag (Fundamentals-style template).
🟢 [PageSplitter] Second [TITLE BAR] kept in-page — registry page_model is single-file.
🟢 [PageSplitter] Second [TITLE BAR] kept in-page — registry page_model is single-file.
🟢 [PageSplitter] Second [TITLE BAR] kept in-page — registry page_model is single-file.
🟢 [PageSplitter] Second [TITLE BAR] kept in-page — registry page_model is single-file.
🟢 [InteractiveScanner] Activity 2: additional widget [drag and drop] absorbed (unclassified + dragAndDrop).
🟢 [InteractiveBuilder] Built flipCard #5 from captured data (no placeholder needed).
🟢 [InteractiveBuilder] Built dragAndDrop #8 from captured data (no placeholder needed).
🟢 [InteractiveBuilder] Built tabs #12 from captured data (no placeholder needed).
🟢 [InteractiveBuilder] Built speechBubble #13 from captured data (no placeholder needed).
🟢 [InteractiveBuilder] Built flipCard #14 from captured data (no placeholder needed).
🟢 [MenuBuilder] Fundamentals [Overview] WALT/I-can block routed to the module menu as the two-col LI/SC form (menu.fundamentals_overview_li).
🟠 [AcksBuilder] YouTube metadata unavailable for item 1 (stubbed) — possible dead link worth checking: https://www.youtube.com/watch?v=IU0pxcAlEa8
🟠 [AcksBuilder] Unknown media item type "pdf" (item 2) — used "Pdf" as the prefix; add it to Acks_Formats type_prefix_map.
🟠 [AcksBuilder] Unknown media item type "jpg" (item 3) — used "Jpg" as the prefix; add it to Acks_Formats type_prefix_map.
🟠 [AcksBuilder] Unknown media item type "jpg" (item 4) — used "Jpg" as the prefix; add it to Acks_Formats type_prefix_map.
🟠 [AcksBuilder] YouTube metadata unavailable for item 5 (stubbed) — possible dead link worth checking: https://www.youtube.com/watch?v=c3g2gqt2TpA
🟠 [AcksBuilder] Unknown media item type "pdf" (item 6) — used "Pdf" as the prefix; add it to Acks_Formats type_prefix_map.
🟠 [AcksBuilder] Unknown media item type "png" (item 7) — used "Png" as the prefix; add it to Acks_Formats type_prefix_map.
🟠 [AcksBuilder] Unknown media item type "png" (item 8) — used "Png" as the prefix; add it to Acks_Formats type_prefix_map.
🟠 [AcksBuilder] Unknown media item type "png" (item 9) — used "Png" as the prefix; add it to Acks_Formats type_prefix_map.
🟠 [AcksBuilder] Unknown media item type "png" (item 10) — used "Png" as the prefix; add it to Acks_Formats type_prefix_map.
🟠 [AcksBuilder] Unknown media item type "png" (item 11) — used "Png" as the prefix; add it to Acks_Formats type_prefix_map.
🟠 [AcksBuilder] Unknown media item type "png" (item 12) — used "Png" as the prefix; add it to Acks_Formats type_prefix_map.
🟠 [AcksBuilder] Unknown media item type "png" (item 14) — used "Png" as the prefix; add it to Acks_Formats type_prefix_map.
🟠 [AcksBuilder] YouTube metadata unavailable for item 15 (stubbed) — possible dead link worth checking: https://www.youtube.com/watch?v=E3AV5xZyN_g
🟠 [AcksBuilder] Unknown media item type "png" (item 16) — used "Png" as the prefix; add it to Acks_Formats type_prefix_map.
🟠 [AcksBuilder] Unknown media item type "png" (item 17) — used "Png" as the prefix; add it to Acks_Formats type_prefix_map.
🟠 [AcksBuilder] Unknown media item type "png" (item 18) — used "Png" as the prefix; add it to Acks_Formats type_prefix_map.
🟠 [AcksBuilder] Unknown media item type "png" (item 19) — used "Png" as the prefix; add it to Acks_Formats type_prefix_map.
🟠 [AcksBuilder] Unknown media item type "png" (item 20) — used "Png" as the prefix; add it to Acks_Formats type_prefix_map.
🟠 [AcksBuilder] Unknown media item type "png" (item 21) — used "Png" as the prefix; add it to Acks_Formats type_prefix_map.
🟠 [AcksBuilder] YouTube metadata unavailable for item 22 (stubbed) — possible dead link worth checking: https://www.youtube.com/watch?v=gUwP7LvHEic
🟠 [AcksBuilder] YouTube metadata unavailable for item 23 (stubbed) — possible dead link worth checking: https://www.youtube.com/watch?v=vnB4Eu7X1Qg&feature=youtu.be
🟠 [AcksBuilder] YouTube metadata unavailable for item 26 (stubbed) — possible dead link worth checking: https://youtu.be/s8a19kuole0
🟠 [AcksBuilder] Unknown media item type "Text excerpt" (item 30) — used "Text excerpt" as the prefix; add it to Acks_Formats type_prefix_map.
🟠 [AcksBuilder] Unknown media item type "Text excerpt" (item 31) — used "Text excerpt" as the prefix; add it to Acks_Formats type_prefix_map.
🟠 [AcksBuilder] Unknown media item type "Text excerpt" (item 32) — used "Text excerpt" as the prefix; add it to Acks_Formats type_prefix_map.
🟠 [AcksBuilder] YouTube metadata unavailable for item 33 (stubbed) — possible dead link worth checking: https://www.youtube.com/watch?v=EnyWRopHTuM
🟢 [AcksBuilder] Media item 30 placed in lesson 0.0 by neighbour interpolation — verify its group.
🟢 [AcksBuilder] Media item 31 placed in lesson 0.0 by neighbour interpolation — verify its group.
🟢 [AcksBuilder] Media item 32 placed in lesson 0.0 by neighbour interpolation — verify its group.
🟠 [AcksBuilder] 3 iStock titles could not be verified (no *istock-acks*.txt was supplied); each is marked ❗ and the acks block carries a designer note.
🟢 [ConventionResolver] HTML conventions from series ENGI (deviation over 1-10 English|1-3): overview menu two_col_li, lesson menu flat.
🟢 [PageSplitter] [end page] before [MODULE INTRODUCTION] disregarded — the introduction stays on the overview page (AR-1).
🟢 [PageSplitter] Adjacent page boundaries merged — no empty page emitted (AR-2).
🟢 [PageSplitter] Adjacent page boundaries merged — no empty page emitted (AR-2).
🟢 [PageSplitter] Adjacent page boundaries merged — no empty page emitted (AR-2).
🟢 [PageSplitter] Adjacent page boundaries merged — no empty page emitted (AR-2).
🟢 [PageSplitter] Adjacent page boundaries merged — no empty page emitted (AR-2).
🟢 [PageSplitter] Adjacent page boundaries merged — no empty page emitted (AR-2).
🟢 [PageSplitter] Content after the final [end page] (19 blocks) is writer-form boilerplate — not emitted (AR-5).
🟢 [MenuBuilder] Menu heading "Tirohanga Whānui | Overview" is the section label — consumed (the menu scaffolding names it).
🟢 [InteractiveBuilder] Built carousel #1 from captured data (no placeholder needed).
🟢 [ContentConverter] [alert] right-hand box → an alert top side column paired with the preceding content row (positional_side_alert).
🟢 [InteractiveBuilder] Built flipCard #2 from captured data (no placeholder needed).
🟢 [ActivitiesBuilder] 1 activity title heading(s) set to h3 (title_heading_level).
🟢 [InteractiveBuilder] Built flipCard #3 from captured data (no placeholder needed).
🟢 [ContentConverter] [alert] right-hand box → an alert top side column paired with the preceding content row (positional_side_alert).
🟢 [ContentConverter] [alert] right-hand box → an alert top side column paired with the preceding content row (positional_side_alert).
🟢 [InteractiveBuilder] Built flipCard #6 from captured data (no placeholder needed).
🟢 [ContentConverter] Page 6.0: [activity] auto-closed before the next h3.
🟢 [ActivitiesBuilder] 1 activity title heading(s) set to h3 (title_heading_level).
🟢 [ContentConverter] Page 8.0: [end activity] had no open container — ignored.
🟢 [ContentConverter] Page 8.0: [end activity] had no open container — ignored.
🟢 [ContentConverter] Page 8.0: [end activity] had no open container — ignored.
🟢 [ContentConverter] Page 10.0: [end activity] had no open container — ignored.
🟢 [ContentConverter] Page 10.0: [end activity] had no open container — ignored.
🟢 [ContentConverter] Page 10.0: [end activity] had no open container — ignored.
🟢 [InteractiveBuilder] Built dropDown #9 from captured data (no placeholder needed).
🟢 [ContentConverter] Page 12.0: [end activity] had no open container — ignored.
🟠 [AcksBuilder] Unknown media item type "Embed video" (item ) — used "Embed video" as the prefix; add it to Acks_Formats type_prefix_map.
🟠 [AcksBuilder] YouTube metadata unavailable for item  (stubbed) — possible dead link worth checking: https://www.youtube.com/watch?v=BXDsucz23OA
🟠 [AcksBuilder] Unknown media item type "Embed video" (item ) — used "Embed video" as the prefix; add it to Acks_Formats type_prefix_map.
🟠 [AcksBuilder] Unknown media item type "Embed video" (item ) — used "Embed video" as the prefix; add it to Acks_Formats type_prefix_map.
🟠 [AcksBuilder] YouTube metadata unavailable for item  (stubbed) — possible dead link worth checking: https://www.youtube.com/watch?v=1axKaW61_78
🟠 [AcksBuilder] Unknown media item type "Embed video" (item ) — used "Embed video" as the prefix; add it to Acks_Formats type_prefix_map.
🟠 [AcksBuilder] Unknown media item type "Embed video" (item ) — used "Embed video" as the prefix; add it to Acks_Formats type_prefix_map.
🟠 [AcksBuilder] YouTube metadata unavailable for item  (stubbed) — possible dead link worth checking: https://www.youtube.com/watch?v=-qxtmahpBwM
🟠 [AcksBuilder] Unknown media item type "Embed video" (item ) — used "Embed video" as the prefix; add it to Acks_Formats type_prefix_map.
🟠 [AcksBuilder] Unknown media item type "Embed video" (item ) — used "Embed video" as the prefix; add it to Acks_Formats type_prefix_map.
🟠 [AcksBuilder] YouTube metadata unavailable for item  (stubbed) — possible dead link worth checking: https://www.youtube.com/watch?v=pFy3Wnmchd8
🟠 [AcksBuilder] Unknown media item type "Embed video" (item ) — used "Embed video" as the prefix; add it to Acks_Formats type_prefix_map.
🟠 [AcksBuilder] Unknown media item type "Embed video" (item ) — used "Embed video" as the prefix; add it to Acks_Formats type_prefix_map.
🟠 [AcksBuilder] YouTube metadata unavailable for item  (stubbed) — possible dead link worth checking: https://www.youtube.com/watch?v=Xd97k149tvo
🟠 [AcksBuilder] Unknown media item type "Embed video" (item ) — used "Embed video" as the prefix; add it to Acks_Formats type_prefix_map.
🟠 [AcksBuilder] Unknown media item type "PDF text and images" (item ) — used "Pdf text and images" as the prefix; add it to Acks_Formats type_prefix_map.
🟠 [AcksBuilder] Unknown media item type "Embed video" (item ) — used "Embed video" as the prefix; add it to Acks_Formats type_prefix_map.
🟠 [AcksBuilder] YouTube metadata unavailable for item  (stubbed) — possible dead link worth checking: https://www.youtube.com/watch?v=713PhpuOf10
🟠 [AcksBuilder] Unknown media item type "Embed video" (item ) — used "Embed video" as the prefix; add it to Acks_Formats type_prefix_map.
🟠 [AcksBuilder] Unknown media item type "Embed audio" (item ) — used "Embed audio" as the prefix; add it to Acks_Formats type_prefix_map.
🟠 [AcksBuilder] Unknown media item type "Embed text" (item ) — used "Embed text" as the prefix; add it to Acks_Formats type_prefix_map.
🟠 [AcksBuilder] Unknown media item type "Embed video" (item ) — used "Embed video" as the prefix; add it to Acks_Formats type_prefix_map.
🟠 [AcksBuilder] YouTube metadata unavailable for item  (stubbed) — possible dead link worth checking: https://www.youtube.com/watch?v=x1_ezVGu7uQ
🟠 [AcksBuilder] Unknown media item type "Embed video" (item ) — used "Embed video" as the prefix; add it to Acks_Formats type_prefix_map.
🟠 [AcksBuilder] Unknown media item type "Embed video" (item ) — used "Embed video" as the prefix; add it to Acks_Formats type_prefix_map.
🟠 [AcksBuilder] YouTube metadata unavailable for item  (stubbed) — possible dead link worth checking: https://www.youtube.com/watch?v=6XCk01aj_B4
🟠 [AcksBuilder] Unknown media item type "Embed video" (item ) — used "Embed video" as the prefix; add it to Acks_Formats type_prefix_map.
🟠 [AcksBuilder] Unknown media item type "text" (item ) — used "Text" as the prefix; add it to Acks_Formats type_prefix_map.
🟠 [AcksBuilder] Unknown media item type "text" (item ) — used "Text" as the prefix; add it to Acks_Formats type_prefix_map.
🟠 [AcksBuilder] Unknown media item type "text" (item ) — used "Text" as the prefix; add it to Acks_Formats type_prefix_map.
🟠 [AcksBuilder] Unknown media item type "text" (item ) — used "Text" as the prefix; add it to Acks_Formats type_prefix_map.
🟠 [AcksBuilder] Unknown media item type "text" (item ) — used "Text" as the prefix; add it to Acks_Formats type_prefix_map.
🟠 [AcksBuilder] Unknown media item type "text" (item ) — used "Text" as the prefix; add it to Acks_Formats type_prefix_map.
🟢 [ConventionResolver] HTML conventions from series ENGJ (deviation over 1-10 English|4-6): overview menu tabs, lesson menu flat.
🟢 [PageSplitter] Implicit page break: content continues after [end page] without a [LESSON] tag — opened page 1.0.
🟢 [PageSplitter] Content after the final [end page] (3 blocks) is writer-form boilerplate — not emitted (AR-5).
🟢 [MenuBuilder] Menu heading "Tirohanga Whānui | Overview" is the section label — consumed (the menu scaffolding names it).
🟢 [MenuBuilder] Menu heading "Assessment for learning" had no content beneath it — omitted (empty preconfigured scaffolding).
🟢 [InteractiveScanner] accordion: additional widget [accordion] absorbed (accordion + accordion).
🟢 [InteractiveScanner] accordion: additional widget [accordion] absorbed (accordion + accordion).
🟢 [InteractiveScanner] accordion: additional widget [accordion] absorbed (accordion + accordion).
🟢 [InteractiveScanner] accordion: additional widget [accordion] absorbed (accordion + accordion).
🟢 [ContentConverter] Page 2.0: 1 inline definition woven onto the anchor word (orphan definition weave).
🟢 [ContentConverter] Page 2.0: [end other] had no open container — ignored.
🟢 [InteractiveBuilder] Built accordion #2 from captured data (no placeholder needed).
🟢 [ContentConverter] Page 2.0: [end other] had no open container — ignored.
🟢 [ContentConverter] Page 2.0: [activity] auto-closed before the next activity.
🟠 [ContentConverter] Page 2.0: [activity] was never closed — closed at page end.
🟢 [InteractiveScanner] Activity 2E: additional widget [click drop] absorbed (clickDrop + clickDrop).
🟢 [InteractiveScanner] Activity 2E: additional widget [click drop] absorbed (clickDrop + clickDrop).
🟢 [InteractiveScanner] Activity 2E: additional widget [click drop] absorbed (clickDrop + clickDrop).
🟢 [InteractiveBuilder] Built carousel #3 from captured data (no placeholder needed).
🟢 [ContentConverter] Page 3.0: [end other] had no open container — ignored.
🟢 [InteractiveBuilder] Built flipCard #4 from captured data (no placeholder needed).
🟢 [ContentConverter] Page 3.0: [activity] auto-closed before the next activity.
🟢 [ContentConverter] Page 3.0: [end other] had no open container — ignored.
🟢 [InteractiveBuilder] Built flipCard #6 from captured data (no placeholder needed).
🟢 [InteractiveBuilder] Built clickDrop #8 from captured data (no placeholder needed).
🟢 [InteractiveScanner] accordion: additional widget [accordion] absorbed (accordion + accordion).
🟢 [InteractiveScanner] accordion: additional widget [accordion] absorbed (accordion + accordion).
🟢 [InteractiveScanner] Activity 3A: additional widget [accordion] absorbed (accordion + accordion).
🟢 [InteractiveScanner] accordion: nested [info trigger] absorbed as a sub-bundle (infoTrigger); host continues.
🟢 [InteractiveScanner] Activity 3A: additional widget [accordion] absorbed (accordion + accordion).
🟢 [InteractiveScanner] infoTrigger: additional widget [info trigger] absorbed (infoTrigger + infoTrigger).
🟢 [InteractiveScanner] infoTrigger: additional widget [info trigger] absorbed (infoTrigger + infoTrigger).
🟢 [InteractiveScanner] infoTrigger: additional widget [info trigger] absorbed (infoTrigger + infoTrigger).
🟢 [InteractiveScanner] accordion: nested [info trigger] absorbed as a sub-bundle (infoTrigger); host continues.
🟢 [InteractiveScanner] Activity 3A: additional widget [accordion] absorbed (accordion + accordion).
🟢 [InteractiveBuilder] Built accordion #9 from captured data (no placeholder needed).
🟢 [ContentConverter] Page 4.0: [end other] had no open container — ignored.
🟢 [InteractiveBuilder] Built accordion #10 from captured data (no placeholder needed).
🟢 [ContentConverter] Page 4.0: [end other] had no open container — ignored.
🟠 [ContentConverter] Page 4.0: [activity] was never closed — closed at page end.
🟢 [InteractiveScanner] modal: additional widget [modal] absorbed (modal + modal).
🟢 [InteractiveScanner] modal: additional widget [modal] absorbed (modal + modal).
🟢 [InteractiveScanner] Activity 4D: additional widget [mcq] absorbed (multiChoiceQuiz + multiChoiceQuiz).
🟢 [InteractiveScanner] Activity 4D: additional widget [mcq] absorbed (multiChoiceQuiz + multiChoiceQuiz).
🟢 [InteractiveScanner] Activity 4E: additional widget [modal] absorbed (modal + modal).
🟢 [InteractiveScanner] Activity 4E: additional widget [modal] absorbed (modal + modal).
🟢 [InteractiveScanner] Activity 4E: additional widget [modal] absorbed (modal + modal).
🟢 [ContentConverter] Page 5.0: 2 inline definitions woven onto the anchor word (orphan definition weave).
🟢 [ContentConverter] Page 5.0: [end other] had no open container — ignored.
🟢 [ContentConverter] Page 5.0: [activity] auto-closed before the next activity.
🟢 [InteractiveBuilder] Built accordion #17 from captured data (no placeholder needed).
🟢 [InteractiveBuilder] Built accordion #18 from captured data (no placeholder needed).
🟢 [ContentConverter] Page 5.0: [end other] had no open container — ignored.
🟢 [InteractiveBuilder] Built accordion #19 from captured data (no placeholder needed).
🟢 [ContentConverter] Page 5.0: [end other] had no open container — ignored.
🟢 [InteractiveBuilder] Built accordion #20 from captured data (no placeholder needed).
🟢 [ContentConverter] Page 5.0: [end other] had no open container — ignored.
🟢 [InteractiveBuilder] Built accordion #21 from captured data (no placeholder needed).
🟢 [ContentConverter] Page 5.0: [end other] had no open container — ignored.
🟢 [InteractiveBuilder] Built accordion #22 from captured data (no placeholder needed).
🟢 [ContentConverter] Page 5.0: [end other] had no open container — ignored.
🟢 [InteractiveBuilder] Built accordion #23 from captured data (no placeholder needed).
🟢 [ContentConverter] Page 5.0: [end other] had no open container — ignored.
🟢 [ContentConverter] Page 5.0: [end other] had no open container — ignored.
🟢 [ContentConverter] Page 5.0: [end other] had no open container — ignored.
🟢 [InteractiveScanner] clickDrop: additional widget [click drop] absorbed (clickDrop + clickDrop).
🟢 [ContentConverter] Page 6.0: [end other] had no open container — ignored.
🟢 [InteractiveBuilder] Built carousel #28 from captured data (no placeholder needed).
🟢 [ContentConverter] Page 6.0: [end other] had no open container — ignored.
🟢 [ContentConverter] Page 6.0: [activity] auto-closed before the next activity.
🟠 [ContentConverter] Page 6.0: [activity] was never closed — closed at page end.
🟢 [InteractiveScanner] accordion: additional widget [accordion] absorbed (accordion + accordion).
🟢 [InteractiveScanner] accordion: additional widget [accordion] absorbed (accordion + accordion).
🟢 [InteractiveScanner] accordion: additional widget [accordion] absorbed (accordion + accordion).
🟢 [InteractiveScanner] accordion: additional widget [accordion] absorbed (accordion + accordion).
🟢 [ContentConverter] Page 7.0: [end other] had no open container — ignored.
🟢 [InteractiveBuilder] Built accordion #29 from captured data (no placeholder needed).
🟢 [ContentConverter] Page 7.0: [end other] had no open container — ignored.
🟢 [ContentConverter] Page 7.0: [activity] auto-closed before the next activity.
🟢 [InteractiveScanner] clickDrop: additional widget [click drop] absorbed (clickDrop + clickDrop).
🟢 [InteractiveScanner] clickDrop: additional widget [click drop] absorbed (clickDrop + clickDrop).
🟢 [InteractiveScanner] clickDrop: additional widget [click drop] absorbed (clickDrop + clickDrop).
🟢 [InteractiveScanner] speechBubble: additional widget [speech bubble] absorbed (speechBubble + speechBubble).
🟢 [InteractiveBuilder] Built carousel #31 from captured data (no placeholder needed).
🟢 [ContentConverter] Page 8.0: [end other] had no open container — ignored.
🟢 [InteractiveBuilder] Built clickDrop #32 from captured data (no placeholder needed).
🟢 [ContentConverter] Page 8.0: [end other] had no open container — ignored.
🟢 [InteractiveBuilder] Built carousel #36 from captured data (no placeholder needed).
🟢 [ContentConverter] Page 8.0: [end other] had no open container — ignored.
🟢 [InteractiveBuilder] Built dropDown #37 from captured data (no placeholder needed).
🟢 [InteractiveBuilder] Built dropDown #38 from captured data (no placeholder needed).
🟠 [AcksBuilder] YouTube metadata unavailable for item  (stubbed) — possible dead link worth checking: https://youtu.be/g_NbaCBfCGg?si=OoKITfxYnP19gWMr
🟠 [AcksBuilder] YouTube metadata unavailable for item  (stubbed) — possible dead link worth checking: https://youtu.be/drPoZMqHTAw?si=j5fUi1qo6HgS2-Px
🟠 [AcksBuilder] YouTube metadata unavailable for item  (stubbed) — possible dead link worth checking: https://youtu.be/DlJy7HQMgSI?si=1__X9bcZrq1oMT-S
🟠 [AcksBuilder] YouTube metadata unavailable for item  (stubbed) — possible dead link worth checking: https://youtu.be/y8ZEAxUKxK0?si=kOqU8BslcQm2SFol
🟠 [AcksBuilder] YouTube metadata unavailable for item  (stubbed) — possible dead link worth checking: https://youtu.be/A7LU5Wxc_0Y?si=-sDFK9cLLHYPZEkV
🟠 [AcksBuilder] YouTube metadata unavailable for item  (stubbed) — possible dead link worth checking: https://youtu.be/NsGK7cUdelM?si=aLmJhYkkNoyA9UJV
🟠 [AcksBuilder] YouTube metadata unavailable for item  (stubbed) — possible dead link worth checking: https://youtu.be/uR912ujYRT8?si=Y6HoC0volVNq5WDM
🟠 [AcksBuilder] YouTube metadata unavailable for item  (stubbed) — possible dead link worth checking: https://youtu.be/R1LGJM1Gn20?si=jeKKEvF0W_upd8kq
🟠 [AcksBuilder] YouTube metadata unavailable for item  (stubbed) — possible dead link worth checking: https://youtu.be/G84zsBktJkA?si=052N8kUU_OXIC7zC
🟠 [AcksBuilder] YouTube metadata unavailable for item 19. (stubbed) — possible dead link worth checking: https://youtu.be/S9atRW1DgbQ?si=fuMTy98cnGogwgLN
🟠 [AcksBuilder] YouTube metadata unavailable for item 21. (stubbed) — possible dead link worth checking: https://youtu.be/DpV4k3Edr-I?si=y_RZRI2a_fE65u6D
🟠 [AcksBuilder] YouTube metadata unavailable for item 23. (stubbed) — possible dead link worth checking: https://youtu.be/0aP4WZEy9GI?si=vjCQpld9xPxYCWja
🟠 [AcksBuilder] YouTube metadata unavailable for item 25. (stubbed) — possible dead link worth checking: https://youtu.be/Wn9kx4lGlpE?si=KYBeOVEI_961YXVZ
🟠 [AcksBuilder] YouTube metadata unavailable for item  (stubbed) — possible dead link worth checking: https://youtu.be/W4og8g_X22o?si=QUP3pMIjGHHg2EHv
🟠 [AcksBuilder] YouTube metadata unavailable for item 28. (stubbed) — possible dead link worth checking: https://youtu.be/fd3q7j_hrRA?si=3kHtbX5nmm79Cdn7
🟠 [AcksBuilder] YouTube metadata unavailable for item 29. (stubbed) — possible dead link worth checking: https://youtu.be/JTlveCrymV8?si=fxKRCPtWGerNeR54
🟠 [AcksBuilder] YouTube metadata unavailable for item 32. (stubbed) — possible dead link worth checking: https://youtu.be/SvPy_XKsx9Q?si=TTU2FAF_bdRRrJJe
🟠 [AcksBuilder] Unknown media item type "Google doc (Canva download)" (item ) — used "Google doc (canva download)" as the prefix; add it to Acks_Formats type_prefix_map.
🟠 [AcksBuilder] Unknown media item type "Doc" (item 36.) — used "Doc" as the prefix; add it to Acks_Formats type_prefix_map.
🟠 [AcksBuilder] YouTube metadata unavailable for item 42. (stubbed) — possible dead link worth checking: https://youtu.be/B1HEzNTGeZ4?si=zT7QXU-SOy2gWW4c
🟠 [AcksBuilder] YouTube metadata unavailable for item 43. (stubbed) — possible dead link worth checking: https://youtu.be/0HS1P3vhNBU?si=HyxvxxCWNNhdHkTa
🟠 [AcksBuilder] YouTube metadata unavailable for item 52. (stubbed) — possible dead link worth checking: https://youtu.be/Dvxcx_d90wE?si=lwU8eBAdTGsgHBOp
🟠 [AcksBuilder] YouTube metadata unavailable for item 53. (stubbed) — possible dead link worth checking: https://youtu.be/YMqNo_2ZE0A?si=nxXQdgNhL9ynpn1l
🟠 [AcksBuilder] Unknown media item type "Canva presentation" (item 76.) — used "Canva presentation" as the prefix; add it to Acks_Formats type_prefix_map.
🟠 [AcksBuilder] Unknown media item type "Canva presentation" (item 77.) — used "Canva presentation" as the prefix; add it to Acks_Formats type_prefix_map.
🟠 [AcksBuilder] YouTube metadata unavailable for item 78. (stubbed) — possible dead link worth checking: https://youtu.be/fXsiW7A--dY?si=b5BcV_LdWe9b_FXx
🟠 [AcksBuilder] Unknown media item type "PDF in Google docs" (item 79.) — used "Pdf in google docs" as the prefix; add it to Acks_Formats type_prefix_map.
🟠 [AcksBuilder] Unknown media item type "Poem downloaded" (item 83.) — used "Poem downloaded" as the prefix; add it to Acks_Formats type_prefix_map.
🟠 [AcksBuilder] Unknown media item type "Poem downloaded" (item 84.) — used "Poem downloaded" as the prefix; add it to Acks_Formats type_prefix_map.
🟠 [AcksBuilder] Unknown media item type "Poem scanned and saved in Google Docs" (item 85.) — used "Poem scanned and saved in google docs" as the prefix; add it to Acks_Formats type_prefix_map.
🟠 [AcksBuilder] Unknown media item type "Poem downloaded" (item 86.) — used "Poem downloaded" as the prefix; add it to Acks_Formats type_prefix_map.
🟠 [AcksBuilder] Unknown media item type "Poem scanned and saved in Google Docs" (item 90.) — used "Poem scanned and saved in google docs" as the prefix; add it to Acks_Formats type_prefix_map.
🟠 [AcksBuilder] Unknown media item type "Poem scanned and saved in Google Docs" (item 91.) — used "Poem scanned and saved in google docs" as the prefix; add it to Acks_Formats type_prefix_map.
🟠 [AcksBuilder] Unknown media item type "Poem scanned and saved in Google Docs" (item 92.) — used "Poem scanned and saved in google docs" as the prefix; add it to Acks_Formats type_prefix_map.
🟠 [AcksBuilder] Unknown media item type "Poem scanned and saved in Google Docs" (item 93.) — used "Poem scanned and saved in google docs" as the prefix; add it to Acks_Formats type_prefix_map.
🟠 [AcksBuilder] YouTube metadata unavailable for item 112. (stubbed) — possible dead link worth checking: https://youtu.be/CxrxUyxMnxA?si=rDjuVhhP2tQGljqO
🟠 [AcksBuilder] Unknown media item type "Website" (item 113.) — used "Website" as the prefix; add it to Acks_Formats type_prefix_map.
🟠 [AcksBuilder] YouTube metadata unavailable for item  (stubbed) — possible dead link worth checking: https://youtu.be/nBL-CeDdvDU?si=WI07dz0A3HEXyS85
🟠 [AcksBuilder] Unknown media item type "Website" (item 115.) — used "Website" as the prefix; add it to Acks_Formats type_prefix_map.
🟠 [AcksBuilder] Unknown media item type "Website" (item 116.) — used "Website" as the prefix; add it to Acks_Formats type_prefix_map.
🟠 [AcksBuilder] Unknown media item type "Website" (item 117.) — used "Website" as the prefix; add it to Acks_Formats type_prefix_map.
🟠 [AcksBuilder] YouTube metadata unavailable for item 134. (stubbed) — possible dead link worth checking: https://youtu.be/ukhYzyBa04A?si=gxwLGsfg377MWRnf
🟠 [AcksBuilder] YouTube metadata unavailable for item 135. (stubbed) — possible dead link worth checking: https://youtu.be/RNR-A3gBzfs?si=DaXJFVMuzDMSSEEr
🟠 [AcksBuilder] YouTube metadata unavailable for item 136. (stubbed) — possible dead link worth checking: https://youtu.be/iDG2-bxpno0?si=QYSkAkUE4G32SiKn
🟠 [AcksBuilder] YouTube metadata unavailable for item 144. (stubbed) — possible dead link worth checking: https://youtu.be/b-kQby_EH-o?si=Sx7Fcdk9YI1gKOIX
🟢 [SkeletonBuilder] template attribute "4-6" overridden to the level-3 preset "7-8" (template_phase_presets — the module-level rule outranks sibling inheritance for this attribute only).
🟢 [ModuleResolver] ENGS405 is not in the registry members — inherited from its level ENGS4 (sibling rule).
🟢 [ConventionResolver] HTML conventions from group 1-10 English|9-10/NCEA: overview menu tabs, lesson menu flat.
🟢 [PageSplitter] [end page] before [MODULE INTRODUCTION] disregarded — the introduction stays on the overview page (AR-1).
🟢 [MenuBuilder] Menu heading "Tirohanga Whānui | Overview" is the section label — consumed (the menu scaffolding names it).
🟠 [AcksBuilder] YouTube metadata unavailable for item  (stubbed) — possible dead link worth checking: https://www.youtube.com/watch?v=rWtrpDi10cM
🟠 [AcksBuilder] YouTube metadata unavailable for item  (stubbed) — possible dead link worth checking: https://www.youtube.com/watch?v=3K9pd6h9JT0&list=RD3K9pd6h9JT0&start_radio=1
🟠 [AcksBuilder] YouTube metadata unavailable for item  (stubbed) — possible dead link worth checking: https://www.youtube.com/watch?v=lzKj-bLvrYQ
🟠 [AcksBuilder] YouTube metadata unavailable for item  (stubbed) — possible dead link worth checking: https://www.youtube.com/watch?v=XRt1N0sJJQo
🟠 [AcksBuilder] YouTube metadata unavailable for item  (stubbed) — possible dead link worth checking: https://youtu.be/TvcgVRULaWw
🟠 [AcksBuilder] Unknown media item type "Poem" (item ) — used "Poem" as the prefix; add it to Acks_Formats type_prefix_map.
🟠 [AcksBuilder] YouTube metadata unavailable for item  (stubbed) — possible dead link worth checking: https://www.youtube.com/watch?v=yBn2ZOwv144&t=187s
🟠 [AcksBuilder] YouTube metadata unavailable for item  (stubbed) — possible dead link worth checking: https://www.youtube.com/watch?v=bZh60Oa-PU0
🟠 [AcksBuilder] Unknown media item type "Poem" (item ) — used "Poem" as the prefix; add it to Acks_Formats type_prefix_map.
🟠 [AcksBuilder] Unknown media item type "Poem" (item ) — used "Poem" as the prefix; add it to Acks_Formats type_prefix_map.
🟠 [AcksBuilder] YouTube metadata unavailable for item  (stubbed) — possible dead link worth checking: https://www.youtube.com/watch?v=a9gtdtF4xCA
🟠 [AcksBuilder] YouTube metadata unavailable for item  (stubbed) — possible dead link worth checking: https://www.youtube.com/watch?v=83maNrS7NIs
🟠 [AcksBuilder] Unknown media item type "Poem" (item ) — used "Poem" as the prefix; add it to Acks_Formats type_prefix_map.
🟠 [AcksBuilder] Unknown media item type "Poem" (item ) — used "Poem" as the prefix; add it to Acks_Formats type_prefix_map.
🟠 [AcksBuilder] YouTube metadata unavailable for item  (stubbed) — possible dead link worth checking: https://www.youtube.com/watch?v=KUaQgRiJukA
🟠 [AcksBuilder] Unknown media item type "PDF" (item ) — used "Pdf" as the prefix; add it to Acks_Formats type_prefix_map.
🟠 [AcksBuilder] Unknown media item type "Poem" (item ) — used "Poem" as the prefix; add it to Acks_Formats type_prefix_map.
🟠 [AcksBuilder] Unknown media item type "Poem" (item ) — used "Poem" as the prefix; add it to Acks_Formats type_prefix_map.
🟠 [AcksBuilder] Unknown media item type "Mp3" (item ) — used "Mp3" as the prefix; add it to Acks_Formats type_prefix_map.
🟠 [AcksBuilder] Unknown media item type "Mp3" (item ) — used "Mp3" as the prefix; add it to Acks_Formats type_prefix_map.
🟠 [AcksBuilder] Unknown media item type "Mp3" (item ) — used "Mp3" as the prefix; add it to Acks_Formats type_prefix_map.
🟠 [AcksBuilder] Unknown media item type "Poem" (item ) — used "Poem" as the prefix; add it to Acks_Formats type_prefix_map.
🟠 [AcksBuilder] Unknown media item type "Poem" (item ) — used "Poem" as the prefix; add it to Acks_Formats type_prefix_map.
🟠 [AcksBuilder] YouTube metadata unavailable for item  (stubbed) — possible dead link worth checking: https://www.youtube.com/watch?v=X15BI8xL0W0
🟠 [AcksBuilder] YouTube metadata unavailable for item  (stubbed) — possible dead link worth checking: https://www.youtube.com/watch?v=g4ELONBVAlY&t=1s
🟠 [AcksBuilder] YouTube metadata unavailable for item  (stubbed) — possible dead link worth checking: https://www.youtube.com/watch?v=p1dvtKUaVfs
🟠 [AcksBuilder] YouTube metadata unavailable for item  (stubbed) — possible dead link worth checking: https://www.youtube.com/watch?v=0snNB1yS3IE
🟠 [AcksBuilder] YouTube metadata unavailable for item  (stubbed) — possible dead link worth checking: https://www.youtube.com/watch?v=Nla_EInMW0Y&t=1s
🟠 [AcksBuilder] YouTube metadata unavailable for item  (stubbed) — possible dead link worth checking: https://www.youtube.com/watch?v=xFzukqfMHRw
🟠 [AcksBuilder] YouTube metadata unavailable for item  (stubbed) — possible dead link worth checking: https://www.youtube.com/watch?v=aWbERIVc7BM&t=1s
🟠 [AcksBuilder] YouTube metadata unavailable for item  (stubbed) — possible dead link worth checking: https://www.youtube.com/watch?v=0qh4f965R3k
🟠 [AcksBuilder] YouTube metadata unavailable for item  (stubbed) — possible dead link worth checking: https://www.youtube.com/watch?v=NaXAYY_OLM0
🟠 [AcksBuilder] YouTube metadata unavailable for item  (stubbed) — possible dead link worth checking: https://www.youtube.com/watch?v=2DbdtkfmQnc
🟠 [AcksBuilder] YouTube metadata unavailable for item  (stubbed) — possible dead link worth checking: https://www.youtube.com/watch?v=gq6dNQiXYtA
🟠 [AcksBuilder] YouTube metadata unavailable for item  (stubbed) — possible dead link worth checking: https://www.youtube.com/watch?v=d6OAWaxPHQo
🟠 [AcksBuilder] Unknown media item type "Text" (item ) — used "Text" as the prefix; add it to Acks_Formats type_prefix_map.
🟠 [AcksBuilder] YouTube metadata unavailable for item  (stubbed) — possible dead link worth checking: https://www.youtube.com/watch?v=3tzop3NxJ5o
🟠 [AcksBuilder] Unknown media item type "Poem" (item ) — used "Poem" as the prefix; add it to Acks_Formats type_prefix_map.
🟠 [AcksBuilder] YouTube metadata unavailable for item  (stubbed) — possible dead link worth checking: https://www.youtube.com/watch?v=PV_EeGJmWqA
🟠 [AcksBuilder] YouTube metadata unavailable for item  (stubbed) — possible dead link worth checking: https://www.youtube.com/watch?v=3tzop3NxJ5o
🟠 [AcksBuilder] YouTube metadata unavailable for item  (stubbed) — possible dead link worth checking: https://www.youtube.com/watch?v=mdJ6aUB2K4g
🟠 [AcksBuilder] Unknown media item type "Text" (item ) — used "Text" as the prefix; add it to Acks_Formats type_prefix_map.
🟠 [AcksBuilder] Unknown media item type "Images" (item ) — used "Images" as the prefix; add it to Acks_Formats type_prefix_map.
🟠 [AcksBuilder] YouTube metadata unavailable for item  (stubbed) — possible dead link worth checking: https://www.youtube.com/watch?v=A0edKgL9EgM
🟠 [AcksBuilder] YouTube metadata unavailable for item  (stubbed) — possible dead link worth checking: https://www.youtube.com/watch?v=I1GC1yWdM_c
🟠 [AcksBuilder] YouTube metadata unavailable for item  (stubbed) — possible dead link worth checking: https://www.youtube.com/watch?v=f1b5kCvVBo8
🟠 [AcksBuilder] YouTube metadata unavailable for item  (stubbed) — possible dead link worth checking: https://www.youtube.com/watch?v=9f8VcV8v2LE&t=211s
🟠 [AcksBuilder] YouTube metadata unavailable for item  (stubbed) — possible dead link worth checking: https://www.youtube.com/watch?v=66Z9tPVjVjI&t=206s
🟠 [AcksBuilder] YouTube metadata unavailable for item  (stubbed) — possible dead link worth checking: https://www.youtube.com/watch?v=bomrAp6AaSk
🟠 [AcksBuilder] Unknown media item type "Text" (item ) — used "Text" as the prefix; add it to Acks_Formats type_prefix_map.
🟠 [AcksBuilder] YouTube metadata unavailable for item  (stubbed) — possible dead link worth checking: https://www.youtube.com/watch?v=7ajxA_RCSbQ
🟠 [AcksBuilder] Unknown media item type "Mp3" (item ) — used "Mp3" as the prefix; add it to Acks_Formats type_prefix_map.
🟠 [AcksBuilder] YouTube metadata unavailable for item  (stubbed) — possible dead link worth checking: https://www.youtube.com/watch?v=M08ZsWd4npE&t=95s
🟠 [AcksBuilder] YouTube metadata unavailable for item  (stubbed) — possible dead link worth checking: https://www.youtube.com/watch?v=nsUYXGxPfFE
🟠 [AcksBuilder] Unknown media item type "Poem" (item ) — used "Poem" as the prefix; add it to Acks_Formats type_prefix_map.
🟠 [AcksBuilder] Unknown media item type "Mp3" (item ) — used "Mp3" as the prefix; add it to Acks_Formats type_prefix_map.
🟠 [AcksBuilder] Unknown media item type "Mp3" (item ) — used "Mp3" as the prefix; add it to Acks_Formats type_prefix_map.
🟠 [AcksBuilder] Unknown media item type "Poem" (item ) — used "Poem" as the prefix; add it to Acks_Formats type_prefix_map.
🟢 [AcksBuilder] Media item  placed in lesson 0.0 by neighbour interpolation — verify its group.
🟢 [AcksBuilder] Media item  placed in lesson 0.0 by neighbour interpolation — verify its group.
🟢 [AcksBuilder] Media item  placed in lesson 0.0 by neighbour interpolation — verify its group.
🟢 [AcksBuilder] Media item  placed in lesson 0.0 by neighbour interpolation — verify its group.
🟢 [AcksBuilder] Media item  placed in lesson 0.0 by neighbour interpolation — verify its group.
🟢 [AcksBuilder] Media item  placed in lesson 0.0 by neighbour interpolation — verify its group.
🟢 [AcksBuilder] Media item  placed in lesson 0.0 by neighbour interpolation — verify its group.
🟢 [AcksBuilder] Media item  placed in lesson 0.0 by neighbour interpolation — verify its group.
🟢 [AcksBuilder] Media item  placed in lesson 0.0 by neighbour interpolation — verify its group.
🟢 [AcksBuilder] Media item  placed in lesson 0.0 by neighbour interpolation — verify its group.
🟢 [AcksBuilder] Media item  placed in lesson 0.0 by neighbour interpolation — verify its group.
🟢 [AcksBuilder] Media item  placed in lesson 0.0 by neighbour interpolation — verify its group.
🟢 [AcksBuilder] Media item  placed in lesson 0.0 by neighbour interpolation — verify its group.
🟠 [AcksBuilder] 50 iStock titles could not be verified (no *istock-acks*.txt was supplied); each is marked ❗ and the acks block carries a designer note.
🟢 [SkeletonBuilder] template attribute "9-10/NCEA" overridden to the level-4 preset "9-10" (template_phase_presets — the module-level rule outranks sibling inheritance for this attribute only).
🟢 [ConventionResolver] HTML conventions from group NCEA1|NCEA: overview menu tabs, lesson menu flat.
🟢 [PageSplitter] [end page] before [MODULE INTRODUCTION] disregarded — the introduction stays on the overview page (AR-1).
🟢 [PageSplitter] Content after the final [end page] (18 blocks) is writer-form boilerplate — not emitted (AR-5).
🟠 [ContentConverter] Page 0.0: [activity] was never closed — closed at page end.
🟢 [MenuBuilder] Menu heading "Tirohanga Whānui | Overview" is the section label — consumed (the menu scaffolding names it).
🟢 [MenuBuilder] Menu section "Aromatawai | Assessment for Learning" promoted to its own "Standards" nav tab (menu.extra_tabs registry).
🟢 [ContentConverter] Page 1.0: [activity] auto-closed before the next activity.
🟢 [ContentConverter] Page 1.0: [activity] auto-closed before the next activity.
🟢 [ContentConverter] Page 1.0: [activity] auto-closed before the next alert.
🟢 [ContentConverter] Page 1.0: [activity] auto-closed before the next activity.
🟢 [ContentConverter] Page 1.0: mode [activity] opener merged forward into numbered activity 1B (title heading kept inside; no empty box).
🟢 [ContentConverter] Page 1.0: [activity] auto-closed before the next h2.
🟢 [ContentConverter] Page 1.0: [activity] auto-closed before the next activity.
🟢 [ContentConverter] Page 1.0: mode [activity] opener merged forward into numbered activity 1C (title heading kept inside; no empty box).
🟢 [ContentConverter] Page 1.0: [activity] auto-closed before the next alert.
🟢 [ActivitiesBuilder] 3 activity title heading(s) set to h3 (title_heading_level).
🟢 [ContentConverter] Page 2.0: [activity] auto-closed before the next activity.
🟢 [ContentConverter] Page 2.0: mode [activity] opener merged forward into numbered activity 2A (title heading kept inside; no empty box).
🟢 [ContentConverter] Page 2.0: [activity] auto-closed before the next activity.
🟢 [ContentConverter] Page 2.0: [activity] auto-closed before the next alert.
🟢 [ActivitiesBuilder] 1 activity title heading(s) set to h3 (title_heading_level).
🟢 [InteractiveScanner] Activity 3A: additional widget [interactive] absorbed (interactive + interactive).
🟢 [ContentConverter] Page 3.0: [activity] auto-closed before the next activity.
🟢 [ContentConverter] Page 3.0: [activity] auto-closed before the next activity.
🟢 [ContentConverter] Page 3.0: [activity] auto-closed before the next activity.
🟢 [ContentConverter] Page 3.0: [activity] auto-closed before the next activity.
🟢 [ContentConverter] Page 3.0: [activity] auto-closed before the next activity.
🟢 [ActivitiesBuilder] 2 activity title heading(s) set to h3 (title_heading_level).
🟢 [InteractiveScanner] interactive: additional widget [interactive] absorbed (interactive + interactive).
🟢 [InteractiveScanner] interactive: additional widget [interactive] absorbed (interactive + interactive).
🟢 [InteractiveScanner] interactive: additional widget [interactive] absorbed (interactive + interactive).
🟢 [InteractiveScanner] interactive: additional widget [interactive] absorbed (interactive + interactive).
🟢 [InteractiveScanner] interactive: additional widget [interactive] absorbed (interactive + interactive).
🟢 [InteractiveScanner] interactive: additional widget [interactive] absorbed (interactive + interactive).
🟢 [InteractiveScanner] interactive: additional widget [interactive] absorbed (interactive + interactive).
🟢 [InteractiveScanner] interactive: additional widget [interactive] absorbed (interactive + interactive).
🟢 [InteractiveScanner] interactive: additional widget [interactive] absorbed (interactive + interactive).
🟢 [InteractiveScanner] interactive: additional widget [interactive] absorbed (interactive + interactive).
🟢 [InteractiveScanner] interactive: additional widget [interactive] absorbed (interactive + interactive).
🟢 [InteractiveScanner] interactive: additional widget [interactive] absorbed (interactive + interactive).
🟢 [InteractiveScanner] interactive: additional widget [interactive] absorbed (interactive + interactive).
🟢 [ContentConverter] Page 4.0: [activity] auto-closed before the next activity.
🟢 [ContentConverter] Page 4.0: [activity] auto-closed before the next h2.
🟢 [ContentConverter] Page 4.0: [activity] auto-closed before the next activity.
🟢 [ContentConverter] Page 4.0: [activity] auto-closed before the next activity.
🟢 [ActivitiesBuilder] 1 activity title heading(s) set to h3 (title_heading_level).
🟢 [InteractiveScanner] Activity 5A: additional widget [interactive] absorbed (interactive + interactive).
🟢 [InteractiveScanner] Activity 5B: additional widget [interactive] absorbed (interactive + interactive).
🟢 [ContentConverter] Page 5.0: [activity] auto-closed before the next activity.
🟢 [ContentConverter] Page 5.0: [activity] auto-closed before the next activity.
🟢 [ContentConverter] Page 5.0: [activity] auto-closed before the next alert.
🟢 [ActivitiesBuilder] 2 activity title heading(s) set to h3 (title_heading_level).
🟢 [InteractiveScanner] interactive: additional widget [interactive] absorbed (interactive + interactive).
🟢 [InteractiveScanner] interactive: additional widget [interactive] absorbed (interactive + interactive).
🟢 [InteractiveScanner] Activity 6C: additional widget [interactive] absorbed (interactive + interactive).
🟢 [InteractiveScanner] Activity 6C: additional widget [interactive] absorbed (interactive + interactive).
🟢 [InteractiveScanner] Activity 6C: additional widget [interactive] absorbed (interactive + interactive).
🟢 [ContentConverter] Page 6.0: [activity] auto-closed before the next activity.
🟢 [ContentConverter] Page 6.0: [activity] auto-closed before the next activity.
🟢 [ContentConverter] Page 6.0: mode [activity] opener merged forward into numbered activity 6A (title heading kept inside; no empty box).
🟢 [ContentConverter] Page 6.0: [activity] auto-closed before the next activity.
🟢 [ContentConverter] Page 6.0: [activity] auto-closed before the next activity.
🟢 [ContentConverter] Page 6.0: [activity] auto-closed before the next activity.
🟢 [ActivitiesBuilder] 3 activity title heading(s) set to h3 (title_heading_level).
🟢 [ContentConverter] Page 7.0: [activity] auto-closed before the next activity.
🟢 [ContentConverter] Page 7.0: mode [activity] opener merged forward into numbered activity 7A (title heading kept inside; no empty box).
🟢 [ContentConverter] Page 7.0: [activity] auto-closed before the next activity.
🟢 [ContentConverter] Page 7.0: [activity] auto-closed before the next activity.
🟢 [ContentConverter] Page 7.0: [activity] auto-closed before the next activity.
🟢 [ContentConverter] Page 7.0: [activity] auto-closed before the next activity.
🟢 [ContentConverter] Page 7.0: mode [activity] opener merged forward into numbered activity 7B (title heading kept inside; no empty box).
🟢 [ContentConverter] Page 7.0: [activity] auto-closed before the next activity.
🟢 [ActivitiesBuilder] 2 activity title heading(s) set to h3 (title_heading_level).
🟢 [ContentConverter] Page 8.0: [activity] auto-closed before the next h3.
🟢 [ContentConverter] Page 8.0: [activity] auto-closed before the next activity.
🟢 [ActivitiesBuilder] 1 activity title heading(s) set to h3 (title_heading_level).
🟢 [ContentConverter] Page 9.0: [activity] auto-closed before the next activity.
🟢 [ContentConverter] Page 9.0: mode [activity] opener merged forward into numbered activity 9A (title heading kept inside; no empty box).
🟠 [ContentConverter] Page 9.0: [activity] was never closed — closed at page end.
🟢 [ActivitiesBuilder] 1 activity title heading(s) set to h3 (title_heading_level).
🟢 [ContentConverter] Page 10.0: mode [activity] opener merged forward into numbered activity 10A (title heading kept inside; no empty box).
🟢 [ContentConverter] Page 10.0: [activity] auto-closed before the next alert.
🟢 [ActivitiesBuilder] 1 activity title heading(s) set to h3 (title_heading_level).
🟠 [AcksBuilder] YouTube metadata unavailable for item 1 (stubbed) — possible dead link worth checking: https://www.youtube.com/watch?v=kUTfRk9b1-w
🟠 [AcksBuilder] YouTube metadata unavailable for item 3. (stubbed) — possible dead link worth checking: https://www.youtube.com/watch?v=ZCtYe_3wBdk
🟠 [AcksBuilder] YouTube metadata unavailable for item 4. (stubbed) — possible dead link worth checking: https://www.youtube.com/watch?v=nDgIVseTkuE
🟠 [AcksBuilder] YouTube metadata unavailable for item 6. (stubbed) — possible dead link worth checking: https://www.youtube.com/watch?v=7MhSrUIg6Go
🟠 [AcksBuilder] YouTube metadata unavailable for item 7. (stubbed) — possible dead link worth checking: https://youtu.be/ABvT_2XsIMs
🟠 [AcksBuilder] Unknown media item type "Visual symbol" (item 25.) — used "Visual symbol" as the prefix; add it to Acks_Formats type_prefix_map.
🟠 [AcksBuilder] Unknown media item type "Graphic" (item 26.) — used "Graphic" as the prefix; add it to Acks_Formats type_prefix_map.
🟠 [AcksBuilder] Unknown media item type "Graphic" (item 27.) — used "Graphic" as the prefix; add it to Acks_Formats type_prefix_map.
🟠 [AcksBuilder] Unknown media item type "Graphic" (item 28.) — used "Graphic" as the prefix; add it to Acks_Formats type_prefix_map.
🟠 [AcksBuilder] Unknown media item type "Visual symbols" (item 30.) — used "Visual symbols" as the prefix; add it to Acks_Formats type_prefix_map.
🟠 [AcksBuilder] YouTube metadata unavailable for item 31. (stubbed) — possible dead link worth checking: https://www.youtube.com/watch?v=zAEGM9IGTKM&t=208s
🟠 [AcksBuilder] YouTube metadata unavailable for item 32. (stubbed) — possible dead link worth checking: https://www.youtube.com/watch?v=p3NwTbFUW-I
🟠 [AcksBuilder] Unknown media item type "Video screen shot" (item 33.) — used "Video screen shot" as the prefix; add it to Acks_Formats type_prefix_map.
🟠 [AcksBuilder] YouTube metadata unavailable for item 33. (stubbed) — possible dead link worth checking: https://www.youtube.com/watch?v=p3NwTbFUW-I
🟠 [AcksBuilder] Unknown media item type "Video screen shot" (item 33.) — used "Video screen shot" as the prefix; add it to Acks_Formats type_prefix_map.
🟠 [AcksBuilder] Unknown media item type "Visual symbols" (item 34.) — used "Visual symbols" as the prefix; add it to Acks_Formats type_prefix_map.
🟠 [AcksBuilder] Unknown media item type "Visual symbol" (item 35.) — used "Visual symbol" as the prefix; add it to Acks_Formats type_prefix_map.
🟠 [AcksBuilder] Unknown media item type "Visual symbol" (item 36.) — used "Visual symbol" as the prefix; add it to Acks_Formats type_prefix_map.
🟠 [AcksBuilder] Unknown media item type "Word cloud" (item 43) — used "Word cloud" as the prefix; add it to Acks_Formats type_prefix_map.
🟠 [AcksBuilder] Unknown media item type "Screenshot photos" (item 45.) — used "Screenshot photos" as the prefix; add it to Acks_Formats type_prefix_map.
🟠 [AcksBuilder] YouTube metadata unavailable for item 47. (stubbed) — possible dead link worth checking: https://www.youtube.com/watch?v=GM2zIn8Tbd8
🟠 [AcksBuilder] YouTube metadata unavailable for item 48. (stubbed) — possible dead link worth checking: https://www.youtube.com/watch?v=P4rf4vVZGxA
🟠 [AcksBuilder] Unknown media item type "Venn Diagram" (item 50.) — used "Venn diagram" as the prefix; add it to Acks_Formats type_prefix_map.
🟠 [AcksBuilder] Unknown media item type "Pamphlet image" (item 51.) — used "Pamphlet image" as the prefix; add it to Acks_Formats type_prefix_map.
🟠 [AcksBuilder] YouTube metadata unavailable for item 52. (stubbed) — possible dead link worth checking: https://www.youtube.com/watch?v=zAEGM9IGTKM
🟠 [AcksBuilder] Unknown media item type "Image of letter" (item 55.) — used "Image of letter" as the prefix; add it to Acks_Formats type_prefix_map.
🟠 [AcksBuilder] Unknown media item type "Image of Sid Holland" (item 56.) — used "Image of sid holland" as the prefix; add it to Acks_Formats type_prefix_map.
🟠 [AcksBuilder] Unknown media item type "Image of Walsh" (item 57.) — used "Image of walsh" as the prefix; add it to Acks_Formats type_prefix_map.
🟠 [AcksBuilder] Unknown media item type "Photo of Jock Barnes" (item 59.) — used "Photo of jock barnes" as the prefix; add it to Acks_Formats type_prefix_map.
🟠 [AcksBuilder] Unknown media item type "Photo of Toby Hill" (item 60.) — used "Photo of toby hill" as the prefix; add it to Acks_Formats type_prefix_map.
🟠 [AcksBuilder] Unknown media item type "Audio of Toby Hill" (item 61.) — used "Audio of toby hill" as the prefix; add it to Acks_Formats type_prefix_map.
🟠 [AcksBuilder] Unknown media item type "Website links" (item 64.) — used "Website links" as the prefix; add it to Acks_Formats type_prefix_map.
🟠 [AcksBuilder] Unknown media item type "Website links" (item 64.) — used "Website links" as the prefix; add it to Acks_Formats type_prefix_map.
🟢 [AcksBuilder] Media item 65. ("Website link") is a lesson link — no acknowledgement (scope rule).
🟢 [AcksBuilder] Media item 66. ("Website link") is a lesson link — no acknowledgement (scope rule).
🟠 [AcksBuilder] Unknown media item type "Word Cloud" (item ) — used "Word cloud" as the prefix; add it to Acks_Formats type_prefix_map.
🟢 [AcksBuilder] Media item 20. placed in lesson 2.0 by neighbour interpolation — verify its group.
🟢 [AcksBuilder] Media item 24. placed in lesson 2.0 by neighbour interpolation — verify its group.
🟢 [SkeletonBuilder] footer_links "final" value "—" is not a footer pattern (the registry's no-evidence marker) — the KB's final-page form "prev+home" applied (footer.kb_position_defaults).
🟢 [ConventionResolver] HTML conventions from group 1-10 Health and PE|combo: overview menu default, lesson menu two_col_li.
🟢 [PageSplitter] Document opens without a literal [TITLE BAR] — overview page opened at the first content tag (Fundamentals-style template).
🟢 [InteractiveScanner] accordion: additional widget [accordion] absorbed (accordion + accordion).
🟢 [InteractiveScanner] accordion: additional widget [accordion] absorbed (accordion + accordion).
🟢 [InteractiveScanner] accordion: additional widget [accordion] absorbed (accordion + accordion).
🟢 [InteractiveScanner] accordion: additional widget [accordion] absorbed (accordion + accordion).
🟢 [InteractiveScanner] accordion: additional widget [accordion] absorbed (accordion + accordion).
🟢 [InteractiveScanner] accordion: additional widget [accordion] absorbed (accordion + accordion).
🟢 [InteractiveScanner] accordion: additional widget [accordion] absorbed (accordion + accordion).
🟢 [InteractiveScanner] accordion: additional widget [accordion] absorbed (accordion + accordion).
🟢 [ContentConverter] Page 0.0: [end tab n] had no open container — ignored.
🟢 [InteractiveBuilder] Built accordion #2 from captured data (no placeholder needed).
🟢 [ContentConverter] Page 0.0: [end other] had no open container — ignored.
🟢 [ContentConverter] Page 0.0: [end tab n] had no open container — ignored.
🟢 [InteractiveBuilder] Built accordion #3 from captured data (no placeholder needed).
🟢 [ContentConverter] Page 0.0: [end other] had no open container — ignored.
🟢 [InteractiveBuilder] Built accordion #5 from captured data (no placeholder needed).
🟢 [ContentConverter] Page 0.0: [end tab n] had no open container — ignored.
🟢 [ContentConverter] Page 0.0: [end activity] had no open container — ignored.
🟢 [ContentConverter] Page 0.0: [activity] auto-closed before the next activity.
🟢 [ContentConverter] Page 0.0: [end tab n] had no open container — ignored.
🟢 [ContentConverter] Page 0.0: [activity] auto-closed before the next h3.
🟢 [ContentConverter] Page 0.0: [end activity] had no open container — ignored.
🟢 [ContentConverter] Page 0.0: [end mcq] had no open container — ignored.
🟢 [ContentConverter] Page 0.0: [end tab n] had no open container — ignored.
🟢 [MenuBuilder] Fundamentals [Overview] WALT/I-can block routed to the module menu as the two-col LI/SC form (menu.fundamentals_overview_li).
🟠 [AcksBuilder] YouTube metadata unavailable for item  (stubbed) — possible dead link worth checking: https://youtu.be/-LVipTpSNGE
🟢 [AcksBuilder] Media item 3. placed in lesson 0.0 by neighbour interpolation — verify its group.
🟢 [AcksBuilder] Media item 5. placed in lesson 0.0 by neighbour interpolation — verify its group.
🟢 [AcksBuilder] Media item  placed in lesson 0.0 by neighbour interpolation — verify its group.
🟠 [AcksBuilder] 14 iStock titles could not be verified (no *istock-acks*.txt was supplied); each is marked ❗ and the acks block carries a designer note.
🟢 [ConventionResolver] HTML conventions from series MXDI (deviation over 1-10 Mathematics|4-6): overview menu tabs, lesson menu flat.
🟢 [PageSplitter] [end page] before [MODULE INTRODUCTION] disregarded — the introduction stays on the overview page (AR-1).
🟢 [PageSplitter] Implicit page break: content continues after [end page] without a [LESSON] tag — opened page 2.0.
🟢 [PageSplitter] Implicit page break: content continues after [end page] without a [LESSON] tag — opened page 5.0.
🟢 [MenuBuilder] Menu heading "Tirohanga Whānui | Overview" is the section label — consumed (the menu scaffolding names it).
🟢 [MenuBuilder] Information pane composed as the group's two-column form (menu.tab2_cols registry, kind "li_sc").
🟢 [ContentConverter] Page 1.0: [activity] auto-closed before the next h3.
🟢 [ContentConverter] Page 1.0: [activity] auto-closed before the next h3.
🟢 [ContentConverter] Page 1.0: [activity] auto-closed before the next h2.
🟢 [ContentConverter] Page 1.0: [activity] auto-closed before the next h3.
🟢 [InteractiveScanner] accordion: additional widget [accordion] absorbed (accordion + accordion).
🟢 [InteractiveScanner] accordion: additional widget [accordion] absorbed (accordion + accordion).
🟢 [InteractiveBuilder] Built accordion #4 from captured data (no placeholder needed).
🟢 [ContentConverter] Page 2.0: [activity] auto-closed before the next h3.
🟢 [ContentConverter] Page 3.0: [activity] auto-closed before the next h3.
🟢 [ContentConverter] Page 4.0: [activity] auto-closed before the next h3.
🟢 [ContentConverter] Page 4.0: [activity] auto-closed before the next h2.
🟠 [ContentConverter] Page 4.0: [activity] was never closed — closed at page end.
🟢 [ContentConverter] Page 6.0: [activity] auto-closed before the next h3.
🟠 [ContentConverter] Page 7.0: [activity] was never closed — closed at page end.
🟢 [ContentConverter] Page 8.0: [activity] auto-closed before the next activity.
🟢 [ContentConverter] Page 8.0: [activity] auto-closed before the next h3.
🟢 [ContentConverter] Page 11.0: [activity] auto-closed before the next h3.
🟢 [ContentConverter] Page 11.0: [activity] auto-closed before the next h3.
🟠 [AcksBuilder] YouTube metadata unavailable for item  (stubbed) — possible dead link worth checking: https://www.youtube.com/watch?v=1zZ6uIYAYrA
🟠 [AcksBuilder] YouTube metadata unavailable for item  (stubbed) — possible dead link worth checking: https://www.youtube.com/watch?v=yNVgLODFm-k
🟠 [AcksBuilder] YouTube metadata unavailable for item  (stubbed) — possible dead link worth checking: https://www.youtube.com/watch?v=p6Ma0D-fN38
🟠 [AcksBuilder] YouTube metadata unavailable for item  (stubbed) — possible dead link worth checking: https://youtu.be/5enDRrWyXaw
🟠 [AcksBuilder] YouTube metadata unavailable for item  (stubbed) — possible dead link worth checking: https://www.youtube.com/watch?v=ApeDQ__4yb0
🟠 [AcksBuilder] YouTube metadata unavailable for item  (stubbed) — possible dead link worth checking: https://www.youtube.com/watch?v=W7t7u-epT3g
🟠 [AcksBuilder] YouTube metadata unavailable for item  (stubbed) — possible dead link worth checking: https://www.youtube.com/watch?v=X4egTHmDYho
🟠 [AcksBuilder] YouTube metadata unavailable for item  (stubbed) — possible dead link worth checking: https://www.youtube.com/watch?v=B5hNhyU6kpU
🟠 [AcksBuilder] YouTube metadata unavailable for item  (stubbed) — possible dead link worth checking: https://www.youtube.com/watch?v=WuYA55QsDQ0
🟠 [AcksBuilder] YouTube metadata unavailable for item  (stubbed) — possible dead link worth checking: https://www.youtube.com/watch?v=mwalRfynJgY
🟠 [AcksBuilder] YouTube metadata unavailable for item  (stubbed) — possible dead link worth checking: https://www.youtube.com/watch?v=m-7juUCcSoU
🟠 [AcksBuilder] YouTube metadata unavailable for item  (stubbed) — possible dead link worth checking: https://www.youtube.com/watch?v=-it3LgTZNes
🟠 [AcksBuilder] Unknown media item type "webpage" (item ) — used "Webpage" as the prefix; add it to Acks_Formats type_prefix_map.
🟠 [AcksBuilder] YouTube metadata unavailable for item  (stubbed) — possible dead link worth checking: https://www.youtube.com/watch?v=J2N4S9rQTsY
🟠 [AcksBuilder] YouTube metadata unavailable for item  (stubbed) — possible dead link worth checking: https://youtu.be/eGWO1ldEhtQ
🟠 [AcksBuilder] Unknown media item type "webpage" (item ) — used "Webpage" as the prefix; add it to Acks_Formats type_prefix_map.
🟠 [AcksBuilder] Unknown media item type "webpage" (item ) — used "Webpage" as the prefix; add it to Acks_Formats type_prefix_map.
🟠 [AcksBuilder] YouTube metadata unavailable for item  (stubbed) — possible dead link worth checking: https://youtu.be/INzlpvra4OE
🟠 [AcksBuilder] Unknown media item type "animation" (item ) — used "Animation" as the prefix; add it to Acks_Formats type_prefix_map.
🟠 [AcksBuilder] YouTube metadata unavailable for item  (stubbed) — possible dead link worth checking: https://youtu.be/_n3KZR1DSEo
🟠 [AcksBuilder] Unknown media item type "pdf" (item ) — used "Pdf" as the prefix; add it to Acks_Formats type_prefix_map.
🟠 [AcksBuilder] Unknown media item type "powerpoint" (item ) — used "Powerpoint" as the prefix; add it to Acks_Formats type_prefix_map.
🟠 [AcksBuilder] Unknown media item type "webpage" (item ) — used "Webpage" as the prefix; add it to Acks_Formats type_prefix_map.
🟠 [AcksBuilder] YouTube metadata unavailable for item  (stubbed) — possible dead link worth checking: https://www.youtube.com/watch?v=E6US89BqaMk
🟠 [AcksBuilder] YouTube metadata unavailable for item  (stubbed) — possible dead link worth checking: https://www.youtube.com/watch?v=i1sUWP80cmA
🟠 [AcksBuilder] YouTube metadata unavailable for item  (stubbed) — possible dead link worth checking: https://youtu.be/XfwG27UmAvU
🟠 [AcksBuilder] YouTube metadata unavailable for item  (stubbed) — possible dead link worth checking: https://youtu.be/u036fwsQo_4
🟠 [AcksBuilder] YouTube metadata unavailable for item  (stubbed) — possible dead link worth checking: https://www.youtube.com/watch?v=eD57TtzTdbc
🟠 [AcksBuilder] YouTube metadata unavailable for item  (stubbed) — possible dead link worth checking: https://www.youtube.com/watch?v=CMdck80SHnw
🟠 [AcksBuilder] YouTube metadata unavailable for item  (stubbed) — possible dead link worth checking: https://www.youtube.com/watch?v=RSJOTBJlKNA
🟠 [AcksBuilder] YouTube metadata unavailable for item  (stubbed) — possible dead link worth checking: https://youtu.be/IN0Wn0XgPXQ
🟠 [AcksBuilder] Unknown media item type "Pdf" (item ) — used "Pdf" as the prefix; add it to Acks_Formats type_prefix_map.
🟠 [AcksBuilder] Unknown media item type "Pdf" (item ) — used "Pdf" as the prefix; add it to Acks_Formats type_prefix_map.
🟠 [AcksBuilder] Unknown media item type "Pdf" (item ) — used "Pdf" as the prefix; add it to Acks_Formats type_prefix_map.
🟠 [AcksBuilder] Unknown media item type "Pdf" (item ) — used "Pdf" as the prefix; add it to Acks_Formats type_prefix_map.
🟠 [AcksBuilder] Unknown media item type "pdf" (item ) — used "Pdf" as the prefix; add it to Acks_Formats type_prefix_map.
🟠 [AcksBuilder] Unknown media item type "website" (item ) — used "Website" as the prefix; add it to Acks_Formats type_prefix_map.
🟠 [AcksBuilder] YouTube metadata unavailable for item  (stubbed) — possible dead link worth checking: https://youtu.be/pAXxkcVvzV4
🟠 [AcksBuilder] YouTube metadata unavailable for item  (stubbed) — possible dead link worth checking: https://www.youtube.com/watch?v=JuEpHNhRJlA
🟠 [AcksBuilder] Unknown media item type "webpage" (item ) — used "Webpage" as the prefix; add it to Acks_Formats type_prefix_map.
🟠 [AcksBuilder] YouTube metadata unavailable for item  (stubbed) — possible dead link worth checking: https://www.youtube.com/watch?v=oQ7NEGBeIfM
🟠 [AcksBuilder] YouTube metadata unavailable for item  (stubbed) — possible dead link worth checking: https://www.youtube.com/watch?v=uc3CiZN2DCE
🟠 [AcksBuilder] Unknown media item type "Virtual maths manipulative" (item ) — used "Virtual maths manipulative" as the prefix; add it to Acks_Formats type_prefix_map.
🟠 [AcksBuilder] Unknown media item type "Webpage activity" (item ) — used "Webpage activity" as the prefix; add it to Acks_Formats type_prefix_map.
🟠 [AcksBuilder] Unknown media item type "Webpage activity" (item ) — used "Webpage activity" as the prefix; add it to Acks_Formats type_prefix_map.
🟠 [AcksBuilder] Unknown media item type "Webpage activity" (item ) — used "Webpage activity" as the prefix; add it to Acks_Formats type_prefix_map.
🟠 [AcksBuilder] Unknown media item type "Webpage activity" (item ) — used "Webpage activity" as the prefix; add it to Acks_Formats type_prefix_map.
🟠 [AcksBuilder] Unknown media item type "Webpage activity" (item ) — used "Webpage activity" as the prefix; add it to Acks_Formats type_prefix_map.
🟠 [AcksBuilder] Unknown media item type "webpage" (item ) — used "Webpage" as the prefix; add it to Acks_Formats type_prefix_map.
🟠 [AcksBuilder] YouTube metadata unavailable for item  (stubbed) — possible dead link worth checking: https://www.youtube.com/watch?v=zXUICZRXDwQ
🟠 [AcksBuilder] Unknown media item type "webpage" (item ) — used "Webpage" as the prefix; add it to Acks_Formats type_prefix_map.
🟠 [AcksBuilder] Unknown media item type "pdf" (item ) — used "Pdf" as the prefix; add it to Acks_Formats type_prefix_map.
🟠 [AcksBuilder] Unknown media item type "webpage" (item ) — used "Webpage" as the prefix; add it to Acks_Formats type_prefix_map.
🟠 [AcksBuilder] YouTube metadata unavailable for item  (stubbed) — possible dead link worth checking: https://www.youtube.com/watch?v=CURNCOIpibo
🟠 [AcksBuilder] YouTube metadata unavailable for item  (stubbed) — possible dead link worth checking: https://youtu.be/vdrgfYd1Qh8
🟠 [AcksBuilder] YouTube metadata unavailable for item  (stubbed) — possible dead link worth checking: https://youtu.be/CkV_uRErIqk
🟠 [AcksBuilder] Unknown media item type "webpage" (item ) — used "Webpage" as the prefix; add it to Acks_Formats type_prefix_map.
🟠 [AcksBuilder] Unknown media item type "webpage" (item ) — used "Webpage" as the prefix; add it to Acks_Formats type_prefix_map.
🟠 [AcksBuilder] 16 iStock titles could not be verified (no *istock-acks*.txt was supplied); each is marked ❗ and the acks block carries a designer note.
🟢 [ConventionResolver] HTML conventions from series MXFL (deviation over 1-10 Mathematics|1-3): overview menu two_col_li, lesson menu two_col_li.
🟢 [PageSplitter] [end page] before [MODULE INTRODUCTION] disregarded — the introduction stays on the overview page (AR-1).
🟢 [PageSplitter] Implicit page break: content continues after [end page] without a [LESSON] tag — opened page 2.0.
🟢 [PageSplitter] Implicit page break: content continues after [end page] without a [LESSON] tag — opened page 3.0.
🟢 [PageSplitter] Implicit page break: content continues after [end page] without a [LESSON] tag — opened page 4.0.
🟢 [PageSplitter] Implicit page break: content continues after [end page] without a [LESSON] tag — opened page 5.0.
🟢 [PageSplitter] Content after the final [end page] (18 blocks) is writer-form boilerplate — not emitted (AR-5).
🟢 [InteractiveBuilder] Built carousel #1 from captured data (no placeholder needed).
🟢 [MenuBuilder] Menu heading "Tirohanga Whānui | Overview" is the section label — consumed (the menu scaffolding names it).
🟢 [MenuBuilder] Menu heading "Understand: Ko te pae tawhiti whāia kia tata, ko te pae tata whakamaua kia tina. Mathematical and statistical logic and reasoning enable us to identify and explain relationships and to justify conclusions." had no content beneath it — omitted (empty preconfigured scaffolding).
🟢 [ContentConverter] Page 1.0: 1 inline definition woven onto the anchor word (orphan definition weave).
🟢 [InteractiveBuilder] Built carousel #2 from captured data (no placeholder needed).
🟢 [ContentConverter] Page 1.0: [activity] auto-closed before the next activity.
🟢 [ContentConverter] [alert] right-hand box → the activity sidebar (alertActivity) side column paired with the preceding activity row (positional_side_alert).
🟢 [ContentConverter] [alert] right-hand box → an alert top side column paired with the preceding content row (positional_side_alert).
🟢 [ContentConverter] Page 1.0: [activity] auto-closed before the next activity.
🟠 [ContentConverter] Page 1.0: [activity] was never closed — closed at page end.
🟢 [ActivitiesBuilder] 2 activity title heading(s) set to h3 (title_heading_level).
🟢 [InteractiveScanner] Activity 2A: additional widget [drag and drop] absorbed (dragAndDrop + dragAndDrop).
🟢 [InteractiveScanner] Activity 2A: additional widget [drag and drop] absorbed (dragAndDrop + dragAndDrop).
🟢 [ContentConverter] Page 2.0: 3 inline definitions woven onto the anchor word (orphan definition weave).
🟢 [ContentConverter] [alert] right-hand box → an alert top side column paired with the preceding content row (positional_side_alert).
🟢 [ContentConverter] Page 2.0: [activity] auto-closed before the next activity.
🟢 [ContentConverter] Page 2.0: [activity] auto-closed before the next activity.
🟠 [ContentConverter] Page 2.0: [activity] was never closed — closed at page end.
🟢 [ActivitiesBuilder] 2 activity title heading(s) set to h3 (title_heading_level).
🟢 [ContentConverter] Page 3.0: 1 inline definition woven onto the anchor word (orphan definition weave).
🟢 [ContentConverter] Page 3.0: [activity] auto-closed before the next alert.
🟢 [ContentConverter] [alert] right-hand box → the activity sidebar (alertActivity) side column paired with the preceding activity row (positional_side_alert).
🟢 [ContentConverter] Page 3.0: [activity] auto-closed before the next activity.
🟢 [ContentConverter] Page 3.0: [activity] auto-closed before the next alert.
🟢 [ContentConverter] [alert] right-hand box → an alert top side column paired with the preceding content row (positional_side_alert).
🟢 [ContentConverter] [alert] right-hand box → an alert top side column paired with the preceding content row (positional_side_alert).
🟠 [ContentConverter] Page 3.0: [activity] was never closed — closed at page end.
🟢 [ActivitiesBuilder] 2 activity title heading(s) set to h3 (title_heading_level).
🟢 [ContentConverter] Page 4.0: 3 inline definitions woven onto the anchor word (orphan definition weave).
🟢 [ContentConverter] Page 4.0: [activity] auto-closed before the next activity.
🟢 [ContentConverter] Page 4.0: [activity] auto-closed before the next activity.
🟢 [ContentConverter] Page 4.0: [activity] auto-closed before the next activity.
🟠 [ContentConverter] Page 4.0: [activity] was never closed — closed at page end.
🟢 [ActivitiesBuilder] 2 activity title heading(s) set to h3 (title_heading_level).
🟠 [ContentConverter] Page 5.0: [activity] was never closed — closed at page end.
🟠 [AcksBuilder] YouTube metadata unavailable for item 14. (stubbed) — possible dead link worth checking: https://www.youtube.com/watch?v=GKCE8ohIBqE
🟠 [AcksBuilder] YouTube metadata unavailable for item  (stubbed) — possible dead link worth checking: https://www.youtube.com/watch?v=Pht7dTlM0VA
🟠 [AcksBuilder] YouTube metadata unavailable for item  (stubbed) — possible dead link worth checking: https://www.youtube.com/watch?v=MKP_N9Ipm7Y
🟠 [AcksBuilder] YouTube metadata unavailable for item  (stubbed) — possible dead link worth checking: https://www.youtube.com/watch?v=A_aV8OqpwUs
🟠 [AcksBuilder] YouTube metadata unavailable for item  (stubbed) — possible dead link worth checking: https://www.youtube.com/watch?v=x0Pn3mJUzZE
🟢 [AcksBuilder] Media item 8. placed in lesson 1.0 by neighbour interpolation — verify its group.
🟢 [AcksBuilder] Media item 11. placed in lesson 1.0 by neighbour interpolation — verify its group.
🟢 [AcksBuilder] Media item 15. placed in lesson 1.0 by neighbour interpolation — verify its group.
🟢 [AcksBuilder] Media item 16. placed in lesson 1.0 by neighbour interpolation — verify its group.
🟢 [AcksBuilder] Media item 22. placed in lesson 1.0 by neighbour interpolation — verify its group.
🟢 [AcksBuilder] Media item 23. placed in lesson 1.0 by neighbour interpolation — verify its group.
🟠 [AcksBuilder] Media item 28. sits between lessons 1.0 and 3.0 — placed in 1.0; verify.
🟠 [AcksBuilder] Media item 29. sits between lessons 1.0 and 3.0 — placed in 1.0; verify.
🟠 [AcksBuilder] Media item 30. sits between lessons 1.0 and 3.0 — placed in 1.0; verify.
🟠 [AcksBuilder] Media item 31. sits between lessons 1.0 and 3.0 — placed in 1.0; verify.
🟠 [AcksBuilder] Media item 32. sits between lessons 1.0 and 3.0 — placed in 1.0; verify.
🟠 [AcksBuilder] Media item 33. sits between lessons 1.0 and 3.0 — placed in 1.0; verify.
🟠 [AcksBuilder] Media item 34. sits between lessons 1.0 and 3.0 — placed in 1.0; verify.
🟠 [AcksBuilder] Media item 35. sits between lessons 1.0 and 3.0 — placed in 1.0; verify.
🟠 [AcksBuilder] Media item 36. sits between lessons 1.0 and 3.0 — placed in 1.0; verify.
🟠 [AcksBuilder] Media item 37. sits between lessons 1.0 and 3.0 — placed in 1.0; verify.
🟠 [AcksBuilder] Media item 38. sits between lessons 1.0 and 3.0 — placed in 1.0; verify.
🟠 [AcksBuilder] Media item 39. sits between lessons 1.0 and 3.0 — placed in 1.0; verify.
🟠 [AcksBuilder] Media item 40. sits between lessons 1.0 and 3.0 — placed in 1.0; verify.
🟠 [AcksBuilder] Media item 41. sits between lessons 1.0 and 3.0 — placed in 1.0; verify.
🟠 [AcksBuilder] Media item  sits between lessons 1.0 and 3.0 — placed in 1.0; verify.
🟠 [AcksBuilder] Media item  sits between lessons 1.0 and 3.0 — placed in 1.0; verify.
🟠 [AcksBuilder] Media item  sits between lessons 1.0 and 3.0 — placed in 1.0; verify.
🟠 [AcksBuilder] Media item  sits between lessons 1.0 and 3.0 — placed in 1.0; verify.
🟠 [AcksBuilder] Media item  sits between lessons 1.0 and 3.0 — placed in 1.0; verify.
🟠 [AcksBuilder] Media item  sits between lessons 1.0 and 3.0 — placed in 1.0; verify.
🟠 [AcksBuilder] Media item  sits between lessons 1.0 and 3.0 — placed in 1.0; verify.
🟠 [AcksBuilder] Media item  sits between lessons 1.0 and 3.0 — placed in 1.0; verify.
🟠 [AcksBuilder] Media item  sits between lessons 1.0 and 3.0 — placed in 1.0; verify.
🟠 [AcksBuilder] Media item  sits between lessons 1.0 and 3.0 — placed in 1.0; verify.
🟠 [AcksBuilder] Media item  sits between lessons 1.0 and 3.0 — placed in 1.0; verify.
🟠 [AcksBuilder] Media item  sits between lessons 1.0 and 3.0 — placed in 1.0; verify.
🟠 [AcksBuilder] Media item  sits between lessons 1.0 and 3.0 — placed in 1.0; verify.
🟠 [AcksBuilder] Media item  sits between lessons 1.0 and 3.0 — placed in 1.0; verify.
🟠 [AcksBuilder] Media item  sits between lessons 1.0 and 3.0 — placed in 1.0; verify.
🟠 [AcksBuilder] Media item  sits between lessons 1.0 and 3.0 — placed in 1.0; verify.
🟠 [AcksBuilder] Media item  sits between lessons 3.0 and 4.0 — placed in 3.0; verify.
🟢 [AcksBuilder] Media item  placed in lesson 4.0 by neighbour interpolation — verify its group.
🟢 [AcksBuilder] Media item  placed in lesson 4.0 by neighbour interpolation — verify its group.
🟢 [AcksBuilder] Media item  placed in lesson 4.0 by neighbour interpolation — verify its group.
🟠 [AcksBuilder] 1 iStock title could not be verified (no *istock-acks*.txt was supplied); each is marked ❗ and the acks block carries a designer note.
🟢 [SkeletonBuilder] footer_links "final" value "—" is not a footer pattern (the registry's no-evidence marker) — the KB's final-page form "prev+home" applied (footer.kb_position_defaults).
🟠 [ModuleResolver] Multiple module-code candidates found (MXFUN03, MXFUN103) — using MXFUN03 from filename "MXFUN03 Writers Template + Media List.docx".
🟢 [ConventionResolver] HTML conventions from group 1-10 Mathematics|combo: overview menu two_col_li, lesson menu two_col_li.
🟢 [PageSplitter] Registry says single-file but lesson/page tags exist — keeping ONE file; the tags become in-page breaks (registry rule).
🟢 [PageSplitter] Document opens without a literal [TITLE BAR] — overview page opened at the first content tag (Fundamentals-style template).
🟢 [ContentConverter] Page 0.0: [activity] auto-closed before the next activity.
🟢 [InteractiveBuilder] Built dragAndDrop #19 from captured data (no placeholder needed).
🟢 [ContentConverter] Page 0.0: [end activity] had no open container — ignored.
🟢 [ContentConverter] Page 0.0: [activity] auto-closed before the next activity.
🟢 [ContentConverter] Page 0.0: [end activity] had no open container — ignored.
🟢 [ContentConverter] Page 0.0: [activity] auto-closed before the next activity.
🟢 [ContentConverter] Page 0.0: [end activity] had no open container — ignored.
🟢 [InteractiveBuilder] Built dragAndDrop #22 from captured data (no placeholder needed).
🟢 [ContentConverter] Page 0.0: [end activity] had no open container — ignored.
🟢 [ContentConverter] Page 0.0: [activity] auto-closed before the next activity.
🟢 [ContentConverter] Page 0.0: [end activity] had no open container — ignored.
🟢 [ContentConverter] [important] right-hand box → an alert top side column paired with the preceding content row (positional_side_alert).
🟢 [ContentConverter] Page 0.0: [activity] auto-closed before the next activity.
🟢 [ContentConverter] Page 0.0: [end activity] had no open container — ignored.
🟢 [ContentConverter] Page 0.0: [end activity] had no open container — ignored.
🟢 [ContentConverter] Page 0.0: [end activity] had no open container — ignored.
🟢 [ContentConverter] Page 0.0: [end activity] had no open container — ignored.
🟢 [ContentConverter] [important] right-hand box → an alert top side column paired with the preceding content row (positional_side_alert).
🟢 [ContentConverter] Page 0.0: bare [activity] re-emphasis merged into the open numbered activity (no new box).
🟢 [ContentConverter] [important] right-hand box → an alert top side column paired with the preceding content row (positional_side_alert).
🟢 [ContentConverter] Page 0.0: [activity] auto-closed before the next activity.
🟢 [ContentConverter] Page 0.0: [end activity] had no open container — ignored.
🟢 [ContentConverter] Page 0.0: [end activity] had no open container — ignored.
🟢 [ContentConverter] Page 0.0: [activity] auto-closed before the next activity.
🟢 [ContentConverter] Page 0.0: [end activity] had no open container — ignored.
🟢 [ContentConverter] [alert] right-hand box → an alert top side column paired with the preceding content row (positional_side_alert).
🟢 [ContentConverter] Page 0.0: bare [activity] re-emphasis merged into the open numbered activity (no new box).
🟢 [ContentConverter] Page 0.0: [activity] auto-closed before the next activity.
🟢 [ContentConverter] Page 0.0: [end activity] had no open container — ignored.
🟢 [MenuBuilder] Menu heading "Measuring tools" had no content beneath it — omitted (empty preconfigured scaffolding).
🟢 [MenuBuilder] Menu heading "could these words be in different colours if possible please" had no content beneath it — omitted (empty preconfigured scaffolding).
🟢 [MenuBuilder] Menu heading "could these words be in different colours if possible please" had no content beneath it — omitted (empty preconfigured scaffolding).
🟢 [MenuBuilder] Menu heading "Time" had no content beneath it — omitted (empty preconfigured scaffolding).
🟢 [MenuBuilder] Menu heading "Turns and angles" had no content beneath it — omitted (empty preconfigured scaffolding).
🟢 [MenuBuilder] Menu heading "Perimeter, area, and volume" had no content beneath it — omitted (empty preconfigured scaffolding).
🟢 [ActivitiesBuilder] 10 activity title heading(s) set to h3 (title_heading_level).
🟠 [AcksBuilder] YouTube metadata unavailable for item  (stubbed) — possible dead link worth checking: https://www.youtube.com/watch?v=tuBLuIW1U70
🟠 [AcksBuilder] Unknown media item type "Link ot activity sheet" (item 27) — used "Link ot activity sheet" as the prefix; add it to Acks_Formats type_prefix_map.
🟠 [AcksBuilder] Unknown media item type "phtoto" (item 36) — used "Phtoto" as the prefix; add it to Acks_Formats type_prefix_map.
🟠 [AcksBuilder] Unknown media item type "Link to PDF" (item 54) — used "Link to pdf" as the prefix; add it to Acks_Formats type_prefix_map.
🟠 [AcksBuilder] YouTube metadata unavailable for item 55 (stubbed) — possible dead link worth checking: https://www.youtube.com/watch?v=65_c1CpfTjU
🟠 [AcksBuilder] Unknown media item type "Link to activity sheet" (item 56) — used "Link to activity sheet" as the prefix; add it to Acks_Formats type_prefix_map.
🟠 [AcksBuilder] Unknown media item type "Link to powerpoint" (item 57) — used "Link to powerpoint" as the prefix; add it to Acks_Formats type_prefix_map.
🟠 [AcksBuilder] YouTube metadata unavailable for item 58 (stubbed) — possible dead link worth checking: https://www.youtube.com/watch?v=SeDMBzXvy-k
🟢 [AcksBuilder] Media item  placed in lesson 0.0 by neighbour interpolation — verify its group.
🟠 [AcksBuilder] 50 iStock titles could not be verified (no *istock-acks*.txt was supplied); each is marked ❗ and the acks block carries a designer note.
🟢 [ConventionResolver] HTML conventions from group Online Safety (OS9000)|7-8: overview menu tabs, lesson menu flat.
🟢 [PageSplitter] [end page] before [MODULE INTRODUCTION] disregarded — the introduction stays on the overview page (AR-1).
🟢 [MenuBuilder] Menu heading "Tirohanga Whānui | Overview" is the section label — consumed (the menu scaffolding names it).
🟢 [MenuBuilder] Menu heading "Assessment for Learning: Complete the self-assessment quiz at the end of the module." had no content beneath it — omitted (empty preconfigured scaffolding).
🟢 [InteractiveScanner] slider: additional widget [slider] absorbed (slider + slider).
🟢 [InteractiveScanner] slider: additional widget [slider] absorbed (slider + slider).
🟢 [InteractiveBuilder] Built speechBubble #1 from captured data (no placeholder needed).
🟢 [InteractiveBuilder] Built carousel #2 from captured data (no placeholder needed).
🟠 [ContentConverter] Page 1.0: [activity] was never closed — closed at page end.
🟢 [InteractiveBuilder] Built clickDrop #4 from captured data (no placeholder needed).
🟢 [InteractiveBuilder] Built flipCard #6 from captured data (no placeholder needed).
🟢 [ContentConverter] [alert] wraps the following table/widget as its content (no [end alert]) — closes at the next heading/section/page.
🟢 [InteractiveBuilder] Built speechBubble #7 from captured data (no placeholder needed).
🟢 [ContentConverter] [engagement quiz button] → the KB's anchored "Go to quiz" button + To Do note (kb_form).
🟠 [ContentConverter] Page 3.0: [activity] was never closed — closed at page end.
🟠 [AcksBuilder] YouTube metadata unavailable for item  (stubbed) — possible dead link worth checking: https://www.youtube.com/watch?v=smdHcIfMhOk
🟠 [AcksBuilder] YouTube metadata unavailable for item  (stubbed) — possible dead link worth checking: https://www.youtube.com/shorts/3zb6hhuZwy0
🟠 [AcksBuilder] YouTube metadata unavailable for item  (stubbed) — possible dead link worth checking: https://www.youtube.com/watch?v=CDR2Klr3ftY&t=66s
🟠 [AcksBuilder] 19 iStock titles could not be verified (no *istock-acks*.txt was supplied); each is marked ❗ and the acks block carries a designer note.
🟠 [ModuleResolver] Multiple module-code candidates found (PES1003, PHO1052) — using PES1003 from filename "PES1003 Writers Template + Media List.docx".
🟢 [ConventionResolver] HTML conventions from group NCEA1|NCEA: overview menu tabs, lesson menu flat.
🟢 [PageSplitter] [end page] before [MODULE INTRODUCTION] disregarded — the introduction stays on the overview page (AR-1).
🟢 [PageSplitter] Implicit page break: content continues after [end page] without a [LESSON] tag — opened page 2.0.
🟢 [PageSplitter] Implicit page break: content continues after [end page] without a [LESSON] tag — opened page 3.0.
🟢 [PageSplitter] Implicit page break: content continues after [end page] without a [LESSON] tag — opened page 4.0.
🟢 [PageSplitter] Implicit page break: content continues after [end page] without a [LESSON] tag — opened page 5.0.
🟢 [PageSplitter] Implicit page break: content continues after [end page] without a [LESSON] tag — opened page 6.0.
🟢 [PageSplitter] Implicit page break: content continues after [end page] without a [LESSON] tag — opened page 7.0.
🟢 [PageSplitter] Implicit page break: content continues after [end page] without a [LESSON] tag — opened page 8.0.
🟢 [PageSplitter] Implicit page break: content continues after [end page] without a [LESSON] tag — opened page 9.0.
🟢 [PageSplitter] Implicit page break: content continues after [end page] without a [LESSON] tag — opened page 10.0.
🟢 [PageSplitter] Content after the final [end page] (19 blocks) is writer-form boilerplate — not emitted (AR-5).
🟢 [MenuBuilder] Menu heading "Tirohanga Whānui | Overview" is the section label — consumed (the menu scaffolding names it).
🟢 [MenuBuilder] Menu section "Aromatawai | Assessment for Learning" promoted to its own "Standards" nav tab (menu.extra_tabs registry).
🟢 [InteractiveBuilder] Built flipCard #1 from captured data (no placeholder needed).
🟢 [ContentConverter] Page 2.0: [activity] auto-closed before the next h2.
🟢 [ContentConverter] Page 3.0: [activity] auto-closed before the next h2.
🟠 [ContentConverter] Page 5.0: [activity] was never closed — closed at page end.
🟢 [ContentConverter] Page 8.0: 1 inline definition woven onto the anchor word (orphan definition weave).
🟢 [InteractiveBuilder] Built flipCard #5 from captured data (no placeholder needed).
🟢 [ContentConverter] Page 8.0: [activity] auto-closed before the next activity.
🟢 [ContentConverter] Page 8.0: [activity] auto-closed before the next h2.
🟢 [InteractiveBuilder] Built carousel #6 from captured data (no placeholder needed).
🟠 [AcksBuilder] YouTube metadata unavailable for item  (stubbed) — possible dead link worth checking: https://www.youtube.com/watch?v=W8CTuj78RbY&ab_channel=funsciencedemos
🟠 [AcksBuilder] Unknown media item type "Photo/Image" (item ) — used "Photo/image" as the prefix; add it to Acks_Formats type_prefix_map.
🟠 [AcksBuilder] Unknown media item type "Diagrams" (item ) — used "Diagrams" as the prefix; add it to Acks_Formats type_prefix_map.
🟠 [AcksBuilder] YouTube metadata unavailable for item  (stubbed) — possible dead link worth checking: https://www.youtube.com/watch?v=2xaIQjmE5VI&ab_channel=TheScienceAsylum
🟠 [AcksBuilder] Unknown media item type "Activity" (item ) — used "Activity" as the prefix; add it to Acks_Formats type_prefix_map.
🟠 [AcksBuilder] Unknown media item type "Video/Image" (item ) — used "Video/image" as the prefix; add it to Acks_Formats type_prefix_map.
🟠 [AcksBuilder] YouTube metadata unavailable for item  (stubbed) — possible dead link worth checking: https://www.youtube.com/watch?v=-8PoCwx2de0
🟠 [AcksBuilder] YouTube metadata unavailable for item  (stubbed) — possible dead link worth checking: https://www.youtube.com/watch?v=zpVOoKH2AzI
🟠 [AcksBuilder] Unknown media item type "Video/gif" (item ) — used "Video/gif" as the prefix; add it to Acks_Formats type_prefix_map.
🟠 [AcksBuilder] Unknown media item type "Image/table" (item ) — used "Image/table" as the prefix; add it to Acks_Formats type_prefix_map.
🟠 [AcksBuilder] Unknown media item type "Image/ table" (item ) — used "Image/ table" as the prefix; add it to Acks_Formats type_prefix_map.
🟠 [AcksBuilder] YouTube metadata unavailable for item  (stubbed) — possible dead link worth checking: https://www.youtube.com/watch?v=0P3b8bWqAkc
🟠 [AcksBuilder] YouTube metadata unavailable for item  (stubbed) — possible dead link worth checking: https://www.youtube.com/watch?v=mGDJO2M7RBg&ab_channel=TheRoyalInstitution
🟠 [AcksBuilder] YouTube metadata unavailable for item  (stubbed) — possible dead link worth checking: https://www.youtube.com/watch?v=aNKr7SSWXyo&ab_channel=FactTap
🟢 [ModuleResolver] 5 mined registry field(s) held the unknown literal "n/a" — kept the nearest real tier / library-wide default instead (universal-field fallback; env SKELDEFAULT_OFF reverts).
🟢 [ConventionResolver] No convention group found for this module — using the global Emit_Templates defaults.
🟢 [PageSplitter] Content after the final [end page] (1 blocks) is writer-form boilerplate — not emitted (AR-5).
🟢 [InteractiveBuilder] Built clickDrop #1 from captured data (no placeholder needed).
🟢 [MenuBuilder] Menu section "Knowledge" promoted to its own "Knowledge" nav tab (menu.extra_tabs registry).
🟢 [MenuBuilder] Menu section "Practices" promoted to its own "Practices" nav tab (menu.extra_tabs registry).
🟢 [MenuBuilder] Empty Information tab dropped — every menu section promoted to its own tab (menu.extra_tabs registry, _drop_empty_tab2).
🟢 [InteractiveScanner] Activity 1A: additional widget [drag and drop] absorbed (dragAndDrop + dragAndDrop).
🟢 [ContentConverter] Page 1.0: [end activity] had no open container — ignored.
🟢 [InteractiveBuilder] Built accordion #3 from captured data (no placeholder needed).
🟢 [ContentConverter] Page 1.0: [end accordion] had no open container — ignored.
🟢 [InteractiveBuilder] Built accordion #4 from captured data (no placeholder needed).
🟢 [ContentConverter] Page 1.0: [end accordion] had no open container — ignored.
🟢 [InteractiveBuilder] Built accordion #5 from captured data (no placeholder needed).
🟢 [ContentConverter] Page 1.0: [end accordion] had no open container — ignored.
🟢 [InteractiveBuilder] Built accordion #6 from captured data (no placeholder needed).
🟢 [ContentConverter] Page 1.0: [end accordion] had no open container — ignored.
🟢 [ContentConverter] Page 1.0: [end activity] had no open container — ignored.
🟢 [ContentConverter] Page 1.0: [end activity] had no open container — ignored.
🟢 [InteractiveBuilder] Built dropDown #8 from captured data (no placeholder needed).
🟢 [ContentConverter] Page 1.0: [end activity] had no open container — ignored.
🟢 [InteractiveBuilder] Built accordion #9 from captured data (no placeholder needed).
🟢 [ContentConverter] Page 1.0: [end accordion] had no open container — ignored.
🟢 [ContentConverter] Page 1.0: [end activity] had no open container — ignored.
🟢 [InteractiveScanner] clickDrop: additional widget [click drop] absorbed (clickDrop + clickDrop).
🟢 [InteractiveScanner] clickDrop: additional widget [click drop] absorbed (clickDrop + clickDrop).
🟢 [InteractiveBuilder] Built accordion #10 from captured data (no placeholder needed).
🟢 [ContentConverter] Page 2.0: [end accordion] had no open container — ignored.
🟢 [InteractiveBuilder] Built clickDrop #11 from captured data (no placeholder needed).
🟢 [ContentConverter] Page 2.0: [end other] had no open container — ignored.
🟢 [InteractiveBuilder] Built dropDown #12 from captured data (no placeholder needed).
🟢 [ContentConverter] Page 2.0: [end activity] had no open container — ignored.
🟢 [ContentConverter] Page 2.0: [activity] auto-closed before the next activity.
🟢 [ContentConverter] Page 2.0: [activity] auto-closed before the next activity.
🟢 [ContentConverter] Page 2.0: [activity] auto-closed before the next activity.
🟢 [ContentConverter] Page 2.0: [activity] auto-closed before the next activity.
🟢 [ContentConverter] Page 2.0: [activity] auto-closed before the next activity.
🟢 [ContentConverter] Page 2.0: [end activity] had no open container — ignored.
🟢 [InteractiveScanner] accordion: additional widget [accordion] absorbed (accordion + accordion).
🟢 [InteractiveScanner] accordion: additional widget [accordion] absorbed (accordion + accordion).
🟢 [InteractiveScanner] accordion: additional widget [accordion] absorbed (accordion + accordion).
🟢 [InteractiveScanner] accordion: additional widget [accordion] absorbed (accordion + accordion).
🟢 [InteractiveScanner] accordion: additional widget [accordion] absorbed (accordion + accordion).
🟢 [InteractiveBuilder] Built accordion #13 from captured data (no placeholder needed).
🟢 [ContentConverter] Page 3.0: [end accordion] had no open container — ignored.
🟢 [InteractiveBuilder] Built dropDown #15 from captured data (no placeholder needed).
🟢 [ContentConverter] Page 3.0: [end activity] had no open container — ignored.
🟢 [InteractiveBuilder] Built clickDrop #16 from captured data (no placeholder needed).
🟢 [ContentConverter] Page 3.0: [end click drop] had no open container — ignored.
🟢 [ContentConverter] Page 3.0: [end activity] had no open container — ignored.
🟢 [ContentConverter] [alert] spans to an explicit end tag (writer-authored box).
🟢 [ContentConverter] Page 4.0: [end activity] had no open container — ignored.
🟢 [InteractiveBuilder] Built clickDrop #18 from captured data (no placeholder needed).
🟢 [ContentConverter] Page 4.0: [end click drop] had no open container — ignored.
🟢 [ContentConverter] [alert] spans to an explicit end tag (writer-authored box).
🟢 [InteractiveBuilder] Built carousel #19 from captured data (no placeholder needed).
🟢 [ContentConverter] Page 5.0: [end carousel] had no open container — ignored.
🟢 [ContentConverter] Page 5.0: [activity] auto-closed before the next activity.
🟢 [InteractiveBuilder] Built clickDrop #20 from captured data (no placeholder needed).
🟢 [ContentConverter] Page 5.0: [end click drop] had no open container — ignored.
🟢 [InteractiveBuilder] Built clickDrop #21 from captured data (no placeholder needed).
🟢 [ContentConverter] Page 5.0: [end click drop] had no open container — ignored.
🟢 [ContentConverter] Page 5.0: [end activity] had no open container — ignored.
🟢 [InteractiveScanner] flipCard: additional widget [flip card] absorbed (flipCard + flipCard).
🟢 [InteractiveScanner] flipCard: additional widget [flip card] absorbed (flipCard + flipCard).
🟢 [InteractiveScanner] flipCard: additional widget [flip card] absorbed (flipCard + flipCard).
🟢 [InteractiveBuilder] Built carousel #22 from captured data (no placeholder needed).
🟢 [ContentConverter] Page 6.0: [end carousel] had no open container — ignored.
🟢 [InteractiveBuilder] Built flipCard #24 from captured data (no placeholder needed).
🟢 [InteractiveBuilder] Built flipCard #25 from captured data (no placeholder needed).
🟢 [InteractiveBuilder] Built flipCard #26 from captured data (no placeholder needed).
🟢 [ContentConverter] Page 6.0: [end activity] had no open container — ignored.
🟢 [ContentConverter] [alert] spans to an explicit end tag (writer-authored box).
🟢 [InteractiveScanner] hint: additional widget [hint] absorbed (hint + hint).
🟢 [InteractiveScanner] hint: additional widget [hint] absorbed (hint + hint).
🟢 [ContentConverter] Page 7.0: [end activity] had no open container — ignored.
🟢 [ContentConverter] Page 7.0: [end activity] had no open container — ignored.
🟢 [InteractiveBuilder] Built clickDrop #31 from captured data (no placeholder needed).
🟢 [ContentConverter] Page 7.0: [end click drop] had no open container — ignored.
🟢 [InteractiveBuilder] Built clickDrop #32 from captured data (no placeholder needed).
🟢 [ContentConverter] Page 7.0: [end click drop] had no open container — ignored.
🟢 [ContentConverter] Page 7.0: [end activity] had no open container — ignored.
🟢 [ContentConverter] [alert] spans to an explicit end tag (writer-authored box).
🟢 [ContentConverter] Page 8.0: [end click drop] had no open container — ignored.
🟢 [InteractiveBuilder] Built clickDrop #34 from captured data (no placeholder needed).
🟢 [ContentConverter] Page 8.0: [end click drop] had no open container — ignored.
🟢 [InteractiveBuilder] Built clickDrop #35 from captured data (no placeholder needed).
🟢 [ContentConverter] Page 8.0: [end click drop] had no open container — ignored.
🟢 [ContentConverter] Page 8.0: [end activity] had no open container — ignored.
🟠 [AcksBuilder] YouTube metadata unavailable for item  (stubbed) — possible dead link worth checking: https://www.youtube.com/shorts/fuc61b8mOHo
🟠 [AcksBuilder] YouTube metadata unavailable for item  (stubbed) — possible dead link worth checking: https://www.youtube.com/watch?v=ELchwUIlWa8
🟠 [AcksBuilder] YouTube metadata unavailable for item  (stubbed) — possible dead link worth checking: https://www.youtube.com/watch?v=QqOJzs7LgH0
🟠 [AcksBuilder] YouTube metadata unavailable for item  (stubbed) — possible dead link worth checking: https://www.youtube.com/watch?v=U-ByKM1ofSo
🟠 [AcksBuilder] YouTube metadata unavailable for item  (stubbed) — possible dead link worth checking: https://www.youtube.com/watch?v=npv74D2MO6Q
🟠 [AcksBuilder] YouTube metadata unavailable for item  (stubbed) — possible dead link worth checking: https://www.youtube.com/watch?v=8Gj8dr6AsYg
🟠 [AcksBuilder] YouTube metadata unavailable for item  (stubbed) — possible dead link worth checking: https://www.youtube.com/watch?v=aKDNnoUj2ag
🟠 [AcksBuilder] YouTube metadata unavailable for item  (stubbed) — possible dead link worth checking: https://www.youtube.com/watch?v=s2ObEtQKePI
🟠 [AcksBuilder] YouTube metadata unavailable for item  (stubbed) — possible dead link worth checking: https://www.youtube.com/watch?v=cvRcUeWjBu0
🟠 [AcksBuilder] YouTube metadata unavailable for item  (stubbed) — possible dead link worth checking: https://www.youtube.com/watch?v=QNoE5IoRheQ
🟠 [AcksBuilder] YouTube metadata unavailable for item  (stubbed) — possible dead link worth checking: https://www.youtube.com/watch?v=ofOSITR4EOk
🟠 [AcksBuilder] YouTube metadata unavailable for item  (stubbed) — possible dead link worth checking: https://www.youtube.com/watch?v=eO7pq0a5C0U
🟠 [AcksBuilder] YouTube metadata unavailable for item  (stubbed) — possible dead link worth checking: https://www.youtube.com/watch?v=QVayky_b-6U
🟠 [AcksBuilder] YouTube metadata unavailable for item  (stubbed) — possible dead link worth checking: https://www.youtube.com/watch?v=nd2Ii4OGQ4k
🟠 [AcksBuilder] YouTube metadata unavailable for item  (stubbed) — possible dead link worth checking: https://www.youtube.com/watch?v=sNvMfuOvHwg
🟠 [AcksBuilder] YouTube metadata unavailable for item  (stubbed) — possible dead link worth checking: https://www.youtube.com/watch?v=nVrsgESZh-Y&t=80s
🟠 [AcksBuilder] Unknown media item type "Simulation" (item ) — used "Simulation" as the prefix; add it to Acks_Formats type_prefix_map.
🟢 [AcksBuilder] Media item  placed in lesson 1.0 by neighbour interpolation — verify its group.
🟠 [AcksBuilder] Media item  sits between lessons 3.0 and 4.0 — placed in 3.0; verify.
🟠 [AcksBuilder] Media item  sits between lessons 7.0 and 3.0 — placed in 7.0; verify.
🟠 [AcksBuilder] Media item  sits between lessons 7.0 and 3.0 — placed in 7.0; verify.
🟠 [AcksBuilder] Media item  sits between lessons 7.0 and 3.0 — placed in 7.0; verify.
🟠 [AcksBuilder] Media item  sits between lessons 7.0 and 3.0 — placed in 7.0; verify.
🟠 [AcksBuilder] Media item  sits between lessons 3.0 and 4.0 — placed in 3.0; verify.
🟠 [AcksBuilder] Media item  sits between lessons 3.0 and 4.0 — placed in 3.0; verify.
🟠 [AcksBuilder] 27 iStock titles could not be verified (no *istock-acks*.txt was supplied); each is marked ❗ and the acks block carries a designer note.
🟠 [ModuleResolver] Multiple module-code candidates found (SSOG301, SSSO301) — using SSOG301 from filename "SSOG301 Writers Template + Media List.docx".
🟢 [ConventionResolver] HTML conventions from group 1-10 Social Science|7-8: overview menu tabs, lesson menu default.
🟢 [PageSplitter] [end page] before [MODULE INTRODUCTION] disregarded — the introduction stays on the overview page (AR-1).
🟢 [PageSplitter] Implicit page break: content continues after [end page] without a [LESSON] tag — opened page 3.0 ("**Styles of leadership").
🟢 [PageSplitter] Implicit page break: content continues after [end page] without a [LESSON] tag — opened page 7.0.
🟢 [PageSplitter] Content after the final [end page] (20 blocks) is writer-form boilerplate — not emitted (AR-5).
🟢 [PageSplitter] Page 5.0: heading says "Lesson 6" — using the heading's number.
🟢 [PageSplitter] Page 6.0: heading says "Lesson 7" — using the heading's number.
🟠 [PageSplitter] Duplicate lesson label 7.0 (writers reused the number) — relabelled to 8.0; check the source numbering.
🟢 [MenuBuilder] Menu heading "Tirohanga Whānui | Overview" is the section label — consumed (the menu scaffolding names it).
🟢 [MenuBuilder] Menu section "Aromatawai | Assessment for Learning" promoted to its own "Assessment" nav tab (menu.extra_tabs registry).
🟢 [InteractiveBuilder] Built dragAndDrop #4 from captured data (no placeholder needed).
🟢 [InteractiveBuilder] Built dragAndDrop #5 from captured data (no placeholder needed).
🟢 [InteractiveBuilder] Built dragAndDrop #6 from captured data (no placeholder needed).
🟢 [InteractiveScanner] multiChoiceQuiz: additional widget [mcq] absorbed (multiChoiceQuiz + multiChoiceQuiz).
🟢 [ContentConverter] Page 6.0: 2 inline definitions woven onto the anchor word (orphan definition weave).
🟢 [InteractiveBuilder] Built dragAndDrop #8 from captured data (no placeholder needed).
🟢 [InteractiveScanner] dropDown: additional widget [dropdown] absorbed (dropDown + dropDown).
🟢 [InteractiveScanner] dropDown: additional widget [dropdown] absorbed (dropDown + dropDown).
🟢 [InteractiveScanner] dropDown: additional widget [dropdown] absorbed (dropDown + dropDown).
🟠 [AcksBuilder] YouTube metadata unavailable for item  (stubbed) — possible dead link worth checking: https://www.youtube.com/watch?v=HxEntJiIEd0&t=1s
🟠 [AcksBuilder] YouTube metadata unavailable for item  (stubbed) — possible dead link worth checking: https://www.youtube.com/watch?v=ddB20U1hQt0
🟠 [AcksBuilder] YouTube metadata unavailable for item  (stubbed) — possible dead link worth checking: https://www.youtube.com/watch?v=cTcmpRjMQS4
🟠 [AcksBuilder] YouTube metadata unavailable for item  (stubbed) — possible dead link worth checking: https://www.youtube.com/watch?v=WORnPLZE5CA
🟠 [AcksBuilder] YouTube metadata unavailable for item  (stubbed) — possible dead link worth checking: https://www.youtube.com/watch?v=qjvSLwaze5I
🟠 [AcksBuilder] YouTube metadata unavailable for item  (stubbed) — possible dead link worth checking: https://www.youtube.com/watch?v=2DPlmf-AJg8
🟠 [AcksBuilder] YouTube metadata unavailable for item  (stubbed) — possible dead link worth checking: https://www.youtube.com/watch?v=NQN4mtTagL0
🟠 [AcksBuilder] YouTube metadata unavailable for item  (stubbed) — possible dead link worth checking: https://www.youtube.com/watch?v=uGIAZYkN_lY
🟠 [AcksBuilder] YouTube metadata unavailable for item  (stubbed) — possible dead link worth checking: https://www.youtube.com/watch?v=AuMy9opKwEY
🟢 [AcksBuilder] Media item  ("Link") is a lesson link — no acknowledgement (scope rule).
🟢 [AcksBuilder] Media item  ("Link") is a lesson link — no acknowledgement (scope rule).
🟠 [AcksBuilder] YouTube metadata unavailable for item  (stubbed) — possible dead link worth checking: https://www.youtube.com/watch?v=diRy8DwM7NE
🟠 [AcksBuilder] YouTube metadata unavailable for item  (stubbed) — possible dead link worth checking: https://www.youtube.com/watch?v=2aUxNi4c2fk
🟢 [AcksBuilder] Media item  ("Link") is a lesson link — no acknowledgement (scope rule).
🟢 [AcksBuilder] Media item  ("Link") is a lesson link — no acknowledgement (scope rule).
🟢 [AcksBuilder] Media item  ("Link") is a lesson link — no acknowledgement (scope rule).
🟢 [AcksBuilder] Media item  ("Link") is a lesson link — no acknowledgement (scope rule).
🟢 [AcksBuilder] Media item  ("Link") is a lesson link — no acknowledgement (scope rule).
🟠 [AcksBuilder] YouTube metadata unavailable for item  (stubbed) — possible dead link worth checking: https://www.youtube.com/watch?v=i2ISns3r_cI
🟢 [AcksBuilder] Media item  placed in lesson 1.0 by neighbour interpolation — verify its group.
🟢 [AcksBuilder] Media item  placed in lesson 1.0 by neighbour interpolation — verify its group.
🟠 [AcksBuilder] Media item  sits between lessons 1.0 and 2.0 — placed in 1.0; verify.
🟢 [AcksBuilder] Media item  placed in lesson 2.0 by neighbour interpolation — verify its group.
🟢 [AcksBuilder] Media item  placed in lesson 4.0 by neighbour interpolation — verify its group.
🟢 [AcksBuilder] Media item  placed in lesson 4.0 by neighbour interpolation — verify its group.
🟢 [AcksBuilder] Media item  placed in lesson 7.0 by neighbour interpolation — verify its group.
🟢 [AcksBuilder] Media item  placed in lesson 7.0 by neighbour interpolation — verify its group.
🟢 [AcksBuilder] Media item  placed in lesson 7.0 by neighbour interpolation — verify its group.
🟠 [AcksBuilder] 6 iStock titles could not be verified (no *istock-acks*.txt was supplied); each is marked ❗ and the acks block carries a designer note.
🟢 [SkeletonBuilder] footer_links "final" value "—" is not a footer pattern (the registry's no-evidence marker) — the KB's final-page form "prev+home" applied (footer.kb_position_defaults).
🟠 [DocxExtractor] No [TITLE BAR]/[Fundamental content] opener — content started at the first structural tag instead; check the first page for stray front-matter.
🟢 [ConventionResolver] HTML conventions from group Te Marautanga o Aotearoa TMoA|1-3: overview menu tabs, lesson menu default.
🟢 [PageSplitter] Document opens without a literal [TITLE BAR] — overview page opened at the first content tag (Fundamentals-style template).
🟢 [InteractiveBuilder] Built speechBubble #1 from captured data (no placeholder needed).
🟢 [InteractiveBuilder] Built speechBubble #3 from captured data (no placeholder needed).
🟢 [PageAssembler] No [TITLE BAR] / Module Name title — MTK module title taken from the Module Code cell: "Ngā Orokati Tuatahi | First Consonants" (round 321).
🟢 [AcksBuilder] Media item  ("Link") is a lesson link — no acknowledgement (scope rule).
🟢 [AcksBuilder] Media item  ("Link") is a lesson link — no acknowledgement (scope rule).
🟠 [AcksBuilder] YouTube metadata unavailable for item  (stubbed) — possible dead link worth checking: https://www.youtube.com/watch?v=oAIAm6BF0fs
🟠 [AcksBuilder] YouTube metadata unavailable for item 24. (stubbed) — possible dead link worth checking: https://www.youtube.com/watch?v=r3TBK7MiF3Y
🟠 [AcksBuilder] YouTube metadata unavailable for item 30. (stubbed) — possible dead link worth checking: https://www.youtube.com/watch?v=QjisC1Aj-rA&list=RDQjisC1Aj-rA&start_radio=1
🟠 [AcksBuilder] Media item  sits between lessons 2.0 and 0.0 — placed in 2.0; verify.
🟠 [AcksBuilder] Media item  sits between lessons 2.0 and 0.0 — placed in 2.0; verify.
🟠 [AcksBuilder] Media item  sits between lessons 2.0 and 0.0 — placed in 2.0; verify.
🟠 [AcksBuilder] Media item  sits between lessons 2.0 and 0.0 — placed in 2.0; verify.
🟠 [AcksBuilder] Media item  sits between lessons 2.0 and 0.0 — placed in 2.0; verify.
🟠 [AcksBuilder] Media item 20. sits between lessons 2.0 and 0.0 — placed in 2.0; verify.
🟢 [AcksBuilder] Media item 23. placed in lesson 0.0 by neighbour interpolation — verify its group.
🟠 [AcksBuilder] Media item  could not be mapped to a lesson — placed in the first group (0.0); verify.
🟠 [AcksBuilder] Media item  could not be mapped to a lesson — placed in the first group (0.0); verify.
🟠 [AcksBuilder] Media item  could not be mapped to a lesson — placed in the first group (0.0); verify.
🟠 [AcksBuilder] Media item  could not be mapped to a lesson — placed in the first group (0.0); verify.
🟠 [AcksBuilder] Media item  could not be mapped to a lesson — placed in the first group (0.0); verify.
🟠 [AcksBuilder] Media item  could not be mapped to a lesson — placed in the first group (0.0); verify.
🟠 [AcksBuilder] Media item  could not be mapped to a lesson — placed in the first group (0.0); verify.
🟠 [AcksBuilder] Media item  could not be mapped to a lesson — placed in the first group (0.0); verify.
🟠 [AcksBuilder] Media item  could not be mapped to a lesson — placed in the first group (0.0); verify.
🟠 [AcksBuilder] Media item  could not be mapped to a lesson — placed in the first group (0.0); verify.
🟠 [AcksBuilder] Media item  could not be mapped to a lesson — placed in the first group (0.0); verify.
🟠 [AcksBuilder] 7 iStock titles could not be verified (no *istock-acks*.txt was supplied); each is marked ❗ and the acks block carries a designer note.
🟢 [SkeletonBuilder] footer_links "final" value "—" is not a footer pattern (the registry's no-evidence marker) — the KB's final-page form "prev+home" applied (footer.kb_position_defaults).
🟢 [ConventionResolver] HTML conventions from group Te ara Whakapuawa -Wellbeing|combo: overview menu default, lesson menu two_col_li.
🟢 [ContentConverter] Page 0.0: [end tab n] had no open container — ignored.
🟢 [ContentConverter] Page 0.0: [end activity] had no open container — ignored.
🟢 [ContentConverter] Page 0.0: [end tab n] had no open container — ignored.
🟢 [InteractiveBuilder] Built carousel #2 from captured data (no placeholder needed).
🟢 [ContentConverter] Page 0.0: [activity] auto-closed before the next alert.
🟢 [ContentConverter] Page 0.0: [end tab n] had no open container — ignored.
🟢 [ContentConverter] Page 0.0: [activity] auto-closed before the next alert.
🟢 [ContentConverter] Page 0.0: [activity] auto-closed before the next alert.
🟢 [InteractiveBuilder] Built carousel #7 from captured data (no placeholder needed).
🟢 [ContentConverter] [button] with a video URL → the video embed (video_destination, own).
🟢 [ContentConverter] Page 0.0: [activity] auto-closed before the next alert.
🟢 [MenuBuilder] Menu heading "Tirohanga Whānui | Overview" is the section label — consumed (the menu scaffolding names it).
🟢 [MenuBuilder] Menu heading "He aha tāku hei tīmata? | What do I need to get started?" had no content beneath it — omitted (empty preconfigured scaffolding).
🟢 [MenuBuilder] Menu heading "Hononga | Connections" had no content beneath it — omitted (empty preconfigured scaffolding).
🟢 [MenuBuilder] Menu heading "Aromatawai | Assessment for Learning" had no content beneath it — omitted (empty preconfigured scaffolding).
🟠 [AcksBuilder] Unknown media item type "Images" (item ) — used "Images" as the prefix; add it to Acks_Formats type_prefix_map.
🟠 [AcksBuilder] YouTube metadata unavailable for item  (stubbed) — possible dead link worth checking: https://www.youtube.com/watch?v=xFqecEtdGZ0
🟠 [AcksBuilder] YouTube metadata unavailable for item  (stubbed) — possible dead link worth checking: https://youtu.be/xgsIIkkAT-M
🟠 [AcksBuilder] YouTube metadata unavailable for item  (stubbed) — possible dead link worth checking: https://youtu.be/G_G_AUzm9P8
🟠 [AcksBuilder] YouTube metadata unavailable for item  (stubbed) — possible dead link worth checking: https://youtu.be/upwLPS3FDfc
🟠 [AcksBuilder] YouTube metadata unavailable for item  (stubbed) — possible dead link worth checking: https://youtu.be/WOmMxFx4YiM?list=PL9HvB1TN2_aww61he3Wx-9Pxp7uYe0Gju
🟠 [AcksBuilder] YouTube metadata unavailable for item  (stubbed) — possible dead link worth checking: https://www.youtube.com/watch?v=3lrJYTsKdUM
🟠 [AcksBuilder] YouTube metadata unavailable for item  (stubbed) — possible dead link worth checking: https://youtu.be/vqeW8uH8bR0
🟠 [AcksBuilder] YouTube metadata unavailable for item  (stubbed) — possible dead link worth checking: https://youtu.be/MH-tBhbCPWA
🟠 [AcksBuilder] Unknown media item type "Links" (item ) — used "Links" as the prefix; add it to Acks_Formats type_prefix_map.
🟠 [AcksBuilder] YouTube metadata unavailable for item  (stubbed) — possible dead link worth checking: https://youtu.be/vqeW8uH8bR0
🟠 [AcksBuilder] Unknown media item type "Links" (item ) — used "Links" as the prefix; add it to Acks_Formats type_prefix_map.
🟠 [AcksBuilder] Unknown media item type "Links" (item 26.) — used "Links" as the prefix; add it to Acks_Formats type_prefix_map.
🟢 [AcksBuilder] Media item 27. placed in lesson 0.0 by neighbour interpolation — verify its group.
🟠 [AcksBuilder] 15 iStock titles could not be verified (no *istock-acks*.txt was supplied); each is marked ❗ and the acks block carries a designer note.
🟢 [ConventionResolver] HTML conventions from series XDLS (deviation over Leaving to Learn|combo): overview menu flat, lesson menu flat.
🟢 [PageSplitter] [end page] before [MODULE INTRODUCTION] disregarded — the introduction stays on the overview page (AR-1).
🟢 [PageSplitter] [end page] on the overview disregarded — the [LESSON Choice page] tile navigation stays on page 0.0 (choice_page_tiles.merge_into_overview).
🟢 [PageSplitter] [Sticky Nav Layout …] marker — a navigation set-up instruction, not a page break; its link table becomes a To Do note.
🟢 [ContentConverter] [LESSON Choice page] label "Hauora Whenua (Wellbeing of the Mind)" is a navigation-page label — dropped (the human-built pages never show it); the tile grid renders at the end of this page.
🟢 [MenuBuilder] Menu heading "Tirohanga Whānui | Overview" is the section label — consumed (the menu scaffolding names it).
🟢 [MenuBuilder] Menu section "Hononga | Connections" promoted to its own "Connections" nav tab (menu.extra_tabs registry).
🟢 [MenuBuilder] Menu section "Aromatawai | Assessment for Learning" promoted to its own "Standards" nav tab (menu.extra_tabs registry).
🟢 [InteractiveScanner] accordion: additional widget [accordion] absorbed (accordion + accordion).
🟢 [InteractiveScanner] accordion: additional widget [accordion] absorbed (accordion + accordion).
🟢 [InteractiveScanner] accordion: additional widget [accordion] absorbed (accordion + accordion).
🟢 [InteractiveBuilder] Members rule: accordion #1 declined — prose between consumed members (the hand-off box keeps every member).
🟢 [ContentConverter] Page 1.0: [end accordion] had no open container — ignored.
🟢 [ContentConverter] Page 1.0: click-and-drop tile row built (6 tiles, panels paired positionally).
🟢 [ContentConverter] Page 1.0: [end supervisor button] had no open container — ignored.
🟢 [ContentConverter] Page 1.0: [activity] auto-closed before the next activity.
🟢 [ContentConverter] Page 1.0: [activity] auto-closed before the next activity.
🟢 [ContentConverter] Page 1.0: [activity] auto-closed before the next activity.
🟢 [ContentConverter] Page 1.0: [activity] auto-closed before the next activity.
🟢 [ContentConverter] Page 1.0: [activity] auto-closed before the next activity.
🟠 [ContentConverter] Page 1.0: [activity] was never closed — closed at page end.
🟢 [ActivitiesBuilder] 6 activity title heading(s) set to h3 (title_heading_level).
🟢 [InteractiveScanner] accordion: additional widget [accordion] absorbed (accordion + accordion).
🟢 [InteractiveScanner] accordion: additional widget [accordion] absorbed (accordion + accordion).
🟢 [InteractiveScanner] accordion: additional widget [accordion] absorbed (accordion + accordion).
🟢 [InteractiveBuilder] Built accordion #9 from captured data (no placeholder needed).
🟢 [ContentConverter] Page 2.0: [end accordion] had no open container — ignored.
🟢 [ContentConverter] Page 2.0: click-and-drop tile row built (6 tiles, panels paired positionally).
🟢 [ContentConverter] Page 2.0: [end supervisor button] had no open container — ignored.
🟢 [ContentConverter] Page 2.0: [activity] auto-closed before the next activity.
🟢 [ContentConverter] Page 2.0: [activity] auto-closed before the next activity.
🟢 [ContentConverter] Page 2.0: [activity] auto-closed before the next activity.
🟢 [ContentConverter] Page 2.0: [activity] auto-closed before the next activity.
🟢 [ContentConverter] Page 2.0: [activity] auto-closed before the next activity.
🟠 [ContentConverter] Page 2.0: [activity] was never closed — closed at page end.
🟢 [ActivitiesBuilder] 5 activity title heading(s) set to h3 (title_heading_level).
🟢 [InteractiveScanner] accordion: additional widget [accordion] absorbed (accordion + accordion).
🟢 [InteractiveScanner] accordion: additional widget [accordion] absorbed (accordion + accordion).
🟢 [InteractiveScanner] Activity 5: additional widget [info trigger] absorbed (clickDrop + infoTrigger).
🟢 [InteractiveScanner] Activity 5: additional widget [click drop] absorbed (clickDrop + clickDrop).
🟢 [InteractiveBuilder] Built accordion #17 from captured data (no placeholder needed).
🟢 [InteractiveBuilder] Built accordion #18 from captured data (no placeholder needed).
🟢 [ContentConverter] Page 3.0: [end accordion] had no open container — ignored.
🟢 [ContentConverter] Page 3.0: [end supervisor button] had no open container — ignored.
🟢 [ContentConverter] Page 3.0: open [activity] closed by the next activity's widget bundle.
🟢 [ContentConverter] Page 3.0: [activity] auto-closed before the next h2.
🟠 [ContentConverter] Page 3.0: [activity] was never closed — closed at page end.
🟢 [InteractiveScanner] accordion: additional widget [accordion] absorbed (accordion + accordion).
🟢 [InteractiveScanner] accordion: additional widget [accordion] absorbed (accordion + accordion).
🟢 [InteractiveScanner] accordion: additional widget [accordion] absorbed (accordion + accordion).
🟢 [InteractiveBuilder] Built accordion #25 from captured data (no placeholder needed).
🟢 [ContentConverter] Page 4.0: [end accordion] had no open container — ignored.
🟢 [ContentConverter] Page 4.0: click-and-drop tile row built (6 tiles, panels paired positionally).
🟢 [ContentConverter] Page 4.0: [end supervisor button] had no open container — ignored.
🟢 [ContentConverter] Page 4.0: [activity] auto-closed before the next activity.
🟢 [ContentConverter] Page 4.0: [activity] auto-closed before the next activity.
🟢 [ContentConverter] Page 4.0: [activity] auto-closed before the next activity.
🟢 [ContentConverter] Page 4.0: [activity] auto-closed before the next activity.
🟢 [ContentConverter] Page 4.0: [activity] auto-closed before the next activity.
🟠 [ContentConverter] Page 4.0: [activity] was never closed — closed at page end.
🟢 [ActivitiesBuilder] 6 activity title heading(s) set to h3 (title_heading_level).
🟢 [InteractiveScanner] accordion: additional widget [accordion] absorbed (accordion + accordion).
🟢 [InteractiveScanner] accordion: additional widget [accordion] absorbed (accordion + accordion).
🟢 [InteractiveScanner] accordion: additional widget [accordion] absorbed (accordion + accordion).
🟢 [InteractiveScanner] clickDrop: additional widget [click drop] absorbed (clickDrop + clickDrop).
🟢 [InteractiveBuilder] Built accordion #33 from captured data (no placeholder needed).
🟢 [ContentConverter] Page 5.0: [end accordion] had no open container — ignored.
🟢 [ContentConverter] Page 5.0: [end supervisor button] had no open container — ignored.
🟢 [ContentConverter] Page 5.0: [activity] auto-closed before the next h2.
🟠 [ContentConverter] Page 5.0: [activity] was never closed — closed at page end.
🟢 [InteractiveScanner] accordion: additional widget [accordion] absorbed (accordion + accordion).
🟢 [InteractiveScanner] accordion: additional widget [accordion] absorbed (accordion + accordion).
🟢 [InteractiveScanner] accordion: additional widget [accordion] absorbed (accordion + accordion).
🟢 [InteractiveBuilder] Built accordion #41 from captured data (no placeholder needed).
🟢 [ContentConverter] Page 6.0: [end accordion] had no open container — ignored.
🟢 [ContentConverter] Page 6.0: click-and-drop tile row built (6 tiles, panels paired positionally).
🟢 [ContentConverter] Page 6.0: [end supervisor button] had no open container — ignored.
🟢 [ContentConverter] Page 6.0: [activity] auto-closed before the next activity.
🟢 [ContentConverter] Page 6.0: [activity] auto-closed before the next activity.
🟢 [ContentConverter] Page 6.0: [activity] auto-closed before the next activity.
🟢 [ContentConverter] Page 6.0: [activity] auto-closed before the next activity.
🟢 [ContentConverter] Page 6.0: [activity] auto-closed before the next activity.
🟠 [ContentConverter] Page 6.0: [activity] was never closed — closed at page end.
🟢 [ActivitiesBuilder] 6 activity title heading(s) set to h3 (title_heading_level).
🟢 [InteractiveScanner] accordion: additional widget [accordion] absorbed (accordion + accordion).
🟢 [InteractiveScanner] accordion: additional widget [accordion] absorbed (accordion + accordion).
🟢 [InteractiveScanner] accordion: additional widget [accordion] absorbed (accordion + accordion).
🟢 [InteractiveBuilder] Built accordion #49 from captured data (no placeholder needed).
🟢 [ContentConverter] Page 7.0: [end accordion] had no open container — ignored.
🟢 [ContentConverter] Page 7.0: click-and-drop tile row built (6 tiles, panels paired positionally).
🟢 [ContentConverter] Page 7.0: [end supervisor button] had no open container — ignored.
🟢 [ContentConverter] Page 7.0: [activity] auto-closed before the next activity.
🟢 [ContentConverter] Page 7.0: [activity] auto-closed before the next activity.
🟢 [ContentConverter] Page 7.0: [activity] auto-closed before the next activity.
🟢 [ContentConverter] Page 7.0: [activity] auto-closed before the next activity.
🟢 [ContentConverter] Page 7.0: [activity] auto-closed before the next activity.
🟠 [ContentConverter] Page 7.0: [activity] was never closed — closed at page end.
🟢 [ActivitiesBuilder] 6 activity title heading(s) set to h3 (title_heading_level).
🟢 [PageAssembler] [TITLE BAR] held only "Hauora Whenua" (no English) — using the front-matter Course "Nourish" as the English title; Te Reo kept as the second title.
🟠 [AcksBuilder] YouTube metadata unavailable for item  (stubbed) — possible dead link worth checking: https://www.youtube.com/watch?v=6In-lfiK30s
🟠 [AcksBuilder] YouTube metadata unavailable for item  (stubbed) — possible dead link worth checking: https://www.youtube.com/watch?v=enuK_9XlCmQ
🟠 [AcksBuilder] YouTube metadata unavailable for item  (stubbed) — possible dead link worth checking: https://www.youtube.com/watch?v=-tRbpTyVNJs
🟠 [AcksBuilder] YouTube metadata unavailable for item  (stubbed) — possible dead link worth checking: https://www.youtube.com/watch?v=CL-jYOndc-4
🟠 [AcksBuilder] YouTube metadata unavailable for item  (stubbed) — possible dead link worth checking: https://www.youtube.com/watch?v=_2tU-Q_paRs
🟠 [AcksBuilder] YouTube metadata unavailable for item  (stubbed) — possible dead link worth checking: https://www.youtube.com/watch?v=Cop_PaofNw4
🟠 [AcksBuilder] YouTube metadata unavailable for item  (stubbed) — possible dead link worth checking: https://www.youtube.com/watch?v=QcaQPqS7qqE
🟠 [AcksBuilder] YouTube metadata unavailable for item 10. (stubbed) — possible dead link worth checking: https://youtu.be/PIc42oIU0Ik?si=mU8y9qePAMQ4jb5y
🟠 [AcksBuilder] YouTube metadata unavailable for item 17 (stubbed) — possible dead link worth checking: https://www.youtube.com/watch?v=SGAV1LTPKws
🟠 [AcksBuilder] YouTube metadata unavailable for item 19 (stubbed) — possible dead link worth checking: https://www.youtube.com/watch?v=S2OQO75mrRo
🟠 [AcksBuilder] YouTube metadata unavailable for item 20 (stubbed) — possible dead link worth checking: https://www.youtube.com/watch?v=SPtX5snyuKU
🟠 [AcksBuilder] YouTube metadata unavailable for item 23 (stubbed) — possible dead link worth checking: http://youtu.be/2BoLqqNuqwA?si=fslMWLAj6KlATdq4
🟠 [AcksBuilder] YouTube metadata unavailable for item 24 (stubbed) — possible dead link worth checking: https://www.youtube.com/watch?v=isPxdnIND5k
🟠 [AcksBuilder] YouTube metadata unavailable for item 25 (stubbed) — possible dead link worth checking: https://youtu.be/wr6fQ4KpbRM?si=UZdtc5rC32-sUvwc
🟠 [AcksBuilder] YouTube metadata unavailable for item 26 (stubbed) — possible dead link worth checking: https://www.youtube.com/watch?v=dGKyTS0NGxg
🟠 [AcksBuilder] YouTube metadata unavailable for item 28 (stubbed) — possible dead link worth checking: https://www.youtube.com/watch?v=iSNfjOMf6v8
🟠 [AcksBuilder] YouTube metadata unavailable for item 29 (stubbed) — possible dead link worth checking: https://www.youtube.com/watch?v=tyaEQEmt5ls
🟠 [AcksBuilder] YouTube metadata unavailable for item 30 (stubbed) — possible dead link worth checking: https://www.youtube.com/watch?v=UNwJhMFrx8I
🟠 [AcksBuilder] Unknown media item type "Vidoe" (item 32) — used "Vidoe" as the prefix; add it to Acks_Formats type_prefix_map.
🟠 [AcksBuilder] YouTube metadata unavailable for item 32 (stubbed) — possible dead link worth checking: https://youtu.be/6abY4JiY9r4?si=0Dme-OptIkiSPBBA
🟠 [AcksBuilder] Unknown media item type "Vidoe" (item 32) — used "Vidoe" as the prefix; add it to Acks_Formats type_prefix_map.
🟠 [AcksBuilder] YouTube metadata unavailable for item 33 (stubbed) — possible dead link worth checking: https://www.youtube.com/watch?v=FSXP9T9WWiI
🟠 [AcksBuilder] YouTube metadata unavailable for item 34 (stubbed) — possible dead link worth checking: https://www.youtube.com/watch?v=BapFZkvQHmY
🟠 [AcksBuilder] YouTube metadata unavailable for item 35 (stubbed) — possible dead link worth checking: https://www.youtube.com/watch?v=78pq4Uh8GMg
🟠 [AcksBuilder] YouTube metadata unavailable for item 36 (stubbed) — possible dead link worth checking: https://www.youtube.com/watch?v=78pq4Uh8GMg
🟠 [AcksBuilder] YouTube metadata unavailable for item 38 (stubbed) — possible dead link worth checking: https://www.youtube.com/watch?v=Jmv0oMoVkuY
🟠 [AcksBuilder] YouTube metadata unavailable for item 40 (stubbed) — possible dead link worth checking: https://www.youtube.com/watch?v=XuFNa0v4EuM&t=188s
🟠 [AcksBuilder] YouTube metadata unavailable for item 41 (stubbed) — possible dead link worth checking: https://www.youtube.com/watch?v=EwS2PV8sN0E
🟠 [AcksBuilder] YouTube metadata unavailable for item  (stubbed) — possible dead link worth checking: https://www.youtube.com/watch?v=2EeqIiwt0_Y
🟠 [AcksBuilder] YouTube metadata unavailable for item  (stubbed) — possible dead link worth checking: https://www.youtube.com/watch?v=hr1oBHPrLRg
🟠 [AcksBuilder] 14 iStock titles could not be verified (no *istock-acks*.txt was supplied); each is marked ❗ and the acks block carries a designer note.
🟠 [ModuleResolver] Multiple module-code candidates found (XLP05, XFUN09) — using XLP05 from filename "XLP05 Writers Template + Media List.docx".
🟢 [ConventionResolver] HTML conventions from group Leaving to Learn|combo: overview menu flat, lesson menu flat.
🟢 [PageSplitter] [end page] before [MODULE INTRODUCTION] disregarded — the introduction stays on the overview page (AR-1).
🟢 [PageSplitter] Content after the final [end page] (3 blocks) is writer-form boilerplate — not emitted (AR-5).
🟠 [ContentConverter] [TITLE BAR] title half is the placeholder "TE REO" — the real title is not in the WT; dropped, not shipped as an <h1>. Add the title to the source.
🟢 [MenuBuilder] Menu heading "Tirohanga Whānui | Overview" is the section label — consumed (the menu scaffolding names it).
🟢 [InteractiveBuilder] Built carousel #1 from captured data (no placeholder needed).
🟢 [ContentConverter] Page 2.0: [end accordion] had no open container — ignored.
🟢 [ContentConverter] Page 2.0: [end activity] had no open container — ignored.
🟢 [InteractiveBuilder] Built flipCard #5 from captured data (no placeholder needed).
🟢 [InteractiveBuilder] Built accordion #6 from captured data (no placeholder needed).
🟢 [InteractiveBuilder] Built carousel #8 from captured data (no placeholder needed).
🟢 [ContentConverter] Page 5.0: [end carousel] had no open container — ignored.
🟠 [AcksBuilder] YouTube metadata unavailable for item  (stubbed) — possible dead link worth checking: https://www.youtube.com/watch?v=N4nATOIagM4
🟠 [AcksBuilder] YouTube metadata unavailable for item  (stubbed) — possible dead link worth checking: https://youtu.be/aaHJW66FEyQ
🟠 [AcksBuilder] YouTube metadata unavailable for item  (stubbed) — possible dead link worth checking: https://www.youtube.com/watch?v=5qryfpjt2uI
🟠 [AcksBuilder] Unknown media item type "Insert link to youtube page" (item ) — used "Insert link to youtube page" as the prefix; add it to Acks_Formats type_prefix_map.
🟠 [AcksBuilder] Unknown media item type "Insert link to youtube page" (item ) — used "Insert link to youtube page" as the prefix; add it to Acks_Formats type_prefix_map.
🟠 [AcksBuilder] YouTube metadata unavailable for item  (stubbed) — possible dead link worth checking: https://www.youtube.com/watch?v=1iz33dnbvtQ&t=34s
🟠 [AcksBuilder] YouTube metadata unavailable for item  (stubbed) — possible dead link worth checking: https://www.youtube.com/shorts/lP0SL2dJT4Y
🟢 [AcksBuilder] Media item  placed in lesson 1.0 by neighbour interpolation — verify its group.
🟢 [AcksBuilder] Media item  placed in lesson 1.0 by neighbour interpolation — verify its group.
🟠 [AcksBuilder] 30 iStock titles could not be verified (no *istock-acks*.txt was supplied); each is marked ❗ and the acks block carries a designer note.
shard 9 -> 28 modules, 197 records
