🟠 [ModuleResolver] Multiple module-code candidates found (AGH1003, PPO1033) — using AGH1003 from filename "AGH1003 Writers Template + Media List.docx".
🟢 [ConventionResolver] HTML conventions from group NCEA1|NCEA: overview menu tabs, lesson menu flat.
🟢 [PageSplitter] [end page] before [MODULE INTRODUCTION] disregarded — the introduction stays on the overview page (AR-1).
🟢 [PageSplitter] Content after the final [end page] (19 blocks) is writer-form boilerplate — not emitted (AR-5).
🟢 [MenuBuilder] Menu heading "Tirohanga Whānui | Overview" is the section label — consumed (the menu scaffolding names it).
🟢 [MenuBuilder] Menu section "Hononga | Connections" promoted to its own "Connections" nav tab (menu.extra_tabs registry).
🟢 [MenuBuilder] Menu section "Aromatawai | Assessment for Learning" promoted to its own "Standards" nav tab (menu.extra_tabs registry).
🟢 [InteractiveBuilder] Built carousel #1 from captured data (no placeholder needed).
🟠 [ContentConverter] Page 1.0: [activity] was never closed — closed at page end.
🟢 [InteractiveBuilder] Built carousel #4 from captured data (no placeholder needed).
🟠 [ContentConverter] Page 2.0: [activity] was never closed — closed at page end.
🟢 [ContentConverter] Page 4.0: [activity] auto-closed before the next activity.
🟢 [ActivitiesBuilder] 1 activity title heading(s) set to h3 (title_heading_level).
🟢 [InteractiveBuilder] Built tabs #11 from captured data (no placeholder needed).
🟠 [ContentConverter] Page 5.0: [activity] was never closed — closed at page end.
🟠 [ContentConverter] Page 6.0: [activity] was never closed — closed at page end.
🟠 [ContentConverter] Page 7.0: [activity] was never closed — closed at page end.
🟢 [ContentConverter] Page 8.0: [activity] auto-closed before the next activity.
🟠 [ContentConverter] Page 8.0: [activity] was never closed — closed at page end.
🟠 [AcksBuilder] YouTube metadata unavailable for item  (stubbed) — possible dead link worth checking: https://www.youtube.com/watch?v=sGGzmKPimq8&t=1092s
🟠 [AcksBuilder] YouTube metadata unavailable for item  (stubbed) — possible dead link worth checking: https://www.youtube.com/watch?v=Y5eYInnELbY
🟠 [AcksBuilder] YouTube metadata unavailable for item  (stubbed) — possible dead link worth checking: https://www.youtube.com/watch?v=97_yNLTdBG0
🟠 [AcksBuilder] YouTube metadata unavailable for item  (stubbed) — possible dead link worth checking: https://www.youtube.com/watch?v=DSJYT_BtngM
🟠 [AcksBuilder] Media item  sits between lessons 1.0 and 2.0 — placed in 1.0; verify.
🟠 [AcksBuilder] Media item  sits between lessons 1.0 and 2.0 — placed in 1.0; verify.
🟠 [AcksBuilder] Media item  sits between lessons 1.0 and 2.0 — placed in 1.0; verify.
🟠 [AcksBuilder] Media item  sits between lessons 1.0 and 2.0 — placed in 1.0; verify.
🟠 [AcksBuilder] Media item  sits between lessons 1.0 and 2.0 — placed in 1.0; verify.
🟠 [AcksBuilder] Media item  sits between lessons 2.0 and 3.0 — placed in 2.0; verify.
🟠 [AcksBuilder] Media item  sits between lessons 2.0 and 3.0 — placed in 2.0; verify.
🟠 [AcksBuilder] Media item  sits between lessons 2.0 and 3.0 — placed in 2.0; verify.
🟠 [AcksBuilder] Media item  sits between lessons 2.0 and 3.0 — placed in 2.0; verify.
🟠 [AcksBuilder] Media item  sits between lessons 2.0 and 3.0 — placed in 2.0; verify.
🟠 [AcksBuilder] Media item  sits between lessons 2.0 and 3.0 — placed in 2.0; verify.
🟠 [AcksBuilder] Media item  sits between lessons 2.0 and 3.0 — placed in 2.0; verify.
🟢 [AcksBuilder] Media item  placed in lesson 3.0 by neighbour interpolation — verify its group.
🟢 [AcksBuilder] Media item  placed in lesson 3.0 by neighbour interpolation — verify its group.
🟢 [AcksBuilder] Media item  placed in lesson 3.0 by neighbour interpolation — verify its group.
🟢 [AcksBuilder] Media item  placed in lesson 3.0 by neighbour interpolation — verify its group.
🟢 [AcksBuilder] Media item  placed in lesson 3.0 by neighbour interpolation — verify its group.
🟢 [AcksBuilder] Media item  placed in lesson 3.0 by neighbour interpolation — verify its group.
🟢 [AcksBuilder] Media item  placed in lesson 3.0 by neighbour interpolation — verify its group.
🟢 [AcksBuilder] Media item  placed in lesson 3.0 by neighbour interpolation — verify its group.
🟢 [AcksBuilder] Media item  placed in lesson 3.0 by neighbour interpolation — verify its group.
🟢 [AcksBuilder] Media item  placed in lesson 3.0 by neighbour interpolation — verify its group.
🟢 [AcksBuilder] Media item  placed in lesson 3.0 by neighbour interpolation — verify its group.
🟢 [AcksBuilder] Media item  placed in lesson 3.0 by neighbour interpolation — verify its group.
🟢 [AcksBuilder] Media item  placed in lesson 3.0 by neighbour interpolation — verify its group.
🟢 [AcksBuilder] Media item  placed in lesson 3.0 by neighbour interpolation — verify its group.
🟢 [AcksBuilder] Media item  placed in lesson 3.0 by neighbour interpolation — verify its group.
🟠 [AcksBuilder] Media item  could not be mapped to a lesson — placed in the first group (0.0); verify.
🟠 [AcksBuilder] Media item  could not be mapped to a lesson — placed in the first group (0.0); verify.
🟠 [AcksBuilder] Media item  could not be mapped to a lesson — placed in the first group (0.0); verify.
🟠 [AcksBuilder] Media item  could not be mapped to a lesson — placed in the first group (0.0); verify.
🟠 [AcksBuilder] Media item  could not be mapped to a lesson — placed in the first group (0.0); verify.
🟠 [AcksBuilder] 21 iStock titles could not be verified (no *istock-acks*.txt was supplied); each is marked ❗ and the acks block carries a designer note.
🟢 [SkeletonBuilder] footer_links "final" value "—" is not a footer pattern (the registry's no-evidence marker) — the KB's final-page form "prev+home" applied (footer.kb_position_defaults).
🟢 [ConventionResolver] HTML conventions from group ANZH|9-10: overview menu two_col_li, lesson menu two_col_li.
🟢 [PageSplitter] [end page] before [MODULE INTRODUCTION] disregarded — the introduction stays on the overview page (AR-1).
🟢 [PageSplitter] Content after the final [end page] (3 blocks) is writer-form boilerplate — not emitted (AR-5).
🟢 [MenuBuilder] Menu heading "Tirohanga Whānui | Overview" is the section label — consumed (the menu scaffolding names it).
🟢 [MenuBuilder] Menu section "Aromatawai | Assessment for Learning" promoted to its own "Standards" nav tab (menu.extra_tabs registry).
🟢 [MenuBuilder] Information pane composed as the group's two-column form (menu.tab2_cols registry, kind "balance").
🟢 [ContentConverter] Page 1.0: mode [activity] opener merged forward into numbered activity 1A (title heading kept inside; no empty box).
🟢 [ContentConverter] Page 1.0: [activity] auto-closed before the next h2.
🟢 [ContentConverter] Page 1.0: mode [activity] opener merged forward into numbered activity 1B (title heading kept inside; no empty box).
🟢 [ContentConverter] Page 1.0: [activity] auto-closed before the next alert.
🟢 [ContentConverter] [alert] right-hand box → the activity sidebar (alertActivity) side column paired with the preceding activity row (positional_side_alert).
🟢 [ActivitiesBuilder] 2 activity title heading(s) set to h3 (title_heading_level).
🟢 [InteractiveScanner] clickDrop: additional widget [click drop] absorbed (clickDrop + clickDrop).
🟢 [InteractiveScanner] clickDrop: additional widget [click drop] absorbed (clickDrop + clickDrop).
🟢 [InteractiveScanner] clickDrop: additional widget [click drop] absorbed (clickDrop + clickDrop).
🟢 [InteractiveScanner] clickDrop: additional widget [click drop] absorbed (clickDrop + clickDrop).
🟢 [InteractiveScanner] Activity 2B: additional widget [tabs] absorbed (tabs + tabs).
🟢 [ContentConverter] Page 2.0: mode [activity] opener merged forward into numbered activity 2A (title heading kept inside; no empty box).
🟢 [ContentConverter] Page 2.0: [activity] auto-closed before the next activity.
🟢 [ContentConverter] Page 2.0: [activity] auto-closed before the next activity.
🟢 [ActivitiesBuilder] 2 activity title heading(s) set to h3 (title_heading_level).
🟢 [InteractiveScanner] clickDrop: additional widget [click drop] absorbed (clickDrop + clickDrop).
🟢 [InteractiveScanner] clickDrop: additional widget [click drop] absorbed (clickDrop + clickDrop).
🟢 [InteractiveBuilder] Built carousel #3 from captured data (no placeholder needed).
🟢 [InteractiveBuilder] Built clickDrop #4 from captured data (no placeholder needed).
🟢 [ContentConverter] Page 3.0: mode [activity] opener merged forward into numbered activity 3A (title heading kept inside; no empty box).
🟢 [ContentConverter] Page 3.0: [activity] auto-closed before the next activity.
🟢 [ContentConverter] Page 3.0: mode [activity] opener merged forward into numbered activity 3B (title heading kept inside; no empty box).
🟢 [ContentConverter] Page 3.0: [activity] auto-closed before the next alert.
🟢 [ContentConverter] [alert] right-hand box → the activity sidebar (alertActivity) side column paired with the preceding activity row (positional_side_alert).
🟢 [ActivitiesBuilder] 2 activity title heading(s) set to h3 (title_heading_level).
🟢 [ContentConverter] [alert] right-hand box → an alert top side column paired with the preceding content row (positional_side_alert).
🟢 [ContentConverter] [button] with a video URL → the video embed (video_destination, own).
🟢 [ContentConverter] Page 4.0: mode [activity] opener merged forward into numbered activity 4A (title heading kept inside; no empty box).
🟢 [ContentConverter] Page 4.0: [activity] auto-closed before the next alert.
🟢 [ActivitiesBuilder] 1 activity title heading(s) set to h3 (title_heading_level).
🟢 [ContentConverter] Page 5.0: mode [activity] opener merged forward into numbered activity 5A (title heading kept inside; no empty box).
🟢 [ContentConverter] Page 5.0: [activity] auto-closed before the next activity.
🟢 [ContentConverter] Page 5.0: mode [activity] opener merged forward into numbered activity 5B (title heading kept inside; no empty box).
🟢 [ContentConverter] Page 5.0: [activity] auto-closed before the next activity.
🟢 [ContentConverter] Page 5.0: [activity] auto-closed before the next alert.
🟢 [ActivitiesBuilder] 2 activity title heading(s) set to h3 (title_heading_level).
🟢 [ContentConverter] Page 6.0: mode [activity] opener merged forward into numbered activity 6A (title heading kept inside; no empty box).
🟢 [ContentConverter] Page 6.0: [activity] auto-closed before the next alert.
🟢 [ActivitiesBuilder] 1 activity title heading(s) set to h3 (title_heading_level).
🟠 [AcksBuilder] YouTube metadata unavailable for item  (stubbed) — possible dead link worth checking: https://www.youtube.com/watch?v=5GNu23ukzss
🟠 [AcksBuilder] Unknown media item type "Table" (item ) — used "Table" as the prefix; add it to Acks_Formats type_prefix_map.
🟠 [AcksBuilder] Unknown media item type "Artwork" (item ) — used "Artwork" as the prefix; add it to Acks_Formats type_prefix_map.
🟠 [AcksBuilder] Unknown media item type "Text" (item ) — used "Text" as the prefix; add it to Acks_Formats type_prefix_map.
🟠 [AcksBuilder] Unknown media item type "Text" (item ) — used "Text" as the prefix; add it to Acks_Formats type_prefix_map.
🟠 [AcksBuilder] Unknown media item type "Text" (item ) — used "Text" as the prefix; add it to Acks_Formats type_prefix_map.
🟠 [AcksBuilder] Unknown media item type "Text/quote" (item 21) — used "Text/quote" as the prefix; add it to Acks_Formats type_prefix_map.
🟠 [AcksBuilder] Unknown media item type "Text" (item 22.) — used "Text" as the prefix; add it to Acks_Formats type_prefix_map.
🟠 [AcksBuilder] YouTube metadata unavailable for item  (stubbed) — possible dead link worth checking: https://www.youtube.com/watch?v=E39K55aauG8
🟠 [AcksBuilder] YouTube metadata unavailable for item  (stubbed) — possible dead link worth checking: https://www.youtube.com/watch?v=SQA2F7U_mvs
🟠 [AcksBuilder] Unknown media item type "Text document" (item ) — used "Text document" as the prefix; add it to Acks_Formats type_prefix_map.
🟠 [AcksBuilder] YouTube metadata unavailable for item  (stubbed) — possible dead link worth checking: https://www.youtube.com/watch?v=1jmbM5krIMg
🟠 [AcksBuilder] Unknown media item type "Text doc" (item ) — used "Text doc" as the prefix; add it to Acks_Formats type_prefix_map.
🟠 [AcksBuilder] YouTube metadata unavailable for item  (stubbed) — possible dead link worth checking: https://www.youtube.com/watch?v=6Bz1zDdpmOk
🟠 [AcksBuilder] Unknown media item type "Article" (item 48.) — used "Article" as the prefix; add it to Acks_Formats type_prefix_map.
🟠 [AcksBuilder] Unknown media item type "Cartoon" (item 51) — used "Cartoon" as the prefix; add it to Acks_Formats type_prefix_map.
🟠 [AcksBuilder] YouTube metadata unavailable for item 54 (stubbed) — possible dead link worth checking: https://www.youtube.com/watch?v=8mrzrSzxwBY&pp=ygUJI3BhbXBsZXRz
🟠 [AcksBuilder] Unknown media item type "Website" (item 55) — used "Website" as the prefix; add it to Acks_Formats type_prefix_map.
🟠 [AcksBuilder] Unknown media item type "Microsoft support" (item 56) — used "Microsoft support" as the prefix; add it to Acks_Formats type_prefix_map.
🟠 [AcksBuilder] YouTube metadata unavailable for item 5656 (stubbed) — possible dead link worth checking: https://www.youtube.com/watch?v=8mrzrSzxwBY&pp=ygUJI3BhbXBsZXRz
🟠 [AcksBuilder] Unknown media item type "Website" (item 5757) — used "Website" as the prefix; add it to Acks_Formats type_prefix_map.
🟠 [AcksBuilder] Unknown media item type "Microsoft support" (item 58) — used "Microsoft support" as the prefix; add it to Acks_Formats type_prefix_map.
🟢 [AcksBuilder] Media item 55 placed in lesson 6.0 by neighbour interpolation — verify its group.
🟢 [AcksBuilder] Media item 5757 placed in lesson 6.0 by neighbour interpolation — verify its group.
🟠 [AcksBuilder] Media item  could not be mapped to a lesson — placed in the first group (0.0); verify.
🟢 [SkeletonBuilder] Page 1.0: h1_count wants 2 title(s) but the source provided 1 — emitted what exists.
🟢 [SkeletonBuilder] Page 2.0: h1_count wants 2 title(s) but the source provided 1 — emitted what exists.
🟢 [SkeletonBuilder] Page 3.0: h1_count wants 2 title(s) but the source provided 1 — emitted what exists.
🟢 [SkeletonBuilder] Page 4.0: h1_count wants 2 title(s) but the source provided 1 — emitted what exists.
🟢 [SkeletonBuilder] Page 5.0: h1_count wants 2 title(s) but the source provided 1 — emitted what exists.
🟢 [SkeletonBuilder] Page 6.0: h1_count wants 2 title(s) but the source provided 1 — emitted what exists.
🟢 [ConventionResolver] HTML conventions from group 1-10 Blended Literacy|1-3: overview menu two_col_li, lesson menu two_col_li.
🟢 [PageSplitter] [end page] on the overview disregarded — an introduction-cluster marker follows ([Title]/[Introduction]/[supervisor note]; AR-1 generalised).
🟢 [ContentConverter] Page 0.0: supervisor note swapped after its section heading (BLL pairing pre-pass).
🟢 [ContentConverter] Page 0.0: supervisor note paired with its section paragraph (BLL family convention).
🟢 [MenuBuilder] Menu heading "Tirohanga Whānui | Overview" is the section label — consumed (the menu scaffolding names it).
🟢 [MenuBuilder] Menu heading "Know" had no content beneath it — omitted (empty preconfigured scaffolding).
🟢 [MenuBuilder] Menu heading "Do" had no content beneath it — omitted (empty preconfigured scaffolding).
🟢 [ContentConverter] Page 1.0: [activity] auto-closed before the next activity.
🟢 [ContentConverter] Page 1.0: [activity] auto-closed before the next activity.
🟢 [ContentConverter] Page 1.0: [activity] auto-closed before the next activity.
🟢 [ContentConverter] Page 1.0: [activity] auto-closed before the next activity.
🟢 [InteractiveScanner] Activity 2A: additional widget [typing quiz] absorbed (unclassified + selfCheck).
🟢 [ContentConverter] Page 2.0: [activity] auto-closed before the next activity.
🟢 [ContentConverter] Page 2.0: [activity] auto-closed before the next activity.
🟢 [InteractiveBuilder] Built carousel #6 from captured data (no placeholder needed).
🟠 [AcksBuilder] YouTube metadata unavailable for item  (stubbed) — possible dead link worth checking: https://www.youtube.com/watch?v=MQpw77l-l6M
🟠 [AcksBuilder] Unknown media item type "Embedded story" (item ) — used "Embedded story" as the prefix; add it to Acks_Formats type_prefix_map.
🟠 [AcksBuilder] YouTube metadata unavailable for item  (stubbed) — possible dead link worth checking: https://www.youtube.com/watch?v=_BmfaOwHVt4
🟠 [AcksBuilder] YouTube metadata unavailable for item  (stubbed) — possible dead link worth checking: https://www.youtube.com/watch?v=8k4T2StoQtI
🟠 [AcksBuilder] YouTube metadata unavailable for item  (stubbed) — possible dead link worth checking: https://www.youtube.com/watch?v=NWYdRfIC2r8
🟠 [AcksBuilder] 6 iStock titles could not be verified (no *istock-acks*.txt was supplied); each is marked ❗ and the acks block carries a designer note.
🟢 [SkeletonBuilder] footer_links "final" value "—" is not a footer pattern (the registry's no-evidence marker) — the KB's final-page form "prev+home" applied (footer.kb_position_defaults).
🟢 [ConventionResolver] HTML conventions from group 1-10 Blended Literacy|1-3: overview menu two_col_li, lesson menu two_col_li.
🟢 [PageSplitter] [end page] on the overview disregarded — an introduction-cluster marker follows ([Title]/[Introduction]/[supervisor note]; AR-1 generalised).
🟢 [PageSplitter] Implicit page break: content continues after [end page] without a [LESSON] tag — opened page 1.0.
🟢 [ContentConverter] Page 0.0: supervisor note swapped after its section heading (BLL pairing pre-pass).
🟢 [ContentConverter] Page 0.0: supervisor note paired with its section paragraph (BLL family convention).
🟢 [MenuBuilder] Menu heading "Tirohanga Whānui | Overview" is the section label — consumed (the menu scaffolding names it).
🟢 [ContentConverter] Page 1.0: [activity] auto-closed before the next activity.
🟢 [ContentConverter] Page 1.0: [activity] auto-closed before the next activity.
🟢 [ContentConverter] Page 1.0: [activity] auto-closed before the next activity.
🟢 [ContentConverter] Page 1.0: [activity] auto-closed before the next side alert.
🟢 [ContentConverter] Page 1.1: [activity] auto-closed before the next activity.
🟠 [ContentConverter] Page 1.1: [activity] was never closed — closed at page end.
🟠 [AcksBuilder] Unknown media item type "Embedded story" (item ) — used "Embedded story" as the prefix; add it to Acks_Formats type_prefix_map.
🟠 [AcksBuilder] YouTube metadata unavailable for item  (stubbed) — possible dead link worth checking: https://www.youtube.com/watch?v=siZLJcUAKOw
🟠 [AcksBuilder] Unknown media item type "Embedded story" (item ) — used "Embedded story" as the prefix; add it to Acks_Formats type_prefix_map.
🟠 [AcksBuilder] YouTube metadata unavailable for item  (stubbed) — possible dead link worth checking: https://www.youtube.com/watch?v=lRiZd-UIpA0
🟠 [AcksBuilder] YouTube metadata unavailable for item  (stubbed) — possible dead link worth checking: https://www.youtube.com/watch?v=zNF93_ALPZA
🟠 [AcksBuilder] YouTube metadata unavailable for item  (stubbed) — possible dead link worth checking: https://www.youtube.com/watch?v=doZLrqQkM04
🟢 [AcksBuilder] Media item  placed in lesson 1.0 by neighbour interpolation — verify its group.
🟢 [AcksBuilder] Media item  placed in lesson 1.0 by neighbour interpolation — verify its group.
🟢 [AcksBuilder] Media item  placed in lesson 1.0 by neighbour interpolation — verify its group.
🟢 [AcksBuilder] Media item  placed in lesson 1.0 by neighbour interpolation — verify its group.
🟢 [AcksBuilder] Media item  placed in lesson 1.0 by neighbour interpolation — verify its group.
🟢 [AcksBuilder] Media item  placed in lesson 1.0 by neighbour interpolation — verify its group.
🟢 [AcksBuilder] Media item  placed in lesson 1.0 by neighbour interpolation — verify its group.
🟠 [AcksBuilder] Media item  could not be mapped to a lesson — placed in the first group (0.0); verify.
🟠 [AcksBuilder] 4 iStock titles could not be verified (no *istock-acks*.txt was supplied); each is marked ❗ and the acks block carries a designer note.
🟢 [SkeletonBuilder] footer_links "final" value "—" is not a footer pattern (the registry's no-evidence marker) — the KB's final-page form "prev+home" applied (footer.kb_position_defaults).
🟢 [ConventionResolver] HTML conventions from group 1-10 Blended Literacy|1-3: overview menu two_col_li, lesson menu two_col_li.
🟢 [PageSplitter] [end page] on the overview disregarded — an introduction-cluster marker follows ([Title]/[Introduction]/[supervisor note]; AR-1 generalised).
🟢 [PageSplitter] Implicit page break: content continues after [end page] without a [LESSON] tag — opened page 1.0.
🟢 [ContentConverter] Page 0.0: supervisor note swapped after its section heading (BLL pairing pre-pass).
🟢 [ContentConverter] Page 0.0: supervisor note paired with its section paragraph (BLL family convention).
🟢 [MenuBuilder] Menu heading "Tirohanga Whānui | Overview" is the section label — consumed (the menu scaffolding names it).
🟢 [InteractiveBuilder] Built carousel #1 from captured data (no placeholder needed).
🟢 [ContentConverter] Page 1.0: [activity] auto-closed before the next activity.
🟢 [ContentConverter] Page 1.0: activity box kept open for its trailing upload box (round 314).
🟢 [InteractiveBuilder] Built dropDown #6 from captured data (no placeholder needed).
🟢 [ContentConverter] Page 1.0: [activity] auto-closed before the next activity.
🟢 [InteractiveBuilder] Built dropDown #7 from captured data (no placeholder needed).
🟠 [ContentConverter] Page 1.0: [activity] was never closed — closed at page end.
🟢 [InteractiveScanner] Activity 2B: additional widget [flip card] absorbed (flipCard + flipCard).
🟢 [InteractiveScanner] Activity 2D: additional widget [dropdown] absorbed (carousel + dropDown).
🟢 [ContentConverter] Page 1.1: [activity] auto-closed before the next activity.
🟢 [ContentConverter] Page 1.1: [activity] auto-closed before the next activity.
🟢 [ContentConverter] Page 1.1: [end other] had no open container — ignored.
🟠 [AcksBuilder] YouTube metadata unavailable for item 1 (stubbed) — possible dead link worth checking: https://www.youtube.com/watch?v=splRdste9FE
🟠 [AcksBuilder] YouTube metadata unavailable for item 2 (stubbed) — possible dead link worth checking: https://www.youtube.com/watch?v=HDnnkM0Yjd0&t=1s
🟠 [AcksBuilder] YouTube metadata unavailable for item 3 (stubbed) — possible dead link worth checking: https://www.youtube.com/watch?v=esc6yoAU5yU
🟠 [AcksBuilder] YouTube metadata unavailable for item 4 (stubbed) — possible dead link worth checking: https://www.youtube.com/watch?v=MOIgBRBazYg
🟠 [AcksBuilder] Unknown media item type "Embedded text" (item 5) — used "Embedded text" as the prefix; add it to Acks_Formats type_prefix_map.
🟠 [AcksBuilder] YouTube metadata unavailable for item 5 (stubbed) — possible dead link worth checking: https://www.youtube.com/watch?v=4MHSHugYLc8
🟠 [AcksBuilder] YouTube metadata unavailable for item 6 (stubbed) — possible dead link worth checking: https://www.youtube.com/watch?v=06UCpMgkNJs
🟠 [AcksBuilder] Unknown media item type "Embedded text" (item 7) — used "Embedded text" as the prefix; add it to Acks_Formats type_prefix_map.
🟢 [SkeletonBuilder] footer_links "final" value "—" is not a footer pattern (the registry's no-evidence marker) — the KB's final-page form "prev+home" applied (footer.kb_position_defaults).
🟢 [ConventionResolver] HTML conventions from group 1-10 Blended Literacy|1-3: overview menu two_col_li, lesson menu two_col_li.
🟢 [PageSplitter] [end page] on the overview disregarded — an introduction-cluster marker follows ([Title]/[Introduction]/[supervisor note]; AR-1 generalised).
🟢 [PageSplitter] Implicit page break: content continues after [end page] without a [LESSON] tag — opened page 1.0.
🟢 [ContentConverter] Page 0.0: supervisor note swapped after its section heading (BLL pairing pre-pass).
🟢 [ContentConverter] Page 0.0: supervisor note paired with its section paragraph (BLL family convention).
🟢 [MenuBuilder] Menu heading "Tirohanga Whānui | Overview" is the section label — consumed (the menu scaffolding names it).
🟢 [InteractiveBuilder] Built dropDown #5 from captured data (no placeholder needed).
🟢 [ContentConverter] Page 1.1: activity box kept open for its trailing upload box (round 314).
🟢 [InteractiveBuilder] Built dropDown #9 from captured data (no placeholder needed).
🟢 [ContentConverter] Page 1.1: [activity] auto-closed before the next activity.
🟢 [ContentConverter] Page 1.1: [activity] auto-closed before the next activity.
🟠 [ContentConverter] Page 1.1: [activity] was never closed — closed at page end.
🟢 [InteractiveBuilder] Built dropDown #12 from captured data (no placeholder needed).
🟢 [ContentConverter] Page 1.2: [end other] had no open container — ignored.
🟠 [AcksBuilder] Unknown media item type "Embedded text" (item 1) — used "Embedded text" as the prefix; add it to Acks_Formats type_prefix_map.
🟠 [AcksBuilder] YouTube metadata unavailable for item 2 (stubbed) — possible dead link worth checking: https://www.youtube.com/watch?v=lu58LRo27x0
🟠 [AcksBuilder] Unknown media item type "Embedded text" (item 3) — used "Embedded text" as the prefix; add it to Acks_Formats type_prefix_map.
🟢 [SkeletonBuilder] footer_links "final" value "—" is not a footer pattern (the registry's no-evidence marker) — the KB's final-page form "prev+home" applied (footer.kb_position_defaults).
🟢 [ConventionResolver] HTML conventions from group 1-10 Blended Literacy|1-3: overview menu two_col_li, lesson menu two_col_li.
🟢 [ContentConverter] Page 0.0: supervisor note swapped after its section heading (BLL pairing pre-pass).
🟢 [ContentConverter] Page 0.0: supervisor note paired with its section paragraph (BLL family convention).
🟢 [MenuBuilder] Menu heading "Tirohanga Whānui | Overview" is the section label — consumed (the menu scaffolding names it).
🟢 [ContentConverter] Page 1.0: [activity] auto-closed before the next activity.
🟢 [ContentConverter] Page 1.0: [activity] auto-closed before the next side alert.
🟢 [InteractiveScanner] Activity 2D: additional widget [accordion] absorbed (carousel + accordion).
🟢 [ContentConverter] Page 2.0: [activity] auto-closed before the next activity.
🟢 [ContentConverter] Page 2.0: [activity] auto-closed before the next activity.
🟠 [AcksBuilder] YouTube metadata unavailable for item  (stubbed) — possible dead link worth checking: https://www.youtube.com/watch?v=ciAhhc7kD1Q
🟠 [AcksBuilder] Unknown media item type "embedded text" (item ) — used "Embedded text" as the prefix; add it to Acks_Formats type_prefix_map.
🟠 [AcksBuilder] YouTube metadata unavailable for item  (stubbed) — possible dead link worth checking: https://www.youtube.com/watch?v=x696dQb3W2k
🟠 [AcksBuilder] Unknown media item type "embedded text" (item ) — used "Embedded text" as the prefix; add it to Acks_Formats type_prefix_map.
🟠 [AcksBuilder] YouTube metadata unavailable for item  (stubbed) — possible dead link worth checking: https://www.youtube.com/watch?v=RxEZ_1goxRo
🟠 [AcksBuilder] 14 iStock titles could not be verified (no *istock-acks*.txt was supplied); each is marked ❗ and the acks block carries a designer note.
🟢 [ConventionResolver] HTML conventions from group 1-10 Blended Literacy|1-3: overview menu two_col_li, lesson menu two_col_li.
🟢 [PageSplitter] [end page] before [MODULE INTRODUCTION] disregarded — the introduction stays on the overview page (AR-1).
🟢 [ContentConverter] Page 0.0: supervisor note swapped after its section heading (BLL pairing pre-pass).
🟢 [ContentConverter] Page 0.0: supervisor note paired with its section paragraph (BLL family convention).
🟢 [MenuBuilder] Menu heading "Tirohanga Whānui | Overview" is the section label — consumed (the menu scaffolding names it).
🟢 [InteractiveScanner] flipCard: additional widget [flip card] absorbed (flipCard + flipCard).
🟢 [InteractiveScanner] flipCard: additional widget [flip card] absorbed (flipCard + flipCard).
🟢 [InteractiveScanner] flipCard: additional widget [flip card] absorbed (flipCard + flipCard).
🟢 [InteractiveScanner] flipCard: additional widget [flip card] absorbed (flipCard + flipCard).
🟢 [InteractiveScanner] flipCard: additional widget [flip card] absorbed (flipCard + flipCard).
🟢 [InteractiveScanner] flipCard: additional widget [flip card] absorbed (flipCard + flipCard).
🟢 [InteractiveScanner] flipCard: additional widget [flip card] absorbed (flipCard + flipCard).
🟢 [InteractiveScanner] flipCard: additional widget [flip card] absorbed (flipCard + flipCard).
🟢 [InteractiveBuilder] Built tabs #1 from captured data (no placeholder needed).
🟢 [ContentConverter] Page 1.0: [activity] auto-closed before the next activity.
🟢 [ContentConverter] Page 1.0: [activity] auto-closed before the next activity.
🟢 [ContentConverter] Page 1.0: [activity] auto-closed before the next activity.
🟢 [InteractiveScanner] clickDrop: additional widget [click drop] absorbed (clickDrop + clickDrop).
🟢 [InteractiveScanner] Activity 2E: additional widget [click drop] absorbed (clickDrop + clickDrop).
🟢 [InteractiveBuilder] Built clickDrop #5 from captured data (no placeholder needed).
🟢 [ContentConverter] Page 2.0: [activity] auto-closed before the next activity.
🟢 [ContentConverter] Page 2.0: [activity] auto-closed before the next activity.
🟢 [InteractiveBuilder] Built clickDrop #8 from captured data (no placeholder needed).
🟠 [AcksBuilder] Unknown media item type "Link to website" (item ) — used "Link to website" as the prefix; add it to Acks_Formats type_prefix_map.
🟠 [AcksBuilder] YouTube metadata unavailable for item  (stubbed) — possible dead link worth checking: https://youtu.be/GmXFj5CCbWA?si=h4IptZjKxCU8qwSl
🟠 [AcksBuilder] Unknown media item type "Link to website" (item ) — used "Link to website" as the prefix; add it to Acks_Formats type_prefix_map.
🟠 [AcksBuilder] Unknown media item type "Link to website" (item ) — used "Link to website" as the prefix; add it to Acks_Formats type_prefix_map.
🟠 [AcksBuilder] Unknown media item type "Website" (item ) — used "Website" as the prefix; add it to Acks_Formats type_prefix_map.
🟠 [AcksBuilder] 2 iStock titles could not be verified (no *istock-acks*.txt was supplied); each is marked ❗ and the acks block carries a designer note.
🟢 [ModuleResolver] BLL265 is not in the registry members — inherited from its level BLL2 (sibling rule).
🟢 [ConventionResolver] HTML conventions from group 1-10 Blended Literacy|1-3: overview menu two_col_li, lesson menu two_col_li.
🟢 [PageSplitter] [Lesson 1] repeats the open lesson's number with no body content between — merged, no empty page emitted (lesson_boundary_guard).
🟢 [PageSplitter] Adjacent page boundaries merged — no empty page emitted (AR-2).
🟢 [ContentConverter] Page 1.0: [end body] had no open container — ignored.
🟢 [ContentConverter] Page 1.1: [end activity] had no open container — ignored.
🟢 [ContentConverter] Page 1.1: [end activity] had no open container — ignored.
🟢 [ContentConverter] Page 1.1: [end activity] had no open container — ignored.
🟢 [ContentConverter] Page 1.1: [end activity] had no open container — ignored.
🟢 [InteractiveBuilder] Built accordion #6 from captured data (no placeholder needed).
🟢 [ContentConverter] Page 2.0: activity box kept open for its trailing upload box (round 314).
🟢 [ContentConverter] Page 2.0: [end accordion] had no open container — ignored.
🟢 [InteractiveBuilder] Built dropDown #7 from captured data (no placeholder needed).
🟢 [ContentConverter] Page 2.0: [end activity] had no open container — ignored.
🟢 [InteractiveBuilder] Built accordion #9 from captured data (no placeholder needed).
🟢 [ContentConverter] Page 2.0: [end accordion] had no open container — ignored.
🟢 [ContentConverter] Page 2.0: [end carousel] had no open container — ignored.
🟢 [ContentConverter] Page 2.0: [end activity] had no open container — ignored.
🟢 [InteractiveBuilder] Built accordion #11 from captured data (no placeholder needed).
🟢 [ContentConverter] Page 2.0: activity box kept open for its trailing upload box (round 314).
🟢 [ContentConverter] Page 2.0: [end accordion] had no open container — ignored.
🟢 [InteractiveBuilder] Built dropDown #12 from captured data (no placeholder needed).
🟢 [ContentConverter] Page 2.0: activity box kept open for its trailing upload box (round 314).
🟢 [InteractiveBuilder] Built dropDown #14 from captured data (no placeholder needed).
🟢 [ContentConverter] Page 2.0: [end other] had no open container — ignored.
🟠 [AcksBuilder] Unknown media item type "Image of Poem" (item ) — used "Image of poem" as the prefix; add it to Acks_Formats type_prefix_map.
🟠 [AcksBuilder] Unknown media item type "Text" (item ) — used "Text" as the prefix; add it to Acks_Formats type_prefix_map.
🟠 [AcksBuilder] YouTube metadata unavailable for item  (stubbed) — possible dead link worth checking: https://www.youtube.com/watch?v=NHXidlH-dBw
🟠 [AcksBuilder] YouTube metadata unavailable for item  (stubbed) — possible dead link worth checking: https://www.youtube.com/watch?v=LYN_typ45K4
🟠 [AcksBuilder] YouTube metadata unavailable for item  (stubbed) — possible dead link worth checking: https://www.youtube.com/watch?v=HN0GxOQMzME
🟠 [AcksBuilder] YouTube metadata unavailable for item  (stubbed) — possible dead link worth checking: https://www.youtube.com/watch?v=KE4blc-4jqE
🟠 [AcksBuilder] YouTube metadata unavailable for item  (stubbed) — possible dead link worth checking: https://www.youtube.com/watch?v=UH1I5Yz6IXo
🟢 [AcksBuilder] Media item **Reminder: List all external platforms recommended to the student in the module for copyright review (old and new links)** placed in lesson 2.0 by neighbour interpolation — verify its group.
🟠 [AcksBuilder] 3 iStock titles could not be verified (no *istock-acks*.txt was supplied); each is marked ❗ and the acks block carries a designer note.
🟢 [ModuleResolver] CEDO201 is not in the registry members — inherited from its level CEDO2 (sibling rule).
🟢 [ConventionResolver] HTML conventions from group ConnectED|4-6: overview menu two_col_li, lesson menu two_col_li.
🟢 [InteractiveScanner] Activity 2A: additional widget [accordion] absorbed (accordion + accordion).
🟢 [InteractiveScanner] Activity 2A: additional widget [accordion] absorbed (accordion + accordion).
🟢 [InteractiveScanner] Activity 3A: additional widget [accordion] absorbed (accordion + accordion).
🟢 [InteractiveScanner] Activity 3A: additional widget [accordion] absorbed (accordion + accordion).
🟢 [InteractiveScanner] Activity 5A: additional widget [accordion] absorbed (accordion + accordion).
🟢 [InteractiveScanner] Activity 5A: additional widget [accordion] absorbed (accordion + accordion).
🟢 [InteractiveScanner] clickDrop: additional widget [click drop] absorbed (clickDrop + clickDrop).
🟢 [InteractiveScanner] clickDrop: additional widget [click drop] absorbed (clickDrop + clickDrop).
🟢 [InteractiveScanner] clickDrop: additional widget [click drop] absorbed (clickDrop + clickDrop).
🟢 [InteractiveScanner] Activity 6A: additional widget [accordion] absorbed (accordion + accordion).
🟢 [InteractiveScanner] Activity 6A: additional widget [accordion] absorbed (accordion + accordion).
🟢 [InteractiveScanner] Activity 6A: additional widget [accordion] absorbed (accordion + accordion).
🟢 [InteractiveBuilder] Built carousel #1 from captured data (no placeholder needed).
🟢 [InteractiveBuilder] Built accordion #2 from captured data (no placeholder needed).
🟢 [ContentConverter] Page 0.0: [end accordion] had no open container — ignored.
🟢 [ContentConverter] Page 0.0: [end activity] had no open container — ignored.
🟢 [InteractiveBuilder] Built accordion #3 from captured data (no placeholder needed).
🟢 [ContentConverter] Page 0.0: [end accordion] had no open container — ignored.
🟢 [ContentConverter] Page 0.0: [end activity] had no open container — ignored.
🟢 [ContentConverter] Page 0.0: [activity] auto-closed before the next activity.
🟢 [ContentConverter] Page 0.0: [activity] auto-closed before the next h3.
🟢 [InteractiveBuilder] Built accordion #4 from captured data (no placeholder needed).
🟢 [ContentConverter] Page 0.0: [end accordion] had no open container — ignored.
🟢 [InteractiveBuilder] Built clickDrop #5 from captured data (no placeholder needed).
🟢 [ContentConverter] Page 0.0: [end click drop] had no open container — ignored.
🟢 [InteractiveBuilder] Built accordion #6 from captured data (no placeholder needed).
🟢 [ContentConverter] Page 0.0: [end accordion] had no open container — ignored.
🟢 [MenuBuilder] Menu heading "Tirohanga Whānui | Overview" is the section label — consumed (the menu scaffolding names it).
🟠 [AcksBuilder] YouTube metadata unavailable for item  (stubbed) — possible dead link worth checking: https://www.youtube.com/watch?v=HEyulDw4dOw
🟠 [AcksBuilder] YouTube metadata unavailable for item  (stubbed) — possible dead link worth checking: https://www.youtube.com/watch?v=QEzlsjAqADA
🟠 [AcksBuilder] Unknown media item type "Template" (item ) — used "Template" as the prefix; add it to Acks_Formats type_prefix_map.
🟠 [AcksBuilder] Unknown media item type "Template" (item ) — used "Template" as the prefix; add it to Acks_Formats type_prefix_map.
🟠 [AcksBuilder] YouTube metadata unavailable for item  (stubbed) — possible dead link worth checking: https://www.youtube.com/watch?v=MFGg1calQ6k
🟠 [AcksBuilder] 16 iStock titles could not be verified (no *istock-acks*.txt was supplied); each is marked ❗ and the acks block carries a designer note.
🟠 [SkeletonBuilder] module_code value "—" has no module_code_value_map entry — element omitted; add the value to Emit_Templates.
🟢 [SkeletonBuilder] footer_links "overview" value "—" is not a footer pattern (the registry's no-evidence marker) — the KB's overview-page form "next+home" applied (footer.kb_position_defaults).
🟢 [ModuleResolver] 5 mined registry field(s) held the unknown literal "n/a" — kept the nearest real tier / library-wide default instead (universal-field fallback; env SKELDEFAULT_OFF reverts).
🟢 [ConventionResolver] HTML conventions from group ConnectED|9-10: overview menu default, lesson menu two_col_li.
🟢 [PageSplitter] Second [TITLE BAR] kept in-page — registry page_model is single-file.
🟢 [ContentConverter] Page 0.0: 4 inline definitions woven onto the anchor word (orphan definition weave).
🟢 [InteractiveBuilder] Built dropDown #3 from captured data (no placeholder needed).
🟢 [ContentConverter] Page 0.0: [activity] auto-closed before the next h3.
🟢 [ContentConverter] Page 0.0: [activity] auto-closed before the next h3.
🟢 [InteractiveBuilder] Built carousel #8 from captured data (no placeholder needed).
🟢 [ContentConverter] Page 0.0: [activity] auto-closed before the next lesson content.
🟢 [ContentConverter] Page 0.0: [activity] auto-closed before the next important.
🟢 [ContentConverter] Page 0.0: [activity] auto-closed before the next important.
🟢 [ContentConverter] Page 0.0: [activity] auto-closed before the next h3.
🟢 [ContentConverter] Page 0.0: [activity] auto-closed before the next lesson content.
🟢 [InteractiveBuilder] Built dropDown #18 from captured data (no placeholder needed).
🟢 [MenuBuilder] Menu heading "Tirohanga Whānui | Overview" is the section label — consumed (the menu scaffolding names it).
🟠 [AcksBuilder] YouTube metadata unavailable for item  (stubbed) — possible dead link worth checking: https://www.youtube.com/watch?v=wZLje3MmrPE
🟠 [AcksBuilder] YouTube metadata unavailable for item  (stubbed) — possible dead link worth checking: https://www.youtube.com/watch?v=TyXQnaLcw3U
🟠 [AcksBuilder] YouTube metadata unavailable for item  (stubbed) — possible dead link worth checking: https://www.youtube.com/watch?v=SGp3EHmGLH8
🟠 [AcksBuilder] YouTube metadata unavailable for item  (stubbed) — possible dead link worth checking: https://www.youtube.com/watch?v=qRmWpfpW2Yo
🟠 [AcksBuilder] Unknown media item type "graphic" (item ) — used "Graphic" as the prefix; add it to Acks_Formats type_prefix_map.
🟠 [AcksBuilder] YouTube metadata unavailable for item  (stubbed) — possible dead link worth checking: https://www.youtube.com/watch?v=oIbrz-tS098
🟠 [AcksBuilder] YouTube metadata unavailable for item 38. (stubbed) — possible dead link worth checking: https://www.youtube.com/watch?v=y_CJFEKNvX8
🟠 [AcksBuilder] YouTube metadata unavailable for item 51 (stubbed) — possible dead link worth checking: https://www.youtube.com/watch?v=4gSzZp-gZRg&t=22s
🟠 [AcksBuilder] YouTube metadata unavailable for item 52 (stubbed) — possible dead link worth checking: https://www.youtube.com/watch?v=8AsNybeYq_Y
🟠 [AcksBuilder] YouTube metadata unavailable for item 60. (stubbed) — possible dead link worth checking: https://www.youtube.com/watch?v=On9qFBNoMS8
🟠 [AcksBuilder] YouTube metadata unavailable for item 61 (stubbed) — possible dead link worth checking: https://www.youtube.com/watch?v=K-QLuf8AvFI
🟠 [AcksBuilder] YouTube metadata unavailable for item 62. (stubbed) — possible dead link worth checking: https://www.youtube.com/watch?v=geh9fNJ5F8U
🟠 [AcksBuilder] Unknown media item type "Wave file" (item 64.) — used "Wave file" as the prefix; add it to Acks_Formats type_prefix_map.
🟠 [AcksBuilder] Unknown media item type "Wave file" (item 65.) — used "Wave file" as the prefix; add it to Acks_Formats type_prefix_map.
🟠 [AcksBuilder] Unknown media item type "Wave file" (item 66.) — used "Wave file" as the prefix; add it to Acks_Formats type_prefix_map.
🟠 [AcksBuilder] Unknown media item type "Wave file" (item 67.) — used "Wave file" as the prefix; add it to Acks_Formats type_prefix_map.
🟠 [AcksBuilder] YouTube metadata unavailable for item 69 (stubbed) — possible dead link worth checking: https://www.youtube.com/watch?v=p5XoYtkySNA
🟠 [AcksBuilder] YouTube metadata unavailable for item 70 (stubbed) — possible dead link worth checking: https://www.youtube.com/watch?v=svyHrb7nNI8
🟠 [AcksBuilder] YouTube metadata unavailable for item 74. (stubbed) — possible dead link worth checking: https://www.youtube.com/watch?v=ROo6DmJ-ohU
🟠 [AcksBuilder] YouTube metadata unavailable for item 80 (stubbed) — possible dead link worth checking: https://www.youtube.com/watch?v=YRwugfTdK_k
🟠 [AcksBuilder] YouTube metadata unavailable for item 81. (stubbed) — possible dead link worth checking: https://www.youtube.com/watch?v=pGPk2DlBz98
🟠 [AcksBuilder] YouTube metadata unavailable for item 82. (stubbed) — possible dead link worth checking: https://www.youtube.com/watch?v=HgHsHVydWZg
🟠 [AcksBuilder] Unknown media item type "Cartoon" (item 87.) — used "Cartoon" as the prefix; add it to Acks_Formats type_prefix_map.
🟠 [AcksBuilder] YouTube metadata unavailable for item 88. (stubbed) — possible dead link worth checking: https://www.youtube.com/watch?v=3U6UhcOR30o
🟠 [AcksBuilder] YouTube metadata unavailable for item 90. (stubbed) — possible dead link worth checking: https://www.youtube.com/watch?v=YRwugfTdK_k
🟢 [AcksBuilder] Media item 50. placed in lesson 0.0 by neighbour interpolation — verify its group.
🟢 [AcksBuilder] Media item 88. placed in lesson 0.0 by neighbour interpolation — verify its group.
🟠 [AcksBuilder] 30 iStock titles could not be verified (no *istock-acks*.txt was supplied); each is marked ❗ and the acks block carries a designer note.
🟢 [SkeletonBuilder] template attribute "9-10" overridden to the level-1 preset "1-3" (template_phase_presets — the module-level rule outranks sibling inheritance for this attribute only).
🟠 [SkeletonBuilder] module_code value "—" has no module_code_value_map entry — element omitted; add the value to Emit_Templates.
🟢 [SkeletonBuilder] footer_links "overview" value "—" is not a footer pattern (the registry's no-evidence marker) — the KB's overview-page form "next+home" applied (footer.kb_position_defaults).
🟢 [ConventionResolver] No convention group found for this module — using the global Emit_Templates defaults.
🟢 [PageSplitter] Registry says single-file but lesson/page tags exist — keeping ONE file; the tags become in-page breaks (registry rule).
🟢 [InteractiveScanner] clickingOrder: additional widget [clicking order] absorbed (clickingOrder + clickingOrder).
🟢 [InteractiveScanner] typing: additional widget [typing quiz] absorbed (typing + typing).
🟢 [InteractiveScanner] typing: additional widget [typing quiz] absorbed (typing + typing).
🟢 [InteractiveScanner] typing: additional widget [typing quiz] absorbed (typing + typing).
🟢 [InteractiveScanner] typing: additional widget [typing quiz] absorbed (typing + typing).
🟢 [InteractiveScanner] clickDrop: additional widget [click drop] absorbed (clickDrop + clickDrop).
🟢 [InteractiveScanner] clickDrop: additional widget [click drop] absorbed (clickDrop + clickDrop).
🟢 [InteractiveScanner] hint: additional widget [hint] absorbed (hint + hint).
🟢 [InteractiveScanner] hint: additional widget [hint] absorbed (hint + hint).
🟢 [InteractiveScanner] hint: additional widget [hint] absorbed (hint + hint).
🟢 [ContentConverter] Level-page fundamentals dialect: 2 levels (Novice, Emergent) — panels grouped by level, [Page Overview] blocks routed to the module menu (fundamentals_panels.level_pages).
🟢 [InteractiveBuilder] Built carousel #1 from captured data (no placeholder needed).
🟢 [InteractiveBuilder] Built flipCard #4 from captured data (no placeholder needed).
🟢 [InteractiveBuilder] Built speechBubble #6 from captured data (no placeholder needed).
🟢 [InteractiveBuilder] Built carousel #7 from captured data (no placeholder needed).
🟢 [InteractiveBuilder] Built flipCard #9 from captured data (no placeholder needed).
🟢 [InteractiveBuilder] Built speechBubble #11 from captured data (no placeholder needed).
🟢 [InteractiveBuilder] Built accordion #13 from captured data (no placeholder needed).
🟢 [InteractiveBuilder] Built flipCard #16 from captured data (no placeholder needed).
🟢 [InteractiveBuilder] Built speechBubble #17 from captured data (no placeholder needed).
🟢 [InteractiveBuilder] Built speechBubble #20 from captured data (no placeholder needed).
🟢 [InteractiveBuilder] Built carousel #21 from captured data (no placeholder needed).
🟢 [InteractiveBuilder] Built speechBubble #22 from captured data (no placeholder needed).
🟢 [InteractiveBuilder] Built clickDrop #25 from captured data (no placeholder needed).
🟢 [InteractiveBuilder] Built accordion #27 from captured data (no placeholder needed).
🟢 [InteractiveBuilder] Built carousel #28 from captured data (no placeholder needed).
🟢 [InteractiveBuilder] Built flipCard #30 from captured data (no placeholder needed).
🟢 [InteractiveBuilder] Built dragAndDrop #31 from captured data (no placeholder needed).
🟢 [InteractiveBuilder] Built speechBubble #32 from captured data (no placeholder needed).
🟢 [InteractiveBuilder] Built flipCard #33 from captured data (no placeholder needed).
🟢 [InteractiveBuilder] Built accordion #35 from captured data (no placeholder needed).
🟢 [InteractiveBuilder] Built carousel #36 from captured data (no placeholder needed).
🟢 [InteractiveBuilder] Built accordion #38 from captured data (no placeholder needed).
🟢 [InteractiveBuilder] Built carousel #39 from captured data (no placeholder needed).
🟢 [InteractiveBuilder] Built carousel #40 from captured data (no placeholder needed).
🟢 [InteractiveBuilder] Built accordion #42 from captured data (no placeholder needed).
🟢 [InteractiveBuilder] Built accordion #44 from captured data (no placeholder needed).
🟢 [InteractiveBuilder] Built speechBubble #46 from captured data (no placeholder needed).
🟢 [InteractiveBuilder] Built accordion #47 from captured data (no placeholder needed).
🟢 [InteractiveBuilder] Built carousel #48 from captured data (no placeholder needed).
🟢 [InteractiveBuilder] Built speechBubble #51 from captured data (no placeholder needed).
🟢 [InteractiveBuilder] Built accordion #52 from captured data (no placeholder needed).
🟢 [InteractiveBuilder] Built accordion #54 from captured data (no placeholder needed).
🟢 [InteractiveBuilder] Built accordion #55 from captured data (no placeholder needed).
🟢 [InteractiveBuilder] Built accordion #57 from captured data (no placeholder needed).
🟢 [InteractiveBuilder] Built accordion #60 from captured data (no placeholder needed).
🟢 [InteractiveBuilder] Built speechBubble #62 from captured data (no placeholder needed).
🟢 [InteractiveBuilder] Built flipCard #63 from captured data (no placeholder needed).
🟢 [InteractiveBuilder] Built flipCard #65 from captured data (no placeholder needed).
🟢 [InteractiveBuilder] Built flipCard #67 from captured data (no placeholder needed).
🟢 [InteractiveBuilder] Built flipCard #68 from captured data (no placeholder needed).
🟢 [InteractiveBuilder] Built accordion #70 from captured data (no placeholder needed).
🟢 [InteractiveBuilder] Built accordion #72 from captured data (no placeholder needed).
🟢 [InteractiveBuilder] Built accordion #74 from captured data (no placeholder needed).
🟢 [InteractiveBuilder] Built carousel #75 from captured data (no placeholder needed).
🟢 [InteractiveBuilder] Built accordion #77 from captured data (no placeholder needed).
🟢 [InteractiveBuilder] Built flipCard #79 from captured data (no placeholder needed).
🟢 [InteractiveBuilder] Built accordion #82 from captured data (no placeholder needed).
🟢 [InteractiveBuilder] Built accordion #84 from captured data (no placeholder needed).
🟢 [InteractiveBuilder] Built flipCard #86 from captured data (no placeholder needed).
🟢 [InteractiveBuilder] Built carousel #88 from captured data (no placeholder needed).
🟢 [InteractiveBuilder] Built accordion #89 from captured data (no placeholder needed).
🟢 [InteractiveBuilder] Built accordion #91 from captured data (no placeholder needed).
🟢 [MenuBuilder] Overview menu composed as level tabs (Overview + Novice, Emergent; fundamentals_panels.level_pages).
🟠 [AcksBuilder] YouTube metadata unavailable for item  (stubbed) — possible dead link worth checking: https://www.youtube.com/watch?v=EReU1BKtAXo
🟠 [AcksBuilder] YouTube metadata unavailable for item  (stubbed) — possible dead link worth checking: https://www.youtube.com/shorts/EzFbDUyfQ_M
🟠 [AcksBuilder] YouTube metadata unavailable for item  (stubbed) — possible dead link worth checking: https://www.youtube.com/shorts/AVacsszbBv0
🟠 [AcksBuilder] YouTube metadata unavailable for item  (stubbed) — possible dead link worth checking: https://www.youtube.com/watch?v=2okDjDgL_ec
🟠 [AcksBuilder] YouTube metadata unavailable for item  (stubbed) — possible dead link worth checking: https://www.youtube.com/shorts/nO6qdiXg5wc
🟠 [AcksBuilder] YouTube metadata unavailable for item  (stubbed) — possible dead link worth checking: https://www.youtube.com/watch?v=alpZjv2fbQ0
🟠 [AcksBuilder] YouTube metadata unavailable for item  (stubbed) — possible dead link worth checking: https://www.youtube.com/shorts/nKRYIax12EE
🟠 [AcksBuilder] YouTube metadata unavailable for item  (stubbed) — possible dead link worth checking: https://www.youtube.com/shorts/E5gCkAkJZ8c
🟠 [AcksBuilder] YouTube metadata unavailable for item  (stubbed) — possible dead link worth checking: https://www.youtube.com/shorts/q7fy7z9spXU
🟠 [AcksBuilder] YouTube metadata unavailable for item  (stubbed) — possible dead link worth checking: https://www.youtube.com/shorts/sKkXUWkv2Pk
🟠 [AcksBuilder] YouTube metadata unavailable for item  (stubbed) — possible dead link worth checking: https://www.youtube.com/shorts/vfmArtHdJIw
🟠 [AcksBuilder] YouTube metadata unavailable for item  (stubbed) — possible dead link worth checking: https://www.youtube.com/shorts/FGopmskxhbk
🟠 [AcksBuilder] YouTube metadata unavailable for item  (stubbed) — possible dead link worth checking: https://www.youtube.com/shorts/_jWBe4_oFXM
🟠 [AcksBuilder] YouTube metadata unavailable for item  (stubbed) — possible dead link worth checking: https://www.youtube.com/shorts/gRLlQPpWnls
🟠 [AcksBuilder] YouTube metadata unavailable for item  (stubbed) — possible dead link worth checking: https://www.youtube.com/shorts/lY3OEgpJxCU
🟠 [AcksBuilder] YouTube metadata unavailable for item  (stubbed) — possible dead link worth checking: https://www.youtube.com/shorts/lg2ktNOZyqA
🟠 [AcksBuilder] YouTube metadata unavailable for item  (stubbed) — possible dead link worth checking: https://www.youtube.com/shorts/lsg0al4w_YQ
🟠 [AcksBuilder] YouTube metadata unavailable for item  (stubbed) — possible dead link worth checking: https://www.youtube.com/watch?v=_ravO1DkkB0
🟠 [AcksBuilder] YouTube metadata unavailable for item  (stubbed) — possible dead link worth checking: https://www.youtube.com/shorts/jCG41gX15SE
🟠 [AcksBuilder] YouTube metadata unavailable for item  (stubbed) — possible dead link worth checking: https://www.youtube.com/shorts/aTQ7ZRdBCEA
🟠 [AcksBuilder] YouTube metadata unavailable for item  (stubbed) — possible dead link worth checking: https://www.youtube.com/shorts/cOdslRXXjyQ
🟠 [AcksBuilder] YouTube metadata unavailable for item  (stubbed) — possible dead link worth checking: https://www.youtube.com/shorts/_JosMtR1DoY
🟠 [AcksBuilder] YouTube metadata unavailable for item  (stubbed) — possible dead link worth checking: https://www.youtube.com/shorts/jui18gm3uyk
🟠 [AcksBuilder] YouTube metadata unavailable for item  (stubbed) — possible dead link worth checking: https://www.youtube.com/shorts/OcnOr5ZPdzw
🟠 [AcksBuilder] YouTube metadata unavailable for item  (stubbed) — possible dead link worth checking: https://www.youtube.com/watch?v=PpvSgAtWTCs
🟠 [AcksBuilder] YouTube metadata unavailable for item  (stubbed) — possible dead link worth checking: https://www.youtube.com/watch?v=gRCT1dgtC5g
🟠 [AcksBuilder] YouTube metadata unavailable for item  (stubbed) — possible dead link worth checking: https://www.youtube.com/shorts/SdKwlg3EGsA
🟠 [AcksBuilder] YouTube metadata unavailable for item  (stubbed) — possible dead link worth checking: https://www.youtube.com/shorts/NIugOzuipQc
🟠 [AcksBuilder] YouTube metadata unavailable for item  (stubbed) — possible dead link worth checking: https://www.youtube.com/shorts/7CRaAJWaB2U
🟠 [AcksBuilder] YouTube metadata unavailable for item  (stubbed) — possible dead link worth checking: https://www.youtube.com/shorts/pqlveJdcMyM
🟠 [AcksBuilder] YouTube metadata unavailable for item  (stubbed) — possible dead link worth checking: https://www.youtube.com/shorts/zASwoycJMtY
🟠 [AcksBuilder] YouTube metadata unavailable for item  (stubbed) — possible dead link worth checking: https://www.youtube.com/watch?v=ujTm3AHA4xE&t=89s
🟠 [AcksBuilder] YouTube metadata unavailable for item  (stubbed) — possible dead link worth checking: https://www.youtube.com/shorts/6lbnwKm3NLI
🟠 [AcksBuilder] YouTube metadata unavailable for item  (stubbed) — possible dead link worth checking: https://www.youtube.com/shorts/07jNdFiknWg
🟠 [AcksBuilder] YouTube metadata unavailable for item  (stubbed) — possible dead link worth checking: https://www.youtube.com/watch?v=btTe0EvmsrA
🟠 [AcksBuilder] YouTube metadata unavailable for item  (stubbed) — possible dead link worth checking: https://www.youtube.com/shorts/79baI6tJtdA
🟠 [AcksBuilder] YouTube metadata unavailable for item  (stubbed) — possible dead link worth checking: https://www.youtube.com/shorts/ywHu0ERdwmk
🟠 [AcksBuilder] YouTube metadata unavailable for item  (stubbed) — possible dead link worth checking: https://www.youtube.com/shorts/YNRIWWi3mQ8
🟠 [AcksBuilder] YouTube metadata unavailable for item  (stubbed) — possible dead link worth checking: https://www.youtube.com/shorts/sAZ9ywv7EYI
🟠 [AcksBuilder] YouTube metadata unavailable for item  (stubbed) — possible dead link worth checking: https://www.youtube.com/watch?v=5BKxw0hU9bQ
🟠 [AcksBuilder] YouTube metadata unavailable for item  (stubbed) — possible dead link worth checking: https://www.youtube.com/watch?v=XNHK6Fx6hOA
🟠 [AcksBuilder] YouTube metadata unavailable for item  (stubbed) — possible dead link worth checking: https://www.youtube.com/watch?v=NgzUCeQDylg
🟠 [AcksBuilder] YouTube metadata unavailable for item  (stubbed) — possible dead link worth checking: https://www.youtube.com/shorts/MsptDdwPmkc
🟠 [AcksBuilder] YouTube metadata unavailable for item  (stubbed) — possible dead link worth checking: https://www.youtube.com/shorts/srJ4fJMp2is
🟠 [AcksBuilder] YouTube metadata unavailable for item  (stubbed) — possible dead link worth checking: https://www.youtube.com/shorts/E0LKEZOxK04
🟠 [AcksBuilder] YouTube metadata unavailable for item  (stubbed) — possible dead link worth checking: https://www.youtube.com/shorts/tcgkTr5IK_8
🟠 [AcksBuilder] YouTube metadata unavailable for item  (stubbed) — possible dead link worth checking: https://www.youtube.com/shorts/CXTw4p6BP1c
🟠 [AcksBuilder] YouTube metadata unavailable for item  (stubbed) — possible dead link worth checking: https://www.youtube.com/watch?v=Bx2X4-Y_l5o
🟠 [AcksBuilder] YouTube metadata unavailable for item  (stubbed) — possible dead link worth checking: https://www.youtube.com/shorts/hvFrwtUew3s
🟠 [AcksBuilder] YouTube metadata unavailable for item  (stubbed) — possible dead link worth checking: https://www.youtube.com/shorts/tvIb5ymUV3g
🟠 [AcksBuilder] YouTube metadata unavailable for item  (stubbed) — possible dead link worth checking: https://www.youtube.com/watch?v=woH6XGNw75E
🟠 [AcksBuilder] YouTube metadata unavailable for item  (stubbed) — possible dead link worth checking: https://www.youtube.com/shorts/z3Oa5biSwh0
🟠 [AcksBuilder] YouTube metadata unavailable for item  (stubbed) — possible dead link worth checking: https://www.youtube.com/watch?v=JZBSotB9rVM
🟠 [AcksBuilder] YouTube metadata unavailable for item  (stubbed) — possible dead link worth checking: https://www.youtube.com/shorts/sYD6-ygHoYA
🟠 [AcksBuilder] YouTube metadata unavailable for item  (stubbed) — possible dead link worth checking: https://www.youtube.com/shorts/91PSU40MHJw
🟠 [AcksBuilder] YouTube metadata unavailable for item  (stubbed) — possible dead link worth checking: https://www.youtube.com/shorts/N315raEiNsU
🟠 [AcksBuilder] 55 iStock titles could not be verified (no *istock-acks*.txt was supplied); each is marked ❗ and the acks block carries a designer note.
🟠 [ModuleResolver] Multiple module-code candidates found (ENGC201, EN000) — using ENGC201 from filename "ENGC201 Writers Template + Media List.docx".
🟢 [ConventionResolver] HTML conventions from group 1-10 English|4-6: overview menu two_col_li, lesson menu flat.
🟢 [PageSplitter] [end page] before [MODULE INTRODUCTION] disregarded — the introduction stays on the overview page (AR-1).
🟢 [PageSplitter] Content after the final [end page] (18 blocks) is writer-form boilerplate — not emitted (AR-5).
🟢 [MenuBuilder] Menu heading "Tirohanga Whānui | Overview" is the section label — consumed (the menu scaffolding names it).
🟢 [InteractiveBuilder] Built carousel #1 from captured data (no placeholder needed).
🟠 [ContentConverter] Page 1.0: [activity] was never closed — closed at page end.
🟢 [InteractiveBuilder] Built carousel #6 from captured data (no placeholder needed).
🟢 [InteractiveBuilder] Built flipCard #7 from captured data (no placeholder needed).
🟠 [ContentConverter] Page 4.0: [activity] was never closed — closed at page end.
🟠 [ContentConverter] Page 5.0: [activity] was never closed — closed at page end.
🟢 [ContentConverter] Page 6.0: activity box kept open for its trailing upload box (round 314).
🟢 [InteractiveBuilder] Built dropDown #19 from captured data (no placeholder needed).
🟠 [ContentConverter] Page 6.0: [activity] was never closed — closed at page end.
🟠 [AcksBuilder] YouTube metadata unavailable for item  (stubbed) — possible dead link worth checking: https://www.youtube.com/watch?v=SNYy_PPcfmk
🟠 [AcksBuilder] YouTube metadata unavailable for item  (stubbed) — possible dead link worth checking: https://www.youtube.com/watch?v=dOkyKyVFnSs
🟠 [AcksBuilder] YouTube metadata unavailable for item  (stubbed) — possible dead link worth checking: https://www.youtube.com/watch?v=Uqi8xzH73XM
🟠 [AcksBuilder] Unknown media item type "jpg" (item ) — used "Jpg" as the prefix; add it to Acks_Formats type_prefix_map.
🟠 [AcksBuilder] Unknown media item type "jpg" (item ) — used "Jpg" as the prefix; add it to Acks_Formats type_prefix_map.
🟠 [AcksBuilder] Unknown media item type "jpg" (item ) — used "Jpg" as the prefix; add it to Acks_Formats type_prefix_map.
🟠 [AcksBuilder] Unknown media item type "jpg" (item ) — used "Jpg" as the prefix; add it to Acks_Formats type_prefix_map.
🟠 [AcksBuilder] Unknown media item type "jpg" (item ) — used "Jpg" as the prefix; add it to Acks_Formats type_prefix_map.
🟠 [AcksBuilder] Unknown media item type "jpg" (item ) — used "Jpg" as the prefix; add it to Acks_Formats type_prefix_map.
🟠 [AcksBuilder] Unknown media item type "jpg" (item ) — used "Jpg" as the prefix; add it to Acks_Formats type_prefix_map.
🟠 [AcksBuilder] YouTube metadata unavailable for item  (stubbed) — possible dead link worth checking: https://www.youtube.com/watch?v=bEYpfW5fbwQ
🟠 [AcksBuilder] Unknown media item type "jpg" (item ) — used "Jpg" as the prefix; add it to Acks_Formats type_prefix_map.
🟠 [AcksBuilder] Unknown media item type "mp4" (item ) — used "Mp4" as the prefix; add it to Acks_Formats type_prefix_map.
🟠 [AcksBuilder] Unknown media item type "mp4" (item ) — used "Mp4" as the prefix; add it to Acks_Formats type_prefix_map.
🟠 [AcksBuilder] YouTube metadata unavailable for item  (stubbed) — possible dead link worth checking: https://www.youtube.com/shorts/cPZEJGz0LCI
🟠 [AcksBuilder] Unknown media item type "jpg" (item ) — used "Jpg" as the prefix; add it to Acks_Formats type_prefix_map.
🟠 [AcksBuilder] Unknown media item type "jpg" (item ) — used "Jpg" as the prefix; add it to Acks_Formats type_prefix_map.
🟠 [AcksBuilder] Unknown media item type "jpg" (item ) — used "Jpg" as the prefix; add it to Acks_Formats type_prefix_map.
🟠 [AcksBuilder] Unknown media item type "jpg" (item ) — used "Jpg" as the prefix; add it to Acks_Formats type_prefix_map.
🟠 [AcksBuilder] Unknown media item type "jpg" (item ) — used "Jpg" as the prefix; add it to Acks_Formats type_prefix_map.
🟠 [AcksBuilder] Unknown media item type "jpg" (item ) — used "Jpg" as the prefix; add it to Acks_Formats type_prefix_map.
🟠 [AcksBuilder] Unknown media item type "jpg" (item ) — used "Jpg" as the prefix; add it to Acks_Formats type_prefix_map.
🟠 [AcksBuilder] YouTube metadata unavailable for item  (stubbed) — possible dead link worth checking: https://www.youtube.com/watch?v=_gjeTDH4XjU
🟠 [AcksBuilder] Unknown media item type "jpg" (item ) — used "Jpg" as the prefix; add it to Acks_Formats type_prefix_map.
🟠 [AcksBuilder] Unknown media item type "jpg" (item ) — used "Jpg" as the prefix; add it to Acks_Formats type_prefix_map.
🟠 [AcksBuilder] Unknown media item type "jpg" (item ) — used "Jpg" as the prefix; add it to Acks_Formats type_prefix_map.
🟠 [AcksBuilder] Unknown media item type "jpg" (item ) — used "Jpg" as the prefix; add it to Acks_Formats type_prefix_map.
🟠 [AcksBuilder] Unknown media item type "jpg" (item ) — used "Jpg" as the prefix; add it to Acks_Formats type_prefix_map.
🟠 [AcksBuilder] Unknown media item type "jpg" (item ) — used "Jpg" as the prefix; add it to Acks_Formats type_prefix_map.
🟠 [AcksBuilder] YouTube metadata unavailable for item  (stubbed) — possible dead link worth checking: https://www.youtube.com/watch?v=3_dAkDsBQyk
🟠 [AcksBuilder] Unknown media item type "jpg" (item ) — used "Jpg" as the prefix; add it to Acks_Formats type_prefix_map.
🟠 [AcksBuilder] YouTube metadata unavailable for item  (stubbed) — possible dead link worth checking: https://www.youtube.com/watch?v=t685WM5R6aM
🟠 [AcksBuilder] Unknown media item type "jmp3" (item ) — used "Jmp3" as the prefix; add it to Acks_Formats type_prefix_map.
🟠 [AcksBuilder] Unknown media item type "jpg" (item ) — used "Jpg" as the prefix; add it to Acks_Formats type_prefix_map.
🟠 [AcksBuilder] Unknown media item type "jpg" (item ) — used "Jpg" as the prefix; add it to Acks_Formats type_prefix_map.
🟠 [AcksBuilder] Unknown media item type "jpg" (item ) — used "Jpg" as the prefix; add it to Acks_Formats type_prefix_map.
🟠 [AcksBuilder] Unknown media item type "jpg" (item ) — used "Jpg" as the prefix; add it to Acks_Formats type_prefix_map.
🟠 [AcksBuilder] Unknown media item type "jpg" (item ) — used "Jpg" as the prefix; add it to Acks_Formats type_prefix_map.
🟠 [AcksBuilder] Unknown media item type "jpg" (item ) — used "Jpg" as the prefix; add it to Acks_Formats type_prefix_map.
🟠 [AcksBuilder] Unknown media item type "pdf" (item ) — used "Pdf" as the prefix; add it to Acks_Formats type_prefix_map.
🟠 [AcksBuilder] Unknown media item type "jpg" (item ) — used "Jpg" as the prefix; add it to Acks_Formats type_prefix_map.
🟠 [AcksBuilder] Unknown media item type "jpg" (item ) — used "Jpg" as the prefix; add it to Acks_Formats type_prefix_map.
🟠 [AcksBuilder] Unknown media item type "jpg" (item ) — used "Jpg" as the prefix; add it to Acks_Formats type_prefix_map.
🟠 [AcksBuilder] Unknown media item type "jpg" (item ) — used "Jpg" as the prefix; add it to Acks_Formats type_prefix_map.
🟠 [AcksBuilder] Unknown media item type "jpg" (item ) — used "Jpg" as the prefix; add it to Acks_Formats type_prefix_map.
🟠 [AcksBuilder] Unknown media item type "jpg" (item ) — used "Jpg" as the prefix; add it to Acks_Formats type_prefix_map.
🟠 [AcksBuilder] Unknown media item type "jpg" (item ) — used "Jpg" as the prefix; add it to Acks_Formats type_prefix_map.
🟠 [AcksBuilder] Unknown media item type "jpg" (item ) — used "Jpg" as the prefix; add it to Acks_Formats type_prefix_map.
🟠 [AcksBuilder] Unknown media item type "pdf" (item ) — used "Pdf" as the prefix; add it to Acks_Formats type_prefix_map.
🟠 [AcksBuilder] Unknown media item type "pdf" (item ) — used "Pdf" as the prefix; add it to Acks_Formats type_prefix_map.
🟠 [AcksBuilder] Unknown media item type "pdf" (item ) — used "Pdf" as the prefix; add it to Acks_Formats type_prefix_map.
🟠 [AcksBuilder] Unknown media item type "jpg" (item ) — used "Jpg" as the prefix; add it to Acks_Formats type_prefix_map.
🟠 [AcksBuilder] Unknown media item type "book" (item ) — used "Book" as the prefix; add it to Acks_Formats type_prefix_map.
🟠 [AcksBuilder] Unknown media item type "jpg" (item ) — used "Jpg" as the prefix; add it to Acks_Formats type_prefix_map.
🟠 [AcksBuilder] Unknown media item type "jpg" (item ) — used "Jpg" as the prefix; add it to Acks_Formats type_prefix_map.
🟠 [AcksBuilder] Unknown media item type "jpg" (item ) — used "Jpg" as the prefix; add it to Acks_Formats type_prefix_map.
🟠 [AcksBuilder] Unknown media item type "jpg" (item ) — used "Jpg" as the prefix; add it to Acks_Formats type_prefix_map.
🟠 [AcksBuilder] Unknown media item type "jpg" (item ) — used "Jpg" as the prefix; add it to Acks_Formats type_prefix_map.
🟠 [AcksBuilder] Unknown media item type "jpg" (item ) — used "Jpg" as the prefix; add it to Acks_Formats type_prefix_map.
🟠 [AcksBuilder] Unknown media item type "jpg" (item ) — used "Jpg" as the prefix; add it to Acks_Formats type_prefix_map.
🟠 [AcksBuilder] YouTube metadata unavailable for item  (stubbed) — possible dead link worth checking: https://www.youtube.com/watch?v=6AObsDxWTTc
🟠 [AcksBuilder] Unknown media item type "jpg" (item ) — used "Jpg" as the prefix; add it to Acks_Formats type_prefix_map.
🟠 [AcksBuilder] Unknown media item type "jpg" (item ) — used "Jpg" as the prefix; add it to Acks_Formats type_prefix_map.
🟠 [AcksBuilder] Unknown media item type "jpg" (item ) — used "Jpg" as the prefix; add it to Acks_Formats type_prefix_map.
🟠 [AcksBuilder] Unknown media item type "jpg" (item ) — used "Jpg" as the prefix; add it to Acks_Formats type_prefix_map.
🟠 [AcksBuilder] Unknown media item type "jpg" (item ) — used "Jpg" as the prefix; add it to Acks_Formats type_prefix_map.
🟠 [AcksBuilder] Media item  sits between lessons 4.0 and 5.0 — placed in 4.0; verify.
🟢 [AcksBuilder] Media item  placed in lesson 6.0 by neighbour interpolation — verify its group.
🟠 [AcksBuilder] 1 iStock title could not be verified (no *istock-acks*.txt was supplied); each is marked ❗ and the acks block carries a designer note.
🟠 [ModuleResolver] Multiple module-code candidates found (ENGI401, EN000) — using ENGI401 from filename "ENGI401 Writers Template + Media List.docx".
🟢 [ConventionResolver] HTML conventions from group 1-10 English|9-10: overview menu two_col_li, lesson menu flat.
🟢 [PageSplitter] [end page] before [MODULE INTRODUCTION] disregarded — the introduction stays on the overview page (AR-1).
🟢 [MenuBuilder] Menu heading "Tirohanga Whānui | Overview" is the section label — consumed (the menu scaffolding names it).
🟢 [InteractiveBuilder] Built carousel #2 from captured data (no placeholder needed).
🟢 [InteractiveBuilder] Built carousel #3 from captured data (no placeholder needed).
🟢 [InteractiveBuilder] Built carousel #10 from captured data (no placeholder needed).
🟢 [InteractiveBuilder] Built carousel #11 from captured data (no placeholder needed).
🟠 [ContentConverter] Page 3.0: [activity] was never closed — closed at page end.
🟢 [InteractiveBuilder] Built clickDrop #12 from captured data (no placeholder needed).
🟢 [InteractiveBuilder] Built dragAndDrop #17 from captured data (no placeholder needed).
🟢 [ContentConverter] Page 6.0: [activity] auto-closed before the next activity.
🟢 [InteractiveBuilder] Built modal #18 from captured data (no placeholder needed).
🟠 [ContentConverter] Page 6.0: [activity] was never closed — closed at page end.
🟢 [InteractiveScanner] Activity 7C: additional widget [modal] absorbed (dropDown + modal).
🟢 [InteractiveBuilder] Built dragAndDrop #20 from captured data (no placeholder needed).
🟢 [ContentConverter] Page 7.0: [activity] auto-closed before the next activity.
🟢 [ContentConverter] Page 8.0: [activity] auto-closed before the next activity.
🟢 [InteractiveBuilder] Built modal #24 from captured data (no placeholder needed).
🟠 [ContentConverter] Page 8.0: [activity] was never closed — closed at page end.
🟢 [InteractiveScanner] Activity 9C: additional widget [modal] absorbed (dropDown + modal).
🟢 [ContentConverter] Page 9.0: [activity] auto-closed before the next activity.
🟢 [InteractiveScanner] Activity 10C: additional widget [modal] absorbed (dropDown + modal).
🟢 [InteractiveBuilder] Built dragAndDrop #30 from captured data (no placeholder needed).
🟢 [ContentConverter] Page 10.0: [activity] auto-closed before the next activity.
🟢 [InteractiveBuilder] Built modal #36 from captured data (no placeholder needed).
🟢 [PageAssembler] [TITLE BAR] held only "A Moment in Time" (no English) — using the front-matter Course "Te Ara Hou, Te Ara Tipu, EN000" as the English title; Te Reo kept as the second title.
🟠 [AcksBuilder] YouTube metadata unavailable for item 1 (stubbed) — possible dead link worth checking: https://www.youtube.com/watch?v=P1yyQnfrJzs
🟠 [AcksBuilder] YouTube metadata unavailable for item 11 (stubbed) — possible dead link worth checking: https://www.youtube.com/watch?v=icCdAl6TvNM
🟠 [AcksBuilder] Unknown media item type "Website and image" (item 12) — used "Website and image" as the prefix; add it to Acks_Formats type_prefix_map.
🟠 [AcksBuilder] Unknown media item type "website" (item 13) — used "Website" as the prefix; add it to Acks_Formats type_prefix_map.
🟠 [AcksBuilder] Unknown media item type "website" (item 14) — used "Website" as the prefix; add it to Acks_Formats type_prefix_map.
🟠 [AcksBuilder] Unknown media item type "website" (item 15) — used "Website" as the prefix; add it to Acks_Formats type_prefix_map.
🟠 [AcksBuilder] YouTube metadata unavailable for item 16 (stubbed) — possible dead link worth checking: https://www.youtube.com/watch?v=kOmSLK42HzI
🟠 [AcksBuilder] YouTube metadata unavailable for item 19 (stubbed) — possible dead link worth checking: https://www.youtube.com/watch?v=6Oh3dxWIQ18
🟠 [AcksBuilder] YouTube metadata unavailable for item 20 (stubbed) — possible dead link worth checking: https://www.youtube.com/watch?v=6Bz1zDdpmOk
🟠 [AcksBuilder] YouTube metadata unavailable for item 26 (stubbed) — possible dead link worth checking: https://www.youtube.com/watch?v=wyktXQpnn2o
🟠 [AcksBuilder] YouTube metadata unavailable for item 27 (stubbed) — possible dead link worth checking: https://www.youtube.com/watch?v=3dHwmR5VAa4
🟠 [AcksBuilder] YouTube metadata unavailable for item 28 (stubbed) — possible dead link worth checking: https://www.youtube.com/watch?v=2x6ASkp18XY
🟠 [AcksBuilder] YouTube metadata unavailable for item 29 (stubbed) — possible dead link worth checking: https://www.youtube.com/watch?v=musnNR0DrMs
🟠 [AcksBuilder] YouTube metadata unavailable for item 30 (stubbed) — possible dead link worth checking: https://www.youtube.com/watch?v=2tbSmty2nAs
🟠 [AcksBuilder] Unknown media item type "pdf" (item 31) — used "Pdf" as the prefix; add it to Acks_Formats type_prefix_map.
🟠 [AcksBuilder] Unknown media item type "pdf" (item 32) — used "Pdf" as the prefix; add it to Acks_Formats type_prefix_map.
🟠 [AcksBuilder] Unknown media item type "pdf" (item 33) — used "Pdf" as the prefix; add it to Acks_Formats type_prefix_map.
🟠 [AcksBuilder] Unknown media item type "pdf" (item 39) — used "Pdf" as the prefix; add it to Acks_Formats type_prefix_map.
🟠 [AcksBuilder] Unknown media item type "Video- we would like just a screen shot of 0.39)" (item 41) — used "Video- we would like just a screen shot of 0.39)" as the prefix; add it to Acks_Formats type_prefix_map.
🟠 [AcksBuilder] YouTube metadata unavailable for item 41 (stubbed) — possible dead link worth checking: https://www.youtube.com/watch?v=n10Dx_03hUU
🟠 [AcksBuilder] Unknown media item type "Video- we would like just a screen shot of 0.39)" (item 41) — used "Video- we would like just a screen shot of 0.39)" as the prefix; add it to Acks_Formats type_prefix_map.
🟠 [AcksBuilder] Unknown media item type "pdf" (item 43) — used "Pdf" as the prefix; add it to Acks_Formats type_prefix_map.
🟠 [AcksBuilder] Unknown media item type "pdf" (item 44) — used "Pdf" as the prefix; add it to Acks_Formats type_prefix_map.
🟠 [AcksBuilder] Unknown media item type "pdf" (item 45) — used "Pdf" as the prefix; add it to Acks_Formats type_prefix_map.
🟠 [AcksBuilder] YouTube metadata unavailable for item 46 (stubbed) — possible dead link worth checking: https://www.youtube.com/watch?v=8S0FDjFBj8o
🟠 [AcksBuilder] 7 iStock titles could not be verified (no *istock-acks*.txt was supplied); each is marked ❗ and the acks block carries a designer note.
🟢 [ConventionResolver] HTML conventions from group 1-10 English|1-3: overview menu two_col_li, lesson menu flat.
🟢 [PageSplitter] [end page] before [MODULE INTRODUCTION] disregarded — the introduction stays on the overview page (AR-1).
🟢 [PageSplitter] Content after the final [end page] (3 blocks) is writer-form boilerplate — not emitted (AR-5).
🟢 [MenuBuilder] Menu heading "Tirohanga Whānui | Overview" is the section label — consumed (the menu scaffolding names it).
🟢 [InteractiveScanner] speechBubble: additional widget [speech bubble] absorbed (speechBubble + speechBubble).
🟢 [InteractiveScanner] speechBubble: additional widget [speech bubble] absorbed (speechBubble + speechBubble).
🟢 [InteractiveScanner] speechBubble: additional widget [speech bubble] absorbed (speechBubble + speechBubble).
🟢 [InteractiveScanner] speechBubble: additional widget [speech bubble] absorbed (speechBubble + speechBubble).
🟢 [InteractiveScanner] speechBubble: additional widget [speech bubble] absorbed (speechBubble + speechBubble).
🟢 [ContentConverter] [alert] spans to an explicit end tag (writer-authored box).
🟢 [InteractiveBuilder] Built speechBubble #2 from captured data (no placeholder needed).
🟢 [ContentConverter] [alert] spans to an explicit end tag (writer-authored box).
🟢 [InteractiveBuilder] Built speechBubble #3 from captured data (no placeholder needed).
🟢 [InteractiveBuilder] Built modal #4 from captured data (no placeholder needed).
🟢 [ContentConverter] Page 1.0: [activity] auto-closed before the next activity.
🟢 [ContentConverter] Page 1.0: [activity] auto-closed before the next quote.
🟢 [InteractiveScanner] carousel: additional widget [carousel] absorbed (carousel + carousel).
🟢 [InteractiveBuilder] Built carousel #6 from captured data (no placeholder needed).
🟢 [ContentConverter] [alert] right-hand box → an alert top side column paired with the preceding content row (positional_side_alert).
🟢 [InteractiveScanner] speechBubble: additional widget [speech bubble] absorbed (speechBubble + speechBubble).
🟢 [InteractiveScanner] speechBubble: additional widget [speech bubble] absorbed (speechBubble + speechBubble).
🟢 [InteractiveScanner] speechBubble: additional widget [speech bubble] absorbed (speechBubble + speechBubble).
🟢 [InteractiveScanner] speechBubble: additional widget [speech bubble] absorbed (speechBubble + speechBubble).
🟢 [InteractiveScanner] speechBubble: additional widget [speech bubble] absorbed (speechBubble + speechBubble).
🟢 [InteractiveScanner] speechBubble: additional widget [speech bubble] absorbed (speechBubble + speechBubble).
🟢 [InteractiveScanner] speechBubble: additional widget [speech bubble] absorbed (speechBubble + speechBubble).
🟢 [InteractiveScanner] speechBubble: additional widget [speech bubble] absorbed (speechBubble + speechBubble).
🟢 [InteractiveScanner] speechBubble: additional widget [speech bubble] absorbed (speechBubble + speechBubble).
🟢 [InteractiveScanner] speechBubble: additional widget [speech bubble] absorbed (speechBubble + speechBubble).
🟢 [InteractiveScanner] speechBubble: additional widget [speech bubble] absorbed (speechBubble + speechBubble).
🟢 [InteractiveScanner] speechBubble: additional widget [speech bubble] absorbed (speechBubble + speechBubble).
🟢 [InteractiveScanner] speechBubble: additional widget [speech bubble] absorbed (speechBubble + speechBubble).
🟢 [InteractiveScanner] speechBubble: additional widget [speech bubble] absorbed (speechBubble + speechBubble).
🟢 [InteractiveScanner] speechBubble: additional widget [speech bubble] absorbed (speechBubble + speechBubble).
🟢 [InteractiveScanner] speechBubble: additional widget [speech bubble] absorbed (speechBubble + speechBubble).
🟢 [InteractiveScanner] speechBubble: additional widget [speech bubble] absorbed (speechBubble + speechBubble).
🟢 [InteractiveScanner] speechBubble: additional widget [speech bubble] absorbed (speechBubble + speechBubble).
🟢 [InteractiveScanner] speechBubble: additional widget [speech bubble] absorbed (speechBubble + speechBubble).
🟢 [InteractiveScanner] speechBubble: additional widget [speech bubble] absorbed (speechBubble + speechBubble).
🟢 [ContentConverter] Page 3.0: [activity] auto-closed before the next alert.
🟢 [InteractiveBuilder] Built speechBubble #11 from captured data (no placeholder needed).
🟢 [InteractiveBuilder] Built flipCard #12 from captured data (no placeholder needed).
🟢 [ContentConverter] Page 3.0: open [activity] closed by the next activity's widget bundle.
🟢 [InteractiveBuilder] Built flipCard #16 from captured data (no placeholder needed).
🟢 [InteractiveBuilder] Built accordion #17 from captured data (no placeholder needed).
🟢 [ContentConverter] Page 5.0: [activity] auto-closed before the next alert.
🟢 [InteractiveBuilder] Built flipCard #19 from captured data (no placeholder needed).
🟠 [AcksBuilder] YouTube metadata unavailable for item  (stubbed) — possible dead link worth checking: https://www.youtube.com/watch?v=q2lhuc7drCc
🟠 [AcksBuilder] YouTube metadata unavailable for item  (stubbed) — possible dead link worth checking: https://www.youtube.com/watch?v=79DijItQXMM
🟠 [AcksBuilder] YouTube metadata unavailable for item  (stubbed) — possible dead link worth checking: https://www.youtube.com/watch?v=fMFdj2jTt5E
🟠 [AcksBuilder] YouTube metadata unavailable for item  (stubbed) — possible dead link worth checking: https://www.youtube.com/watch?v=yVbOAisZa5I
🟠 [AcksBuilder] YouTube metadata unavailable for item  (stubbed) — possible dead link worth checking: https://www.youtube.com/watch?v=ovtkeL_nWC0
🟠 [AcksBuilder] Unknown media item type "edited text" (item ) — used "Edited text" as the prefix; add it to Acks_Formats type_prefix_map.
🟠 [AcksBuilder] YouTube metadata unavailable for item  (stubbed) — possible dead link worth checking: https://www.youtube.com/watch?v=cHspwLb3w3Q
🟠 [AcksBuilder] YouTube metadata unavailable for item  (stubbed) — possible dead link worth checking: https://www.youtube.com/watch?v=-3aYKfpmaQ4
🟠 [AcksBuilder] YouTube metadata unavailable for item  (stubbed) — possible dead link worth checking: https://www.youtube.com/watch?v=x1_ezVGu7uQ
🟠 [AcksBuilder] YouTube metadata unavailable for item  (stubbed) — possible dead link worth checking: https://www.youtube.com/watch?v=q2lhuc7drCc
🟠 [AcksBuilder] Unknown media item type "slides" (item ) — used "Slides" as the prefix; add it to Acks_Formats type_prefix_map.
🟠 [AcksBuilder] YouTube metadata unavailable for item  (stubbed) — possible dead link worth checking: https://www.youtube.com/watch?v=9bQTBzMFfFk
🟠 [AcksBuilder] YouTube metadata unavailable for item  (stubbed) — possible dead link worth checking: https://www.youtube.com/watch?v=yQ8lx34ONZw
🟠 [AcksBuilder] Unknown media item type "Activity" (item ) — used "Activity" as the prefix; add it to Acks_Formats type_prefix_map.
🟠 [AcksBuilder] Unknown media item type "Audio files" (item ) — used "Audio files" as the prefix; add it to Acks_Formats type_prefix_map.
🟢 [AcksBuilder] Media item  ("link") is a lesson link — no acknowledgement (scope rule).
🟠 [AcksBuilder] YouTube metadata unavailable for item  (stubbed) — possible dead link worth checking: https://www.youtube.com/watch?v=XO6sa45dSa0
🟠 [AcksBuilder] 37 iStock titles could not be verified (no *istock-acks*.txt was supplied); each is marked ❗ and the acks block carries a designer note.
🟢 [ConventionResolver] HTML conventions from group NCEA1|NCEA: overview menu tabs, lesson menu flat.
🟢 [PageSplitter] [end page] before [MODULE INTRODUCTION] disregarded — the introduction stays on the overview page (AR-1).
🟢 [PageSplitter] Implicit page break: content continues after [end page] without a [LESSON] tag — opened page 1.0.
🟢 [PageSplitter] Implicit page break: content continues after [end page] without a [LESSON] tag — opened page 2.0 ("INTRODUCTION TO DECISION MAKING").
🟢 [PageSplitter] Implicit page break: content continues after [end page] without a [LESSON] tag — opened page 3.0 ("Influences").
🟢 [PageSplitter] Implicit page break: content continues after [end page] without a [LESSON] tag — opened page 4.0 ("PERSONAL INFLUENCES").
🟢 [PageSplitter] Implicit page break: content continues after [end page] without a [LESSON] tag — opened page 5.0 ("INTER-PERSONAL INFLUENCES").
🟢 [PageSplitter] Implicit page break: content continues after [end page] without a [LESSON] tag — opened page 6.0 ("SOCIETAL FACTORS").
🟢 [PageSplitter] Implicit page break: content continues after [end page] without a [LESSON] tag — opened page 7.0 ("THE LAW").
🟢 [PageSplitter] Implicit page break: content continues after [end page] without a [LESSON] tag — opened page 8.0 ("WELLBEING").
🟢 [PageSplitter] Content after the final [end page] (4 blocks) is writer-form boilerplate — not emitted (AR-5).
🟠 [ContentConverter] [TITLE BAR] title half is the placeholder "INSERT MODULE TITLE TE REO" — the real title is not in the WT; dropped, not shipped as an <h1>. Add the title to the source.
🟢 [MenuBuilder] Menu heading "Tirohanga Whānui | Overview" is the section label — consumed (the menu scaffolding names it).
🟢 [MenuBuilder] Menu section "Aromatawai | Assessment for Learning" promoted to its own "Standards" nav tab (menu.extra_tabs registry).
🟢 [InteractiveBuilder] Built tabs #3 from captured data (no placeholder needed).
🟢 [ContentConverter] Page 2.0: [activity] auto-closed before the next h3.
🟠 [ContentConverter] Page 3.0: [activity] was never closed — closed at page end.
🟢 [ContentConverter] Page 4.0: [activity] auto-closed before the next activity.
🟢 [ContentConverter] Page 4.0: [activity] auto-closed before the next h3.
🟠 [ContentConverter] Page 5.0: [activity] was never closed — closed at page end.
🟠 [ContentConverter] Page 6.0: [activity] was never closed — closed at page end.
🟠 [ContentConverter] Page 7.0: [activity] was never closed — closed at page end.
🟠 [ContentConverter] Page 8.0: [activity] was never closed — closed at page end.
🟠 [AcksBuilder] Unknown media item type "Insert Merged item 1 from HEO1005" (item ) — used "Insert merged item 1 from heo1005" as the prefix; add it to Acks_Formats type_prefix_map.
🟠 [AcksBuilder] Unknown media item type "Insert Merged item 1 from HEO1005" (item ) — used "Insert merged item 1 from heo1005" as the prefix; add it to Acks_Formats type_prefix_map.
🟠 [AcksBuilder] YouTube metadata unavailable for item 1 (stubbed) — possible dead link worth checking: https://www.youtube.com/watch?v=jCpYWyTchOw&t=2s
🟠 [AcksBuilder] YouTube metadata unavailable for item 2 (stubbed) — possible dead link worth checking: https://www.youtube.com/watch?v=tPd8tD_G9ZU
🟠 [AcksBuilder] Unknown media item type "Hyperlink to webpage" (item 3) — used "Hyperlink to webpage" as the prefix; add it to Acks_Formats type_prefix_map.
🟠 [AcksBuilder] Unknown media item type "[insert merged item 3 HEO1005 flip]" (item merged) — used "[insert merged item 3 heo1005 flip]" as the prefix; add it to Acks_Formats type_prefix_map.
🟠 [AcksBuilder] Unknown media item type "[insert merged item 2 HEO1005]" (item merged) — used "[insert merged item 2 heo1005]" as the prefix; add it to Acks_Formats type_prefix_map.
🟠 [AcksBuilder] Unknown media item type "[insert merged item 1 HPO1091 ]" (item Merged) — used "[insert merged item 1 hpo1091 ]" as the prefix; add it to Acks_Formats type_prefix_map.
🟠 [AcksBuilder] Unknown media item type "Webpage" (item 5) — used "Webpage" as the prefix; add it to Acks_Formats type_prefix_map.
🟠 [AcksBuilder] Unknown media item type "Webpage" (item 6) — used "Webpage" as the prefix; add it to Acks_Formats type_prefix_map.
🟠 [AcksBuilder] Unknown media item type "Webpage" (item 8) — used "Webpage" as the prefix; add it to Acks_Formats type_prefix_map.
🟠 [AcksBuilder] Unknown media item type "Webpage" (item 10) — used "Webpage" as the prefix; add it to Acks_Formats type_prefix_map.
🟠 [AcksBuilder] Unknown media item type "Google doc Worksheet" (item Journal) — used "Google doc worksheet" as the prefix; add it to Acks_Formats type_prefix_map.
🟠 [AcksBuilder] Unknown media item type "Google doc Worksheet" (item 18) — used "Google doc worksheet" as the prefix; add it to Acks_Formats type_prefix_map.
🟠 [AcksBuilder] Unknown media item type "Hyperlink" (item 19) — used "Hyperlink" as the prefix; add it to Acks_Formats type_prefix_map.
🟠 [AcksBuilder] Unknown media item type "Hyperlink" (item 21) — used "Hyperlink" as the prefix; add it to Acks_Formats type_prefix_map.
🟠 [AcksBuilder] YouTube metadata unavailable for item 23 (stubbed) — possible dead link worth checking: https://www.youtube.com/watch?v=eSCCQl2lgHo
🟠 [AcksBuilder] YouTube metadata unavailable for item 24 (stubbed) — possible dead link worth checking: https://www.youtube.com/watch?v=uTqUcr2GL90
🟠 [AcksBuilder] YouTube metadata unavailable for item 26 (stubbed) — possible dead link worth checking: https://www.youtube.com/watch?v=VefxsHa3YZY
🟢 [AcksBuilder] Media item 7 placed in lesson 4.0 by neighbour interpolation — verify its group.
🟢 [AcksBuilder] Media item 9 placed in lesson 4.0 by neighbour interpolation — verify its group.
🟢 [AcksBuilder] Media item 11 placed in lesson 4.0 by neighbour interpolation — verify its group.
🟢 [AcksBuilder] Media item 12 placed in lesson 4.0 by neighbour interpolation — verify its group.
🟢 [AcksBuilder] Media item 13 placed in lesson 4.0 by neighbour interpolation — verify its group.
🟢 [AcksBuilder] Media item 14 placed in lesson 4.0 by neighbour interpolation — verify its group.
🟢 [AcksBuilder] Media item 15 placed in lesson 4.0 by neighbour interpolation — verify its group.
🟢 [AcksBuilder] Media item Journal placed in lesson 4.0 by neighbour interpolation — verify its group.
🟢 [AcksBuilder] Media item 16 placed in lesson 4.0 by neighbour interpolation — verify its group.
🟢 [AcksBuilder] Media item 17 placed in lesson 4.0 by neighbour interpolation — verify its group.
🟢 [AcksBuilder] Media item 18 placed in lesson 4.0 by neighbour interpolation — verify its group.
🟢 [AcksBuilder] Media item 19 placed in lesson 4.0 by neighbour interpolation — verify its group.
🟢 [AcksBuilder] Media item 20 placed in lesson 4.0 by neighbour interpolation — verify its group.
🟢 [AcksBuilder] Media item 21 placed in lesson 4.0 by neighbour interpolation — verify its group.
🟢 [AcksBuilder] Media item 22 placed in lesson 4.0 by neighbour interpolation — verify its group.
🟢 [AcksBuilder] Media item 23 placed in lesson 4.0 by neighbour interpolation — verify its group.
🟢 [AcksBuilder] Media item 24 placed in lesson 4.0 by neighbour interpolation — verify its group.
🟢 [AcksBuilder] Media item 25 placed in lesson 4.0 by neighbour interpolation — verify its group.
🟢 [AcksBuilder] Media item 26 placed in lesson 4.0 by neighbour interpolation — verify its group.
🟢 [AcksBuilder] Media item 27 placed in lesson 4.0 by neighbour interpolation — verify its group.
🟠 [AcksBuilder] Media item  could not be mapped to a lesson — placed in the first group (0.0); verify.
🟠 [AcksBuilder] Media item 1 could not be mapped to a lesson — placed in the first group (0.0); verify.
🟠 [AcksBuilder] Media item 2 could not be mapped to a lesson — placed in the first group (0.0); verify.
🟠 [AcksBuilder] Media item 3 could not be mapped to a lesson — placed in the first group (0.0); verify.
🟠 [AcksBuilder] Media item merged could not be mapped to a lesson — placed in the first group (0.0); verify.
🟠 [AcksBuilder] Media item 3 could not be mapped to a lesson — placed in the first group (0.0); verify.
🟠 [AcksBuilder] Media item merged could not be mapped to a lesson — placed in the first group (0.0); verify.
🟠 [AcksBuilder] Media item 4 could not be mapped to a lesson — placed in the first group (0.0); verify.
🟠 [AcksBuilder] Media item Merged could not be mapped to a lesson — placed in the first group (0.0); verify.
🟠 [AcksBuilder] Media item 5 could not be mapped to a lesson — placed in the first group (0.0); verify.
🟠 [AcksBuilder] 1 iStock title could not be verified (no *istock-acks*.txt was supplied); each is marked ❗ and the acks block carries a designer note.
🟢 [ConventionResolver] HTML conventions from group 1-10 Health and PE|combo: overview menu default, lesson menu two_col_li.
🟢 [PageSplitter] Document opens without a literal [TITLE BAR] — overview page opened at the first content tag (Fundamentals-style template).
🟢 [InteractiveBuilder] Built carousel #1 from captured data (no placeholder needed).
🟢 [ContentConverter] Page 0.0: [end carousel] had no open container — ignored.
🟢 [ContentConverter] Page 0.0: [end tab n] had no open container — ignored.
🟢 [ContentConverter] Page 0.0: [end tab n] had no open container — ignored.
🟢 [ContentConverter] Page 0.0: [end tab n] had no open container — ignored.
🟢 [InteractiveBuilder] Built flipCard #6 from captured data (no placeholder needed).
🟢 [ContentConverter] Page 0.0: [end flip card] had no open container — ignored.
🟢 [ContentConverter] Page 0.0: [end tab n] had no open container — ignored.
🟢 [MenuBuilder] Fundamentals [Overview] WALT/I-can block routed to the module menu as the two-col LI/SC form (menu.fundamentals_overview_li).
🟠 [AcksBuilder] YouTube metadata unavailable for item  (stubbed) — possible dead link worth checking: https://youtu.be/YMnIhyWjrb4
🟠 [AcksBuilder] YouTube metadata unavailable for item 28. (stubbed) — possible dead link worth checking: https://youtu.be/imaFzA7StNE
🟠 [AcksBuilder] YouTube metadata unavailable for item 30. (stubbed) — possible dead link worth checking: https://youtu.be/eRzRAh2M2Ao
🟠 [AcksBuilder] YouTube metadata unavailable for item 49. (stubbed) — possible dead link worth checking: https://www.youtube.com/watch?v=StetyUnY8jY
🟠 [AcksBuilder] YouTube metadata unavailable for item 50. (stubbed) — possible dead link worth checking: https://www.youtube.com/watch?v=CwpManq2I-U
🟠 [AcksBuilder] YouTube metadata unavailable for item 51. (stubbed) — possible dead link worth checking: https://www.youtube.com/watch?v=21XegpLrRjM
🟠 [AcksBuilder] YouTube metadata unavailable for item 52. (stubbed) — possible dead link worth checking: https://www.youtube.com/watch?v=-1-s8GBpFeQ
🟠 [AcksBuilder] YouTube metadata unavailable for item 53. (stubbed) — possible dead link worth checking: https://www.youtube.com/watch?v=6Fz27G6WwWw
🟢 [AcksBuilder] Media item 23. placed in lesson 0.0 by neighbour interpolation — verify its group.
🟢 [AcksBuilder] Media item 26. placed in lesson 0.0 by neighbour interpolation — verify its group.
🟢 [AcksBuilder] Media item 38. placed in lesson 0.0 by neighbour interpolation — verify its group.
🟠 [AcksBuilder] 18 iStock titles could not be verified (no *istock-acks*.txt was supplied); each is marked ❗ and the acks block carries a designer note.
🟢 [ConventionResolver] HTML conventions from series MXDB (deviation over 1-10 Mathematics|4-6): overview menu two_col_li, lesson menu two_col_li.
🟢 [PageSplitter] [end page] before [MODULE INTRODUCTION] disregarded — the introduction stays on the overview page (AR-1).
🟢 [MenuBuilder] Menu heading "Tirohanga Whānui | Overview" is the section label — consumed (the menu scaffolding names it).
🟢 [InteractiveScanner] Activity 1: additional widget [drag and drop] absorbed (unclassified + dragAndDrop).
🟢 [InteractiveScanner] selfCheck: additional widget [typing quiz] absorbed (selfCheck + selfCheck).
🟢 [InteractiveScanner] selfCheck: additional widget [typing quiz] absorbed (selfCheck + selfCheck).
🟢 [InteractiveScanner] selfCheck: additional widget [typing quiz] absorbed (selfCheck + selfCheck).
🟢 [InteractiveScanner] selfCheck: additional widget [typing quiz] absorbed (selfCheck + selfCheck).
🟢 [InteractiveScanner] Activity 1C: additional widget [drag and drop] absorbed (dragAndDrop + dragAndDrop).
🟢 [InteractiveBuilder] Built carousel #1 from captured data (no placeholder needed).
🟢 [ContentConverter] Page 1.0: [activity] auto-closed before the next alert.
🟢 [InteractiveScanner] Activity 2A: additional widget [flip card] absorbed (flipCard + flipCard).
🟢 [InteractiveScanner] Activity 2A: additional widget [flip card] absorbed (flipCard + flipCard).
🟢 [InteractiveScanner] Activity 2A: additional widget [flip card] absorbed (flipCard + flipCard).
🟢 [InteractiveScanner] Activity 2A: additional widget [flip card] absorbed (flipCard + flipCard).
🟢 [InteractiveScanner] Activity 2A: additional widget [flip card] absorbed (flipCard + flipCard).
🟢 [InteractiveScanner] Activity 2A: additional widget [flip card] absorbed (flipCard + flipCard).
🟢 [InteractiveScanner] Activity 2A: additional widget [flip card] absorbed (flipCard + flipCard).
🟢 [InteractiveScanner] Activity 2A: additional widget [flip card] absorbed (flipCard + flipCard).
🟢 [InteractiveScanner] Activity 2A: additional widget [flip card] absorbed (flipCard + flipCard).
🟢 [InteractiveScanner] Activity 2A: additional widget [flip card] absorbed (flipCard + flipCard).
🟢 [InteractiveScanner] Activity 2A: additional widget [flip card] absorbed (flipCard + flipCard).
🟢 [InteractiveBuilder] Built tabs #9 from captured data (no placeholder needed).
🟢 [InteractiveScanner] Activity 3B: additional widget [dropdown] absorbed (unclassified + dropDown).
🟢 [ContentConverter] Page 3.0: [activity] auto-closed before the next activity.
🟢 [InteractiveBuilder] Built carousel #13 from captured data (no placeholder needed).
🟢 [InteractiveScanner] Activity 4A: additional widget [mcq] absorbed (unclassified + multiChoiceQuiz).
🟢 [InteractiveScanner] selfCheck: additional widget [typing quiz] absorbed (selfCheck + selfCheck).
🟢 [ContentConverter] Page 4.0: [activity] auto-closed before the next h3.
🟢 [InteractiveScanner] Activity 5A: additional widget [flip card] absorbed (flipCard + flipCard).
🟢 [InteractiveScanner] Activity 5A: additional widget [flip card] absorbed (flipCard + flipCard).
🟢 [InteractiveScanner] Activity 5A: additional widget [flip card] absorbed (flipCard + flipCard).
🟢 [InteractiveScanner] Activity 5A: additional widget [flip card] absorbed (flipCard + flipCard).
🟢 [InteractiveScanner] Activity 5A: additional widget [flip card] absorbed (flipCard + flipCard).
🟢 [InteractiveScanner] Activity 5A: additional widget [flip card] absorbed (flipCard + flipCard).
🟢 [InteractiveScanner] Activity 5A: additional widget [flip card] absorbed (flipCard + flipCard).
🟢 [InteractiveScanner] Activity 5A: additional widget [flip card] absorbed (flipCard + flipCard).
🟢 [InteractiveScanner] Activity 5C: additional widget [typing quiz] absorbed (unclassified + selfCheck).
🟢 [InteractiveBuilder] Built tabs #22 from captured data (no placeholder needed).
🟠 [AcksBuilder] YouTube metadata unavailable for item  (stubbed) — possible dead link worth checking: https://www.youtube.com/watch?v=7L2RSJ5gLv4
🟠 [AcksBuilder] YouTube metadata unavailable for item  (stubbed) — possible dead link worth checking: https://www.youtube.com/watch?v=U6oPfmJcU8s
🟠 [AcksBuilder] YouTube metadata unavailable for item  (stubbed) — possible dead link worth checking: https://www.youtube.com/watch?v=9jJZMr4e9Os
🟠 [AcksBuilder] YouTube metadata unavailable for item  (stubbed) — possible dead link worth checking: https://www.youtube.com/watch?v=RVYwunbpMHA
🟠 [AcksBuilder] YouTube metadata unavailable for item  (stubbed) — possible dead link worth checking: https://www.youtube.com/watch?v=49oWYxExWKE
🟠 [AcksBuilder] YouTube metadata unavailable for item  (stubbed) — possible dead link worth checking: https://www.youtube.com/watch?v=DUafW5QkASA
🟠 [AcksBuilder] YouTube metadata unavailable for item  (stubbed) — possible dead link worth checking: https://www.youtube.com/watch?v=Y6M89-6106I
🟠 [AcksBuilder] YouTube metadata unavailable for item  (stubbed) — possible dead link worth checking: https://www.youtube.com/watch?v=QhEeh_BcADg
🟠 [AcksBuilder] YouTube metadata unavailable for item  (stubbed) — possible dead link worth checking: https://www.youtube.com/watch?v=Xtc0LQuA3z4&t=246s
🟠 [AcksBuilder] Unknown media item type "Embedded link" (item ) — used "Embedded link" as the prefix; add it to Acks_Formats type_prefix_map.
🟠 [AcksBuilder] YouTube metadata unavailable for item  (stubbed) — possible dead link worth checking: https://www.youtube.com/watch?v=7Y6FVfOFaGA
🟠 [AcksBuilder] Unknown media item type "Embedded image" (item ) — used "Embedded image" as the prefix; add it to Acks_Formats type_prefix_map.
🟠 [AcksBuilder] YouTube metadata unavailable for item  (stubbed) — possible dead link worth checking: https://www.youtube.com/watch?v=m-HrWfB_C50
🟢 [AcksBuilder] Media item  placed in lesson 5.0 by neighbour interpolation — verify its group.
🟢 [AcksBuilder] Media item  placed in lesson 5.0 by neighbour interpolation — verify its group.
🟢 [AcksBuilder] Media item  placed in lesson 5.0 by neighbour interpolation — verify its group.
🟠 [AcksBuilder] 41 iStock titles could not be verified (no *istock-acks*.txt was supplied); each is marked ❗ and the acks block carries a designer note.
🟢 [ConventionResolver] HTML conventions from series MXEX (deviation over 1-10 Mathematics|4-6): overview menu two_col_li, lesson menu flat.
🟢 [PageSplitter] [end page] before [MODULE INTRODUCTION] disregarded — the introduction stays on the overview page (AR-1).
🟢 [PageSplitter] Content after the final [end page] (18 blocks) is writer-form boilerplate — not emitted (AR-5).
🟢 [MenuBuilder] Menu heading "Tirohanga Whānui | Overview" is the section label — consumed (the menu scaffolding names it).
🟠 [ContentConverter] Page 1.0: [activity] was never closed — closed at page end.
🟠 [AcksBuilder] YouTube metadata unavailable for item  (stubbed) — possible dead link worth checking: https://www.youtube.com/watch?v=wszRf0A3btk
🟠 [AcksBuilder] YouTube metadata unavailable for item  (stubbed) — possible dead link worth checking: https://www.youtube.com/watch?v=phq2dHU6c-k&t=139s
🟠 [AcksBuilder] YouTube metadata unavailable for item  (stubbed) — possible dead link worth checking: https://www.youtube.com/watch?v=97Yqz5UzpPI
🟠 [AcksBuilder] Unknown media item type "Image`" (item ) — used "Image`" as the prefix; add it to Acks_Formats type_prefix_map.
🟠 [AcksBuilder] YouTube metadata unavailable for item  (stubbed) — possible dead link worth checking: https://www.youtube.com/watch?v=TEU0vmMLCXk
🟠 [AcksBuilder] YouTube metadata unavailable for item  (stubbed) — possible dead link worth checking: https://www.youtube.com/watch?v=nzqVbwSA7qg
🟠 [AcksBuilder] YouTube metadata unavailable for item  (stubbed) — possible dead link worth checking: https://www.youtube.com/watch?v=rAtsYAMpiBU
🟠 [AcksBuilder] YouTube metadata unavailable for item  (stubbed) — possible dead link worth checking: https://www.youtube.com/watch?v=LGljN09VZi4
🟠 [AcksBuilder] YouTube metadata unavailable for item  (stubbed) — possible dead link worth checking: https://www.youtube.com/watch?v=ZH09J__B-Qs
🟠 [AcksBuilder] YouTube metadata unavailable for item  (stubbed) — possible dead link worth checking: https://www.youtube.com/watch?v=bPwCNT26R_g
🟠 [AcksBuilder] YouTube metadata unavailable for item  (stubbed) — possible dead link worth checking: https://www.youtube.com/watch?v=v7aiF7qbvV4
🟢 [AcksBuilder] Media item  placed in lesson 2.0 by neighbour interpolation — verify its group.
🟢 [AcksBuilder] Media item  placed in lesson 2.0 by neighbour interpolation — verify its group.
🟢 [AcksBuilder] Media item  placed in lesson 2.0 by neighbour interpolation — verify its group.
🟢 [AcksBuilder] Media item  placed in lesson 2.0 by neighbour interpolation — verify its group.
🟠 [AcksBuilder] Media item  sits between lessons 3.0 and 4.0 — placed in 3.0; verify.
🟠 [AcksBuilder] 5 iStock titles could not be verified (no *istock-acks*.txt was supplied); each is marked ❗ and the acks block carries a designer note.
🟢 [ConventionResolver] HTML conventions from series MXFU (deviation over 1-10 Mathematics|4-6): overview menu tabs, lesson menu flat.
🟢 [PageSplitter] [end page] before [MODULE INTRODUCTION] disregarded — the introduction stays on the overview page (AR-1).
🟢 [PageSplitter] Implicit page break: content continues after [end page] without a [LESSON] tag — opened page 10.0.
🟢 [PageSplitter] Content after the final [end page] (3 blocks) is writer-form boilerplate — not emitted (AR-5).
🟢 [MenuBuilder] Menu heading "Tirohanga Whānui | Overview" is the section label — consumed (the menu scaffolding names it).
🟢 [ContentConverter] Page 1.0: [activity] auto-closed before the next h3.
🟢 [ContentConverter] Page 1.0: [activity] auto-closed before the next h3.
🟢 [ContentConverter] Page 1.0: [activity] auto-closed before the next h3.
🟢 [InteractiveBuilder] Built tabs #3 from captured data (no placeholder needed).
🟢 [ContentConverter] Page 2.0: [activity] auto-closed before the next h3.
🟢 [ContentConverter] Page 2.0: [activity] auto-closed before the next h3.
🟢 [ContentConverter] Page 2.0: [activity] auto-closed before the next h3.
🟢 [ContentConverter] Page 2.0: [activity] auto-closed before the next h3.
🟢 [ContentConverter] Page 2.0: [activity] auto-closed before the next h3.
🟢 [ContentConverter] Page 3.0: [activity] auto-closed before the next h3.
🟢 [ContentConverter] Page 3.0: [activity] auto-closed before the next h2.
🟢 [ContentConverter] Page 4.0: [activity] auto-closed before the next h3.
🟢 [ContentConverter] Page 5.0: [activity] auto-closed before the next h3.
🟠 [ContentConverter] Page 5.0: [activity] was never closed — closed at page end.
🟢 [ContentConverter] Page 6.0: [activity] auto-closed before the next h3.
🟢 [ContentConverter] Page 6.0: [activity] auto-closed before the next h3.
🟢 [ContentConverter] Page 6.0: [activity] auto-closed before the next h3.
🟢 [ContentConverter] Page 7.0: [activity] auto-closed before the next h2.
🟢 [ContentConverter] Page 9.0: [activity] auto-closed before the next activity.
🟢 [ActivitiesBuilder] 1 activity title heading(s) set to h3 (title_heading_level).
🟠 [AcksBuilder] YouTube metadata unavailable for item  (stubbed) — possible dead link worth checking: https://youtu.be/65gFQGDD1vA
🟠 [AcksBuilder] Unknown media item type "Webpage" (item ) — used "Webpage" as the prefix; add it to Acks_Formats type_prefix_map.
🟠 [AcksBuilder] YouTube metadata unavailable for item  (stubbed) — possible dead link worth checking: https://youtu.be/VdHHus8IgYA
🟠 [AcksBuilder] YouTube metadata unavailable for item  (stubbed) — possible dead link worth checking: https://www.youtube.com/watch?v=mtsx8V3mE8o
🟠 [AcksBuilder] YouTube metadata unavailable for item  (stubbed) — possible dead link worth checking: https://youtu.be/xnRPkpUGi84
🟠 [AcksBuilder] YouTube metadata unavailable for item  (stubbed) — possible dead link worth checking: https://youtu.be/VdHHus8IgYA
🟠 [AcksBuilder] Unknown media item type "PDF" (item ) — used "Pdf" as the prefix; add it to Acks_Formats type_prefix_map.
🟠 [AcksBuilder] YouTube metadata unavailable for item  (stubbed) — possible dead link worth checking: https://youtu.be/tFNoEHnxPvM
🟠 [AcksBuilder] YouTube metadata unavailable for item  (stubbed) — possible dead link worth checking: https://youtu.be/gvuz0BVy5TM
🟠 [AcksBuilder] YouTube metadata unavailable for item  (stubbed) — possible dead link worth checking: https://youtu.be/8KycjjT41fg
🟠 [AcksBuilder] YouTube metadata unavailable for item  (stubbed) — possible dead link worth checking: https://youtu.be/oQ7NEGBeIfM
🟠 [AcksBuilder] Unknown media item type "pdf" (item ) — used "Pdf" as the prefix; add it to Acks_Formats type_prefix_map.
🟠 [AcksBuilder] YouTube metadata unavailable for item  (stubbed) — possible dead link worth checking: https://youtu.be/Oyu-pbyTUEs
🟠 [AcksBuilder] YouTube metadata unavailable for item  (stubbed) — possible dead link worth checking: https://youtu.be/ao6cCbwhWFY
🟠 [AcksBuilder] Unknown media item type "webpage" (item ) — used "Webpage" as the prefix; add it to Acks_Formats type_prefix_map.
🟠 [AcksBuilder] Unknown media item type "pdf" (item ) — used "Pdf" as the prefix; add it to Acks_Formats type_prefix_map.
🟠 [AcksBuilder] YouTube metadata unavailable for item  (stubbed) — possible dead link worth checking: https://youtu.be/kOJFSH_Bn9U
🟠 [AcksBuilder] YouTube metadata unavailable for item  (stubbed) — possible dead link worth checking: https://youtu.be/RSJOTBJlKNA
🟠 [AcksBuilder] Unknown media item type "Numberline" (item ) — used "Numberline" as the prefix; add it to Acks_Formats type_prefix_map.
🟠 [AcksBuilder] Unknown media item type "numberline" (item ) — used "Numberline" as the prefix; add it to Acks_Formats type_prefix_map.
🟠 [AcksBuilder] Unknown media item type "Numberline" (item ) — used "Numberline" as the prefix; add it to Acks_Formats type_prefix_map.
🟠 [AcksBuilder] YouTube metadata unavailable for item  (stubbed) — possible dead link worth checking: https://youtu.be/DTZqgYRoxYU
🟠 [AcksBuilder] YouTube metadata unavailable for item  (stubbed) — possible dead link worth checking: https://youtu.be/iHDZEAM1_y8
🟠 [AcksBuilder] YouTube metadata unavailable for item  (stubbed) — possible dead link worth checking: https://youtu.be/DnmPVOsOMWg
🟠 [AcksBuilder] Unknown media item type "pdf" (item ) — used "Pdf" as the prefix; add it to Acks_Formats type_prefix_map.
🟠 [AcksBuilder] Unknown media item type "webpage" (item ) — used "Webpage" as the prefix; add it to Acks_Formats type_prefix_map.
🟠 [AcksBuilder] Unknown media item type "webpage" (item ) — used "Webpage" as the prefix; add it to Acks_Formats type_prefix_map.
🟠 [AcksBuilder] YouTube metadata unavailable for item  (stubbed) — possible dead link worth checking: https://youtu.be/ItRmVBNzGM0
🟠 [AcksBuilder] YouTube metadata unavailable for item  (stubbed) — possible dead link worth checking: https://youtu.be/VbqT_9byWNM
🟠 [AcksBuilder] Unknown media item type "webpage" (item ) — used "Webpage" as the prefix; add it to Acks_Formats type_prefix_map.
🟠 [AcksBuilder] Unknown media item type "pdf" (item ) — used "Pdf" as the prefix; add it to Acks_Formats type_prefix_map.
🟠 [AcksBuilder] Unknown media item type "Mp4" (item ) — used "Mp4" as the prefix; add it to Acks_Formats type_prefix_map.
🟠 [AcksBuilder] YouTube metadata unavailable for item  (stubbed) — possible dead link worth checking: https://youtu.be/up_xKZ6GeUg
🟠 [AcksBuilder] YouTube metadata unavailable for item  (stubbed) — possible dead link worth checking: https://youtu.be/_N6N9Rxksz0
🟠 [AcksBuilder] Unknown media item type "Pdf" (item ) — used "Pdf" as the prefix; add it to Acks_Formats type_prefix_map.
🟠 [AcksBuilder] Unknown media item type "Pdf" (item ) — used "Pdf" as the prefix; add it to Acks_Formats type_prefix_map.
🟢 [AcksBuilder] Media item  placed in lesson 1.0 by neighbour interpolation — verify its group.
🟠 [AcksBuilder] Media item  sits between lessons 1.0 and 2.0 — placed in 1.0; verify.
🟢 [AcksBuilder] Media item  placed in lesson 2.0 by neighbour interpolation — verify its group.
🟢 [AcksBuilder] Media item  placed in lesson 4.0 by neighbour interpolation — verify its group.
🟢 [AcksBuilder] Media item  placed in lesson 4.0 by neighbour interpolation — verify its group.
🟢 [AcksBuilder] Media item  placed in lesson 4.0 by neighbour interpolation — verify its group.
🟢 [AcksBuilder] Media item  placed in lesson 4.0 by neighbour interpolation — verify its group.
🟢 [AcksBuilder] Media item  placed in lesson 4.0 by neighbour interpolation — verify its group.
🟢 [AcksBuilder] Media item  placed in lesson 4.0 by neighbour interpolation — verify its group.
🟠 [AcksBuilder] Media item  sits between lessons 4.0 and 5.0 — placed in 4.0; verify.
🟠 [AcksBuilder] Media item  sits between lessons 4.0 and 5.0 — placed in 4.0; verify.
🟢 [AcksBuilder] Media item  placed in lesson 5.0 by neighbour interpolation — verify its group.
🟢 [AcksBuilder] Media item  placed in lesson 5.0 by neighbour interpolation — verify its group.
🟢 [AcksBuilder] Media item  placed in lesson 6.0 by neighbour interpolation — verify its group.
🟠 [AcksBuilder] Media item  sits between lessons 6.0 and 7.0 — placed in 6.0; verify.
🟠 [AcksBuilder] Media item  sits between lessons 6.0 and 7.0 — placed in 6.0; verify.
🟠 [AcksBuilder] Media item  sits between lessons 6.0 and 7.0 — placed in 6.0; verify.
🟢 [AcksBuilder] Media item  placed in lesson 8.0 by neighbour interpolation — verify its group.
🟢 [AcksBuilder] Media item  placed in lesson 9.0 by neighbour interpolation — verify its group.
🟢 [AcksBuilder] Media item  placed in lesson 9.0 by neighbour interpolation — verify its group.
🟢 [AcksBuilder] Media item  placed in lesson 9.0 by neighbour interpolation — verify its group.
🟠 [AcksBuilder] Media item  sits between lessons 9.0 and 10.0 — placed in 9.0; verify.
🟠 [AcksBuilder] Media item  sits between lessons 10.0 and 4.0 — placed in 10.0; verify.
🟢 [AcksBuilder] Media item  placed in lesson 10.0 by neighbour interpolation — verify its group.
🟠 [AcksBuilder] 23 iStock titles could not be verified (no *istock-acks*.txt was supplied); each is marked ❗ and the acks block carries a designer note.
🟢 [ConventionResolver] HTML conventions from series OSBY (deviation over Online Safety (OS9000)|1-3): overview menu tabs, lesson menu flat.
🟢 [PageSplitter] [end page] before [MODULE INTRODUCTION] disregarded — the introduction stays on the overview page (AR-1).
🟢 [PageSplitter] Adjacent page boundaries merged — no empty page emitted (AR-2).
🟠 [ContentConverter] [TITLE BAR] title half is the placeholder "MODULE TITLE TE REO" — the real title is not in the WT; dropped, not shipped as an <h1>. Add the title to the source.
🟢 [MenuBuilder] Menu heading "Tirohanga Whānui | Overview" is the section label — consumed (the menu scaffolding names it).
🟢 [InteractiveBuilder] Built speechBubble #1 from captured data (no placeholder needed).
🟢 [ContentConverter] Page 1.0: [end supervisor note] had no open container — ignored.
🟢 [InteractiveBuilder] Built speechBubble #5 from captured data (no placeholder needed).
🟢 [InteractiveBuilder] Built flipCard #6 from captured data (no placeholder needed).
🟢 [InteractiveBuilder] Built hintSlider #7 from captured data (no placeholder needed).
🟠 [ContentConverter] Page 1.0: [activity] was never closed — closed at page end.
🟢 [InteractiveScanner] clickDrop: additional widget [click drop] absorbed (clickDrop + clickDrop).
🟢 [InteractiveScanner] carousel: additional widget [carousel] absorbed (carousel + carousel).
🟢 [InteractiveScanner] clickDrop: additional widget [click drop] absorbed (clickDrop + clickDrop).
🟢 [InteractiveBuilder] Built speechBubble #9 from captured data (no placeholder needed).
🟢 [InteractiveBuilder] Built clickDrop #10 from captured data (no placeholder needed).
🟢 [InteractiveBuilder] Built clickDrop #14 from captured data (no placeholder needed).
🟢 [ContentConverter] Page 2.0: [end click drop] had no open container — ignored.
🟢 [InteractiveBuilder] Built speechBubble #15 from captured data (no placeholder needed).
🟢 [PageAssembler] [TITLE BAR] held only placeholder text — using the front-matter Course "Online Safety" as the English title; no Te Reo title (the real one is not in the WT).
🟠 [AcksBuilder] YouTube metadata unavailable for item  (stubbed) — possible dead link worth checking: https://www.youtube.com/watch?v=1qrAJWmjG18
🟠 [AcksBuilder] YouTube metadata unavailable for item  (stubbed) — possible dead link worth checking: https://www.youtube.com/watch?v=6ctd75a7_Yw
🟠 [AcksBuilder] Unknown media item type "slides" (item 12.) — used "Slides" as the prefix; add it to Acks_Formats type_prefix_map.
🟠 [AcksBuilder] YouTube metadata unavailable for item 16. (stubbed) — possible dead link worth checking: https://www.youtube.com/watch?v=MxJX-porZtA
🟠 [AcksBuilder] Unknown media item type "Audio track" (item 21.) — used "Audio track" as the prefix; add it to Acks_Formats type_prefix_map.
🟠 [AcksBuilder] Unknown media item type "Quiz" (item 32) — used "Quiz" as the prefix; add it to Acks_Formats type_prefix_map.
🟢 [AcksBuilder] Media item 33 ("External link") is a lesson link — no acknowledgement (scope rule).
🟢 [AcksBuilder] Media item 13. placed in lesson 2.0 by neighbour interpolation — verify its group.
🟢 [AcksBuilder] Media item 14. placed in lesson 2.0 by neighbour interpolation — verify its group.
🟠 [AcksBuilder] 26 iStock titles could not be verified (no *istock-acks*.txt was supplied); each is marked ❗ and the acks block carries a designer note.
🟢 [ConventionResolver] HTML conventions from group Online Safety (OS9000)|9-10: overview menu tabs, lesson menu flat.
🟢 [PageSplitter] [end page] before [MODULE INTRODUCTION] disregarded — the introduction stays on the overview page (AR-1).
🟢 [PageSplitter] Page 4.0: heading says "Lesson 3" — using the heading's number.
🟠 [PageSplitter] Duplicate lesson label 3.0 (writers reused the number) — relabelled to 4.0; check the source numbering.
🟢 [MenuBuilder] Overview [H1] "Tirohanga Whānui | Overview" kept as the tab-1 <h4> banner (overview_banner_h4).
🟢 [MenuBuilder] Menu heading "He aha tāku hei tīmata? | What do I need to get started?" had no content beneath it — omitted (empty preconfigured scaffolding).
🟢 [InteractiveScanner] Activity 1A: additional widget [dropdown] absorbed (reorder + dropDown).
🟢 [InteractiveBuilder] Built hintSlider #1 from captured data (no placeholder needed).
🟢 [InteractiveBuilder] Built carousel #2 from captured data (no placeholder needed).
🟢 [InteractiveBuilder] Built clickDrop #3 from captured data (no placeholder needed).
🟢 [InteractiveBuilder] Built speechBubble #5 from captured data (no placeholder needed).
🟢 [InteractiveBuilder] Built clickDrop #6 from captured data (no placeholder needed).
🟢 [InteractiveBuilder] Built accordion #7 from captured data (no placeholder needed).
🟢 [InteractiveBuilder] Built clickDrop #9 from captured data (no placeholder needed).
🟢 [InteractiveBuilder] Built speechBubble #10 from captured data (no placeholder needed).
🟢 [InteractiveBuilder] Built tabs #12 from captured data (no placeholder needed).
🟢 [InteractiveBuilder] Built hintSlider #13 from captured data (no placeholder needed).
🟢 [InteractiveScanner] Activity 4A: additional widget [drag and drop] absorbed (modal + dragAndDrop).
🟢 [InteractiveBuilder] Built speechBubble #15 from captured data (no placeholder needed).
🟢 [InteractiveBuilder] Built modal #17 from captured data (no placeholder needed).
🟢 [InteractiveBuilder] Built hintSlider #18 from captured data (no placeholder needed).
🟢 [InteractiveBuilder] Built speechBubble #20 from captured data (no placeholder needed).
🟢 [ContentConverter] [engagement quiz button] → the KB's anchored "Go to quiz" button + To Do note (kb_form).
🟠 [AcksBuilder] YouTube metadata unavailable for item  (stubbed) — possible dead link worth checking: https://www.youtube.com/watch?v=HyKmv-om58E&t=1s
🟠 [AcksBuilder] YouTube metadata unavailable for item  (stubbed) — possible dead link worth checking: https://www.youtube.com/watch?v=pr_kBYupEL0
🟠 [AcksBuilder] YouTube metadata unavailable for item  (stubbed) — possible dead link worth checking: https://www.youtube.com/watch?v=42GItPyElXE
🟠 [AcksBuilder] YouTube metadata unavailable for item  (stubbed) — possible dead link worth checking: https://www.youtube.com/watch?v=k8UVnkh8i0c
🟠 [AcksBuilder] YouTube metadata unavailable for item  (stubbed) — possible dead link worth checking: https://www.youtube.com/watch?v=dOR6LPeeoeU
🟠 [AcksBuilder] YouTube metadata unavailable for item  (stubbed) — possible dead link worth checking: https://www.youtube.com/watch?v=b4GuM6KVX20
🟠 [AcksBuilder] YouTube metadata unavailable for item  (stubbed) — possible dead link worth checking: https://www.youtube.com/watch?v=drfQmddvII0
🟠 [AcksBuilder] YouTube metadata unavailable for item  (stubbed) — possible dead link worth checking: https://www.youtube.com/watch?v=B7usbquUVhk&t=10s
🟠 [AcksBuilder] YouTube metadata unavailable for item  (stubbed) — possible dead link worth checking: https://www.youtube.com/watch?v=HCqtKpOpotI
🟠 [AcksBuilder] YouTube metadata unavailable for item  (stubbed) — possible dead link worth checking: https://www.youtube.com/watch?v=kNnTt-ZT5mQ
🟠 [AcksBuilder] YouTube metadata unavailable for item  (stubbed) — possible dead link worth checking: https://www.youtube.com/watch?v=g5jHQBj1Rh0
🟠 [AcksBuilder] YouTube metadata unavailable for item  (stubbed) — possible dead link worth checking: https://www.youtube.com/watch?v=fxoQDpJbAbw
🟠 [AcksBuilder] YouTube metadata unavailable for item  (stubbed) — possible dead link worth checking: https://www.youtube.com/watch?v=6sGM6lUxRHk
🟠 [AcksBuilder] YouTube metadata unavailable for item  (stubbed) — possible dead link worth checking: https://www.youtube.com/watch?v=x2oWjN_o8zk
🟢 [AcksBuilder] Media item  ("Website link") is a lesson link — no acknowledgement (scope rule).
🟠 [AcksBuilder] Unknown media item type "Web link" (item ) — used "Web link" as the prefix; add it to Acks_Formats type_prefix_map.
🟠 [AcksBuilder] Unknown media item type "Web link" (item ) — used "Web link" as the prefix; add it to Acks_Formats type_prefix_map.
🟠 [AcksBuilder] Unknown media item type "Web link" (item ) — used "Web link" as the prefix; add it to Acks_Formats type_prefix_map.
🟠 [AcksBuilder] Unknown media item type "Web Link/site" (item ) — used "Web link/site" as the prefix; add it to Acks_Formats type_prefix_map.
🟠 [AcksBuilder] YouTube metadata unavailable for item  (stubbed) — possible dead link worth checking: https://www.youtube.com/watch?v=XJ-w38Xsyro&t=33s
🟠 [AcksBuilder] YouTube metadata unavailable for item  (stubbed) — possible dead link worth checking: https://www.youtube.com/watch?v=b1415ISbd8Y
🟠 [AcksBuilder] Unknown media item type "slide" (item ) — used "Slide" as the prefix; add it to Acks_Formats type_prefix_map.
🟠 [AcksBuilder] Unknown media item type "pdf" (item ) — used "Pdf" as the prefix; add it to Acks_Formats type_prefix_map.
🟠 [AcksBuilder] YouTube metadata unavailable for item  (stubbed) — possible dead link worth checking: https://www.youtube.com/watch?v=aGxmAxIgunk
🟠 [AcksBuilder] Unknown media item type "pdf" (item ) — used "Pdf" as the prefix; add it to Acks_Formats type_prefix_map.
🟢 [AcksBuilder] Media item  ("link") is a lesson link — no acknowledgement (scope rule).
🟢 [AcksBuilder] Media item  ("link") is a lesson link — no acknowledgement (scope rule).
🟠 [AcksBuilder] Unknown media item type "Word doc" (item ) — used "Word doc" as the prefix; add it to Acks_Formats type_prefix_map.
🟠 [AcksBuilder] 17 iStock titles could not be verified (no *istock-acks*.txt was supplied); each is marked ❗ and the acks block carries a designer note.
🟠 [SkeletonBuilder] module_code value "—" has no module_code_value_map entry — element omitted; add the value to Emit_Templates.
🟢 [SkeletonBuilder] footer_links "lesson" value "—" is not a footer pattern (the registry's no-evidence marker) — the KB's lesson-page form "prev+next+home" applied (footer.kb_position_defaults).
🟠 [SkeletonBuilder] module_code value "—" has no module_code_value_map entry — element omitted; add the value to Emit_Templates.
🟢 [SkeletonBuilder] footer_links "lesson" value "—" is not a footer pattern (the registry's no-evidence marker) — the KB's lesson-page form "prev+next+home" applied (footer.kb_position_defaults).
🟠 [SkeletonBuilder] module_code value "—" has no module_code_value_map entry — element omitted; add the value to Emit_Templates.
🟢 [SkeletonBuilder] footer_links "lesson" value "—" is not a footer pattern (the registry's no-evidence marker) — the KB's lesson-page form "prev+next+home" applied (footer.kb_position_defaults).
🟠 [SkeletonBuilder] module_code value "—" has no module_code_value_map entry — element omitted; add the value to Emit_Templates.
🟢 [SkeletonBuilder] footer_links "final" value "—" is not a footer pattern (the registry's no-evidence marker) — the KB's final-page form "prev+home" applied (footer.kb_position_defaults).
🟢 [ConventionResolver] HTML conventions from series PHE (deviation over NCEA1|NCEA): overview menu tabs, lesson menu flat.
🟢 [PageSplitter] [end page] before [MODULE INTRODUCTION] disregarded — the introduction stays on the overview page (AR-1).
🟢 [PageSplitter] Implicit page break: content continues after [end page] without a [LESSON] tag — opened page 1.0 ("Wellbeing").
🟢 [PageSplitter] Implicit page break: content continues after [end page] without a [LESSON] tag — opened page 2.0 ("Te Whare Tapa Whā").
🟢 [PageSplitter] Implicit page break: content continues after [end page] without a [LESSON] tag — opened page 3.0 ("Te Wheke").
🟢 [PageSplitter] Implicit page break: content continues after [end page] without a [LESSON] tag — opened page 4.0 ("Fonofale").
🟢 [PageSplitter] Implicit page break: content continues after [end page] without a [LESSON] tag — opened page 5.0 ("Fonua").
🟢 [PageSplitter] Content after the final [end page] (20 blocks) is writer-form boilerplate — not emitted (AR-5).
🟢 [MenuBuilder] Menu heading "Tirohanga Whānui | Overview" is the section label — consumed (the menu scaffolding names it).
🟢 [MenuBuilder] Menu section "Aromatawai | Assessment for Learning" promoted to its own "Standards" nav tab (menu.extra_tabs registry).
🟢 [InteractiveBuilder] Built tabs #1 from captured data (no placeholder needed).
🟢 [InteractiveBuilder] Built dragAndDrop #3 from captured data (no placeholder needed).
🟢 [InteractiveBuilder] Built flipCard #4 from captured data (no placeholder needed).
🟠 [ContentConverter] Page 2.0: [activity] was never closed — closed at page end.
🟠 [ContentConverter] Page 3.0: [activity] was never closed — closed at page end.
🟢 [InteractiveBuilder] Built clickDrop #8 from captured data (no placeholder needed).
🟢 [ContentConverter] Page 5.0: [activity] auto-closed before the next activity.
🟠 [ContentConverter] Page 5.0: [activity] was never closed — closed at page end.
🟠 [AcksBuilder] YouTube metadata unavailable for item 2 (stubbed) — possible dead link worth checking: https://www.youtube.com/watch?v=mxz8KyV3Ydc
🟠 [AcksBuilder] YouTube metadata unavailable for item 4 (stubbed) — possible dead link worth checking: https://www.youtube.com/watch?v=jRH1so1MjuI
🟠 [AcksBuilder] YouTube metadata unavailable for item 16 (stubbed) — possible dead link worth checking: https://www.youtube.com/watch?v=qErmdWY6u6A&t=2s
🟠 [AcksBuilder] YouTube metadata unavailable for item 20 (stubbed) — possible dead link worth checking: https://www.youtube.com/watch?v=sVPYIRF9RCQ
🟠 [AcksBuilder] Media item 1 could not be mapped to a lesson — placed in the first group (0.0); verify.
🟠 [AcksBuilder] Media item 2 could not be mapped to a lesson — placed in the first group (0.0); verify.
🟠 [AcksBuilder] Media item 3 could not be mapped to a lesson — placed in the first group (0.0); verify.
🟠 [AcksBuilder] Media item 4 could not be mapped to a lesson — placed in the first group (0.0); verify.
🟠 [AcksBuilder] Media item 5 could not be mapped to a lesson — placed in the first group (0.0); verify.
🟠 [AcksBuilder] Media item 6 could not be mapped to a lesson — placed in the first group (0.0); verify.
🟠 [AcksBuilder] Media item 7 could not be mapped to a lesson — placed in the first group (0.0); verify.
🟠 [AcksBuilder] Media item 8 could not be mapped to a lesson — placed in the first group (0.0); verify.
🟠 [AcksBuilder] Media item 9 could not be mapped to a lesson — placed in the first group (0.0); verify.
🟠 [AcksBuilder] Media item 10 could not be mapped to a lesson — placed in the first group (0.0); verify.
🟠 [AcksBuilder] Media item 11 could not be mapped to a lesson — placed in the first group (0.0); verify.
🟠 [AcksBuilder] Media item 12 could not be mapped to a lesson — placed in the first group (0.0); verify.
🟠 [AcksBuilder] Media item 13 could not be mapped to a lesson — placed in the first group (0.0); verify.
🟠 [AcksBuilder] Media item 14 could not be mapped to a lesson — placed in the first group (0.0); verify.
🟠 [AcksBuilder] Media item 15 could not be mapped to a lesson — placed in the first group (0.0); verify.
🟠 [AcksBuilder] Media item 16 could not be mapped to a lesson — placed in the first group (0.0); verify.
🟠 [AcksBuilder] Media item 17 could not be mapped to a lesson — placed in the first group (0.0); verify.
🟠 [AcksBuilder] Media item 18 could not be mapped to a lesson — placed in the first group (0.0); verify.
🟠 [AcksBuilder] Media item 19 could not be mapped to a lesson — placed in the first group (0.0); verify.
🟠 [AcksBuilder] Media item 20 could not be mapped to a lesson — placed in the first group (0.0); verify.
🟠 [AcksBuilder] 9 iStock titles could not be verified (no *istock-acks*.txt was supplied); each is marked ❗ and the acks block carries a designer note.
🟢 [ConventionResolver] HTML conventions from group 1-10 Social Science|combo: overview menu tabs, lesson menu tabs.
🟢 [PageSplitter] Registry says single-file but lesson/page tags exist — keeping ONE file; the tags become in-page breaks (registry rule).
🟢 [InteractiveScanner] Activity 1B: additional widget [interactive] absorbed (interactive + interactive).
🟢 [InteractiveScanner] interactive: additional widget [interactive] absorbed (interactive + interactive).
🟢 [InteractiveScanner] interactive: additional widget [interactive] absorbed (interactive + interactive).
🟢 [InteractiveScanner] Activity 2A: additional widget [info trigger] absorbed (interactive + infoTrigger).
🟢 [InteractiveScanner] Activity 2B: additional widget [interactive] absorbed (interactive + interactive).
🟢 [InteractiveScanner] interactive: additional widget [interactive] absorbed (interactive + interactive).
🟢 [InteractiveScanner] interactive: additional widget [interactive] absorbed (interactive + interactive).
🟢 [InteractiveScanner] interactive: additional widget [interactive] absorbed (interactive + interactive).
🟢 [InteractiveScanner] interactive: additional widget [interactive] absorbed (interactive + interactive).
🟢 [InteractiveScanner] interactive: additional widget [interactive] absorbed (interactive + interactive).
🟢 [InteractiveScanner] Activity 4A: additional widget [interactive] absorbed (interactive + interactive).
🟢 [ContentConverter] Page 0.0: mode [activity] opener merged forward into numbered activity 1A (title heading kept inside; no empty box).
🟢 [ContentConverter] Page 0.0: [activity] auto-closed before the next activity.
🟢 [ContentConverter] Page 0.0: [activity] auto-closed before the next important.
🟢 [ContentConverter] Page 0.0: [activity] auto-closed before the next activity.
🟢 [ContentConverter] Page 0.0: [activity] auto-closed before the next activity.
🟢 [ContentConverter] Page 0.0: [activity] auto-closed before the next activity.
🟢 [ContentConverter] Page 0.0: mode [activity] opener merged forward into numbered activity 3A (title heading kept inside; no empty box).
🟢 [ContentConverter] Page 0.0: [activity] auto-closed before the next activity.
🟢 [ContentConverter] Page 0.0: [activity] auto-closed before the next activity.
🟢 [ContentConverter] Page 0.0: [activity] auto-closed before the next h2.
🟢 [ContentConverter] Page 0.0: mode [activity] opener merged forward into numbered activity 3B (title heading kept inside; no empty box).
🟢 [ContentConverter] Page 0.0: [activity] auto-closed before the next alert.
🟢 [ContentConverter] Page 0.0: [activity] auto-closed before the next h2.
🟢 [ContentConverter] Page 0.0: [activity] auto-closed before the next activity.
🟢 [ContentConverter] Page 0.0: [activity] auto-closed before the next activity.
🟢 [ContentConverter] Page 0.0: mode [activity] opener merged forward into numbered activity 4B (title heading kept inside; no empty box).
🟢 [ContentConverter] Page 0.0: [activity] auto-closed before the next activity.
🟢 [ContentConverter] Page 0.0: [activity] auto-closed before the next alert.
🟢 [MenuBuilder] Menu heading "Tirohanga Whānui | Overview" is the section label — consumed (the menu scaffolding names it).
🟢 [ActivitiesBuilder] 9 activity title heading(s) set to h3 (title_heading_level).
🟠 [AcksBuilder] Unknown media item type "Painting" (item ) — used "Painting" as the prefix; add it to Acks_Formats type_prefix_map.
🟠 [AcksBuilder] Unknown media item type "Artefact photo" (item ) — used "Artefact photo" as the prefix; add it to Acks_Formats type_prefix_map.
🟠 [AcksBuilder] Unknown media item type "Painting" (item ) — used "Painting" as the prefix; add it to Acks_Formats type_prefix_map.
🟠 [AcksBuilder] Unknown media item type "Painting" (item ) — used "Painting" as the prefix; add it to Acks_Formats type_prefix_map.
🟠 [AcksBuilder] Unknown media item type "Painting" (item ) — used "Painting" as the prefix; add it to Acks_Formats type_prefix_map.
🟠 [AcksBuilder] Unknown media item type "yellowWorksheet" (item ) — used "Yellowworksheet" as the prefix; add it to Acks_Formats type_prefix_map.
🟠 [AcksBuilder] Unknown media item type "yellowworksheet" (item ) — used "Yellowworksheet" as the prefix; add it to Acks_Formats type_prefix_map.
🟠 [AcksBuilder] Unknown media item type "artefact" (item ) — used "Artefact" as the prefix; add it to Acks_Formats type_prefix_map.
🟠 [AcksBuilder] Unknown media item type "yellowworksheet" (item ) — used "Yellowworksheet" as the prefix; add it to Acks_Formats type_prefix_map.
🟠 [AcksBuilder] Unknown media item type "Digital jigsaw" (item ) — used "Digital jigsaw" as the prefix; add it to Acks_Formats type_prefix_map.
🟠 [AcksBuilder] Unknown media item type "yellowworksheet" (item ) — used "Yellowworksheet" as the prefix; add it to Acks_Formats type_prefix_map.
🟠 [AcksBuilder] Unknown media item type "Lithograph" (item ) — used "Lithograph" as the prefix; add it to Acks_Formats type_prefix_map.
🟠 [AcksBuilder] Unknown media item type "yellowworksheet" (item ) — used "Yellowworksheet" as the prefix; add it to Acks_Formats type_prefix_map.
🟠 [AcksBuilder] Unknown media item type "painting" (item ) — used "Painting" as the prefix; add it to Acks_Formats type_prefix_map.
🟠 [AcksBuilder] Unknown media item type "yellowworksheet" (item ) — used "Yellowworksheet" as the prefix; add it to Acks_Formats type_prefix_map.
🟠 [AcksBuilder] Unknown media item type "Cartoon" (item ) — used "Cartoon" as the prefix; add it to Acks_Formats type_prefix_map.
🟠 [AcksBuilder] Unknown media item type "caricature" (item ) — used "Caricature" as the prefix; add it to Acks_Formats type_prefix_map.
🟠 [AcksBuilder] Unknown media item type "Political cartoon" (item ) — used "Political cartoon" as the prefix; add it to Acks_Formats type_prefix_map.
🟠 [AcksBuilder] Unknown media item type "B&W photo" (item ) — used "B&w photo" as the prefix; add it to Acks_Formats type_prefix_map.
🟠 [AcksBuilder] Unknown media item type "Cartoon" (item ) — used "Cartoon" as the prefix; add it to Acks_Formats type_prefix_map.
🟠 [AcksBuilder] Unknown media item type "B&W photo" (item ) — used "B&w photo" as the prefix; add it to Acks_Formats type_prefix_map.
🟠 [AcksBuilder] Unknown media item type "Blue worksheet" (item ) — used "Blue worksheet" as the prefix; add it to Acks_Formats type_prefix_map.
🟠 [AcksBuilder] Unknown media item type "Blue work sheet" (item ) — used "Blue work sheet" as the prefix; add it to Acks_Formats type_prefix_map.
🟠 [AcksBuilder] Unknown media item type "Pou carving" (item ) — used "Pou carving" as the prefix; add it to Acks_Formats type_prefix_map.
🟠 [AcksBuilder] Unknown media item type "Painting" (item ) — used "Painting" as the prefix; add it to Acks_Formats type_prefix_map.
🟠 [AcksBuilder] Unknown media item type "painting" (item ) — used "Painting" as the prefix; add it to Acks_Formats type_prefix_map.
🟠 [AcksBuilder] Unknown media item type "statue" (item ) — used "Statue" as the prefix; add it to Acks_Formats type_prefix_map.
🟠 [AcksBuilder] Unknown media item type "painting" (item ) — used "Painting" as the prefix; add it to Acks_Formats type_prefix_map.
🟠 [AcksBuilder] Unknown media item type "B&W photo" (item ) — used "B&w photo" as the prefix; add it to Acks_Formats type_prefix_map.
🟠 [AcksBuilder] YouTube metadata unavailable for item  (stubbed) — possible dead link worth checking: https://www.youtube.com/watch?v=nCwytR-Lk_c
🟠 [AcksBuilder] Unknown media item type "korowai" (item ) — used "Korowai" as the prefix; add it to Acks_Formats type_prefix_map.
🟠 [AcksBuilder] Unknown media item type "Green worksheet" (item ) — used "Green worksheet" as the prefix; add it to Acks_Formats type_prefix_map.
🟠 [AcksBuilder] Unknown media item type "cartoon" (item ) — used "Cartoon" as the prefix; add it to Acks_Formats type_prefix_map.
🟢 [AcksBuilder] Media item  placed in lesson 0.0 by neighbour interpolation — verify its group.
🟢 [AcksBuilder] Media item  placed in lesson 0.0 by neighbour interpolation — verify its group.
🟢 [AcksBuilder] Media item  placed in lesson 0.0 by neighbour interpolation — verify its group.
🟢 [AcksBuilder] Media item  placed in lesson 0.0 by neighbour interpolation — verify its group.
🟢 [AcksBuilder] Media item  placed in lesson 0.0 by neighbour interpolation — verify its group.
🟢 [AcksBuilder] Media item  placed in lesson 0.0 by neighbour interpolation — verify its group.
🟢 [AcksBuilder] Media item  placed in lesson 0.0 by neighbour interpolation — verify its group.
🟢 [AcksBuilder] Media item  placed in lesson 0.0 by neighbour interpolation — verify its group.
🟢 [AcksBuilder] Media item  placed in lesson 0.0 by neighbour interpolation — verify its group.
🟢 [AcksBuilder] Media item  placed in lesson 0.0 by neighbour interpolation — verify its group.
🟠 [AcksBuilder] 3 iStock titles could not be verified (no *istock-acks*.txt was supplied); each is marked ❗ and the acks block carries a designer note.
🟢 [ConventionResolver] HTML conventions from group 1-10 Technology|combo: overview menu default, lesson menu two_col_li.
🟠 [ContentConverter] [TITLE BAR] title half is the placeholder "TE REO" — the real title is not in the WT; dropped, not shipped as an <h1>. Add the title to the source.
🟢 [InteractiveBuilder] Built carousel #3 from captured data (no placeholder needed).
🟢 [ContentConverter] Page 0.0: [end other] had no open container — ignored.
🟢 [ContentConverter] Page 0.0: [end other] had no open container — ignored.
🟢 [ContentConverter] Page 0.0: [end mcq] had no open container — ignored.
🟢 [ContentConverter] Page 0.0: [end other] had no open container — ignored.
🟢 [ContentConverter] Page 0.0: [end mcq] had no open container — ignored.
🟢 [ContentConverter] Page 0.0: [end other] had no open container — ignored.
🟠 [AcksBuilder] Unknown media item type "Item Type" (item Item No.) — used "Item type" as the prefix; add it to Acks_Formats type_prefix_map.
🟠 [AcksBuilder] Unknown media item type "Illustration – please create" (item ) — used "Illustration – please create" as the prefix; add it to Acks_Formats type_prefix_map.
🟠 [AcksBuilder] Unknown media item type "Illustration – please create" (item ) — used "Illustration – please create" as the prefix; add it to Acks_Formats type_prefix_map.
🟠 [AcksBuilder] Unknown media item type "llustration – please create" (item ) — used "Llustration – please create" as the prefix; add it to Acks_Formats type_prefix_map.
🟠 [AcksBuilder] Unknown media item type "llustration – please create" (item ) — used "Llustration – please create" as the prefix; add it to Acks_Formats type_prefix_map.
🟠 [AcksBuilder] Unknown media item type "llustration – please create" (item ) — used "Llustration – please create" as the prefix; add it to Acks_Formats type_prefix_map.
🟠 [AcksBuilder] Unknown media item type "llustration – please create" (item ) — used "Llustration – please create" as the prefix; add it to Acks_Formats type_prefix_map.
🟠 [AcksBuilder] Unknown media item type "llustration – please create" (item ) — used "Llustration – please create" as the prefix; add it to Acks_Formats type_prefix_map.
🟠 [AcksBuilder] Unknown media item type "llustration – please create" (item ) — used "Llustration – please create" as the prefix; add it to Acks_Formats type_prefix_map.
🟠 [AcksBuilder] Unknown media item type "Item Type" (item Item No.) — used "Item type" as the prefix; add it to Acks_Formats type_prefix_map.
🟠 [AcksBuilder] Unknown media item type "Item Type" (item Item No.) — used "Item type" as the prefix; add it to Acks_Formats type_prefix_map.
🟠 [AcksBuilder] Unknown media item type "Illustration – please create" (item ) — used "Illustration – please create" as the prefix; add it to Acks_Formats type_prefix_map.
🟠 [AcksBuilder] Unknown media item type "Illustration – please create" (item ) — used "Illustration – please create" as the prefix; add it to Acks_Formats type_prefix_map.
🟠 [AcksBuilder] Unknown media item type "Animation, please create" (item ) — used "Animation, please create" as the prefix; add it to Acks_Formats type_prefix_map.
🟠 [AcksBuilder] Unknown media item type "Animation, please create" (item ) — used "Animation, please create" as the prefix; add it to Acks_Formats type_prefix_map.
🟠 [AcksBuilder] Unknown media item type "Photo, please crop" (item ) — used "Photo, please crop" as the prefix; add it to Acks_Formats type_prefix_map.
🟠 [AcksBuilder] Unknown media item type "Photo, please edit" (item ) — used "Photo, please edit" as the prefix; add it to Acks_Formats type_prefix_map.
🟠 [AcksBuilder] Unknown media item type "Item Type" (item Item No.) — used "Item type" as the prefix; add it to Acks_Formats type_prefix_map.
🟢 [AcksBuilder] Media item Link 1 ("Link") is a lesson link — no acknowledgement (scope rule).
🟢 [AcksBuilder] Media item Link 2 ("Link") is a lesson link — no acknowledgement (scope rule).
🟢 [AcksBuilder] Media item Link 3 ("Link") is a lesson link — no acknowledgement (scope rule).
🟢 [AcksBuilder] Media item Link 4 ("Link") is a lesson link — no acknowledgement (scope rule).
🟢 [AcksBuilder] Media item Link 5 ("Link") is a lesson link — no acknowledgement (scope rule).
🟠 [AcksBuilder] Unknown media item type "Item Type" (item Item No.) — used "Item type" as the prefix; add it to Acks_Formats type_prefix_map.
🟢 [AcksBuilder] Media item Link 6 ("Link") is a lesson link — no acknowledgement (scope rule).
🟠 [AcksBuilder] Unknown media item type "Video, start at 179 seconds" (item ) — used "Video, start at 179 seconds" as the prefix; add it to Acks_Formats type_prefix_map.
🟠 [AcksBuilder] YouTube metadata unavailable for item  (stubbed) — possible dead link worth checking: https://youtu.be/da17bmmK71E?si=zHBFMDhNQp-VfeIv&t=179
🟠 [AcksBuilder] Unknown media item type "Video, start at 179 seconds" (item ) — used "Video, start at 179 seconds" as the prefix; add it to Acks_Formats type_prefix_map.
🟢 [AcksBuilder] Media item Link 7 ("Link") is a lesson link — no acknowledgement (scope rule).
🟠 [AcksBuilder] Unknown media item type "Screenshot?" (item ) — used "Screenshot?" as the prefix; add it to Acks_Formats type_prefix_map.
🟠 [AcksBuilder] Unknown media item type "Item Type" (item Item No.) — used "Item type" as the prefix; add it to Acks_Formats type_prefix_map.
🟠 [AcksBuilder] YouTube metadata unavailable for item  (stubbed) — possible dead link worth checking: https://www.youtube.com/watch?v=hYvi30NpFss
🟢 [AcksBuilder] Media item Link 8 ("Link") is a lesson link — no acknowledgement (scope rule).
🟠 [AcksBuilder] YouTube metadata unavailable for item  (stubbed) — possible dead link worth checking: https://www.youtube.com/watch?v=ANMr5GD8fpk
🟢 [AcksBuilder] Media item Item No. placed in lesson 0.0 by neighbour interpolation — verify its group.
🟢 [AcksBuilder] Media item Item No. placed in lesson 0.0 by neighbour interpolation — verify its group.
🟢 [AcksBuilder] Media item Item No. placed in lesson 0.0 by neighbour interpolation — verify its group.
🟢 [AcksBuilder] Media item Item No. placed in lesson 0.0 by neighbour interpolation — verify its group.
🟢 [AcksBuilder] Media item Item No. placed in lesson 0.0 by neighbour interpolation — verify its group.
🟢 [AcksBuilder] Media item Item No. placed in lesson 0.0 by neighbour interpolation — verify its group.
🟠 [AcksBuilder] 18 iStock titles could not be verified (no *istock-acks*.txt was supplied); each is marked ❗ and the acks block carries a designer note.
🟢 [ModuleResolver] TRR203 is not in the registry members — inherited from its level TRR1 (sibling rule).
🟢 [DocxExtractor] Content opened at the [Content for DROP DOWN MENU] marker — the MTK drop-down-menu bilingual template (its overview lives before the first [LESSON N CONTENT]).
🟢 [ConventionResolver] HTML conventions from group Te Marautanga o Aotearoa TMoA|1-3: overview menu tabs, lesson menu default.
🟢 [PageSplitter] Document opens without a literal [TITLE BAR] — overview page opened at the first content tag (Fundamentals-style template).
🟢 [PageSplitter] [MODULE CONTENT: PAGE n] marker — its content stays on the overview page (MTK drop-down-menu template).
🟢 [PageAssembler] No [TITLE BAR] title — using the front-matter "Module Name" metadata "Ngā Kūmua Rongoiti" as the module title (MTK drop-down-menu template).
🟠 [AcksBuilder] Unknown media item type "Document" (item ) — used "Document" as the prefix; add it to Acks_Formats type_prefix_map.
🟠 [AcksBuilder] Unknown media item type "Document" (item 19.) — used "Document" as the prefix; add it to Acks_Formats type_prefix_map.
🟠 [AcksBuilder] 13 iStock titles could not be verified (no *istock-acks*.txt was supplied); each is marked ❗ and the acks block carries a designer note.
🟢 [SkeletonBuilder] template attribute "1-3" overridden to the level-2 preset "4-6" (template_phase_presets — the module-level rule outranks sibling inheritance for this attribute only).
🟢 [SkeletonBuilder] Page 1.0: h1_count wants 2 title(s) but the source provided 1 — emitted what exists.
🟢 [SkeletonBuilder] Page 2.0: h1_count wants 2 title(s) but the source provided 1 — emitted what exists.
🟢 [SkeletonBuilder] Page 3.0: h1_count wants 2 title(s) but the source provided 1 — emitted what exists.
🟢 [SkeletonBuilder] footer_links "final" value "—" is not a footer pattern (the registry's no-evidence marker) — the KB's final-page form "prev+home" applied (footer.kb_position_defaults).
🟢 [ConventionResolver] HTML conventions from group Leaving to Learn|NCEA: overview menu default, lesson menu flat.
🟢 [PageSplitter] Implicit page break: content continues after [end page] without a [LESSON] tag — opened page 1.0.
🟢 [PageSplitter] Implicit page break: content continues after [end page] without a [LESSON] tag — opened page 2.0.
🟢 [PageSplitter] Implicit page break: content continues after [end page] without a [LESSON] tag — opened page 3.0.
🟢 [PageSplitter] Implicit page break: content continues after [end page] without a [LESSON] tag — opened page 4.0.
🟢 [PageSplitter] Implicit page break: content continues after [end page] without a [LESSON] tag — opened page 5.0.
🟢 [PageSplitter] Implicit page break: content continues after [end page] without a [LESSON] tag — opened page 6.0.
🟢 [PageSplitter] Implicit page break: content continues after [end page] without a [LESSON] tag — opened page 7.0.
🟢 [MenuBuilder] Menu heading "Tirohanga Whānui | Overview" is the section label — consumed (the menu scaffolding names it).
🟢 [MenuBuilder] Menu section "Aromatawai | Assessment for Learning" promoted to its own "Standards" nav tab (menu.extra_tabs registry).
🟢 [InteractiveBuilder] Built dropDown #1 from captured data (no placeholder needed).
🟢 [InteractiveBuilder] Built accordion #2 from captured data (no placeholder needed).
🟢 [InteractiveBuilder] Built dropDown #3 from captured data (no placeholder needed).
🟢 [InteractiveBuilder] Built dropDown #5 from captured data (no placeholder needed).
🟢 [InteractiveBuilder] Built dropDown #7 from captured data (no placeholder needed).
🟢 [InteractiveBuilder] Built dropDown #9 from captured data (no placeholder needed).
🟢 [ContentConverter] Page 2.0: [end accordion] had no open container — ignored.
🟢 [InteractiveBuilder] Built dropDown #10 from captured data (no placeholder needed).
🟢 [InteractiveBuilder] Built dropDown #12 from captured data (no placeholder needed).
🟢 [InteractiveBuilder] Built dropDown #14 from captured data (no placeholder needed).
🟢 [InteractiveBuilder] Built accordion #15 from captured data (no placeholder needed).
🟢 [InteractiveBuilder] Built dropDown #16 from captured data (no placeholder needed).
🟢 [ContentConverter] Page 2.0: [end accordion] had no open container — ignored.
🟢 [InteractiveBuilder] Built dropDown #17 from captured data (no placeholder needed).
🟢 [InteractiveBuilder] Built dropDown #18 from captured data (no placeholder needed).
🟢 [InteractiveBuilder] Built dropDown #19 from captured data (no placeholder needed).
🟢 [InteractiveBuilder] Built dropDown #20 from captured data (no placeholder needed).
🟢 [InteractiveBuilder] Built dropDown #21 from captured data (no placeholder needed).
🟢 [InteractiveBuilder] Built dropDown #22 from captured data (no placeholder needed).
🟢 [InteractiveBuilder] Built dropDown #23 from captured data (no placeholder needed).
🟢 [InteractiveBuilder] Built dropDown #24 from captured data (no placeholder needed).
🟠 [AcksBuilder] YouTube metadata unavailable for item 1 (stubbed) — possible dead link worth checking: https://www.youtube.com/watch?v=E5V18AabDSs
🟠 [AcksBuilder] YouTube metadata unavailable for item 3 (stubbed) — possible dead link worth checking: https://www.youtube.com/watch?v=sgJ24hknbHs
🟠 [AcksBuilder] YouTube metadata unavailable for item 5 (stubbed) — possible dead link worth checking: https://www.youtube.com/watch?v=epN8L0Aohgk)
🟠 [AcksBuilder] YouTube metadata unavailable for item 6 (stubbed) — possible dead link worth checking: https://www.youtube.com/watch?v=ut_0SVXPFTg
🟠 [AcksBuilder] YouTube metadata unavailable for item 14 (stubbed) — possible dead link worth checking: https://www.youtube.com/watch?v=MEBNODW5XqM
🟠 [AcksBuilder] YouTube metadata unavailable for item 15 (stubbed) — possible dead link worth checking: https://www.youtube.com/watch?v=4lElgoyVd2M
🟠 [AcksBuilder] YouTube metadata unavailable for item 16 (stubbed) — possible dead link worth checking: https://www.youtube.com/watch?v=GO1F1iZLKzI
🟠 [AcksBuilder] YouTube metadata unavailable for item 25 (stubbed) — possible dead link worth checking: https://www.youtube.com/watch?v=LFVMKqtV0SE
🟠 [AcksBuilder] YouTube metadata unavailable for item 26 (stubbed) — possible dead link worth checking: https://www.youtube.com/watch?v=1oJ8EMfOcGA
🟠 [AcksBuilder] YouTube metadata unavailable for item 34 (stubbed) — possible dead link worth checking: https://www.youtube.com/watch?v=hV1sigh6WKA
🟠 [AcksBuilder] YouTube metadata unavailable for item 41 (stubbed) — possible dead link worth checking: https://www.youtube.com/watch?v=7csaka9sRec
🟠 [AcksBuilder] YouTube metadata unavailable for item 42 (stubbed) — possible dead link worth checking: https://www.youtube.com/watch?v=hV1sigh6WKA
🟠 [AcksBuilder] YouTube metadata unavailable for item 48 (stubbed) — possible dead link worth checking: https://www.youtube.com/watch?v=cwnB5tYaJCo
🟠 [AcksBuilder] YouTube metadata unavailable for item 49 (stubbed) — possible dead link worth checking: https://www.youtube.com/watch?v=k8IMUqJt9EA
🟠 [AcksBuilder] YouTube metadata unavailable for item 50 (stubbed) — possible dead link worth checking: https://youtube.com/shorts/URGCdhB95l4?si=sGwHsRAlh8IpRuR4
🟠 [AcksBuilder] YouTube metadata unavailable for item 63 (stubbed) — possible dead link worth checking: https://youtu.be/qeK3SkxrZRI?si=DPCgfbuaCvrAMzlv
🟠 [AcksBuilder] YouTube metadata unavailable for item 70 (stubbed) — possible dead link worth checking: https://www.youtube.com/watch?v=CV2NerRlfHw
🟠 [AcksBuilder] YouTube metadata unavailable for item 77 (stubbed) — possible dead link worth checking: https://www.youtube.com/watch?v=i3ku5nx4tMU
🟠 [AcksBuilder] YouTube metadata unavailable for item 84 (stubbed) — possible dead link worth checking: ttps://www.youtube.com/watch?v=ottnH427Fr8
🟠 [AcksBuilder] YouTube metadata unavailable for item 95 (stubbed) — possible dead link worth checking: https://www.youtube.com/watch?v=Km_Dop2Xn9g&t=117
🟠 [AcksBuilder] YouTube metadata unavailable for item 96 (stubbed) — possible dead link worth checking: https://www.youtube.com/watch?v=0QpjR6-Uuks
🟠 [AcksBuilder] YouTube metadata unavailable for item 97 (stubbed) — possible dead link worth checking: https://youtu.be/4xjPODksI08?si=Y6cWBGbC-qGbVOtt
🟠 [AcksBuilder] YouTube metadata unavailable for item 98 (stubbed) — possible dead link worth checking: https://youtu.be/55s3T7VRQSc?si=e3xeu3Ws7nXbxxBa
🟠 [AcksBuilder] YouTube metadata unavailable for item 99 (stubbed) — possible dead link worth checking: https://youtu.be/fgWFxFg7-GU?si=ScT7dTcZE1UWgAWe
🟠 [AcksBuilder] YouTube metadata unavailable for item 100 (stubbed) — possible dead link worth checking: https://www.youtube.com/watch?v=r-rHc8tm5_c
🟠 [AcksBuilder] YouTube metadata unavailable for item 101 (stubbed) — possible dead link worth checking: https://www.youtube.com/watch?v=bnsVo_9DuIY
🟠 [AcksBuilder] YouTube metadata unavailable for item 102 (stubbed) — possible dead link worth checking: http://youtube.com/watch?v=6DQYtwV9zWo
🟠 [AcksBuilder] YouTube metadata unavailable for item 103 (stubbed) — possible dead link worth checking: https://www.youtube.com/watch?v=_WjUFuW2J0A
🟠 [AcksBuilder] YouTube metadata unavailable for item 104 (stubbed) — possible dead link worth checking: https://www.youtube.com/watch?v=ZOiB5WreR0k
🟠 [AcksBuilder] YouTube metadata unavailable for item 106 (stubbed) — possible dead link worth checking: https://www.youtube.com/watch?v=1-RZYSTJAAo
🟠 [AcksBuilder] YouTube metadata unavailable for item 107 (stubbed) — possible dead link worth checking: https://www.youtube.com/watch?v=0RWe2dY8Cgw)
🟠 [AcksBuilder] YouTube metadata unavailable for item 108 (stubbed) — possible dead link worth checking: https://www.youtube.com/watch?v=XXDOwaykZ2Q
🟠 [AcksBuilder] YouTube metadata unavailable for item 109 (stubbed) — possible dead link worth checking: https://www.youtube.com/watch?v=aVBZW2XzwC4
🟠 [AcksBuilder] YouTube metadata unavailable for item 110 (stubbed) — possible dead link worth checking: https://www.youtube.com/watch?v=9TI9QSAs9gs
🟠 [AcksBuilder] 65 iStock titles could not be verified (no *istock-acks*.txt was supplied); each is marked ❗ and the acks block carries a designer note.
🟢 [SkeletonBuilder] footer_links "final" value "—" is not a footer pattern (the registry's no-evidence marker) — the KB's final-page form "prev+home" applied (footer.kb_position_defaults).
🟢 [ConventionResolver] HTML conventions from series XGF (deviation over Leaving to Learn|combo): overview menu two_col_li, lesson menu flat.
🟢 [PageSplitter] [end page] before [MODULE INTRODUCTION] disregarded — the introduction stays on the overview page (AR-1).
🟢 [PageSplitter] Implicit page break: content continues after [end page] without a [LESSON] tag — opened page 1.0.
🟢 [InteractiveBuilder] Built carousel #1 from captured data (no placeholder needed).
🟢 [InteractiveBuilder] Built carousel #2 from captured data (no placeholder needed).
🟢 [ContentConverter] Page 0.0: [end tabs] had no open container — ignored.
🟢 [MenuBuilder] Menu heading "Tirohanga Whānui | Overview" is the section label — consumed (the menu scaffolding names it).
🟢 [InteractiveScanner] Activity 2B: additional widget [accordion] absorbed (accordion + accordion).
🟢 [InteractiveScanner] Activity 2B: additional widget [accordion] absorbed (accordion + accordion).
🟢 [InteractiveScanner] Activity 2B: additional widget [accordion] absorbed (accordion + accordion).
🟢 [InteractiveScanner] Activity 2B: additional widget [accordion] absorbed (accordion + accordion).
🟢 [InteractiveScanner] Activity 2B: additional widget [accordion] absorbed (accordion + accordion).
🟢 [InteractiveScanner] Activity 2B: additional widget [accordion] absorbed (accordion + accordion).
🟢 [InteractiveScanner] Activity 2B: additional widget [accordion] absorbed (accordion + accordion).
🟢 [InteractiveScanner] Activity 2B: additional widget [accordion] absorbed (accordion + accordion).
🟢 [InteractiveScanner] Activity 2D: additional widget [drag and drop] absorbed (dragAndDrop + dragAndDrop).
🟢 [InteractiveScanner] Activity 2E: additional widget [accordion] absorbed (accordion + accordion).
🟢 [InteractiveBuilder] Built flipCard #4 from captured data (no placeholder needed).
🟢 [ContentConverter] Page 1.0: [end activity] had no open container — ignored.
🟢 [InteractiveBuilder] Built accordion #6 from captured data (no placeholder needed).
🟢 [ContentConverter] [alert] spans to an explicit end tag (writer-authored box).
🟢 [InteractiveBuilder] Built dragAndDrop #7 from captured data (no placeholder needed).
🟢 [InteractiveBuilder] Built accordion #9 from captured data (no placeholder needed).
🟢 [ContentConverter] Page 1.0: [end alert] had no open container — ignored.
🟢 [ContentConverter] Page 1.0: [activity] auto-closed before the next h3.
🟢 [ContentConverter] Page 1.0: [activity] auto-closed before the next h2.
🟢 [ContentConverter] Page 1.0: [end other] had no open container — ignored.
🟢 [InteractiveBuilder] Built carousel #16 from captured data (no placeholder needed).
🟢 [InteractiveBuilder] Built dragAndDrop #17 from captured data (no placeholder needed).
🟢 [ContentConverter] Page 1.0: [end activity] had no open container — ignored.
🟢 [ContentConverter] Page 1.0: [end alert] had no open container — ignored.
🟢 [InteractiveScanner] accordion: additional widget [accordion] absorbed (accordion + accordion).
🟢 [InteractiveScanner] accordion: additional widget [accordion] absorbed (accordion + accordion).
🟢 [InteractiveScanner] accordion: additional widget [accordion] absorbed (accordion + accordion).
🟢 [InteractiveScanner] accordion: additional widget [accordion] absorbed (accordion + accordion).
🟢 [InteractiveScanner] accordion: additional widget [accordion] absorbed (accordion + accordion).
🟢 [InteractiveScanner] accordion: additional widget [accordion] absorbed (accordion + accordion).
🟢 [InteractiveScanner] accordion: additional widget [accordion] absorbed (accordion + accordion).
🟢 [InteractiveScanner] accordion: additional widget [accordion] absorbed (accordion + accordion).
🟢 [ContentConverter] [alert] spans to an explicit end tag (writer-authored box).
🟢 [InteractiveBuilder] Built carousel #20 from captured data (no placeholder needed).
🟢 [InteractiveBuilder] Built carousel #21 from captured data (no placeholder needed).
🟢 [ContentConverter] Page 1.1: [end carousel] had no open container — ignored.
🟢 [ContentConverter] Page 1.1: [activity] auto-closed before the next h2.
🟢 [ContentConverter] Page 1.1: [end alert] had no open container — ignored.
🟢 [InteractiveBuilder] Built carousel #22 from captured data (no placeholder needed).
🟢 [ContentConverter] [alert] spans to an explicit end tag (writer-authored box).
🟢 [InteractiveBuilder] Built accordion #23 from captured data (no placeholder needed).
🟢 [ContentConverter] Page 1.1: [end other] had no open container — ignored.
🟢 [ContentConverter] Page 1.1: [end activity] had no open container — ignored.
🟢 [ContentConverter] [alert] spans to an explicit end tag (writer-authored box).
🟢 [ContentConverter] [alert] spans to an explicit end tag (writer-authored box).
🟢 [ContentConverter] Page 1.1: [end alert] had no open container — ignored.
🟢 [ActivitiesBuilder] 1 activity title heading(s) set to h3 (title_heading_level).
🟢 [InteractiveScanner] carousel: additional widget [carousel] absorbed (carousel + carousel).
🟢 [InteractiveScanner] Activity 4B: additional widget [drag and drop] absorbed (dragAndDrop + dragAndDrop).
🟢 [InteractiveScanner] dragAndDrop: additional widget [drag and drop] absorbed (dragAndDrop + dragAndDrop).
🟢 [InteractiveBuilder] Built carousel #25 from captured data (no placeholder needed).
🟢 [ContentConverter] Page 1.2: [end carousel] had no open container — ignored.
🟢 [ContentConverter] [alert] spans to an explicit end tag (writer-authored box).
🟢 [InteractiveBuilder] Built carousel #28 from captured data (no placeholder needed).
🟢 [ContentConverter] Page 1.2: [end alert] had no open container — ignored.
🟢 [ContentConverter] Page 1.4: [end tab n] had no open container — ignored.
🟠 [AcksBuilder] YouTube metadata unavailable for item  (stubbed) — possible dead link worth checking: https://youtu.be/GjN2xNoxMRE?si=D9VtW9mfZSozv6jg
🟠 [AcksBuilder] YouTube metadata unavailable for item  (stubbed) — possible dead link worth checking: https://youtu.be/TSJAI2iNHcs?si=YWDyYOe2QuqC5bjP
🟠 [AcksBuilder] YouTube metadata unavailable for item  (stubbed) — possible dead link worth checking: https://www.youtube.com/watch?v=ex0M-vPHPr4
🟠 [AcksBuilder] YouTube metadata unavailable for item  (stubbed) — possible dead link worth checking: https://youtu.be/O9BLmthpP-M?si=-4HZ8VRyiHITWmpj
🟠 [AcksBuilder] YouTube metadata unavailable for item  (stubbed) — possible dead link worth checking: https://youtu.be/_2fXXwQJKjI?si=lhbguij2L1Rjxnqq
🟠 [AcksBuilder] YouTube metadata unavailable for item  (stubbed) — possible dead link worth checking: https://youtu.be/tT89OZ7TNwc?si=2H7np-wqdSl7I0U9
🟠 [AcksBuilder] YouTube metadata unavailable for item  (stubbed) — possible dead link worth checking: https://youtube.com/shorts/E-bP-rHRtEg?feature=shared
🟠 [AcksBuilder] YouTube metadata unavailable for item  (stubbed) — possible dead link worth checking: https://youtu.be/EK0jBBRpzSk?si=UZ0QWOld_Jm7p0Hk
🟠 [AcksBuilder] YouTube metadata unavailable for item  (stubbed) — possible dead link worth checking: https://youtu.be/dA4Li-o_ZQc?si=N9g_JOtR3zV9twL_
🟠 [AcksBuilder] YouTube metadata unavailable for item  (stubbed) — possible dead link worth checking: https://youtu.be/Vs-MyQgfH3A?si=apmQVFgjmM3CaCk0
🟠 [AcksBuilder] YouTube metadata unavailable for item  (stubbed) — possible dead link worth checking: https://youtu.be/JUj-5G6T-fY?si=RVpf3W2BUiCjnfRr
🟠 [AcksBuilder] YouTube metadata unavailable for item  (stubbed) — possible dead link worth checking: https://youtu.be/6t_Elb_OcQY?si=9IbU50UXrhmTH5J0
🟠 [AcksBuilder] YouTube metadata unavailable for item  (stubbed) — possible dead link worth checking: https://youtu.be/LY4i5CSn7AA?si=h4nbFFi1fv86ORgb
🟠 [AcksBuilder] YouTube metadata unavailable for item  (stubbed) — possible dead link worth checking: https://youtu.be/L0e-oMZi000?si=eqJ21GRYk-yYey30
🟠 [AcksBuilder] YouTube metadata unavailable for item  (stubbed) — possible dead link worth checking: https://youtu.be/bClpteft8Bo?si=fdHDELZUrOv8-C_H
🟠 [AcksBuilder] YouTube metadata unavailable for item  (stubbed) — possible dead link worth checking: https://youtu.be/MiEdDAnhqbg?si=_UQ17X2n1OAtJYrE
🟠 [AcksBuilder] YouTube metadata unavailable for item  (stubbed) — possible dead link worth checking: https://youtu.be/-zzH3WEZSgg?si=Jn7Cof3C7VaisVuu
🟠 [AcksBuilder] YouTube metadata unavailable for item  (stubbed) — possible dead link worth checking: https://youtu.be/nbbM6Bruqgw?si=L0BULXgG2piGp75Z
🟠 [AcksBuilder] YouTube metadata unavailable for item  (stubbed) — possible dead link worth checking: https://www.youtube.com/watch?v=4L-n8Z7G0ic
🟠 [AcksBuilder] Unknown media item type "Website" (item ) — used "Website" as the prefix; add it to Acks_Formats type_prefix_map.
🟠 [AcksBuilder] YouTube metadata unavailable for item  (stubbed) — possible dead link worth checking: https://youtu.be/f3qeScWXOUs?si=NLr5-LD0SRxI4Epo
🟠 [AcksBuilder] YouTube metadata unavailable for item  (stubbed) — possible dead link worth checking: https://youtu.be/jaAbzC1BVlk?si=wrGKYbIATCBGrSGT
🟠 [AcksBuilder] YouTube metadata unavailable for item  (stubbed) — possible dead link worth checking: https://youtu.be/lPtKtmT0V8g?si=od82VjpVipin5JQT
🟠 [AcksBuilder] YouTube metadata unavailable for item  (stubbed) — possible dead link worth checking: https://youtu.be/0CXkbsE22xU?si=QMi3lwFOkjK6uKtU
🟠 [AcksBuilder] YouTube metadata unavailable for item  (stubbed) — possible dead link worth checking: https://youtu.be/gowtEn5TlrU?si=XrWhRelqGdnFochy
🟠 [AcksBuilder] YouTube metadata unavailable for item  (stubbed) — possible dead link worth checking: https://youtu.be/UrElYjbllTk?si=WbUqfn2BsxYOJxXh
🟠 [AcksBuilder] YouTube metadata unavailable for item  (stubbed) — possible dead link worth checking: https://youtu.be/hiSpWE_XORw?si=4djvs2RMHKLLkQfD
🟠 [AcksBuilder] YouTube metadata unavailable for item  (stubbed) — possible dead link worth checking: https://www.youtube.com/watch?v=LTryB55xbbY
🟠 [AcksBuilder] YouTube metadata unavailable for item  (stubbed) — possible dead link worth checking: https://youtu.be/NktSsUayBNA?si=7t336Sjj3Xv1tHjq
🟠 [AcksBuilder] YouTube metadata unavailable for item  (stubbed) — possible dead link worth checking: https://www.youtube.com/watch?v=hiIqWcWITbM
🟠 [AcksBuilder] YouTube metadata unavailable for item  (stubbed) — possible dead link worth checking: https://youtu.be/HZrUWvfU6VU?si=Rw5Wr7Z63FF0JrJr
🟠 [AcksBuilder] Unknown media item type "AI Photo" (item ) — used "Ai photo" as the prefix; add it to Acks_Formats type_prefix_map.
🟠 [AcksBuilder] Unknown media item type "Web" (item ) — used "Web" as the prefix; add it to Acks_Formats type_prefix_map.
🟠 [AcksBuilder] Unknown media item type "Web" (item ) — used "Web" as the prefix; add it to Acks_Formats type_prefix_map.
🟠 [AcksBuilder] Unknown media item type "Web" (item ) — used "Web" as the prefix; add it to Acks_Formats type_prefix_map.
🟠 [AcksBuilder] Unknown media item type "Web" (item ) — used "Web" as the prefix; add it to Acks_Formats type_prefix_map.
🟠 [AcksBuilder] Unknown media item type "Web" (item ) — used "Web" as the prefix; add it to Acks_Formats type_prefix_map.
🟠 [AcksBuilder] Unknown media item type "Web" (item ) — used "Web" as the prefix; add it to Acks_Formats type_prefix_map.
🟠 [AcksBuilder] Unknown media item type "Web" (item ) — used "Web" as the prefix; add it to Acks_Formats type_prefix_map.
🟠 [AcksBuilder] Unknown media item type "Web" (item ) — used "Web" as the prefix; add it to Acks_Formats type_prefix_map.
🟠 [AcksBuilder] YouTube metadata unavailable for item  (stubbed) — possible dead link worth checking: https://youtu.be/7KPsWqyVwOo?si=kOxP6kRRdu7YFVDA
🟠 [AcksBuilder] YouTube metadata unavailable for item  (stubbed) — possible dead link worth checking: https://youtu.be/qAC-5hTK-4c?si=0OHu5WMmct96XteV
🟠 [AcksBuilder] YouTube metadata unavailable for item  (stubbed) — possible dead link worth checking: https://youtu.be/JhbNxXbJ5qw?si=BxZYoORgy0kivnDX
🟠 [AcksBuilder] YouTube metadata unavailable for item  (stubbed) — possible dead link worth checking: https://youtu.be/GX5DzAwFVnc?si=y3EVY4EiTCB8Aajs
🟠 [AcksBuilder] YouTube metadata unavailable for item  (stubbed) — possible dead link worth checking: https://youtu.be/l2N0_zBYLlk?si=bVVvqr14weyjwlQY
🟠 [AcksBuilder] YouTube metadata unavailable for item  (stubbed) — possible dead link worth checking: https://youtu.be/NqOsPl2OqT0?si=jWn_TJn-SB_rO1MM
🟢 [AcksBuilder] Media item  placed in lesson 1.0 by neighbour interpolation — verify its group.
🟢 [AcksBuilder] Media item  placed in lesson 1.1 by neighbour interpolation — verify its group.
🟢 [AcksBuilder] Media item  placed in lesson 1.1 by neighbour interpolation — verify its group.
🟢 [AcksBuilder] Media item  placed in lesson 1.3 by neighbour interpolation — verify its group.
🟠 [AcksBuilder] 83 iStock titles could not be verified (no *istock-acks*.txt was supplied); each is marked ❗ and the acks block carries a designer note.
🟢 [ConventionResolver] HTML conventions from series XTAS (deviation over Leaving to Learn|1-3): overview menu tabs, lesson menu flat.
🟢 [InteractiveScanner] dropDown: additional widget [dropdown] absorbed (dropDown + dropDown).
🟢 [InteractiveScanner] clickDrop: additional widget [click drop] absorbed (clickDrop + clickDrop).
🟢 [InteractiveBuilder] Built dropDown #2 from captured data (no placeholder needed).
🟢 [InteractiveBuilder] Built clickDrop #3 from captured data (no placeholder needed).
🟢 [MenuBuilder] Menu heading "Tirohanga Whānui | Overview: A module about the places we like to visit in our community." is the section label — consumed (the menu scaffolding names it).
🟢 [InteractiveScanner] dropDown: additional widget [dropdown] absorbed (dropDown + dropDown).
🟢 [ContentConverter] Page 1.0: [end activity] had no open container — ignored.
🟢 [InteractiveBuilder] Built dropDown #6 from captured data (no placeholder needed).
🟢 [ContentConverter] Page 1.0: activity box kept open for its trailing upload box (round 314).
🟢 [InteractiveBuilder] Built dropDown #9 from captured data (no placeholder needed).
🟢 [ContentConverter] Page 1.0: [activity] auto-closed before the next alert.
🟢 [ContentConverter] Page 1.0: activity box kept open for its trailing upload box (round 314).
🟢 [InteractiveBuilder] Built dropDown #11 from captured data (no placeholder needed).
🟢 [ContentConverter] Page 1.0: [activity] auto-closed before the next alert.
🟢 [ContentConverter] Page 2.0: [end activity] had no open container — ignored.
🟢 [ContentConverter] Page 2.0: open [activity] closed by the next activity's widget bundle.
🟢 [ContentConverter] Page 2.0: [end activity] had no open container — ignored.
🟢 [InteractiveBuilder] Built carousel #15 from captured data (no placeholder needed).
🟢 [ContentConverter] Page 2.0: activity box kept open for its trailing upload box (round 314).
🟢 [InteractiveBuilder] Built dropDown #17 from captured data (no placeholder needed).
🟢 [ContentConverter] Page 2.0: activity box kept open for its trailing upload box (round 314).
🟢 [InteractiveBuilder] Built dropDown #19 from captured data (no placeholder needed).
🟢 [ContentConverter] Page 2.0: activity box kept open for its trailing upload box (round 314).
🟢 [InteractiveBuilder] Built dropDown #21 from captured data (no placeholder needed).
🟢 [ContentConverter] Page 2.0: [activity] auto-closed before the next activity.
🟢 [ContentConverter] Page 2.0: activity box kept open for its trailing upload box (round 314).
🟢 [InteractiveBuilder] Built dropDown #23 from captured data (no placeholder needed).
🟢 [ContentConverter] Page 2.0: [activity] auto-closed before the next h3.
🟢 [InteractiveBuilder] Built carousel #24 from captured data (no placeholder needed).
🟢 [InteractiveBuilder] Built carousel #25 from captured data (no placeholder needed).
🟢 [InteractiveBuilder] Built carousel #26 from captured data (no placeholder needed).
🟢 [ContentConverter] Page 2.0: activity box kept open for its trailing upload box (round 314).
🟢 [InteractiveBuilder] Built dropDown #28 from captured data (no placeholder needed).
🟢 [ContentConverter] Page 2.0: [activity] auto-closed before the next activity.
🟢 [InteractiveBuilder] Built flipCard #29 from captured data (no placeholder needed).
🟢 [ContentConverter] Page 2.0: [end activity] had no open container — ignored.
🟢 [ContentConverter] Page 2.0: [activity] auto-closed before the next alert.
🟢 [InteractiveBuilder] Built carousel #31 from captured data (no placeholder needed).
🟢 [ContentConverter] Page 3.0: activity box kept open for its trailing upload box (round 314).
🟢 [InteractiveBuilder] Built dropDown #34 from captured data (no placeholder needed).
🟢 [InteractiveBuilder] Built dropDown #35 from captured data (no placeholder needed).
🟢 [ContentConverter] Page 3.0: [end activity] had no open container — ignored.
🟢 [ContentConverter] Page 3.0: [end activity] had no open container — ignored.
🟢 [ContentConverter] Page 3.0: [end activity] had no open container — ignored.
🟢 [InteractiveBuilder] Built carousel #39 from captured data (no placeholder needed).
🟢 [ContentConverter] Page 3.0: [end activity] had no open container — ignored.
🟢 [InteractiveBuilder] Built speechBubble #43 from captured data (no placeholder needed).
🟢 [ContentConverter] Page 3.0: [end activity] had no open container — ignored.
🟢 [ContentConverter] Page 3.0: [activity] auto-closed before the next alert.
🟢 [InteractiveScanner] clickDrop: additional widget [click drop] absorbed (clickDrop + clickDrop).
🟢 [InteractiveScanner] clickDrop: additional widget [click drop] absorbed (clickDrop + clickDrop).
🟢 [InteractiveScanner] clickDrop: additional widget [click drop] absorbed (clickDrop + clickDrop).
🟢 [InteractiveScanner] clickDrop: additional widget [click drop] absorbed (clickDrop + clickDrop).
🟢 [ContentConverter] Page 4.0: activity box kept open for its trailing upload box (round 314).
🟢 [InteractiveBuilder] Built dropDown #47 from captured data (no placeholder needed).
🟢 [InteractiveBuilder] Built dropDown #48 from captured data (no placeholder needed).
🟢 [ContentConverter] Page 4.0: [end activity] had no open container — ignored.
🟢 [ContentConverter] Page 4.0: [activity] auto-closed before the next alert.
🟢 [InteractiveBuilder] Built dropDown #52 from captured data (no placeholder needed).
🟢 [ContentConverter] Page 5.0: [end activity] had no open container — ignored.
🟢 [ContentConverter] Page 5.0: activity box kept open for its trailing upload box (round 314).
🟢 [InteractiveBuilder] Built dropDown #54 from captured data (no placeholder needed).
🟢 [ContentConverter] Page 5.0: [end activity] had no open container — ignored.
🟢 [ContentConverter] Page 5.0: [activity] auto-closed before the next alert.
🟠 [AcksBuilder] YouTube metadata unavailable for item  (stubbed) — possible dead link worth checking: https://www.youtube.com/watch?v=_bFrLb9NXN8&list=PLrhBKZlLjyrOUdDMyh-i7AiU4SMFWIHCO
🟠 [AcksBuilder] Unknown media item type "Sounds" (item ) — used "Sounds" as the prefix; add it to Acks_Formats type_prefix_map.
🟠 [AcksBuilder] Unknown media item type "Sounds" (item ) — used "Sounds" as the prefix; add it to Acks_Formats type_prefix_map.
🟠 [AcksBuilder] YouTube metadata unavailable for item  (stubbed) — possible dead link worth checking: https://www.youtube.com/watch?v=_1SsSNjHxBM
🟠 [AcksBuilder] Unknown media item type "Sound clips" (item ) — used "Sound clips" as the prefix; add it to Acks_Formats type_prefix_map.
🟠 [AcksBuilder] Unknown media item type "Sound clips" (item ) — used "Sound clips" as the prefix; add it to Acks_Formats type_prefix_map.
🟠 [AcksBuilder] YouTube metadata unavailable for item  (stubbed) — possible dead link worth checking: https://www.youtube.com/watch?v=abw43kcLrbg
🟠 [AcksBuilder] Unknown media item type "Sound clips" (item ) — used "Sound clips" as the prefix; add it to Acks_Formats type_prefix_map.
🟠 [AcksBuilder] Unknown media item type "Sound clips" (item ) — used "Sound clips" as the prefix; add it to Acks_Formats type_prefix_map.
🟠 [AcksBuilder] YouTube metadata unavailable for item  (stubbed) — possible dead link worth checking: https://www.youtube.com/watch?v=xZg_tKD90-A
🟠 [AcksBuilder] YouTube metadata unavailable for item  (stubbed) — possible dead link worth checking: https://www.youtube.com/watch?v=xZg_tKD90-A
🟠 [AcksBuilder] YouTube metadata unavailable for item  (stubbed) — possible dead link worth checking: https://www.youtube.com/watch?v=rJ_6TFWxJ38
🟠 [AcksBuilder] YouTube metadata unavailable for item  (stubbed) — possible dead link worth checking: https://www.youtube.com/watch?v=UZaTK7B0doE
🟢 [AcksBuilder] Media item  ("Link") is a lesson link — no acknowledgement (scope rule).
🟠 [AcksBuilder] YouTube metadata unavailable for item  (stubbed) — possible dead link worth checking: https://www.youtube.com/watch?v=r2l3ARB1Hdc
🟠 [AcksBuilder] Unknown media item type "Sound clip" (item ) — used "Sound clip" as the prefix; add it to Acks_Formats type_prefix_map.
🟠 [AcksBuilder] Unknown media item type "Sound clip" (item ) — used "Sound clip" as the prefix; add it to Acks_Formats type_prefix_map.
🟠 [AcksBuilder] Unknown media item type "Sound clip" (item ) — used "Sound clip" as the prefix; add it to Acks_Formats type_prefix_map.
🟠 [AcksBuilder] YouTube metadata unavailable for item  (stubbed) — possible dead link worth checking: https://www.youtube.com/watch?v=ydYCtRQ06yQ
🟢 [AcksBuilder] Media item  ("Link") is a lesson link — no acknowledgement (scope rule).
🟢 [AcksBuilder] Media item  ("Link") is a lesson link — no acknowledgement (scope rule).
🟠 [AcksBuilder] 181 iStock titles could not be verified (no *istock-acks*.txt was supplied); each is marked ❗ and the acks block carries a designer note.
shard 2 -> 29 modules, 529 records
