🟢 [DocxExtractor] Media-list boilerplate dropped: 3 blocks before the media table and 16 blocks after it (the submission checklist) — the template's own instructions, not content.
🟢 [ConventionResolver] HTML conventions from group NCEA1|NCEA: overview menu tabs, lesson menu flat.
🟢 [PageSplitter] [end page] before [MODULE INTRODUCTION] disregarded — the introduction stays on the overview page (AR-1).
🟢 [MenuBuilder] Menu heading "Tirohanga Whānui | Overview" is the section label — consumed (the menu scaffolding names it).
🟢 [MenuBuilder] Menu section "Hononga | Connections" promoted to its own "Connections" nav tab (menu.extra_tabs registry).
🟢 [MenuBuilder] Menu section "Aromatawai | Assessment for Learning" promoted to its own "Standards" nav tab (menu.extra_tabs registry).
🟢 [ContentConverter] Page 1.0: the lead paragraph after [ [Activity: Embedded].  ] renders free inside the box (lead_free_after_tag).
🟢 [InteractiveBuilder] Built carousel #2 from captured data (no placeholder needed).
🟢 [ContentConverter] Page 2.0: the lead paragraph after [ [Activity:Embedded] ] renders free inside the box (lead_free_after_tag).
🟢 [InteractiveBuilder] Built carousel #7 from captured data (no placeholder needed).
🟠 [ContentConverter] Page 3.0: [activity] was never closed — closed at page end.
🟢 [InteractiveBuilder] Built carousel #9 from captured data (no placeholder needed).
🟢 [ContentConverter] Page 4.0: the lead paragraph after [ [Interactive: True or False Quiz] ] renders free inside the box (lead_free_after_tag).
🟠 [ContentConverter] Page 4.0: [activity] was never closed — closed at page end.
🟢 [ContentConverter] Page 4.0: activity number normalised (page_number_normalise): 2A → 4C.
🟢 [ContentConverter] Page 5.0: the lead paragraph after [ [Activity: Embedded]  ] renders free inside the box (lead_free_after_tag).
🟠 [ContentConverter] Page 5.0: [activity] was never closed — closed at page end.
🟠 [ContentConverter] Page 6.0: [activity] was never closed — closed at page end.
🟠 [ContentConverter] Page 7.0: [activity] was never closed — closed at page end.
🟢 [ContentConverter] Page 8.0: the lead paragraph after [ [Activity: Embedded] Mix and Match  ] renders free inside the box (lead_free_after_tag).
🟢 [ContentConverter] Page 8.0: [activity] auto-closed before the next activity.
🟢 [ContentConverter] Page 8.0: the lead paragraph after [ [Activity: Embedded]  ] renders free inside the box (lead_free_after_tag).
🟢 [ContentConverter] Page 9.0: the lead paragraph after [ [Activity: Embedded] ] renders free inside the box (lead_free_after_tag).
🟢 [ContentConverter] Page 9.0: [activity] auto-closed before the next important.
🟠 [AcksBuilder] YouTube metadata unavailable for item  (stubbed) — possible dead link worth checking: https://www.youtube.com/watch?v=yyuQMi0V-SE&ab_channel=TeamYouphoricHealth%26Performance
🟠 [AcksBuilder] Unknown media item type "Interactive" (item ) — used "Interactive" as the prefix; add it to Acks_Formats type_prefix_map.
🟠 [AcksBuilder] YouTube metadata unavailable for item  (stubbed) — possible dead link worth checking: https://www.youtube.com/watch?v=HKiOHQwg2W0&ab_channel=CompassioninWorldFarming
🟠 [AcksBuilder] YouTube metadata unavailable for item  (stubbed) — possible dead link worth checking: https://www.youtube.com/watch?v=2_owp8kNMus&ab_channel=ArmandoHasudungan
🟠 [AcksBuilder] YouTube metadata unavailable for item  (stubbed) — possible dead link worth checking: https://www.youtube.com/watch?v=fSEFXl2XQpc&ab_channel=AmoebaSisters
🟠 [AcksBuilder] Media item  sits between lessons 3.0 and 4.0 — placed in 3.0; verify.
🟠 [AcksBuilder] Media item  sits between lessons 3.0 and 4.0 — placed in 3.0; verify.
🟠 [AcksBuilder] Media item  sits between lessons 3.0 and 4.0 — placed in 3.0; verify.
🟠 [AcksBuilder] Media item  sits between lessons 3.0 and 4.0 — placed in 3.0; verify.
🟠 [AcksBuilder] Media item  sits between lessons 3.0 and 4.0 — placed in 3.0; verify.
🟠 [AcksBuilder] Media item  sits between lessons 3.0 and 4.0 — placed in 3.0; verify.
🟠 [AcksBuilder] Media item  sits between lessons 3.0 and 4.0 — placed in 3.0; verify.
🟠 [AcksBuilder] Media item  sits between lessons 3.0 and 4.0 — placed in 3.0; verify.
🟠 [AcksBuilder] Media item  sits between lessons 3.0 and 4.0 — placed in 3.0; verify.
🟠 [AcksBuilder] Media item  sits between lessons 3.0 and 4.0 — placed in 3.0; verify.
🟠 [AcksBuilder] Media item  sits between lessons 3.0 and 4.0 — placed in 3.0; verify.
🟠 [AcksBuilder] Media item  sits between lessons 3.0 and 4.0 — placed in 3.0; verify.
🟢 [AcksBuilder] Media item  placed in lesson 4.0 by neighbour interpolation — verify its group.
🟢 [AcksBuilder] Media item  placed in lesson 4.0 by neighbour interpolation — verify its group.
🟢 [AcksBuilder] Media item  placed in lesson 4.0 by neighbour interpolation — verify its group.
🟢 [AcksBuilder] Media item  placed in lesson 4.0 by neighbour interpolation — verify its group.
🟠 [AcksBuilder] Media item  sits between lessons 4.0 and 6.0 — placed in 4.0; verify.
🟠 [AcksBuilder] Media item  sits between lessons 4.0 and 6.0 — placed in 4.0; verify.
🟠 [AcksBuilder] Media item  sits between lessons 4.0 and 6.0 — placed in 4.0; verify.
🟠 [AcksBuilder] Media item  sits between lessons 4.0 and 6.0 — placed in 4.0; verify.
🟠 [AcksBuilder] Media item  sits between lessons 4.0 and 6.0 — placed in 4.0; verify.
🟠 [AcksBuilder] Media item  sits between lessons 4.0 and 6.0 — placed in 4.0; verify.
🟠 [AcksBuilder] Media item  sits between lessons 4.0 and 6.0 — placed in 4.0; verify.
🟠 [AcksBuilder] Media item  sits between lessons 4.0 and 6.0 — placed in 4.0; verify.
🟠 [AcksBuilder] Media item  sits between lessons 4.0 and 6.0 — placed in 4.0; verify.
🟠 [AcksBuilder] Media item  sits between lessons 4.0 and 6.0 — placed in 4.0; verify.
🟠 [AcksBuilder] Media item  sits between lessons 4.0 and 6.0 — placed in 4.0; verify.
🟢 [AcksBuilder] Media item  placed in lesson 6.0 by neighbour interpolation — verify its group.
🟢 [AcksBuilder] Media item  placed in lesson 6.0 by neighbour interpolation — verify its group.
🟠 [AcksBuilder] Media item  sits between lessons 6.0 and 8.0 — placed in 6.0; verify.
🟠 [AcksBuilder] Media item  sits between lessons 6.0 and 8.0 — placed in 6.0; verify.
🟠 [AcksBuilder] Media item  sits between lessons 6.0 and 8.0 — placed in 6.0; verify.
🟠 [AcksBuilder] Media item  sits between lessons 6.0 and 8.0 — placed in 6.0; verify.
🟢 [AcksBuilder] Media item  placed in lesson 8.0 by neighbour interpolation — verify its group.
🟢 [AcksBuilder] Media item  placed in lesson 8.0 by neighbour interpolation — verify its group.
🟢 [AcksBuilder] Media item  placed in lesson 8.0 by neighbour interpolation — verify its group.
🟢 [AcksBuilder] Media item  placed in lesson 8.0 by neighbour interpolation — verify its group.
🟢 [AcksBuilder] Media item  placed in lesson 8.0 by neighbour interpolation — verify its group.
🟢 [AcksBuilder] Media item  placed in lesson 8.0 by neighbour interpolation — verify its group.
🟢 [AcksBuilder] Media item  placed in lesson 8.0 by neighbour interpolation — verify its group.
🟢 [AcksBuilder] Media item  placed in lesson 8.0 by neighbour interpolation — verify its group.
🟢 [AcksBuilder] Media item  placed in lesson 8.0 by neighbour interpolation — verify its group.
🟢 [AcksBuilder] Media item  placed in lesson 8.0 by neighbour interpolation — verify its group.
🟢 [AcksBuilder] Media item  placed in lesson 8.0 by neighbour interpolation — verify its group.
🟠 [AcksBuilder] Media item  could not be mapped to a lesson — placed in the first group (0.0); verify.
🟠 [AcksBuilder] Media item  could not be mapped to a lesson — placed in the first group (0.0); verify.
🟠 [AcksBuilder] Media item  could not be mapped to a lesson — placed in the first group (0.0); verify.
🟠 [AcksBuilder] Media item  could not be mapped to a lesson — placed in the first group (0.0); verify.
🟠 [AcksBuilder] Media item  could not be mapped to a lesson — placed in the first group (0.0); verify.
🟠 [AcksBuilder] Media item  could not be mapped to a lesson — placed in the first group (0.0); verify.
🟠 [AcksBuilder] Media item  could not be mapped to a lesson — placed in the first group (0.0); verify.
🟠 [AcksBuilder] Media item  could not be mapped to a lesson — placed in the first group (0.0); verify.
🟠 [AcksBuilder] Media item  could not be mapped to a lesson — placed in the first group (0.0); verify.
🟠 [AcksBuilder] Media item  could not be mapped to a lesson — placed in the first group (0.0); verify.
🟠 [AcksBuilder] Media item  could not be mapped to a lesson — placed in the first group (0.0); verify.
🟠 [AcksBuilder] Media item  could not be mapped to a lesson — placed in the first group (0.0); verify.
🟠 [AcksBuilder] Media item  could not be mapped to a lesson — placed in the first group (0.0); verify.
🟠 [AcksBuilder] Media item  could not be mapped to a lesson — placed in the first group (0.0); verify.
🟠 [AcksBuilder] Media item  could not be mapped to a lesson — placed in the first group (0.0); verify.
🟠 [AcksBuilder] Media item  could not be mapped to a lesson — placed in the first group (0.0); verify.
🟠 [AcksBuilder] Media item  could not be mapped to a lesson — placed in the first group (0.0); verify.
🟠 [AcksBuilder] Media item  could not be mapped to a lesson — placed in the first group (0.0); verify.
🟠 [AcksBuilder] Media item  could not be mapped to a lesson — placed in the first group (0.0); verify.
🟠 [AcksBuilder] Media item  could not be mapped to a lesson — placed in the first group (0.0); verify.
🟠 [AcksBuilder] 1 iStock title could not be verified (no *istock-acks*.txt was supplied); each is marked ❗ and the acks block carries a designer note.
🟢 [SkeletonBuilder] footer_links "final" value "—" is not a footer pattern (the registry's no-evidence marker) — the KB's final-page form "prev+home" applied (footer.kb_position_defaults).
🟢 [DocxExtractor] Media-list boilerplate dropped: 3 blocks before the media table — the template's own instructions, not content.
🟢 [ConventionResolver] HTML conventions from group 1-10 Arts|combo: overview menu two_col_li, lesson menu two_col_li.
🟢 [PageSplitter] Document opens without a literal [TITLE BAR] — overview page opened at the first content tag (Fundamentals-style template).
🟢 [InteractiveScanner] clickDrop: additional widget [click drop] absorbed (clickDrop + clickDrop).
🟢 [InteractiveScanner] clickDrop: additional widget [click drop] absorbed (clickDrop + clickDrop).
🟢 [InteractiveScanner] clickDrop: additional widget [click drop] absorbed (clickDrop + clickDrop).
🟢 [InteractiveScanner] flipCard: additional widget [flip card] absorbed (flipCard + flipCard).
🟢 [InteractiveScanner] flipCard: additional widget [flip card] absorbed (flipCard + flipCard).
🟢 [InteractiveScanner] flipCard: additional widget [flip card] absorbed (flipCard + flipCard).
🟢 [InteractiveScanner] clickDrop: additional widget [click drop] absorbed (clickDrop + clickDrop).
🟢 [InteractiveScanner] clickDrop: additional widget [click drop] absorbed (clickDrop + clickDrop).
🟢 [InteractiveScanner] clickDrop: additional widget [click drop] absorbed (clickDrop + clickDrop).
🟢 [ContentConverter] [alert] spans to an explicit end tag (writer-authored box).
🟢 [ContentConverter] [engagement quiz button] → the KB's anchored "Go to quiz" button + To Do note (kb_form).
🟢 [ContentConverter] Page 0.0: [end mcq] had no open container — ignored.
🟢 [PanelsBuilder] 4 panel title heading(s) set to h2 (first_heading_level).
🟠 [AcksBuilder] YouTube metadata unavailable for item • 14 (stubbed) — possible dead link worth checking: https://www.youtube.com/watch?v=p-rSdt0aFuw
🟠 [AcksBuilder] YouTube metadata unavailable for item • 16 (stubbed) — possible dead link worth checking: https://www.youtube.com/watch?v=1_iqS_disW0
🟠 [AcksBuilder] YouTube metadata unavailable for item • 17 (stubbed) — possible dead link worth checking: https://www.youtube.com/watch?v=VTPaaMRVUkk
🟠 [AcksBuilder] 23 iStock titles could not be verified (no *istock-acks*.txt was supplied); each is marked ❗ and the acks block carries a designer note.
🟢 [DocxExtractor] Media-list boilerplate dropped: 3 blocks before the media table — the template's own instructions, not content.
🟢 [ConventionResolver] HTML conventions from group 1-10 Blended Literacy|1-3: overview menu two_col_li, lesson menu two_col_li.
🟢 [PageSplitter] [end page] on the overview disregarded — an introduction-cluster marker follows ([Title]/[Introduction]/[supervisor note]; AR-1 generalised).
🟢 [ContentConverter] Page 0.0: supervisor note swapped after its section heading (BLL pairing pre-pass).
🟢 [ContentConverter] Page 0.0: supervisor note paired with its section paragraph (BLL family convention).
🟢 [MenuBuilder] Menu heading "Tirohanga Whānui | Overview" is the section label — consumed (the menu scaffolding names it).
🟢 [MenuBuilder] Menu heading "Know" had no content beneath it — omitted (empty preconfigured scaffolding).
🟢 [MenuBuilder] Menu heading "Do" had no content beneath it — omitted (empty preconfigured scaffolding).
🟢 [ContentConverter] Page 1.0: activity box kept open for the prose after its data table (round 378).
🟢 [ContentConverter] Page 1.0: [activity] auto-closed before the next activity.
🟢 [InteractiveBuilder] Built carousel #3 from captured data (no placeholder needed).
🟢 [ContentConverter] Page 1.0: [activity] auto-closed before the next activity.
🟢 [InteractiveBuilder] Built carousel #4 from captured data (no placeholder needed).
🟢 [InteractiveScanner] Activity 2B: additional widget [accordion] absorbed (accordion + accordion).
🟢 [InteractiveScanner] Activity 2B: additional widget [accordion] absorbed (accordion + accordion).
🟢 [InteractiveScanner] Activity 2B: additional widget [accordion] absorbed (accordion + accordion).
🟢 [InteractiveScanner] Activity 2B: additional widget [accordion] absorbed (accordion + accordion).
🟢 [InteractiveScanner] Activity 2B: additional widget [accordion] absorbed (accordion + accordion).
🟢 [InteractiveScanner] Activity 2B: additional widget [accordion] absorbed (accordion + accordion).
🟢 [InteractiveScanner] Activity 2B: additional widget [accordion] absorbed (accordion + accordion).
🟢 [InteractiveScanner] Activity 2B: additional widget [accordion] absorbed (accordion + accordion).
🟢 [ContentConverter] Page 2.0: [activity] auto-closed before the next activity.
🟢 [InteractiveBuilder] Built accordion #5 from captured data (no placeholder needed).
🟢 [ContentConverter] Page 2.0: [activity] auto-closed before the next activity.
🟢 [InteractiveBuilder] Built carousel #7 from captured data (no placeholder needed).
🟠 [AcksBuilder] YouTube metadata unavailable for item  (stubbed) — possible dead link worth checking: https://www.youtube.com/watch?v=qdh5nDrifuQ
🟠 [AcksBuilder] Unknown media item type "Embedded text" (item ) — used "Embedded text" as the prefix; add it to Acks_Formats type_prefix_map.
🟠 [AcksBuilder] Unknown media item type "Embedded text" (item ) — used "Embedded text" as the prefix; add it to Acks_Formats type_prefix_map.
🟠 [AcksBuilder] Unknown media item type "Embedded text" (item ) — used "Embedded text" as the prefix; add it to Acks_Formats type_prefix_map.
🟠 [AcksBuilder] YouTube metadata unavailable for item  (stubbed) — possible dead link worth checking: https://www.youtube.com/watch?v=GrcNEEqSP3U&list=PLA6Pr7s21rvz0zUIG4tG4k5f5CLMga72W&index=1
🟠 [AcksBuilder] YouTube metadata unavailable for item  (stubbed) — possible dead link worth checking: https://www.youtube.com/watch?v=HDAeRD-VgTU&list=PLA6Pr7s21rvz0zUIG4tG4k5f5CLMga72W&index=5
🟠 [AcksBuilder] YouTube metadata unavailable for item  (stubbed) — possible dead link worth checking: https://www.youtube.com/watch?v=lkZt9CfOcu4&list=PLA6Pr7s21rvz0zUIG4tG4k5f5CLMga72W&index=16
🟠 [AcksBuilder] Unknown media item type "Embedded text" (item ) — used "Embedded text" as the prefix; add it to Acks_Formats type_prefix_map.
🟠 [AcksBuilder] YouTube metadata unavailable for item  (stubbed) — possible dead link worth checking: https://www.youtube.com/watch?v=JY6F-htaUXs
🟠 [AcksBuilder] YouTube metadata unavailable for item  (stubbed) — possible dead link worth checking: https://www.youtube.com/watch?v=IsTAXWUylzE
🟠 [AcksBuilder] YouTube metadata unavailable for item  (stubbed) — possible dead link worth checking: https://www.youtube.com/watch?v=i877bBuWvus
🟠 [AcksBuilder] 2 iStock titles could not be verified (no *istock-acks*.txt was supplied); each is marked ❗ and the acks block carries a designer note.
🟢 [SkeletonBuilder] footer_links "final" value "—" is not a footer pattern (the registry's no-evidence marker) — the KB's final-page form "prev+home" applied (footer.kb_position_defaults).
🟢 [DocxExtractor] Media-list boilerplate dropped: 3 blocks before the media table — the template's own instructions, not content.
🟢 [ConventionResolver] HTML conventions from group 1-10 Blended Literacy|1-3: overview menu two_col_li, lesson menu two_col_li.
🟢 [PageSplitter] [end page] on the overview disregarded — an introduction-cluster marker follows ([Title]/[Introduction]/[supervisor note]; AR-1 generalised).
🟢 [PageSplitter] Implicit page break: content continues after [end page] without a [LESSON] tag — opened page 1.0.
🟢 [ContentConverter] Page 0.0: supervisor note swapped after its section heading (BLL pairing pre-pass).
🟢 [ContentConverter] Page 0.0: supervisor note paired with its section paragraph (BLL family convention).
🟢 [MenuBuilder] Menu heading "Tirohanga Whānui | Overview" is the section label — consumed (the menu scaffolding names it).
🟢 [ContentConverter] Page 1.0: [activity] auto-closed before the next activity.
🟢 [ContentConverter] Page 1.0: activity box kept open for the prose after its data table (round 378).
🟢 [ContentConverter] Page 1.0: [activity] auto-closed before the next activity.
🟢 [ContentConverter] Page 1.0: layout-note [activity] opener merged into the adjacent numbered activity (no empty box).
🟢 [ContentConverter] Page 1.0: [activity] auto-closed before the next activity.
🟢 [ContentConverter] Page 1.0: [activity] auto-closed before the next activity.
🟢 [ContentConverter] Page 1.0: [activity] auto-closed before the next activity.
🟢 [InteractiveBuilder] Built carousel #6 from captured data (no placeholder needed).
🟢 [ContentConverter] Page 1.0: activity numbers normalised (page_number_normalise): 2A → 1F, 2B → 1G, 2C → 1H, 1F → 1I, 2E → 1J.
🟠 [AcksBuilder] YouTube metadata unavailable for item  (stubbed) — possible dead link worth checking: https://www.youtube.com/watch?v=ri4u0TjAZ38
🟠 [AcksBuilder] YouTube metadata unavailable for item  (stubbed) — possible dead link worth checking: https://www.youtube.com/watch?v=4NLpb-1oer4
🟠 [AcksBuilder] Unknown media item type "Embedded story" (item ) — used "Embedded story" as the prefix; add it to Acks_Formats type_prefix_map.
🟠 [AcksBuilder] YouTube metadata unavailable for item  (stubbed) — possible dead link worth checking: https://www.youtube.com/watch?v=9ra62V5Vf0A
🟠 [AcksBuilder] YouTube metadata unavailable for item  (stubbed) — possible dead link worth checking: https://www.youtube.com/watch?v=sH6kCG98U4w
🟠 [AcksBuilder] YouTube metadata unavailable for item  (stubbed) — possible dead link worth checking: https://www.youtube.com/watch?v=hS1iUv1HEbw
🟠 [AcksBuilder] YouTube metadata unavailable for item  (stubbed) — possible dead link worth checking: https://www.youtube.com/watch?v=VVX9M6WYCjo
🟠 [AcksBuilder] 2 iStock titles could not be verified (no *istock-acks*.txt was supplied); each is marked ❗ and the acks block carries a designer note.
🟢 [SkeletonBuilder] footer_links "final" value "—" is not a footer pattern (the registry's no-evidence marker) — the KB's final-page form "prev+home" applied (footer.kb_position_defaults).
🟢 [DocxExtractor] Media-list boilerplate dropped: 3 blocks before the media table — the template's own instructions, not content.
🟢 [ConventionResolver] HTML conventions from group 1-10 Blended Literacy|1-3: overview menu two_col_li, lesson menu two_col_li.
🟢 [PageSplitter] [end page] on the overview disregarded — an introduction-cluster marker follows ([Title]/[Introduction]/[supervisor note]; AR-1 generalised).
🟢 [PageSplitter] Implicit page break: content continues after [end page] without a [LESSON] tag — opened page 1.0.
🟢 [ContentConverter] Page 0.0: supervisor note swapped after its section heading (BLL pairing pre-pass).
🟢 [ContentConverter] Page 0.0: supervisor note paired with its section paragraph (BLL family convention).
🟢 [MenuBuilder] Menu heading "Tirohanga Whānui | Overview" is the section label — consumed (the menu scaffolding names it).
🟢 [InteractiveBuilder] Built carousel #2 from captured data (no placeholder needed).
🟢 [InteractiveBuilder] Built selfCheck #3 from captured data (no placeholder needed).
🟢 [InteractiveScanner] Activity 2D: additional widget [dropdown] absorbed (carousel + dropDown).
🟢 [ContentConverter] Page 1.1: [activity] auto-closed before the next side alert.
🟢 [ContentConverter] Page 1.1: the standalone selfCheck widget renders inside the open [activity] box — no synthetic box of its own (inside_open_activity).
🟢 [ContentConverter] Page 1.1: [activity] auto-closed before the next activity.
🟢 [InteractiveBuilder] Built carousel #9 from captured data (no placeholder needed).
🟢 [ContentConverter] Page 1.1: activity box kept open for its trailing upload box (round 314).
🟢 [InteractiveBuilder] Built dropDown #10 from captured data (no placeholder needed).
🟢 [ContentConverter] Page 1.1: activity box closed after its upload box — the button is the box's last child (round 376).
🟢 [ContentConverter] Page 1.1: [end other] had no open container — ignored.
🟠 [AcksBuilder] Unknown media item type "Embedded text" (item 1) — used "Embedded text" as the prefix; add it to Acks_Formats type_prefix_map.
🟠 [AcksBuilder] YouTube metadata unavailable for item 2 (stubbed) — possible dead link worth checking: https://www.youtube.com/watch?v=p8LVLaDqZCA
🟠 [AcksBuilder] Unknown media item type "Embedded text" (item 3) — used "Embedded text" as the prefix; add it to Acks_Formats type_prefix_map.
🟠 [AcksBuilder] YouTube metadata unavailable for item 4 (stubbed) — possible dead link worth checking: https://www.youtube.com/watch?v=OLxrmA3pAdU
🟠 [AcksBuilder] YouTube metadata unavailable for item 5 (stubbed) — possible dead link worth checking: https://www.youtube.com/watch?v=ZMfQ0kneAfs
🟠 [AcksBuilder] YouTube metadata unavailable for item 6 (stubbed) — possible dead link worth checking: https://www.youtube.com/watch?v=FB2g_q0n8mI
🟢 [SkeletonBuilder] footer_links "final" value "—" is not a footer pattern (the registry's no-evidence marker) — the KB's final-page form "prev+home" applied (footer.kb_position_defaults).
🟢 [DocxExtractor] Media-list boilerplate dropped: 3 blocks before the media table — the template's own instructions, not content.
🟢 [ConventionResolver] HTML conventions from group 1-10 Blended Literacy|1-3: overview menu two_col_li, lesson menu two_col_li.
🟢 [PageSplitter] [end page] on the overview disregarded — an introduction-cluster marker follows ([Title]/[Introduction]/[supervisor note]; AR-1 generalised).
🟢 [PageSplitter] Implicit page break: content continues after [end page] without a [LESSON] tag — opened page 1.0.
🟢 [ContentConverter] Page 0.0: supervisor note swapped after its section heading (BLL pairing pre-pass).
🟢 [ContentConverter] Page 0.0: supervisor note paired with its section paragraph (BLL family convention).
🟢 [MenuBuilder] Menu heading "Tirohanga Whānui | Overview" is the section label — consumed (the menu scaffolding names it).
🟢 [InteractiveBuilder] Built carousel #2 from captured data (no placeholder needed).
🟢 [InteractiveBuilder] Built dropDown #4 from captured data (no placeholder needed).
🟢 [InteractiveScanner] Activity 2C: additional widget [mcq] absorbed (selfCheck + multiChoiceQuiz).
🟢 [ContentConverter] Page 1.1: [activity] auto-closed before the next activity.
🟢 [ContentConverter] Page 1.1: activity box kept open for its trailing upload box (round 314).
🟢 [InteractiveBuilder] Built dropDown #8 from captured data (no placeholder needed).
🟢 [ContentConverter] Page 1.1: [activity] auto-closed before the next activity.
🟢 [InteractiveBuilder] Built carousel #9 from captured data (no placeholder needed).
🟢 [ContentConverter] Page 1.1: [activity] auto-closed before the next activity.
🟢 [InteractiveBuilder] Built dropDown #11 from captured data (no placeholder needed).
🟢 [ContentConverter] Page 1.1: [end other] had no open container — ignored.
🟠 [AcksBuilder] Unknown media item type "Embedded text" (item 1) — used "Embedded text" as the prefix; add it to Acks_Formats type_prefix_map.
🟠 [AcksBuilder] Unknown media item type "Embedded text" (item 3) — used "Embedded text" as the prefix; add it to Acks_Formats type_prefix_map.
🟢 [SkeletonBuilder] footer_links "final" value "—" is not a footer pattern (the registry's no-evidence marker) — the KB's final-page form "prev+home" applied (footer.kb_position_defaults).
🟢 [ConventionResolver] HTML conventions from group 1-10 Blended Literacy|1-3: overview menu two_col_li, lesson menu two_col_li.
🟢 [ContentConverter] Page 0.0: supervisor note swapped after its section heading (BLL pairing pre-pass).
🟢 [ContentConverter] Page 0.0: supervisor note paired with its section paragraph (BLL family convention).
🟢 [MenuBuilder] Menu heading "Tirohanga Whānui | Overview" is the section label — consumed (the menu scaffolding names it).
🟢 [ContentConverter] Page 1.0: [activity] auto-closed before the next activity.
🟢 [ContentConverter] Page 1.0: [activity] auto-closed before the next activity.
🟢 [ContentConverter] Page 1.0: activity box kept open for the prose after its data table (round 378).
🟢 [ContentConverter] Page 1.0: activity box closed after its upload button — the button is the box's last child (round 376).
🟢 [InteractiveBuilder] Built carousel #4 from captured data (no placeholder needed).
🟢 [ContentConverter] Page 2.0: [activity] auto-closed before the next side alert.
🟢 [InteractiveBuilder] Built accordion #6 from captured data (no placeholder needed).
🟢 [ContentConverter] Page 2.0: [activity] auto-closed before the next activity.
🟢 [InteractiveBuilder] Built carousel #7 from captured data (no placeholder needed).
🟢 [ContentConverter] Page 2.0: [end activity] had no open container — ignored.
🟠 [AcksBuilder] YouTube metadata unavailable for item  (stubbed) — possible dead link worth checking: https://www.youtube.com/watch?v=_IlBA-b5tzk
🟠 [AcksBuilder] Unknown media item type "embedded text" (item ) — used "Embedded text" as the prefix; add it to Acks_Formats type_prefix_map.
🟠 [AcksBuilder] Unknown media item type "embedded text" (item ) — used "Embedded text" as the prefix; add it to Acks_Formats type_prefix_map.
🟠 [AcksBuilder] Unknown media item type "embedded text" (item ) — used "Embedded text" as the prefix; add it to Acks_Formats type_prefix_map.
🟠 [AcksBuilder] YouTube metadata unavailable for item  (stubbed) — possible dead link worth checking: https://www.youtube.com/watch?v=OcPYiEfaM8g
🟠 [AcksBuilder] YouTube metadata unavailable for item  (stubbed) — possible dead link worth checking: https://www.youtube.com/watch?v=TVfQqa-sSyY
🟠 [AcksBuilder] YouTube metadata unavailable for item  (stubbed) — possible dead link worth checking: https://www.youtube.com/watch?v=Cot0s7NO7cw
🟠 [AcksBuilder] Unknown media item type "embedded text" (item ) — used "Embedded text" as the prefix; add it to Acks_Formats type_prefix_map.
🟠 [AcksBuilder] YouTube metadata unavailable for item  (stubbed) — possible dead link worth checking: https://www.youtube.com/watch?v=QDm-edIhqRw
🟠 [AcksBuilder] YouTube metadata unavailable for item  (stubbed) — possible dead link worth checking: https://www.youtube.com/watch?v=bBaRTlqGnc8
🟠 [AcksBuilder] YouTube metadata unavailable for item  (stubbed) — possible dead link worth checking: https://www.youtube.com/watch?v=1LhqETnOyEE&list=PLj-09kg97gvXwR1Mp2JlFHAJvHLnKc7zS
🟠 [AcksBuilder] YouTube metadata unavailable for item  (stubbed) — possible dead link worth checking: https://www.youtube.com/watch?v=pLVxc-_XX2I
🟠 [AcksBuilder] 17 iStock titles could not be verified (no *istock-acks*.txt was supplied); each is marked ❗ and the acks block carries a designer note.
🟢 [ConventionResolver] HTML conventions from group 1-10 Blended Literacy|1-3: overview menu two_col_li, lesson menu two_col_li.
🟢 [PageSplitter] [end page] before [MODULE INTRODUCTION] disregarded — the introduction stays on the overview page (AR-1).
🟢 [ContentConverter] Page 0.0: supervisor note swapped after its section heading (BLL pairing pre-pass).
🟢 [ContentConverter] Page 0.0: supervisor note paired with its section paragraph (BLL family convention).
🟢 [MenuBuilder] Menu heading "Tirohanga Whānui | Overview" is the section label — consumed (the menu scaffolding names it).
🟢 [InteractiveScanner] Activity 1B: additional widget [accordion] absorbed (accordion + accordion).
🟢 [InteractiveScanner] Activity 1B: additional widget [accordion] absorbed (accordion + accordion).
🟢 [InteractiveScanner] Activity 1D: additional widget [hint slider] absorbed (hintSlider + hintSlider).
🟢 [InteractiveScanner] Activity 1D: additional widget [hint slider] absorbed (hintSlider + hintSlider).
🟢 [InteractiveScanner] Activity 1D: additional widget [hint slider] absorbed (hintSlider + hintSlider).
🟢 [InteractiveScanner] Activity 1D: additional widget [hint slider] absorbed (hintSlider + hintSlider).
🟢 [InteractiveScanner] Activity 1D: additional widget [hint slider] absorbed (hintSlider + hintSlider).
🟢 [ContentConverter] Page 1.0: [activity] auto-closed before the next activity.
🟢 [InteractiveBuilder] Members rule: accordion #1 declined — prose between consumed members (the hand-off box keeps every member).
🟢 [ContentConverter] Page 1.0: [activity] auto-closed before the next activity.
🟢 [InteractiveScanner] accordion: nested [mcq] absorbed as a sub-bundle (multiChoiceQuiz); host continues.
🟢 [InteractiveScanner] accordion: additional widget [accordion] absorbed (accordion + accordion).
🟢 [InteractiveScanner] accordion: additional widget [accordion] absorbed (accordion + accordion).
🟢 [InteractiveScanner] accordion: additional widget [accordion] absorbed (accordion + accordion).
🟢 [InteractiveScanner] accordion: additional widget [accordion] absorbed (accordion + accordion).
🟢 [InteractiveScanner] Activity 2B: additional widget [click drop] absorbed (clickDrop + clickDrop).
🟢 [InteractiveScanner] Activity 2B: additional widget [click drop] absorbed (clickDrop + clickDrop).
🟢 [InteractiveScanner] Activity 2B: additional widget [click drop] absorbed (clickDrop + clickDrop).
🟢 [InteractiveScanner] Activity 2B: additional widget [click drop] absorbed (clickDrop + clickDrop).
🟢 [InteractiveScanner] Activity 2B: additional widget [click drop] absorbed (clickDrop + clickDrop).
🟢 [InteractiveScanner] Activity 2D: additional widget [click drop] absorbed (clickDrop + clickDrop).
🟢 [InteractiveScanner] Activity 2D: additional widget [click drop] absorbed (clickDrop + clickDrop).
🟢 [InteractiveScanner] Activity 2D: additional widget [reorder] absorbed (clickDrop + reorder).
🟢 [InteractiveBuilder] Built accordion #5 from captured data (no placeholder needed).
🟢 [ContentConverter] Page 2.0: [end other] had no open container — ignored.
🟢 [ContentConverter] Page 2.0: [end other] had no open container — ignored.
🟢 [InteractiveBuilder] Built clickDrop #8 from captured data (no placeholder needed).
🟢 [ContentConverter] Page 2.0: [activity] auto-closed before the next activity.
🟢 [ContentConverter] Page 2.0: activity box kept open for the prose after its data table (round 378).
🟢 [ContentConverter] Page 2.0: activity box closed after its upload button — the button is the box's last child (round 376).
🟠 [AcksBuilder] Unknown media item type "Website" (item ) — used "Website" as the prefix; add it to Acks_Formats type_prefix_map.
🟠 [AcksBuilder] Unknown media item type "Website" (item ) — used "Website" as the prefix; add it to Acks_Formats type_prefix_map.
🟠 [AcksBuilder] Unknown media item type "Website" (item ) — used "Website" as the prefix; add it to Acks_Formats type_prefix_map.
🟠 [AcksBuilder] Unknown media item type "Website" (item ) — used "Website" as the prefix; add it to Acks_Formats type_prefix_map.
🟠 [AcksBuilder] Unknown media item type "Website" (item ) — used "Website" as the prefix; add it to Acks_Formats type_prefix_map.
🟠 [AcksBuilder] Unknown media item type "Website" (item ) — used "Website" as the prefix; add it to Acks_Formats type_prefix_map.
🟠 [AcksBuilder] Unknown media item type "Website" (item ) — used "Website" as the prefix; add it to Acks_Formats type_prefix_map.
🟠 [AcksBuilder] 1 iStock title could not be verified (no *istock-acks*.txt was supplied); each is marked ❗ and the acks block carries a designer note.
🟢 [ModuleResolver] BLL266 is not in the registry members — inherited from its level BLL2 (sibling rule).
🟢 [ConventionResolver] HTML conventions from group 1-10 Blended Literacy|1-3: overview menu two_col_li, lesson menu two_col_li.
🟢 [PageSplitter] [end page] on the overview disregarded — an introduction-cluster marker follows ([Title]/[Introduction]/[supervisor note]; AR-1 generalised).
🟢 [PageSplitter] [Lesson 1] repeats the open lesson's number with no body content between — merged, no empty page emitted (lesson_boundary_guard).
🟢 [MenuBuilder] Menu section "Knowledge" promoted to its own "Knowledge" nav tab (KB c67 canonical tab set; curriculum_tabs.kb_canonical).
🟢 [MenuBuilder] Menu section "Practices" promoted to its own "Practices" nav tab (KB c67 canonical tab set; curriculum_tabs.kb_canonical).
🟢 [MenuBuilder] Empty Information tab dropped — the KB c67 omission rule after the canonical Knowledge / Practices promotions (curriculum_tabs.kb_canonical).
🟢 [InteractiveScanner] Activity 1A: additional widget [flip card] absorbed (flipCard + flipCard).
🟢 [InteractiveScanner] Activity 1A: additional widget [flip card] absorbed (flipCard + flipCard).
🟢 [InteractiveScanner] Activity 1A: additional widget [flip card] absorbed (flipCard + flipCard).
🟢 [InteractiveScanner] Activity 1A: additional widget [flip card] absorbed (flipCard + flipCard).
🟢 [InteractiveScanner] Activity 1A: additional widget [flip card] absorbed (flipCard + flipCard).
🟢 [InteractiveScanner] Activity 1A: additional widget [flip card] absorbed (flipCard + flipCard).
🟢 [InteractiveScanner] Activity 1A: additional widget [flip card] absorbed (flipCard + flipCard).
🟢 [InteractiveScanner] Activity 1A: additional widget [flip card] absorbed (flipCard + flipCard).
🟢 [InteractiveScanner] Activity 1A: additional widget [flip card] absorbed (flipCard + flipCard).
🟢 [InteractiveScanner] Activity 1A: additional widget [flip card] absorbed (flipCard + flipCard).
🟢 [InteractiveBuilder] Built flipCard #1 from captured data (no placeholder needed).
🟢 [ContentConverter] Page 1.0: [end activity] had no open container — ignored.
🟢 [InteractiveBuilder] Built carousel #2 from captured data (no placeholder needed).
🟢 [ContentConverter] Page 1.0: [activity] auto-closed before the next activity.
🟢 [InteractiveBuilder] Built dragAndDrop #4 from captured data (no placeholder needed).
🟢 [InteractiveScanner] clickDrop: additional widget [click drop] absorbed (clickDrop + clickDrop).
🟢 [InteractiveScanner] clickDrop: additional widget [click drop] absorbed (clickDrop + clickDrop).
🟢 [InteractiveScanner] clickDrop: additional widget [click drop] absorbed (clickDrop + clickDrop).
🟢 [InteractiveScanner] clickDrop: additional widget [click drop] absorbed (clickDrop + clickDrop).
🟢 [InteractiveScanner] clickDrop: additional widget [click drop] absorbed (clickDrop + clickDrop).
🟢 [InteractiveScanner] clickDrop: additional widget [click drop] absorbed (clickDrop + clickDrop).
🟢 [InteractiveScanner] clickDrop: additional widget [click drop] absorbed (clickDrop + clickDrop).
🟢 [ContentConverter] Page 2.0: [end accordion] had no open container — ignored.
🟢 [ContentConverter] Page 2.0: [end activity] had no open container — ignored.
🟢 [InteractiveBuilder] Built clickDrop #11 from captured data (no placeholder needed).
🟢 [InteractiveBuilder] Built clickDrop #12 from captured data (no placeholder needed).
🟢 [InteractiveBuilder] Built clickDrop #13 from captured data (no placeholder needed).
🟢 [ContentConverter] Page 2.0: [end click drop] had no open container — ignored.
🟢 [InteractiveBuilder] Built dropDown #14 from captured data (no placeholder needed).
🟢 [ContentConverter] Page 2.0: [end activity] had no open container — ignored.
🟢 [ContentConverter] Page 2.0: [end other] had no open container — ignored.
🟠 [AcksBuilder] YouTube metadata unavailable for item  (stubbed) — possible dead link worth checking: https://www.youtube.com/watch?v=ioHMvicIOPY
🟠 [AcksBuilder] YouTube metadata unavailable for item  (stubbed) — possible dead link worth checking: https://www.youtube.com/watch?v=bATgDT9qKcw
🟠 [AcksBuilder] YouTube metadata unavailable for item  (stubbed) — possible dead link worth checking: https://www.youtube.com/watch?v=hJtaY-iZRvU
🟠 [AcksBuilder] YouTube metadata unavailable for item  (stubbed) — possible dead link worth checking: https://www.youtube.com/watch?v=M0c97fdvK7c
🟠 [AcksBuilder] Unknown media item type "Embedded story" (item ) — used "Embedded story" as the prefix; add it to Acks_Formats type_prefix_map.
🟠 [AcksBuilder] Unknown media item type "Embedded story" (item ) — used "Embedded story" as the prefix; add it to Acks_Formats type_prefix_map.
🟠 [AcksBuilder] Unknown media item type "Embedded story" (item ) — used "Embedded story" as the prefix; add it to Acks_Formats type_prefix_map.
🟠 [AcksBuilder] Unknown media item type "Embedded story" (item ) — used "Embedded story" as the prefix; add it to Acks_Formats type_prefix_map.
🟠 [AcksBuilder] YouTube metadata unavailable for item  (stubbed) — possible dead link worth checking: https://www.youtube.com/watch?v=14h7hmpUKXk&list=PLPGtEgK9QjZZW3RIqwyTisQuzGjzyehqy
🟠 [AcksBuilder] YouTube metadata unavailable for item  (stubbed) — possible dead link worth checking: https://www.youtube.com/watch?v=uipjCTg_PqQ&t=111s
🟢 [AcksBuilder] Media item  placed in lesson 2.0 by neighbour interpolation — verify its group.
🟠 [AcksBuilder] 12 iStock titles could not be verified (no *istock-acks*.txt was supplied); each is marked ❗ and the acks block carries a designer note.
🟢 [DocxExtractor] Media-list boilerplate dropped: 3 blocks before the media table — the template's own instructions, not content.
🟢 [ConventionResolver] HTML conventions from series CEDK (deviation over ConnectED|1-3): overview menu two_col_li, lesson menu two_col_li.
🟢 [InteractiveScanner] clickDrop: additional widget [click drop] absorbed (clickDrop + clickDrop).
🟢 [InteractiveScanner] clickDrop: additional widget [click drop] absorbed (clickDrop + clickDrop).
🟢 [InteractiveScanner] modal: additional widget [modal] absorbed (modal + modal).
🟢 [InteractiveScanner] modal: additional widget [modal] absorbed (modal + modal).
🟢 [ContentConverter] Page 0.0: [activity] auto-closed before the next activity.
🟢 [InteractiveBuilder] Built flipCard #2 from captured data (no placeholder needed).
🟢 [ContentConverter] Page 0.0: [end activity] had no open container — ignored.
🟢 [ContentConverter] Page 0.0: bare [activity] re-emphasis merged into the open numbered activity (no new box).
🟢 [ContentConverter] Page 0.0: bare [activity] re-emphasis merged into the open numbered activity (no new box).
🟢 [InteractiveBuilder] Built accordion #5 from captured data (no placeholder needed).
🟢 [ContentConverter] Page 0.0: bare [activity] re-emphasis merged into the open numbered activity (no new box).
🟢 [ContentConverter] Page 0.0: bare [activity] re-emphasis merged into the open numbered activity (no new box).
🟢 [ContentConverter] Page 0.0: [activity] auto-closed before the next supervisor note.
🟢 [ContentConverter] Page 0.0: [end activity] had no open container — ignored.
🟢 [ContentConverter] Page 0.0: bare [activity] re-emphasis merged into the open numbered activity (no new box).
🟢 [ContentConverter] Page 0.0: bare [activity] re-emphasis merged into the open numbered activity (no new box).
🟢 [ContentConverter] Page 0.0: [activity] auto-closed before the next activity.
🟢 [ContentConverter] Page 0.0: [end activity] had no open container — ignored.
🟢 [ContentConverter] Page 0.0: [activity] auto-closed before the next activity.
🟢 [ContentConverter] Page 0.0: [activity] auto-closed before the next activity.
🟢 [InteractiveBuilder] Built clickDrop #9 from captured data (no placeholder needed).
🟢 [ContentConverter] Page 0.0: [activity] auto-closed before the next activity.
🟢 [ContentConverter] Page 0.0: [end activity] had no open container — ignored.
🟢 [ContentConverter] Page 0.0: [activity] auto-closed before the next activity.
🟢 [ContentConverter] Page 0.0: [activity] auto-closed before the next activity.
🟢 [ContentConverter] Page 0.0: [end activity] had no open container — ignored.
🟢 [InteractiveBuilder] Built accordion #15 from captured data (no placeholder needed).
🟢 [ContentConverter] Page 0.0: bare [activity] re-emphasis merged into the open numbered activity (no new box).
🟢 [ContentConverter] Page 0.0: [activity] auto-closed before the next supervisor note.
🟢 [ContentConverter] Page 0.0: bare [activity] re-emphasis merged into the open numbered activity (no new box).
🟢 [MenuBuilder] Menu heading "Tirohanga Whānui | Overview" is the section label — consumed (the menu scaffolding names it).
🟢 [ActivitiesBuilder] 1 activity title heading(s) set to h3 (title_heading_level).
🟢 [PanelsBuilder] 6 panel title heading(s) set to h2 (first_heading_level).
🟠 [AcksBuilder] Unknown media item type "Link to website" (item 18) — used "Link to website" as the prefix; add it to Acks_Formats type_prefix_map.
🟠 [AcksBuilder] Unknown media item type "Link to website" (item 19) — used "Link to website" as the prefix; add it to Acks_Formats type_prefix_map.
🟢 [AcksBuilder] Media item 32 ("Website link") is a lesson link — no acknowledgement (scope rule).
🟢 [AcksBuilder] Media item 33 ("Website link") is a lesson link — no acknowledgement (scope rule).
🟢 [AcksBuilder] Media item 34 ("Website link") is a lesson link — no acknowledgement (scope rule).
🟢 [AcksBuilder] Media item 35 ("Website link") is a lesson link — no acknowledgement (scope rule).
🟠 [AcksBuilder] Unknown media item type "Link to google folder" (item 36) — used "Link to google folder" as the prefix; add it to Acks_Formats type_prefix_map.
🟠 [AcksBuilder] YouTube metadata unavailable for item 37 (stubbed) — possible dead link worth checking: https://www.youtube.com/watch?v=-Kq3nvC8La0
🟠 [AcksBuilder] 28 iStock titles could not be verified (no *istock-acks*.txt was supplied); each is marked ❗ and the acks block carries a designer note.
🟠 [SkeletonBuilder] module_code value "—" has no module_code_value_map entry — element omitted; add the value to Emit_Templates.
🟢 [DocxExtractor] Media-list boilerplate dropped: 2 blocks before the media table and 12 blocks after it (the submission checklist) — the template's own instructions, not content.
🟢 [ConventionResolver] HTML conventions from group ConnectED|7-8: overview menu two_col_li, lesson menu two_col_li.
🟢 [PageSplitter] Registry says single-file but lesson/page tags exist — keeping ONE file; the tags become in-page breaks (registry rule).
🟠 [ContentConverter] [TITLE BAR] title half is the placeholder "MODULE TITLE" — the real title is not in the WT; dropped, not shipped as an <h1>. Add the title to the source.
🟢 [PageAssembler] [TITLE BAR] held only placeholder text — using the front-matter Course "Tūhono – Ako whakauru | ConnectED" as the English title; no Te Reo title (the real one is not in the WT).
🟠 [SkeletonBuilder] module_code value "—" has no module_code_value_map entry — element omitted; add the value to Emit_Templates.
🟢 [DocxExtractor] Media-list boilerplate dropped: 3 blocks before the media table and 15 blocks after it (the submission checklist) — the template's own instructions, not content.
🟢 [ConventionResolver] HTML conventions from series CEDW (deviation over ConnectED|1-3): overview menu two_col_li, lesson menu two_col_li.
🟢 [PageSplitter] Registry says single-file but lesson/page tags exist — keeping ONE file; the tags become in-page breaks (registry rule).
🟢 [InteractiveScanner] modal: additional widget [modal] absorbed (modal + modal).
🟢 [InteractiveScanner] modal: additional widget [modal] absorbed (modal + modal).
🟢 [InteractiveScanner] modal: additional widget [modal] absorbed (modal + modal).
🟢 [InteractiveScanner] modal: additional widget [modal] absorbed (modal + modal).
🟢 [InteractiveScanner] modal: additional widget [modal] absorbed (modal + modal).
🟢 [InteractiveScanner] Activity 1D: additional widget [modal] absorbed (modal + modal).
🟢 [InteractiveScanner] Activity 1D: additional widget [modal] absorbed (modal + modal).
🟢 [InteractiveScanner] Activity 1D: additional widget [modal] absorbed (modal + modal).
🟢 [InteractiveScanner] Activity 1D: additional widget [modal] absorbed (modal + modal).
🟢 [InteractiveScanner] Activity 1D: additional widget [modal] absorbed (modal + modal).
🟢 [InteractiveScanner] Activity 2D: additional widget [modal] absorbed (modal + modal).
🟢 [InteractiveScanner] Activity 2D: additional widget [modal] absorbed (modal + modal).
🟢 [InteractiveScanner] Activity 2D: additional widget [modal] absorbed (modal + modal).
🟢 [InteractiveScanner] Activity 2D: additional widget [modal] absorbed (modal + modal).
🟢 [InteractiveScanner] Activity 2D: additional widget [modal] absorbed (modal + modal).
🟢 [InteractiveScanner] Activity 3C: additional widget [modal] absorbed (modal + modal).
🟢 [InteractiveScanner] Activity 3C: additional widget [modal] absorbed (modal + modal).
🟢 [InteractiveScanner] Activity 3C: additional widget [modal] absorbed (modal + modal).
🟢 [InteractiveScanner] Activity 3C: additional widget [modal] absorbed (modal + modal).
🟢 [InteractiveScanner] Activity 3C: additional widget [modal] absorbed (modal + modal).
🟢 [InteractiveScanner] accordion: additional widget [accordion] absorbed (accordion + accordion).
🟢 [InteractiveScanner] accordion: additional widget [accordion] absorbed (accordion + accordion).
🟢 [InteractiveScanner] accordion: additional widget [accordion] absorbed (accordion + accordion).
🟢 [InteractiveScanner] Activity 4C: additional widget [modal] absorbed (modal + modal).
🟢 [InteractiveScanner] Activity 4C: additional widget [modal] absorbed (modal + modal).
🟢 [InteractiveScanner] Activity 4C: additional widget [modal] absorbed (modal + modal).
🟢 [InteractiveScanner] Activity 4C: additional widget [modal] absorbed (modal + modal).
🟢 [InteractiveScanner] Activity 4C: additional widget [modal] absorbed (modal + modal).
🟢 [ContentConverter] Page 0.0: [activity] auto-closed before the next activity.
🟢 [ContentConverter] Page 0.0: [activity] auto-closed before the next activity.
🟢 [ContentConverter] Page 0.0: [activity] auto-closed before the next activity.
🟢 [ContentConverter] Page 0.0: [activity] auto-closed before the next activity.
🟢 [ContentConverter] Page 0.0: [activity] auto-closed before the next activity.
🟢 [ContentConverter] Page 0.0: [activity] auto-closed before the next activity.
🟢 [ContentConverter] Page 0.0: [activity] auto-closed before the next activity.
🟢 [InteractiveBuilder] Built accordion #8 from captured data (no placeholder needed).
🟢 [ContentConverter] Page 0.0: [activity] auto-closed before the next activity.
🟢 [ContentConverter] Page 0.0: activity box closed after its upload button — the button is the box's last child (round 376).
🟢 [MenuBuilder] Menu heading "Tirohanga Whānui | Overview" is the section label — consumed (the menu scaffolding names it).
🟢 [PanelsBuilder] 5 panel title heading(s) set to h2 (first_heading_level).
🟢 [PageAssembler] [TITLE BAR] held only "Manaakitanga" (no English) — using the front-matter Course "Relationships and Care" as the English title; Te Reo kept as the second title.
🟠 [AcksBuilder] YouTube metadata unavailable for item  (stubbed) — possible dead link worth checking: https://www.youtube.com/watch?v=yjiCF6--DDI
🟠 [AcksBuilder] YouTube metadata unavailable for item  (stubbed) — possible dead link worth checking: https://www.youtube.com/watch?v=vBSjifP84yg
🟠 [AcksBuilder] YouTube metadata unavailable for item  (stubbed) — possible dead link worth checking: https://www.youtube.com/watch?v=27sho6s2eK8&t=55s
🟠 [AcksBuilder] YouTube metadata unavailable for item  (stubbed) — possible dead link worth checking: https://www.youtube.com/watch?v=-nlzjPnNfrU
🟠 [AcksBuilder] YouTube metadata unavailable for item  (stubbed) — possible dead link worth checking: https://www.youtube.com/watch?v=liYGGLV0yKw
🟠 [AcksBuilder] YouTube metadata unavailable for item  (stubbed) — possible dead link worth checking: https://www.youtube.com/watch?v=oNV4GX3sZPY
🟠 [AcksBuilder] YouTube metadata unavailable for item  (stubbed) — possible dead link worth checking: https://www.youtube.com/watch?v=H7w7yXkJTu0&t=57s
🟠 [AcksBuilder] YouTube metadata unavailable for item  (stubbed) — possible dead link worth checking: https://www.youtube.com/watch?v=XnyUG5K0Ns0
🟠 [AcksBuilder] YouTube metadata unavailable for item  (stubbed) — possible dead link worth checking: https://www.youtube.com/watch?v=LZNiUo22_gs
🟠 [AcksBuilder] YouTube metadata unavailable for item  (stubbed) — possible dead link worth checking: https://www.youtube.com/watch?v=GJnKAKhFyJM
🟠 [AcksBuilder] YouTube metadata unavailable for item  (stubbed) — possible dead link worth checking: https://www.youtube.com/watch?v=J1cqDn2-oVo
🟠 [AcksBuilder] YouTube metadata unavailable for item  (stubbed) — possible dead link worth checking: https://www.youtube.com/watch?v=GgQcktL2xpw
🟠 [AcksBuilder] YouTube metadata unavailable for item  (stubbed) — possible dead link worth checking: https://www.youtube.com/watch?v=C4UxQAKzklY
🟠 [AcksBuilder] YouTube metadata unavailable for item  (stubbed) — possible dead link worth checking: https://www.youtube.com/watch?v=Y_FzuLwCZnk&t=4s
🟠 [AcksBuilder] YouTube metadata unavailable for item  (stubbed) — possible dead link worth checking: https://www.youtube.com/watch?v=JWCZ0VbfjMk
🟠 [AcksBuilder] YouTube metadata unavailable for item  (stubbed) — possible dead link worth checking: https://www.youtube.com/watch?v=S9fqfT6IFMA
🟠 [AcksBuilder] YouTube metadata unavailable for item  (stubbed) — possible dead link worth checking: https://www.youtube.com/watch?v=t2hzQpDNs-8
🟠 [AcksBuilder] YouTube metadata unavailable for item  (stubbed) — possible dead link worth checking: https://www.youtube.com/watch?v=OasbYWF4_S8
🟠 [AcksBuilder] YouTube metadata unavailable for item  (stubbed) — possible dead link worth checking: https://www.youtube.com/watch?v=Fex-wvrOZf4
🟠 [AcksBuilder] YouTube metadata unavailable for item  (stubbed) — possible dead link worth checking: https://www.youtube.com/watch?v=TtAz53msgu8
🟠 [AcksBuilder] YouTube metadata unavailable for item  (stubbed) — possible dead link worth checking: https://www.youtube.com/watch?v=xTDyVaUVepU
🟠 [AcksBuilder] YouTube metadata unavailable for item  (stubbed) — possible dead link worth checking: https://www.youtube.com/watch?v=iHlkYr80dNo
🟢 [AcksBuilder] Media item  placed in lesson 0.0 by neighbour interpolation — verify its group.
🟢 [AcksBuilder] Media item  placed in lesson 0.0 by neighbour interpolation — verify its group.
🟢 [AcksBuilder] Media item  placed in lesson 0.0 by neighbour interpolation — verify its group.
🟢 [AcksBuilder] Media item  placed in lesson 0.0 by neighbour interpolation — verify its group.
🟢 [AcksBuilder] Media item  placed in lesson 0.0 by neighbour interpolation — verify its group.
🟢 [AcksBuilder] Media item  placed in lesson 0.0 by neighbour interpolation — verify its group.
🟢 [AcksBuilder] Media item  placed in lesson 0.0 by neighbour interpolation — verify its group.
🟢 [AcksBuilder] Media item  placed in lesson 0.0 by neighbour interpolation — verify its group.
🟢 [AcksBuilder] Media item  placed in lesson 0.0 by neighbour interpolation — verify its group.
🟢 [AcksBuilder] Media item  placed in lesson 0.0 by neighbour interpolation — verify its group.
🟢 [AcksBuilder] Media item  placed in lesson 0.0 by neighbour interpolation — verify its group.
🟢 [AcksBuilder] Media item  placed in lesson 0.0 by neighbour interpolation — verify its group.
🟢 [AcksBuilder] Media item  placed in lesson 0.0 by neighbour interpolation — verify its group.
🟢 [AcksBuilder] Media item  placed in lesson 0.0 by neighbour interpolation — verify its group.
🟢 [AcksBuilder] Media item  placed in lesson 0.0 by neighbour interpolation — verify its group.
🟢 [AcksBuilder] Media item  placed in lesson 0.0 by neighbour interpolation — verify its group.
🟢 [AcksBuilder] Media item  placed in lesson 0.0 by neighbour interpolation — verify its group.
🟢 [AcksBuilder] Media item  placed in lesson 0.0 by neighbour interpolation — verify its group.
🟢 [AcksBuilder] Media item  placed in lesson 0.0 by neighbour interpolation — verify its group.
🟢 [AcksBuilder] Media item  placed in lesson 0.0 by neighbour interpolation — verify its group.
🟢 [AcksBuilder] Media item  placed in lesson 0.0 by neighbour interpolation — verify its group.
🟢 [AcksBuilder] Media item  placed in lesson 0.0 by neighbour interpolation — verify its group.
🟢 [AcksBuilder] Media item  placed in lesson 0.0 by neighbour interpolation — verify its group.
🟢 [AcksBuilder] Media item  placed in lesson 0.0 by neighbour interpolation — verify its group.
🟢 [AcksBuilder] Media item  placed in lesson 0.0 by neighbour interpolation — verify its group.
🟢 [AcksBuilder] Media item  placed in lesson 0.0 by neighbour interpolation — verify its group.
🟢 [AcksBuilder] Media item  placed in lesson 0.0 by neighbour interpolation — verify its group.
🟢 [AcksBuilder] Media item  placed in lesson 0.0 by neighbour interpolation — verify its group.
🟢 [AcksBuilder] Media item  placed in lesson 0.0 by neighbour interpolation — verify its group.
🟠 [AcksBuilder] 28 iStock titles could not be verified (no *istock-acks*.txt was supplied); each is marked ❗ and the acks block carries a designer note.
🟠 [SkeletonBuilder] module_code value "—" has no module_code_value_map entry — element omitted; add the value to Emit_Templates.
🟠 [ModuleResolver] Multiple module-code candidates found (COM1006, ECO1003) — using COM1006 from filename "COM1006 Writers Template + Media List.docx".
🟢 [DocxExtractor] Media-list boilerplate dropped: 3 blocks before the media table and 15 blocks after it (the submission checklist) — the template's own instructions, not content.
🟢 [ConventionResolver] HTML conventions from group NCEA1|NCEA: overview menu tabs, lesson menu flat.
🟢 [PageSplitter] [end page] on the overview disregarded — an introduction-cluster marker follows ([Title]/[Introduction]/[supervisor note]; AR-1 generalised).
🟢 [PageSplitter] Implicit page break: content continues after [end page] without a [LESSON] tag — opened page 1.0 ("* EVENTS").
🟢 [PageSplitter] Implicit page break: content continues after [end page] without a [LESSON] tag — opened page 2.0 ("* IMPACT OF AN EVENT").
🟢 [PageSplitter] Implicit page break: content continues after [end page] without a [LESSON] tag — opened page 3.0 ("* FLOW-ON EFFECTS OF AN EVENT").
🟢 [PageSplitter] "[copy the content from lesson 5 of eco1003 module" mentions lesson inside a writer instruction — not a page boundary (lesson_boundary_guard).
🟢 [PageSplitter] Implicit page break: content continues after [end page] without a [LESSON] tag — opened page 4.0 ("* FLOW-ON EFFECTS AND CIRCULAR FLOW").
🟢 [PageSplitter] Implicit page break: content continues after [end page] without a [LESSON] tag — opened page 5.0 ("* RESPONDING TO THE IMPACT OF THE EVENT").
🟢 [PageSplitter] Implicit page break: content continues after [end page] without a [LESSON] tag — opened page 6.0 ("* CASE STUDY- Horses-to-Go").
🟢 [PageSplitter] Implicit page break: content continues after [end page] without a [LESSON] tag — opened page 7.0 ("* CASE STUDY- Go Green Bike Shop").
🟢 [PageSplitter] Implicit page break: content continues after [end page] without a [LESSON] tag — opened page 8.0.
🟢 [MenuBuilder] Menu heading "Tirohanga Whānui | Overview" is the section label — consumed (the menu scaffolding names it).
🟢 [MenuBuilder] Menu section "Aromatawai | Assessment for Learning" promoted to its own "Standards" nav tab (KB c67 canonical Standards tab; curriculum_tabs.kb_canonical.standards).
🟢 [InteractiveBuilder] Built carousel #1 from captured data (no placeholder needed).
🟢 [InteractiveBuilder] Built dragAndDrop #2 from captured data (no placeholder needed).
🟢 [ContentConverter] Page 2.0: [ [Activity 2A- Self check multichoice]  ] — the tag's tail "Select the most appropriate answer for each question in the multiple-choice quiz to demonstrate your understanding of the impact of events." is the activity title (typed_tag_title).
🟠 [ContentConverter] Page 2.0: [activity] was never closed — closed at page end.
🟠 [ContentConverter] Page 3.0: [activity] was never closed — closed at page end.
🟠 [ContentConverter] Page 4.0: [activity] was never closed — closed at page end.
🟢 [ContentConverter] Page 5.0: [activity] auto-closed before the next activity.
🟠 [ContentConverter] Page 5.0: [activity] was never closed — closed at page end.
🟢 [ContentConverter] Page 5.0: activity number normalised (page_number_normalise): 5B → 5C.
🟢 [ContentConverter] Page 6.0: mode [activity] opener suppressed — the numbered activity after it is owned by its widget bundle (round 379, no empty box).
🟠 [ContentConverter] Page 7.0: [activity] was never closed — closed at page end.
🟠 [ContentConverter] Page 8.0: [activity] was never closed — closed at page end.
🟠 [AcksBuilder] Unknown media item type "Picture" (item ) — used "Picture" as the prefix; add it to Acks_Formats type_prefix_map.
🟠 [AcksBuilder] Unknown media item type "Picture" (item ) — used "Picture" as the prefix; add it to Acks_Formats type_prefix_map.
🟠 [AcksBuilder] Unknown media item type "Picture" (item ) — used "Picture" as the prefix; add it to Acks_Formats type_prefix_map.
🟠 [AcksBuilder] Unknown media item type "Picture" (item ) — used "Picture" as the prefix; add it to Acks_Formats type_prefix_map.
🟠 [AcksBuilder] Unknown media item type "Picture" (item ) — used "Picture" as the prefix; add it to Acks_Formats type_prefix_map.
🟠 [AcksBuilder] Unknown media item type "Picture" (item ) — used "Picture" as the prefix; add it to Acks_Formats type_prefix_map.
🟠 [AcksBuilder] Unknown media item type "Picture" (item ) — used "Picture" as the prefix; add it to Acks_Formats type_prefix_map.
🟠 [AcksBuilder] Unknown media item type "Picture of a highway" (item ) — used "Picture of a highway" as the prefix; add it to Acks_Formats type_prefix_map.
🟠 [AcksBuilder] Unknown media item type "Picture / FIFA" (item ) — used "Picture / fifa" as the prefix; add it to Acks_Formats type_prefix_map.
🟠 [AcksBuilder] Unknown media item type "Picture" (item ) — used "Picture" as the prefix; add it to Acks_Formats type_prefix_map.
🟠 [AcksBuilder] Unknown media item type "Picture of apple orchard after the storm" (item ) — used "Picture of apple orchard after the storm" as the prefix; add it to Acks_Formats type_prefix_map.
🟠 [AcksBuilder] Unknown media item type "Picture of flags" (item ) — used "Picture of flags" as the prefix; add it to Acks_Formats type_prefix_map.
🟠 [AcksBuilder] Unknown media item type "Picture of storm" (item ) — used "Picture of storm" as the prefix; add it to Acks_Formats type_prefix_map.
🟠 [AcksBuilder] Unknown media item type "Picture of bike shop" (item ) — used "Picture of bike shop" as the prefix; add it to Acks_Formats type_prefix_map.
🟢 [AcksBuilder] Media item  placed in lesson 8.0 by neighbour interpolation — verify its group.
🟢 [AcksBuilder] Media item  placed in lesson 8.0 by neighbour interpolation — verify its group.
🟢 [AcksBuilder] Media item  placed in lesson 8.0 by neighbour interpolation — verify its group.
🟢 [AcksBuilder] Media item  placed in lesson 8.0 by neighbour interpolation — verify its group.
🟢 [AcksBuilder] Media item  placed in lesson 8.0 by neighbour interpolation — verify its group.
🟢 [AcksBuilder] Media item  placed in lesson 8.0 by neighbour interpolation — verify its group.
🟢 [AcksBuilder] Media item  placed in lesson 8.0 by neighbour interpolation — verify its group.
🟠 [AcksBuilder] Media item  could not be mapped to a lesson — placed in the first group (0.0); verify.
🟠 [ModuleResolver] Multiple module-code candidates found (ENG1007, EN1001) — using ENG1007 from filename "ENG1007 Writers Template.docx".
🟠 [ModuleResolver] No media list found — acknowledgements will hold the standing items plus per-lesson designer-media check lines only.
🟢 [ConventionResolver] HTML conventions from group NCEA1|NCEA: overview menu tabs, lesson menu flat.
🟢 [PageSplitter] [end page] on the overview disregarded — an introduction-cluster marker follows ([Title]/[Introduction]/[supervisor note]; AR-1 generalised).
🟢 [InteractiveScanner] accordion: additional widget [accordion] absorbed (accordion + accordion).
🟢 [InteractiveScanner] accordion: additional widget [accordion] absorbed (accordion + accordion).
🟢 [InteractiveScanner] accordion: additional widget [accordion] absorbed (accordion + accordion).
🟢 [InteractiveScanner] accordion: additional widget [accordion] absorbed (accordion + accordion).
🟢 [InteractiveScanner] accordion: additional widget [accordion] absorbed (accordion + accordion).
🟢 [InteractiveScanner] accordion: additional widget [accordion] absorbed (accordion + accordion).
🟢 [InteractiveBuilder] Built accordion #1 from captured data (no placeholder needed).
🟢 [InteractiveBuilder] Built accordion #2 from captured data (no placeholder needed).
🟢 [MenuBuilder] Menu heading "Tirohanga Whānui | Overview" is the section label — consumed (the menu scaffolding names it).
🟢 [MenuBuilder] Menu section "Aromatawai | Assessment for Learning" promoted to its own "Standards" nav tab (menu.extra_tabs registry).
🟢 [DocxExtractor] Media-list boilerplate dropped: 3 blocks before the media table and 15 blocks after it (the submission checklist) — the template's own instructions, not content.
🟢 [ConventionResolver] HTML conventions from series ENGI (deviation over 1-10 English|4-6): overview menu two_col_li, lesson menu two_col_li.
🟢 [PageSplitter] [end page] before [MODULE INTRODUCTION] disregarded — the introduction stays on the overview page (AR-1).
🟢 [InteractiveScanner] clickDrop: additional widget [click drop] absorbed (clickDrop + clickDrop).
🟢 [InteractiveScanner] clickDrop: additional widget [click drop] absorbed (clickDrop + clickDrop).
🟢 [ContentConverter] Page 0.0: 5 inline definitions woven onto the anchor word (orphan definition weave).
🟢 [MenuBuilder] Menu heading "Tirohanga Whānui | Overview" is the section label — consumed (the menu scaffolding names it).
🟢 [InteractiveBuilder] Built flipCard #2 from captured data (no placeholder needed).
🟢 [ContentConverter] Page 1.0: activity box kept open for the prose after its data table (round 378).
🟠 [ContentConverter] Page 1.0: [activity] was never closed — closed at page end.
🟢 [InteractiveScanner] Activity 2E: additional widget [click drop] absorbed (unclassified + clickDrop).
🟢 [InteractiveScanner] Activity 2E: additional widget [click drop] absorbed (unclassified + clickDrop).
🟢 [InteractiveScanner] Activity 2E: additional widget [dropdown] absorbed (unclassified + dropDown).
🟢 [InteractiveScanner] Activity 2E: additional widget [dropdown] absorbed (unclassified + dropDown).
🟢 [InteractiveScanner] Activity 2E: additional widget [modal] absorbed (unclassified + modal).
🟢 [InteractiveScanner] Activity 2E: additional widget [click drop] absorbed (unclassified + clickDrop).
🟢 [InteractiveScanner] Activity 2E: additional widget [dropdown] absorbed (unclassified + dropDown).
🟢 [InteractiveScanner] Activity 2E: additional widget [modal] absorbed (unclassified + modal).
🟢 [InteractiveScanner] Activity 2E: additional widget [click drop] absorbed (unclassified + clickDrop).
🟢 [InteractiveScanner] Activity 2E: additional widget [dropdown] absorbed (unclassified + dropDown).
🟢 [InteractiveScanner] Activity 2E: additional widget [modal] absorbed (unclassified + modal).
🟢 [InteractiveScanner] Activity 2E: additional widget [click drop] absorbed (unclassified + clickDrop).
🟢 [InteractiveScanner] Activity 2E: additional widget [dropdown] absorbed (unclassified + dropDown).
🟢 [InteractiveScanner] Activity 2E: additional widget [dropdown] absorbed (unclassified + dropDown).
🟢 [InteractiveScanner] Activity 2E: additional widget [modal] absorbed (unclassified + modal).
🟢 [InteractiveScanner] Activity 2E: additional widget [click drop] absorbed (unclassified + clickDrop).
🟢 [InteractiveScanner] Activity 2E: additional widget [dropdown] absorbed (unclassified + dropDown).
🟢 [InteractiveScanner] Activity 2E: additional widget [modal] absorbed (unclassified + modal).
🟢 [ContentConverter] Page 2.0: 3 inline definitions woven onto the anchor word (orphan definition weave).
🟢 [InteractiveBuilder] Built speechBubble #5 from captured data (no placeholder needed).
🟢 [ContentConverter] Page 2.0: [activity] auto-closed before the next activity.
🟢 [ContentConverter] Page 2.0: [activity] auto-closed before the next h3.
🟢 [ContentConverter] Page 2.0: [activity] auto-closed before the next activity.
🟢 [ContentConverter] Page 2.0: activity box kept open for the prose after its data table (round 378).
🟠 [ContentConverter] Page 2.0: [activity] was never closed — closed at page end.
🟢 [InteractiveScanner] Activity 3D: additional widget [drag and drop] absorbed (unclassified + dragAndDrop).
🟢 [InteractiveBuilder] Built speechBubble #7 from captured data (no placeholder needed).
🟢 [ContentConverter] Page 3.0: [activity] auto-closed before the next h3.
🟢 [ContentConverter] Page 3.0: [activity] auto-closed before the next activity.
🟢 [ContentConverter] Page 3.0: activity box kept open for the prose after its data table (round 378).
🟠 [ContentConverter] Page 3.0: [activity] was never closed — closed at page end.
🟢 [InteractiveScanner] Page 5.0: 1 id-carrying heading(s) re-tagged as [Activity N] openers (opener_rule.id_heading_opener).
🟢 [InteractiveBuilder] Built flipCard #11 from captured data (no placeholder needed).
🟢 [InteractiveBuilder] Built flipCard #12 from captured data (no placeholder needed).
🟢 [ContentConverter] Page 5.0: activity box closed after its upload button — the button is the box's last child (round 376).
🟢 [InteractiveBuilder] Built speechBubble #13 from captured data (no placeholder needed).
🟢 [InteractiveBuilder] Built carousel #14 from captured data (no placeholder needed).
🟠 [ContentConverter] Page 6.0: [activity] was never closed — closed at page end.
🟠 [AcksBuilder] YouTube metadata unavailable for item  (stubbed) — possible dead link worth checking: https://www.youtube.com/watch?v=fKWQuU0sHPw
🟠 [AcksBuilder] YouTube metadata unavailable for item  (stubbed) — possible dead link worth checking: https://www.youtube.com/watch?v=fkCPEujxTho
🟠 [AcksBuilder] YouTube metadata unavailable for item  (stubbed) — possible dead link worth checking: https://www.youtube.com/watch?v=LDMWJCrDVMI
🟠 [AcksBuilder] YouTube metadata unavailable for item  (stubbed) — possible dead link worth checking: https://www.youtube.com/watch?v=k9vcFAZBzt0
🟠 [AcksBuilder] YouTube metadata unavailable for item  (stubbed) — possible dead link worth checking: https://www.youtube.com/watch?v=GfsGU4L7iTw
🟠 [AcksBuilder] YouTube metadata unavailable for item  (stubbed) — possible dead link worth checking: https://www.youtube.com/watch?v=U89dkGrsYZY
🟠 [AcksBuilder] YouTube metadata unavailable for item  (stubbed) — possible dead link worth checking: https://www.youtube.com/watch?v=g1Kpekzypg0
🟠 [AcksBuilder] Unknown media item type "Audio and pdf text file" (item ) — used "Audio and pdf text file" as the prefix; add it to Acks_Formats type_prefix_map.
🟠 [AcksBuilder] Unknown media item type "Audio and pdf text file" (item ) — used "Audio and pdf text file" as the prefix; add it to Acks_Formats type_prefix_map.
🟠 [AcksBuilder] Unknown media item type "Audio and pdf text file" (item ) — used "Audio and pdf text file" as the prefix; add it to Acks_Formats type_prefix_map.
🟠 [AcksBuilder] Unknown media item type "Audio and pdf text file" (item ) — used "Audio and pdf text file" as the prefix; add it to Acks_Formats type_prefix_map.
🟠 [AcksBuilder] Unknown media item type "Audio and pdf text file" (item ) — used "Audio and pdf text file" as the prefix; add it to Acks_Formats type_prefix_map.
🟠 [AcksBuilder] Unknown media item type "Audio and pdf text file" (item ) — used "Audio and pdf text file" as the prefix; add it to Acks_Formats type_prefix_map.
🟠 [AcksBuilder] Unknown media item type "Image – create a map" (item ) — used "Image – create a map" as the prefix; add it to Acks_Formats type_prefix_map.
🟠 [AcksBuilder] Unknown media item type "Image – create a map" (item ) — used "Image – create a map" as the prefix; add it to Acks_Formats type_prefix_map.
🟠 [AcksBuilder] Unknown media item type "Embed audio and text" (item ) — used "Embed audio and text" as the prefix; add it to Acks_Formats type_prefix_map.
🟠 [AcksBuilder] Unknown media item type "Image – create a map" (item ) — used "Image – create a map" as the prefix; add it to Acks_Formats type_prefix_map.
🟠 [AcksBuilder] Unknown media item type "Image – create a map" (item ) — used "Image – create a map" as the prefix; add it to Acks_Formats type_prefix_map.
🟠 [AcksBuilder] Unknown media item type "Embed video" (item ) — used "Embed video" as the prefix; add it to Acks_Formats type_prefix_map.
🟠 [AcksBuilder] YouTube metadata unavailable for item  (stubbed) — possible dead link worth checking: https://www.youtube.com/watch?v=vJ4LvGnwgow
🟠 [AcksBuilder] Unknown media item type "Embed video" (item ) — used "Embed video" as the prefix; add it to Acks_Formats type_prefix_map.
🟠 [AcksBuilder] Unknown media item type "Image – create a map" (item ) — used "Image – create a map" as the prefix; add it to Acks_Formats type_prefix_map.
🟠 [AcksBuilder] Unknown media item type "Image – create a map" (item ) — used "Image – create a map" as the prefix; add it to Acks_Formats type_prefix_map.
🟠 [AcksBuilder] Unknown media item type "Embed video" (item ) — used "Embed video" as the prefix; add it to Acks_Formats type_prefix_map.
🟠 [AcksBuilder] YouTube metadata unavailable for item  (stubbed) — possible dead link worth checking: https://www.youtube.com/watch?v=vb-tVzHiqtA
🟠 [AcksBuilder] Unknown media item type "Embed video" (item ) — used "Embed video" as the prefix; add it to Acks_Formats type_prefix_map.
🟠 [AcksBuilder] Unknown media item type "Embed image" (item ) — used "Embed image" as the prefix; add it to Acks_Formats type_prefix_map.
🟠 [AcksBuilder] Unknown media item type "Embed image" (item ) — used "Embed image" as the prefix; add it to Acks_Formats type_prefix_map.
🟠 [AcksBuilder] Unknown media item type "Embed image" (item ) — used "Embed image" as the prefix; add it to Acks_Formats type_prefix_map.
🟠 [AcksBuilder] Unknown media item type "Embed image" (item ) — used "Embed image" as the prefix; add it to Acks_Formats type_prefix_map.
🟠 [AcksBuilder] Unknown media item type "Embed text and audio" (item ) — used "Embed text and audio" as the prefix; add it to Acks_Formats type_prefix_map.
🟠 [AcksBuilder] Unknown media item type "Embed text and audio" (item ) — used "Embed text and audio" as the prefix; add it to Acks_Formats type_prefix_map.
🟠 [AcksBuilder] Unknown media item type "Embed Video" (item ) — used "Embed video" as the prefix; add it to Acks_Formats type_prefix_map.
🟠 [AcksBuilder] YouTube metadata unavailable for item  (stubbed) — possible dead link worth checking: https://www.youtube.com/watch?v=2jjLsCUq1b8
🟠 [AcksBuilder] Unknown media item type "Embed Video" (item ) — used "Embed video" as the prefix; add it to Acks_Formats type_prefix_map.
🟠 [AcksBuilder] Unknown media item type "Embed text and audio" (item ) — used "Embed text and audio" as the prefix; add it to Acks_Formats type_prefix_map.
🟠 [AcksBuilder] Unknown media item type "Embed Audio" (item ) — used "Embed audio" as the prefix; add it to Acks_Formats type_prefix_map.
🟠 [AcksBuilder] Unknown media item type "Embed Video" (item ) — used "Embed video" as the prefix; add it to Acks_Formats type_prefix_map.
🟠 [AcksBuilder] YouTube metadata unavailable for item  (stubbed) — possible dead link worth checking: https://www.youtube.com/watch?v=pEFoSVtdjO8
🟠 [AcksBuilder] Unknown media item type "Embed Video" (item ) — used "Embed video" as the prefix; add it to Acks_Formats type_prefix_map.
🟠 [AcksBuilder] Unknown media item type "Embed audio and text" (item ) — used "Embed audio and text" as the prefix; add it to Acks_Formats type_prefix_map.
🟠 [AcksBuilder] Unknown media item type "Image on flip card" (item ) — used "Image on flip card" as the prefix; add it to Acks_Formats type_prefix_map.
🟠 [AcksBuilder] Unknown media item type "Image on flip card" (item ) — used "Image on flip card" as the prefix; add it to Acks_Formats type_prefix_map.
🟠 [ModuleResolver] Multiple module-code candidates found (ENGR101, EN000) — using ENGR101 from filename "ENGR101 Writers Template + Media List.docx".
🟢 [DocxExtractor] Media-list boilerplate dropped: 3 blocks before the media table — the template's own instructions, not content.
🟢 [ConventionResolver] HTML conventions from group 1-10 English|1-3: overview menu two_col_li, lesson menu flat.
🟢 [PageSplitter] [end page] before [MODULE INTRODUCTION] disregarded — the introduction stays on the overview page (AR-1).
🟢 [PageSplitter] Content after the final [end page] (2 blocks) is writer-form boilerplate — not emitted (AR-5).
🟢 [MenuBuilder] Menu heading "Tirohanga Whānui | Overview" is the section label — consumed (the menu scaffolding names it).
🟢 [InteractiveBuilder] Built speechBubble #1 from captured data (no placeholder needed).
🟢 [InteractiveBuilder] Built carousel #2 from captured data (no placeholder needed).
🟢 [InteractiveBuilder] Built speechBubble #5 from captured data (no placeholder needed).
🟢 [InteractiveBuilder] Built speechBubble #9 from captured data (no placeholder needed).
🟠 [ContentConverter] Page 3.0: [activity] was never closed — closed at page end.
🟢 [InteractiveBuilder] Built speechBubble #11 from captured data (no placeholder needed).
🟢 [InteractiveBuilder] Built speechBubble #14 from captured data (no placeholder needed).
🟢 [InteractiveBuilder] Built modal #16 from captured data (no placeholder needed).
🟢 [ContentConverter] Page 4.0: activity box kept open for the prose after its data table (round 378).
🟠 [ContentConverter] Page 4.0: [activity] was never closed — closed at page end.
🟢 [InteractiveScanner] Activity 5A: additional widget [typing quiz] absorbed (unclassified + typing).
🟢 [InteractiveScanner] Activity 5A: additional widget [typing quiz] absorbed (unclassified + typing).
🟢 [InteractiveBuilder] Built speechBubble #18 from captured data (no placeholder needed).
🟠 [ContentConverter] Page 5.0: [activity] was never closed — closed at page end.
🟢 [InteractiveBuilder] Built speechBubble #20 from captured data (no placeholder needed).
🟢 [ContentConverter] Page 6.0: [activity] auto-closed before the next activity.
🟢 [ContentConverter] Page 6.0: activity box kept open for the prose after its data table (round 378).
🟠 [ContentConverter] Page 6.0: [activity] was never closed — closed at page end.
🟢 [InteractiveScanner] dropDown: additional widget [dropdown] absorbed (dropDown + dropDown).
🟢 [InteractiveBuilder] Built speechBubble #23 from captured data (no placeholder needed).
🟠 [AcksBuilder] YouTube metadata unavailable for item  (stubbed) — possible dead link worth checking: https://www.youtube.com/watch?v=FMcFDOXau14
🟠 [AcksBuilder] YouTube metadata unavailable for item 7 (stubbed) — possible dead link worth checking: https://www.youtube.com/watch?v=wpZ_Q2ntCzY
🟠 [AcksBuilder] YouTube metadata unavailable for item 8 (stubbed) — possible dead link worth checking: https://www.youtube.com/watch?v=sQYvxiaI1Qk
🟠 [AcksBuilder] YouTube metadata unavailable for item 9 (stubbed) — possible dead link worth checking: https://www.youtube.com/watch?v=hYr2ho3kXTE
🟠 [AcksBuilder] YouTube metadata unavailable for item 10 (stubbed) — possible dead link worth checking: https://www.youtube.com/watch?v=BOOljk_LOcs
🟠 [AcksBuilder] YouTube metadata unavailable for item 11 (stubbed) — possible dead link worth checking: https://www.youtube.com/watch?v=3Y2LL1Kh7TI
🟠 [AcksBuilder] Unknown media item type "Audio and text" (item 21) — used "Audio and text" as the prefix; add it to Acks_Formats type_prefix_map.
🟠 [AcksBuilder] Unknown media item type "Png image" (item 27) — used "Png image" as the prefix; add it to Acks_Formats type_prefix_map.
🟠 [AcksBuilder] YouTube metadata unavailable for item 30 (stubbed) — possible dead link worth checking: https://www.youtube.com/watch?v=Y_E-N5y1r7g
🟠 [AcksBuilder] YouTube metadata unavailable for item 31 (stubbed) — possible dead link worth checking: https://www.youtube.com/watch?v=TVSRcpe3qY4&t=10s
🟠 [AcksBuilder] YouTube metadata unavailable for item 32 (stubbed) — possible dead link worth checking: https://www.youtube.com/watch?v=ih8suzeVUBo
🟠 [AcksBuilder] YouTube metadata unavailable for item 40 (stubbed) — possible dead link worth checking: https://www.youtube.com/watch?v=0idJqEWVF80
🟠 [AcksBuilder] Unknown media item type "pdf" (item 43) — used "Pdf" as the prefix; add it to Acks_Formats type_prefix_map.
🟠 [AcksBuilder] 24 iStock titles could not be verified (no *istock-acks*.txt was supplied); each is marked ❗ and the acks block carries a designer note.
🟢 [SkeletonBuilder] footer_links "final" value "—" is not a footer pattern (the registry's no-evidence marker) — the KB's final-page form "prev+home" applied (footer.kb_position_defaults).
🟠 [ModuleResolver] Multiple module-code candidates found (EXBP901, EXIP902) — using EXBP901 from filename "EXBP901 Writers Template + Media List.docx".
🟢 [DocxExtractor] Media-list boilerplate dropped: 1 block before the media table — the template's own instructions, not content.
🟢 [ConventionResolver] HTML conventions from group EXPlore|NCEA: overview menu tabs, lesson menu two_col_li.
🟠 [PageSplitter] Second [TITLE BAR] found — starting sub-document 1 (e.g. a reading-record twin set). Files continue the same numbering; review the split.
🟢 [PageSplitter] Implicit page break: content continues after [end page] without a [LESSON] tag — opened page 1.0.
🟢 [PageSplitter] Implicit page break: content continues after [end page] without a [LESSON] tag — opened page 2.0.
🟢 [PageSplitter] Implicit page break: content continues after [end page] without a [LESSON] tag — opened page 3.0.
🟢 [PageSplitter] Implicit page break: content continues after [end page] without a [LESSON] tag — opened page 4.0.
🟢 [PageSplitter] Implicit page break: content continues after [end page] without a [LESSON] tag — opened page 5.0.
🟠 [PageSplitter] Overview segment had headings only — merged forward into the first lesson page (RR-4).
🟢 [ContentConverter] [alert] right-hand box → an alert top side column paired with the preceding content row (positional_side_alert).
🟢 [ContentConverter] Page 1.0: [end tab n] had no open container — ignored.
🟢 [InteractiveBuilder] Built modal #2 from captured data (no placeholder needed).
🟢 [ContentConverter] Page 1.0: [end tab n] had no open container — ignored.
🟢 [ContentConverter] Page 1.0: [end tab n] had no open container — ignored.
🟢 [InteractiveBuilder] Built carousel #3 from captured data (no placeholder needed).
🟢 [ContentConverter] Page 1.0: [end question] had no open container — ignored.
🟢 [ContentConverter] Page 2.0: [end other] had no open container — ignored.
🟢 [InteractiveScanner] [[Interactive drag and drop]] — the heading "" and its table are the widget's own (heading_table_owner).
🟢 [InteractiveBuilder] Built accordion #4 from captured data (no placeholder needed).
🟢 [ContentConverter] Page 3.0: [activity] auto-closed before the next h3.
🟢 [InteractiveBuilder] Built dragAndDrop #6 from captured data (no placeholder needed).
🟢 [ContentConverter] Page 3.0: [end activity] had no open container — ignored.
🟢 [ContentConverter] Page 3.0: [end tab n] had no open container — ignored.
🟢 [ContentConverter] [alert] spans to an explicit end tag (writer-authored box).
🟢 [ContentConverter] Page 3.0: [end other] had no open container — ignored.
🟢 [InteractiveScanner] accordion: additional widget [accordion] absorbed (accordion + accordion).
🟢 [InteractiveBuilder] Built accordion #10 from captured data (no placeholder needed).
🟢 [ContentConverter] Page 4.0: [end tab n] had no open container — ignored.
🟢 [ContentConverter] Page 4.0: [end other] had no open container — ignored.
🟢 [ContentConverter] Page 4.0: [end activity] had no open container — ignored.
🟢 [InteractiveBuilder] Built accordion #13 from captured data (no placeholder needed).
🟢 [ContentConverter] Page 4.0: [end accordion] had no open container — ignored.
🟢 [ContentConverter] Page 4.0: [end carousel] had no open container — ignored.
🟢 [ContentConverter] Page 4.0: [end tab n] had no open container — ignored.
🟢 [InteractiveBuilder] Built clickDrop #14 from captured data (no placeholder needed).
🟢 [ContentConverter] Page 5.0: [end click drop] had no open container — ignored.
🟢 [InteractiveBuilder] Built clickDrop #15 from captured data (no placeholder needed).
🟢 [ContentConverter] Page 5.0: [end click drop] had no open container — ignored.
🟢 [ContentConverter] Page 5.0: [end tab n] had no open container — ignored.
🟠 [AcksBuilder] YouTube metadata unavailable for item  (stubbed) — possible dead link worth checking: https://www.youtube.com/watch?v=9tTZmI_EUE0
🟠 [AcksBuilder] YouTube metadata unavailable for item  (stubbed) — possible dead link worth checking: https://www.youtube.com/watch?v=GvGVS1S3Rec
🟠 [AcksBuilder] YouTube metadata unavailable for item  (stubbed) — possible dead link worth checking: https://www.youtube.com/watch?v=7j6BM002ksk
🟠 [AcksBuilder] Unknown media item type "Istock" (item ) — used "Istock" as the prefix; add it to Acks_Formats type_prefix_map.
🟠 [AcksBuilder] YouTube metadata unavailable for item  (stubbed) — possible dead link worth checking: https://www.youtube.com/watch?v=6hQHc1j7IOw
🟠 [AcksBuilder] YouTube metadata unavailable for item  (stubbed) — possible dead link worth checking: https://www.youtube.com/watch?v=wR2Vh11wQjU
🟠 [AcksBuilder] Media item  could not be mapped to a lesson — placed in the first group (0.0); verify.
🟠 [AcksBuilder] Media item  could not be mapped to a lesson — placed in the first group (0.0); verify.
🟠 [AcksBuilder] Media item  could not be mapped to a lesson — placed in the first group (0.0); verify.
🟠 [AcksBuilder] Media item  could not be mapped to a lesson — placed in the first group (0.0); verify.
🟠 [AcksBuilder] Media item  could not be mapped to a lesson — placed in the first group (0.0); verify.
🟠 [AcksBuilder] Media item  could not be mapped to a lesson — placed in the first group (0.0); verify.
🟠 [AcksBuilder] Media item  could not be mapped to a lesson — placed in the first group (0.0); verify.
🟠 [AcksBuilder] Media item  could not be mapped to a lesson — placed in the first group (0.0); verify.
🟠 [AcksBuilder] Media item  could not be mapped to a lesson — placed in the first group (0.0); verify.
🟠 [AcksBuilder] Media item  could not be mapped to a lesson — placed in the first group (0.0); verify.
🟠 [AcksBuilder] Media item  could not be mapped to a lesson — placed in the first group (0.0); verify.
🟠 [AcksBuilder] Media item  could not be mapped to a lesson — placed in the first group (0.0); verify.
🟠 [AcksBuilder] Media item  could not be mapped to a lesson — placed in the first group (0.0); verify.
🟠 [AcksBuilder] Media item  could not be mapped to a lesson — placed in the first group (0.0); verify.
🟠 [AcksBuilder] Media item  could not be mapped to a lesson — placed in the first group (0.0); verify.
🟠 [AcksBuilder] Media item  could not be mapped to a lesson — placed in the first group (0.0); verify.
🟠 [AcksBuilder] Media item  could not be mapped to a lesson — placed in the first group (0.0); verify.
🟠 [AcksBuilder] Media item  could not be mapped to a lesson — placed in the first group (0.0); verify.
🟠 [AcksBuilder] Media item  could not be mapped to a lesson — placed in the first group (0.0); verify.
🟠 [AcksBuilder] Media item  could not be mapped to a lesson — placed in the first group (0.0); verify.
🟠 [AcksBuilder] 14 iStock titles could not be verified (no *istock-acks*.txt was supplied); each is marked ❗ and the acks block carries a designer note.
🟠 [SkeletonBuilder] module_code value "(empty)" has no module_code_value_map entry — element omitted; add the value to Emit_Templates.
🟢 [SkeletonBuilder] Page 1.0: h1_count wants 2 title(s) but the source provided 1 — emitted what exists.
🟠 [SkeletonBuilder] module_code value "(empty)" has no module_code_value_map entry — element omitted; add the value to Emit_Templates.
🟢 [SkeletonBuilder] Page 2.0: h1_count wants 2 title(s) but the source provided 1 — emitted what exists.
🟠 [SkeletonBuilder] module_code value "(empty)" has no module_code_value_map entry — element omitted; add the value to Emit_Templates.
🟢 [SkeletonBuilder] Page 3.0: h1_count wants 2 title(s) but the source provided 1 — emitted what exists.
🟠 [SkeletonBuilder] module_code value "(empty)" has no module_code_value_map entry — element omitted; add the value to Emit_Templates.
🟢 [SkeletonBuilder] Page 4.0: h1_count wants 2 title(s) but the source provided 1 — emitted what exists.
🟠 [SkeletonBuilder] module_code value "(empty)" has no module_code_value_map entry — element omitted; add the value to Emit_Templates.
🟢 [SkeletonBuilder] Page 5.0: h1_count wants 2 title(s) but the source provided 1 — emitted what exists.
🟢 [DocxExtractor] Media-list boilerplate dropped: 3 blocks before the media table and 15 blocks after it (the submission checklist) — the template's own instructions, not content.
🟢 [ConventionResolver] HTML conventions from group NCEA1|NCEA: overview menu tabs, lesson menu flat.
🟢 [PageSplitter] [end page] before [MODULE INTRODUCTION] disregarded — the introduction stays on the overview page (AR-1).
🟢 [PageSplitter] Implicit page break: content continues after [end page] without a [LESSON] tag — opened page 1.0.
🟢 [PageSplitter] Implicit page break: content continues after [end page] without a [LESSON] tag — opened page 2.0.
🟢 [PageSplitter] Implicit page break: content continues after [end page] without a [LESSON] tag — opened page 3.0.
🟢 [PageSplitter] Mid-page lesson opener — "Lesson 4: Fluvial (River) Processes" opened page 4.0 (page_split.mid_page_lesson_heading).
🟢 [PageSplitter] Mid-page lesson opener — "Lesson 5: Impacts of changes in Fluvial (River) Processes" opened page 5.0 (page_split.mid_page_lesson_heading).
🟢 [MenuBuilder] Menu heading "Tirohanga Whānui | Overview" is the section label — consumed (the menu scaffolding names it).
🟢 [MenuBuilder] Menu section "Aromatawai | Assessment for Learning" promoted to its own "Standards" nav tab (KB c67 canonical Standards tab; curriculum_tabs.kb_canonical.standards).
🟠 [ContentConverter] Page 1.0: [activity] was never closed — closed at page end.
🟢 [InteractiveBuilder] Built carousel #2 from captured data (no placeholder needed).
🟢 [InteractiveScanner] Page 4.0: 1 bracket-less red "Activity N" line(s) re-parsed as [Activity N] openers (opener_rule.bare_red_opener).
🟢 [ContentConverter] Page 4.0: [activity] auto-closed before the next activity.
🟢 [ContentConverter] Page 4.0: [activity] auto-closed before the next h3.
🟢 [ContentConverter] Page 4.0: activity number normalised (page_number_normalise): 4B → 4A.
🟢 [ContentConverter] Page 5.0: the lead paragraph after [ [embed interactive drag and drop quiz]  ] renders free inside the box (lead_free_after_tag).
🟠 [AcksBuilder] YouTube metadata unavailable for item  (stubbed) — possible dead link worth checking: https://www.youtube.com/watch?v=bIaon69LrUw
🟠 [AcksBuilder] YouTube metadata unavailable for item  (stubbed) — possible dead link worth checking: https://www.youtube.com/watch?v=WJgpDyP9ewQ
🟠 [AcksBuilder] YouTube metadata unavailable for item  (stubbed) — possible dead link worth checking: https://www.youtube.com/watch?v=loI584OFVpE
🟠 [AcksBuilder] YouTube metadata unavailable for item  (stubbed) — possible dead link worth checking: https://www.youtube.com/watch?v=YVPgVNy9-oA&list=PLjBIbHqApIHGISViazIPKTq6pkUv8NZIc&index=4
🟠 [AcksBuilder] YouTube metadata unavailable for item  (stubbed) — possible dead link worth checking: https://www.youtube.com/watch?v=4hBtb4VgDLI&list=PLjBIbHqApIHGISViazIPKTq6pkUv8NZIc&index=5
🟢 [AcksBuilder] Media item  ("External link") is a lesson link — no acknowledgement (scope rule).
🟠 [AcksBuilder] YouTube metadata unavailable for item  (stubbed) — possible dead link worth checking: https://www.youtube.com/watch?v=DqIHmO_dWLQ
🟠 [AcksBuilder] Unknown media item type "Ext link" (item ) — used "Ext link" as the prefix; add it to Acks_Formats type_prefix_map.
🟠 [AcksBuilder] Unknown media item type "Ext link" (item ) — used "Ext link" as the prefix; add it to Acks_Formats type_prefix_map.
🟠 [AcksBuilder] Unknown media item type "Ext link" (item ) — used "Ext link" as the prefix; add it to Acks_Formats type_prefix_map.
🟠 [AcksBuilder] YouTube metadata unavailable for item  (stubbed) — possible dead link worth checking: https://www.youtube.com/watch?v=Sv16XOnNKeU
🟠 [AcksBuilder] YouTube metadata unavailable for item  (stubbed) — possible dead link worth checking: https://www.youtube.com/watch?v=hAaHwU3vhIE
🟠 [AcksBuilder] YouTube metadata unavailable for item  (stubbed) — possible dead link worth checking: https://www.youtube.com/watch?v=8EIoBao-UvI
🟠 [AcksBuilder] Unknown media item type "Ext link" (item ) — used "Ext link" as the prefix; add it to Acks_Formats type_prefix_map.
🟠 [AcksBuilder] Unknown media item type "Ext link" (item ) — used "Ext link" as the prefix; add it to Acks_Formats type_prefix_map.
🟠 [AcksBuilder] Unknown media item type "Ext link" (item ) — used "Ext link" as the prefix; add it to Acks_Formats type_prefix_map.
🟠 [AcksBuilder] Unknown media item type "Ext link" (item ) — used "Ext link" as the prefix; add it to Acks_Formats type_prefix_map.
🟢 [AcksBuilder] Media item  ("External link") is a lesson link — no acknowledgement (scope rule).
🟢 [AcksBuilder] Media item  placed in lesson 4.0 by neighbour interpolation — verify its group.
🟢 [AcksBuilder] Media item  placed in lesson 4.0 by neighbour interpolation — verify its group.
🟢 [AcksBuilder] Media item  placed in lesson 5.0 by neighbour interpolation — verify its group.
🟠 [AcksBuilder] 12 iStock titles could not be verified (no *istock-acks*.txt was supplied); each is marked ❗ and the acks block carries a designer note.
🟢 [DocxExtractor] Media-list boilerplate dropped: 3 blocks before the media table and 15 blocks after it (the submission checklist) — the template's own instructions, not content.
🟢 [ConventionResolver] HTML conventions from group NCEA1|NCEA: overview menu tabs, lesson menu flat.
🟢 [PageSplitter] [end page] before [MODULE INTRODUCTION] disregarded — the introduction stays on the overview page (AR-1).
🟠 [ContentConverter] Page 0.0: [activity] was never closed — closed at page end.
🟢 [MenuBuilder] Menu heading "Tirohanga Whānui | Overview" is the section label — consumed (the menu scaffolding names it).
🟢 [MenuBuilder] Menu section "Aromatawai | Assessment for Learning" promoted to its own "Standards" nav tab (menu.extra_tabs registry).
🟢 [InteractiveScanner] Activity 1A: additional widget [drag and drop] absorbed (interactive + dragAndDrop).
🟢 [ContentConverter] Page 1.0: [activity] auto-closed before the next activity.
🟢 [ContentConverter] Page 1.0: mode [activity] opener suppressed — the numbered activity after it is owned by its widget bundle (round 379, no empty box; its title heading carried into the owned box, round 380).
🟢 [ContentConverter] Page 1.0: bare [activity] re-emphasis merged into the open numbered activity (no new box).
🟢 [ContentConverter] Page 1.0: [activity] auto-closed before the next h3.
🟢 [ContentConverter] Page 1.0: [activity] auto-closed before the next h2.
🟢 [ContentConverter] Page 1.0: [activity] auto-closed before the next activity.
🟢 [ContentConverter] Page 1.0: mode [activity] opener merged forward into numbered activity 1C (title heading kept inside; no empty box).
🟢 [ContentConverter] Page 1.0: [activity] auto-closed before the next alert.
🟢 [ContentConverter] Page 1.0: activity numbers normalised (page_number_normalise): 1A → 1D, 1B → 1F, 1C → 1H.
🟢 [ContentConverter] Page 2.0: [activity] auto-closed before the next activity.
🟢 [ContentConverter] Page 2.0: mode [activity] opener merged forward into numbered activity 2A (title heading kept inside; no empty box).
🟢 [ContentConverter] Page 2.0: [activity] auto-closed before the next activity.
🟢 [ContentConverter] Page 2.0: the standalone interactive widget renders inside the open [activity] box — no synthetic box of its own (inside_open_activity).
🟢 [ContentConverter] Page 2.0: [activity] auto-closed before the next alert.
🟢 [ContentConverter] Page 2.0: activity number normalised (page_number_normalise): 2A → 2E.
🟢 [InteractiveScanner] Activity 3A: additional widget [interactive] absorbed (interactive + interactive).
🟢 [ContentConverter] Page 3.0: [activity] auto-closed before the next activity.
🟢 [ContentConverter] Page 3.0: [activity] auto-closed before the next activity.
🟢 [ContentConverter] Page 3.0: [activity] auto-closed before the next activity.
🟢 [ContentConverter] Page 3.0: mode [activity] opener suppressed — the numbered activity after it is owned by its widget bundle (round 379, no empty box; its title heading carried into the owned box, round 380).
🟢 [ContentConverter] Page 3.0: mode [activity] opener suppressed — the numbered activity after it is owned by its widget bundle (round 379, no empty box; its title heading carried into the owned box, round 380).
🟢 [ContentConverter] Page 3.0: activity numbers normalised (page_number_normalise): 3A → 3E, 3B → 3F.
🟢 [InteractiveScanner] interactive: additional widget [interactive] absorbed (interactive + interactive).
🟢 [InteractiveScanner] interactive: additional widget [interactive] absorbed (interactive + interactive).
🟢 [InteractiveScanner] interactive: additional widget [interactive] absorbed (interactive + interactive).
🟢 [InteractiveScanner] interactive: additional widget [interactive] absorbed (interactive + interactive).
🟢 [InteractiveScanner] interactive: additional widget [interactive] absorbed (interactive + interactive).
🟢 [InteractiveScanner] interactive: additional widget [interactive] absorbed (interactive + interactive).
🟢 [InteractiveScanner] interactive: additional widget [interactive] absorbed (interactive + interactive).
🟢 [InteractiveScanner] interactive: additional widget [interactive] absorbed (interactive + interactive).
🟢 [InteractiveScanner] interactive: additional widget [interactive] absorbed (interactive + interactive).
🟢 [InteractiveScanner] interactive: additional widget [interactive] absorbed (interactive + interactive).
🟢 [InteractiveScanner] interactive: additional widget [interactive] absorbed (interactive + interactive).
🟢 [InteractiveScanner] interactive: additional widget [interactive] absorbed (interactive + interactive).
🟢 [InteractiveScanner] interactive: additional widget [interactive] absorbed (interactive + interactive).
🟢 [ContentConverter] Page 4.0: [activity] auto-closed before the next activity.
🟢 [ContentConverter] Page 4.0: [activity] auto-closed before the next h2.
🟢 [ContentConverter] Page 4.0: [activity] auto-closed before the next activity.
🟢 [ContentConverter] Page 4.0: mode [activity] opener suppressed — the numbered activity after it is owned by its widget bundle (round 379, no empty box; its title heading carried into the owned box, round 380).
🟢 [ContentConverter] Page 4.0: activity number normalised (page_number_normalise): 4A → 4F.
🟢 [InteractiveScanner] Activity 5A: additional widget [interactive] absorbed (interactive + interactive).
🟢 [InteractiveScanner] Activity 5B: additional widget [interactive] absorbed (interactive + interactive).
🟢 [ContentConverter] Page 5.0: mode [activity] opener suppressed — the numbered activity after it is owned by its widget bundle (round 379, no empty box; its title heading carried into the owned box, round 380).
🟢 [ContentConverter] Page 5.0: mode [activity] opener suppressed — the numbered activity after it is owned by its widget bundle (round 379, no empty box; its title heading carried into the owned box, round 380).
🟢 [ContentConverter] Page 5.0: [activity] auto-closed before the next alert.
🟢 [ContentConverter] Page 5.0: activity number normalised (page_number_normalise): 5B → 5C.
🟢 [InteractiveScanner] interactive: additional widget [interactive] absorbed (interactive + interactive).
🟢 [InteractiveScanner] interactive: additional widget [interactive] absorbed (interactive + interactive).
🟢 [InteractiveScanner] Activity 6C: additional widget [interactive] absorbed (interactive + interactive).
🟢 [InteractiveScanner] Activity 6C: additional widget [interactive] absorbed (interactive + interactive).
🟢 [InteractiveScanner] Activity 6C: additional widget [interactive] absorbed (interactive + interactive).
🟢 [ContentConverter] Page 6.0: [activity] auto-closed before the next activity.
🟢 [ContentConverter] Page 6.0: the standalone interactive widget renders inside the open [activity] box — no synthetic box of its own (inside_open_activity).
🟢 [ContentConverter] Page 6.0: [activity] auto-closed before the next activity.
🟢 [ContentConverter] Page 6.0: mode [activity] opener suppressed — the numbered activity after it is owned by its widget bundle (round 379, no empty box; its title heading carried into the owned box, round 380).
🟢 [ContentConverter] Page 6.0: mode [activity] opener suppressed — the numbered activity after it is owned by its widget bundle (round 379, no empty box; its title heading carried into the owned box, round 380).
🟢 [ContentConverter] Page 6.0: mode [activity] opener suppressed — the numbered activity after it is owned by its widget bundle (round 379, no empty box; its title heading carried into the owned box, round 380).
🟢 [ContentConverter] Page 6.0: activity numbers normalised (page_number_normalise): 6A → 6D, 6B → 6E, 6C → 6F, 6D → 6G.
🟢 [ContentConverter] Page 7.0: [activity] auto-closed before the next activity.
🟢 [ContentConverter] Page 7.0: mode [activity] opener merged forward into numbered activity 7A (title heading kept inside; no empty box).
🟢 [ContentConverter] Page 7.0: [activity] auto-closed before the next activity.
🟢 [ContentConverter] Page 7.0: [activity] auto-closed before the next activity.
🟢 [ContentConverter] Page 7.0: [activity] auto-closed before the next activity.
🟢 [ContentConverter] Page 7.0: [activity] auto-closed before the next activity.
🟢 [ContentConverter] Page 7.0: mode [activity] opener merged forward into numbered activity 7B (title heading kept inside; no empty box).
🟢 [ContentConverter] Page 7.0: [activity] auto-closed before the next activity.
🟢 [ContentConverter] Page 7.0: activity numbers normalised (page_number_normalise): 7A → 7C, 7B → 7H.
🟢 [ContentConverter] Page 8.0: [activity] auto-closed before the next h3.
🟢 [ContentConverter] Page 8.0: mode [activity] opener suppressed — the numbered activity after it is owned by its widget bundle (round 379, no empty box; its title heading carried into the owned box, round 380).
🟢 [ContentConverter] Page 8.0: activity number normalised (page_number_normalise): 8A → 8E.
🟢 [ContentConverter] Page 9.0: [activity] auto-closed before the next activity.
🟢 [ContentConverter] Page 9.0: mode [activity] opener merged forward into numbered activity 9A (title heading kept inside; no empty box).
🟠 [ContentConverter] Page 9.0: [activity] was never closed — closed at page end.
🟢 [ContentConverter] Page 9.0: activity number normalised (page_number_normalise): 9A → 9C.
🟢 [ContentConverter] Page 10.0: mode [activity] opener merged forward into numbered activity 10A (title heading kept inside; no empty box).
🟢 [ContentConverter] Page 10.0: [activity] auto-closed before the next alert.
🟢 [ContentConverter] Page 10.0: activity number normalised (page_number_normalise): 10A → 10B.
🟠 [AcksBuilder] YouTube metadata unavailable for item 1 (stubbed) — possible dead link worth checking: https://www.youtube.com/watch?v=kUTfRk9b1-w
🟠 [AcksBuilder] YouTube metadata unavailable for item 3. (stubbed) — possible dead link worth checking: https://www.youtube.com/watch?v=ZCtYe_3wBdk
🟠 [AcksBuilder] YouTube metadata unavailable for item 4. (stubbed) — possible dead link worth checking: https://www.youtube.com/watch?v=nDgIVseTkuE
🟠 [AcksBuilder] YouTube metadata unavailable for item 6. (stubbed) — possible dead link worth checking: https://www.youtube.com/watch?v=7MhSrUIg6Go
🟠 [AcksBuilder] YouTube metadata unavailable for item 7. (stubbed) — possible dead link worth checking: https://youtu.be/ABvT_2XsIMs
🟠 [AcksBuilder] Unknown media item type "Visual symbol" (item 25.) — used "Visual symbol" as the prefix; add it to Acks_Formats type_prefix_map.
🟠 [AcksBuilder] Unknown media item type "Graphic" (item 26.) — used "Graphic" as the prefix; add it to Acks_Formats type_prefix_map.
🟠 [AcksBuilder] Unknown media item type "Graphic" (item 27.) — used "Graphic" as the prefix; add it to Acks_Formats type_prefix_map.
🟠 [AcksBuilder] Unknown media item type "Graphic" (item 28.) — used "Graphic" as the prefix; add it to Acks_Formats type_prefix_map.
🟠 [AcksBuilder] Unknown media item type "Visual symbols" (item 30.) — used "Visual symbols" as the prefix; add it to Acks_Formats type_prefix_map.
🟠 [AcksBuilder] YouTube metadata unavailable for item 31. (stubbed) — possible dead link worth checking: https://www.youtube.com/watch?v=zAEGM9IGTKM&t=208s
🟠 [AcksBuilder] YouTube metadata unavailable for item 32. (stubbed) — possible dead link worth checking: https://www.youtube.com/watch?v=p3NwTbFUW-I
🟠 [AcksBuilder] Unknown media item type "Video screen shot" (item 33.) — used "Video screen shot" as the prefix; add it to Acks_Formats type_prefix_map.
🟠 [AcksBuilder] YouTube metadata unavailable for item 33. (stubbed) — possible dead link worth checking: https://www.youtube.com/watch?v=p3NwTbFUW-I
🟠 [AcksBuilder] Unknown media item type "Video screen shot" (item 33.) — used "Video screen shot" as the prefix; add it to Acks_Formats type_prefix_map.
🟠 [AcksBuilder] Unknown media item type "Visual symbols" (item 34.) — used "Visual symbols" as the prefix; add it to Acks_Formats type_prefix_map.
🟠 [AcksBuilder] Unknown media item type "Visual symbol" (item 35.) — used "Visual symbol" as the prefix; add it to Acks_Formats type_prefix_map.
🟠 [AcksBuilder] Unknown media item type "Visual symbol" (item 36.) — used "Visual symbol" as the prefix; add it to Acks_Formats type_prefix_map.
🟠 [AcksBuilder] Unknown media item type "Word cloud" (item 43) — used "Word cloud" as the prefix; add it to Acks_Formats type_prefix_map.
🟠 [AcksBuilder] Unknown media item type "Screenshot photos" (item 45.) — used "Screenshot photos" as the prefix; add it to Acks_Formats type_prefix_map.
🟠 [AcksBuilder] YouTube metadata unavailable for item 47. (stubbed) — possible dead link worth checking: https://www.youtube.com/watch?v=GM2zIn8Tbd8
🟠 [AcksBuilder] YouTube metadata unavailable for item 48. (stubbed) — possible dead link worth checking: https://www.youtube.com/watch?v=P4rf4vVZGxA
🟠 [AcksBuilder] Unknown media item type "Venn Diagram" (item 50.) — used "Venn diagram" as the prefix; add it to Acks_Formats type_prefix_map.
🟠 [AcksBuilder] Unknown media item type "Pamphlet image" (item 51.) — used "Pamphlet image" as the prefix; add it to Acks_Formats type_prefix_map.
🟠 [AcksBuilder] YouTube metadata unavailable for item 52. (stubbed) — possible dead link worth checking: https://www.youtube.com/watch?v=zAEGM9IGTKM
🟠 [AcksBuilder] Unknown media item type "Image of letter" (item 55.) — used "Image of letter" as the prefix; add it to Acks_Formats type_prefix_map.
🟠 [AcksBuilder] Unknown media item type "Image of Sid Holland" (item 56.) — used "Image of sid holland" as the prefix; add it to Acks_Formats type_prefix_map.
🟠 [AcksBuilder] Unknown media item type "Image of Walsh" (item 57.) — used "Image of walsh" as the prefix; add it to Acks_Formats type_prefix_map.
🟠 [AcksBuilder] Unknown media item type "Photo of Jock Barnes" (item 59.) — used "Photo of jock barnes" as the prefix; add it to Acks_Formats type_prefix_map.
🟠 [AcksBuilder] Unknown media item type "Photo of Toby Hill" (item 60.) — used "Photo of toby hill" as the prefix; add it to Acks_Formats type_prefix_map.
🟠 [AcksBuilder] Unknown media item type "Audio of Toby Hill" (item 61.) — used "Audio of toby hill" as the prefix; add it to Acks_Formats type_prefix_map.
🟠 [AcksBuilder] Unknown media item type "Website links" (item 64.) — used "Website links" as the prefix; add it to Acks_Formats type_prefix_map.
🟠 [AcksBuilder] Unknown media item type "Website links" (item 64.) — used "Website links" as the prefix; add it to Acks_Formats type_prefix_map.
🟢 [AcksBuilder] Media item 65. ("Website link") is a lesson link — no acknowledgement (scope rule).
🟢 [AcksBuilder] Media item 66. ("Website link") is a lesson link — no acknowledgement (scope rule).
🟠 [AcksBuilder] Unknown media item type "Word Cloud" (item ) — used "Word cloud" as the prefix; add it to Acks_Formats type_prefix_map.
🟢 [AcksBuilder] Media item 20. placed in lesson 2.0 by neighbour interpolation — verify its group.
🟢 [AcksBuilder] Media item 24. placed in lesson 2.0 by neighbour interpolation — verify its group.
🟢 [SkeletonBuilder] footer_links "final" value "—" is not a footer pattern (the registry's no-evidence marker) — the KB's final-page form "prev+home" applied (footer.kb_position_defaults).
🟢 [ConventionResolver] HTML conventions from group 1-10 Health and PE|combo: overview menu two_col_li, lesson menu two_col_li.
🟢 [PageSplitter] Document opens without a literal [TITLE BAR] — overview page opened at the first content tag (Fundamentals-style template).
🟢 [InteractiveScanner] accordion: additional widget [accordion] absorbed (accordion + accordion).
🟢 [InteractiveScanner] accordion: additional widget [accordion] absorbed (accordion + accordion).
🟢 [InteractiveScanner] accordion: additional widget [accordion] absorbed (accordion + accordion).
🟢 [InteractiveScanner] accordion: additional widget [accordion] absorbed (accordion + accordion).
🟢 [InteractiveScanner] accordion: additional widget [accordion] absorbed (accordion + accordion).
🟢 [InteractiveScanner] accordion: additional widget [accordion] absorbed (accordion + accordion).
🟢 [InteractiveScanner] accordion: additional widget [accordion] absorbed (accordion + accordion).
🟢 [InteractiveScanner] accordion: additional widget [accordion] absorbed (accordion + accordion).
🟢 [ContentConverter] Page 0.0: [end tab n] had no open container — ignored.
🟢 [InteractiveBuilder] Built accordion #2 from captured data (no placeholder needed).
🟢 [ContentConverter] Page 0.0: [end other] had no open container — ignored.
🟢 [ContentConverter] Page 0.0: [end tab n] had no open container — ignored.
🟢 [InteractiveBuilder] Built accordion #3 from captured data (no placeholder needed).
🟢 [ContentConverter] Page 0.0: [end other] had no open container — ignored.
🟢 [InteractiveBuilder] Built accordion #5 from captured data (no placeholder needed).
🟢 [ContentConverter] Page 0.0: [end tab n] had no open container — ignored.
🟢 [ContentConverter] Page 0.0: [end activity] had no open container — ignored.
🟢 [ContentConverter] Page 0.0: [end tab n] had no open container — ignored.
🟢 [ContentConverter] Page 0.0: [end activity] had no open container — ignored.
🟢 [ContentConverter] Page 0.0: [end mcq] had no open container — ignored.
🟢 [ContentConverter] Page 0.0: [end tab n] had no open container — ignored.
🟢 [MenuBuilder] Fundamentals [Overview] WALT/I-can block routed to the module menu as the two-col LI/SC form (menu.fundamentals_overview_li).
🟢 [PanelsBuilder] 5 panel title heading(s) set to h2 (first_heading_level).
🟠 [AcksBuilder] YouTube metadata unavailable for item  (stubbed) — possible dead link worth checking: https://youtu.be/-LVipTpSNGE
🟢 [AcksBuilder] Media item 3. placed in lesson 0.0 by neighbour interpolation — verify its group.
🟢 [AcksBuilder] Media item 5. placed in lesson 0.0 by neighbour interpolation — verify its group.
🟢 [AcksBuilder] Media item  placed in lesson 0.0 by neighbour interpolation — verify its group.
🟠 [AcksBuilder] 14 iStock titles could not be verified (no *istock-acks*.txt was supplied); each is marked ❗ and the acks block carries a designer note.
🟠 [ModuleResolver] Multiple module-code candidates found (MXDB302, MXO421) — using MXDB302 from filename "MXDB302 Writers Template + Media List.docx".
🟢 [DocxExtractor] Media-list boilerplate dropped: 3 blocks before the media table — the template's own instructions, not content.
🟢 [ConventionResolver] HTML conventions from group 1-10 Mathematics|7-8: overview menu tabs, lesson menu flat.
🟢 [PageSplitter] [end page] before [MODULE INTRODUCTION] disregarded — the introduction stays on the overview page (AR-1).
🟢 [PageSplitter] Implicit page break: content continues after [end page] without a [LESSON] tag — opened page 2.0.
🟢 [PageSplitter] Implicit page break: content continues after [end page] without a [LESSON] tag — opened page 3.0.
🟢 [PageSplitter] Implicit page break: content continues after [end page] without a [LESSON] tag — opened page 4.0.
🟢 [PageSplitter] Implicit page break: content continues after [end page] without a [LESSON] tag — opened page 5.0.
🟢 [PageSplitter] Implicit page break: content continues after [end page] without a [LESSON] tag — opened page 6.0.
🟢 [PageSplitter] Implicit page break: content continues after [end page] without a [LESSON] tag — opened page 7.0.
🟢 [PageSplitter] Implicit page break: content continues after [end page] without a [LESSON] tag — opened page 8.0.
🟢 [PageSplitter] Implicit page break: content continues after [end page] without a [LESSON] tag — opened page 9.0.
🟢 [InteractiveBuilder] Built speechBubble #1 from captured data (no placeholder needed).
🟢 [InteractiveBuilder] Built speechBubble #2 from captured data (no placeholder needed).
🟢 [InteractiveBuilder] Built speechBubble #3 from captured data (no placeholder needed).
🟢 [InteractiveBuilder] Built speechBubble #4 from captured data (no placeholder needed).
🟢 [MenuBuilder] Menu heading "Tirohanga Whānui | Overview" is the section label — consumed (the menu scaffolding names it).
🟢 [InteractiveScanner] Activity 1A: additional widget [click drop] absorbed (memoryGame + clickDrop).
🟢 [InteractiveScanner] Activity 1A: additional widget [click drop] absorbed (memoryGame + clickDrop).
🟢 [InteractiveScanner] Activity 1A: additional widget [click drop] absorbed (memoryGame + clickDrop).
🟢 [InteractiveScanner] Activity 1A: additional widget [click drop] absorbed (memoryGame + clickDrop).
🟢 [InteractiveScanner] clickDrop: additional widget [click drop] absorbed (clickDrop + clickDrop).
🟢 [InteractiveScanner] clickDrop: additional widget [click drop] absorbed (clickDrop + clickDrop).
🟢 [ContentConverter] Page 1.0: 1 inline definition woven onto the anchor word (orphan definition weave).
🟢 [InteractiveBuilder] Built flipCard #5 from captured data (no placeholder needed).
🟢 [ContentConverter] Page 1.0: [end other] had no open container — ignored.
🟢 [InteractiveBuilder] Built modal #7 from captured data (no placeholder needed).
🟢 [InteractiveBuilder] Built clickDrop #8 from captured data (no placeholder needed).
🟢 [ContentConverter] Page 1.0: [end other] had no open container — ignored.
🟢 [ContentConverter] Page 1.0: the lead paragraph after [ [Activity 1B – self-marking drag and drop] ] renders free inside the box (lead_free_after_tag).
🟢 [ContentConverter] Page 1.0: [ [Activity 1C – self-marking typing the answer]  ] — the tag's tail "Check your understanding" is the activity title (typed_tag_title).
🟢 [ContentConverter] Page 1.0: the lead paragraph after [ [Activity 1C – self-marking typing the answer]  ] renders free inside the box (lead_free_after_tag).
🟠 [ContentConverter] Page 1.0: [activity] was never closed — closed at page end.
🟢 [InteractiveScanner] accordion: additional widget [accordion] absorbed (accordion + accordion).
🟢 [InteractiveScanner] accordion: additional widget [accordion] absorbed (accordion + accordion).
🟢 [ContentConverter] Page 2.0: 3 inline definitions woven onto the anchor word (orphan definition weave).
🟢 [ContentConverter] Page 2.0: [ [Activity 2A – auto self-marking drag and drop]  ] — the tag's tail "Which Unit?" is the activity title (typed_tag_title).
🟢 [InteractiveBuilder] Built accordion #12 from captured data (no placeholder needed).
🟢 [ContentConverter] Page 2.0: [end other] had no open container — ignored.
🟢 [InteractiveBuilder] Built modal #13 from captured data (no placeholder needed).
🟢 [ContentConverter] Page 2.0: [ [Activity 2B – auto self-marking typing the answer]  ] — the tag's tail "Check your understanding" is the activity title (typed_tag_title).
🟢 [ContentConverter] Page 2.0: the lead paragraph after [ [Activity 2B – auto self-marking typing the answer]  ] renders free inside the box (lead_free_after_tag).
🟢 [InteractiveBuilder] Built accordion #15 from captured data (no placeholder needed).
🟢 [ContentConverter] Page 2.0: [ [Activity 2C – auto self-marking typing the answer]  ] — the tag's tail "Check your understanding" is the activity title (typed_tag_title).
🟢 [ContentConverter] Page 2.0: the lead paragraph after [ [Activity 2C – auto self-marking typing the answer]  ] renders free inside the box (lead_free_after_tag).
🟢 [ContentConverter] Page 2.0: [end other] had no open container — ignored.
🟢 [ContentConverter] [alert] spans to an explicit end tag (writer-authored box).
🟢 [InteractiveBuilder] Built accordion #18 from captured data (no placeholder needed).
🟢 [ContentConverter] Page 2.0: the lead paragraph after [ [Activity 2E – self-marking drag and drop] ] renders free inside the box (lead_free_after_tag).
🟢 [InteractiveBuilder] Built accordion #20 from captured data (no placeholder needed).
🟢 [ContentConverter] Page 2.0: [end other] had no open container — ignored.
🟢 [ContentConverter] Page 2.0: [ [Activity 2F – self marking typing the answer]  ] — the tag's tail "Check your understanding" is the activity title (typed_tag_title).
🟢 [ContentConverter] Page 2.0: the lead paragraph after [ [Activity 2F – self marking typing the answer]  ] renders free inside the box (lead_free_after_tag).
🟢 [ContentConverter] Page 2.0: [end other] had no open container — ignored.
🟢 [ContentConverter] [alert] spans to an explicit end tag (writer-authored box).
🟠 [ContentConverter] Page 2.0: [activity] was never closed — closed at page end.
🟢 [ContentConverter] Page 3.0: [ [Activity 3A – auto self-marking drag and drop]  ] — the tag's tail "Sort Those Shapes" is the activity title (typed_tag_title).
🟢 [ContentConverter] Page 3.0: the lead paragraph after [ [Activity 3A – auto self-marking drag and drop]  ] renders free inside the box (lead_free_after_tag).
🟢 [InteractiveBuilder] Built carousel #24 from captured data (no placeholder needed).
🟢 [ContentConverter] Page 3.0: [end other] had no open container — ignored.
🟠 [ContentConverter] Page 3.0: [activity] was never closed — closed at page end.
🟢 [ContentConverter] Page 4.0: 2 inline definitions woven onto the anchor word (orphan definition weave).
🟢 [InteractiveBuilder] Built carousel #25 from captured data (no placeholder needed).
🟢 [InteractiveBuilder] Built accordion #27 from captured data (no placeholder needed).
🟢 [ContentConverter] Page 4.0: [end other] had no open container — ignored.
🟢 [ContentConverter] Page 4.0: the lead paragraph after [ [Activity 4A – self marking drop down] ] renders free inside the box (lead_free_after_tag).
🟢 [InteractiveBuilder] Built dropDown #28 from captured data (no placeholder needed).
🟢 [InteractiveBuilder] Built clickDrop #29 from captured data (no placeholder needed).
🟢 [InteractiveBuilder] Built accordion #31 from captured data (no placeholder needed).
🟢 [ContentConverter] Page 4.0: [end other] had no open container — ignored.
🟢 [ContentConverter] Page 4.0: the lead paragraph after [ [Activity 4B – self-marking typing the answer] ] renders free inside the box (lead_free_after_tag).
🟢 [ContentConverter] Page 4.0: [activity] auto-closed before the next alert.
🟢 [ContentConverter] Page 4.0: [activity] auto-closed before the next alert.
🟢 [ContentConverter] Page 5.0: the lead paragraph after [ [Activity 5A – self marking type the answer] ] renders free inside the box (lead_free_after_tag).
🟢 [InteractiveBuilder] Built typing #34 from captured data (no placeholder needed).
🟢 [ContentConverter] [alert] spans to an explicit end tag (writer-authored box).
🟢 [ContentConverter] Page 5.0: [end other] had no open container — ignored.
🟢 [ContentConverter] Page 5.0: the lead paragraph after [ [Activity 5B – self marking type the answer] ] renders free inside the box (lead_free_after_tag).
🟢 [ContentConverter] [alert] spans to an explicit end tag (writer-authored box).
🟢 [ContentConverter] Page 5.0: [end other] had no open container — ignored.
🟢 [ContentConverter] Page 5.0: the lead paragraph after [ [Activity 5C – self marking type the answer] ] renders free inside the box (lead_free_after_tag).
🟢 [ContentConverter] Page 5.0: the lead paragraph after [ [Activity 5D – self marking drag and drop] ] renders free inside the box (lead_free_after_tag).
🟢 [ContentConverter] [alert] spans to an explicit end tag (writer-authored box).
🟠 [ContentConverter] Page 5.0: [activity] was never closed — closed at page end.
🟢 [InteractiveBuilder] Built carousel #40 from captured data (no placeholder needed).
🟢 [ContentConverter] Page 6.0: [end other] had no open container — ignored.
🟢 [ContentConverter] Page 6.0: the lead paragraph after [ [Activity 6A – self marking drag and drop] ] renders free inside the box (lead_free_after_tag).
🟢 [ContentConverter] Page 6.0: the lead paragraph after [ [Activity 6D – self marking typing the answer] ] renders free inside the box (lead_free_after_tag).
🟢 [InteractiveBuilder] Built carousel #44 from captured data (no placeholder needed).
🟢 [ContentConverter] Page 6.0: [end other] had no open container — ignored.
🟢 [ContentConverter] Page 6.0: [end other] had no open container — ignored.
🟢 [InteractiveBuilder] Built accordion #45 from captured data (no placeholder needed).
🟢 [ContentConverter] Page 6.0: [end other] had no open container — ignored.
🟢 [InteractiveScanner] accordion: additional widget [accordion] absorbed (accordion + accordion).
🟢 [ContentConverter] [alert] spans to an explicit end tag (writer-authored box).
🟢 [InteractiveBuilder] Built accordion #48 from captured data (no placeholder needed).
🟢 [ContentConverter] Page 7.0: [end other] had no open container — ignored.
🟢 [ContentConverter] Page 7.0: the lead paragraph after [ [Activity 7B – self marking type the answer] ] renders free inside the box (lead_free_after_tag).
🟢 [InteractiveBuilder] Built accordion #50 from captured data (no placeholder needed).
🟢 [InteractiveBuilder] Built modal #51 from captured data (no placeholder needed).
🟢 [ContentConverter] Page 7.0: the lead paragraph after [ [Activity 7D – self marking type the answer] ] renders free inside the box (lead_free_after_tag).
🟢 [InteractiveBuilder] Built accordion #53 from captured data (no placeholder needed).
🟢 [ContentConverter] Page 7.0: [end other] had no open container — ignored.
🟢 [ContentConverter] Page 7.0: [ [Activity 7F – self-checking typing short answers]  ] — the tag's tail "Don’t Get Caught Out" is the activity title (typed_tag_title).
🟢 [ContentConverter] Page 7.0: the lead paragraph after [ [Activity 7F – self-checking typing short answers]  ] renders free inside the box (lead_free_after_tag).
🟠 [ContentConverter] Page 7.0: [activity] was never closed — closed at page end.
🟢 [InteractiveScanner] Activity 8B: additional widget [accordion] absorbed (multiChoiceQuiz + accordion).
🟢 [InteractiveScanner] Activity 8B: additional widget [accordion] absorbed (multiChoiceQuiz + accordion).
🟢 [InteractiveScanner] dropDown: additional widget [dropdown] absorbed (dropDown + dropDown).
🟢 [InteractiveScanner] Activity 8E: additional widget [accordion] absorbed (multiChoiceQuiz + accordion).
🟢 [InteractiveScanner] Activity 8E: additional widget [accordion] absorbed (multiChoiceQuiz + accordion).
🟢 [ContentConverter] Page 8.0: [end other] had no open container — ignored.
🟢 [InteractiveBuilder] Built flipCard #56 from captured data (no placeholder needed).
🟢 [InteractiveBuilder] Built carousel #57 from captured data (no placeholder needed).
🟢 [ContentConverter] Page 8.0: [end other] had no open container — ignored.
🟢 [InteractiveBuilder] Built dropDown #58 from captured data (no placeholder needed).
🟢 [InteractiveBuilder] Built carousel #59 from captured data (no placeholder needed).
🟢 [ContentConverter] Page 8.0: [end other] had no open container — ignored.
🟢 [ContentConverter] Page 8.0: [end other] had no open container — ignored.
🟢 [ContentConverter] Page 8.0: [activity] auto-closed before the next activity.
🟢 [ContentConverter] Page 8.0: [end other] had no open container — ignored.
🟢 [ContentConverter] Page 8.0: the lead paragraph after [ [Activity 8F – self-marking drag and drop] ] renders free inside the box (lead_free_after_tag).
🟠 [ContentConverter] Page 8.0: [activity] was never closed — closed at page end.
🟢 [InteractiveScanner] accordion: additional widget [accordion] absorbed (accordion + accordion).
🟢 [InteractiveScanner] accordion: additional widget [accordion] absorbed (accordion + accordion).
🟢 [ContentConverter] Page 9.0: the lead paragraph after [ [Activity 9A – self-marking drop and drag] ] renders free inside the box (lead_free_after_tag).
🟢 [InteractiveBuilder] Built accordion #67 from captured data (no placeholder needed).
🟢 [InteractiveBuilder] Built accordion #68 from captured data (no placeholder needed).
🟢 [ContentConverter] Page 9.0: [end other] had no open container — ignored.
🟢 [ContentConverter] Page 9.0: the lead paragraph after [ [Activity 9B – drag and drop] ] renders free inside the box (lead_free_after_tag).
🟢 [InteractiveBuilder] Built dragAndDrop #69 from captured data (no placeholder needed).
🟢 [ContentConverter] Page 9.0: the lead paragraph after [ [Activity 9C – self-marking typing the answer] ] renders free inside the box (lead_free_after_tag).
🟢 [ContentConverter] Page 9.0: open [activity] closed by the next activity's widget bundle.
🟢 [ContentConverter] Page 9.0: bare [activity] re-emphasis merged into the open numbered activity (no new box).
🟠 [ContentConverter] Page 9.0: [activity] was never closed — closed at page end.
🟠 [AcksBuilder] YouTube metadata unavailable for item  (stubbed) — possible dead link worth checking: https://youtu.be/GfL0s6tCNV4?si=jiVkgAaLJgP5RYON
🟠 [AcksBuilder] YouTube metadata unavailable for item  (stubbed) — possible dead link worth checking: https://youtu.be/aa8R5tSHEng?si=QWrAYYme2vXETJSz
🟠 [AcksBuilder] YouTube metadata unavailable for item  (stubbed) — possible dead link worth checking: https://youtu.be/S1oS5Wpd5Pk?si=pipJj7O9Recf3TMU
🟠 [AcksBuilder] YouTube metadata unavailable for item  (stubbed) — possible dead link worth checking: https://youtu.be/ewRyANAEz5Y?si=wLxyZzfZ4sKsmH5R
🟠 [AcksBuilder] Unknown media item type "Worksheet" (item ) — used "Worksheet" as the prefix; add it to Acks_Formats type_prefix_map.
🟠 [AcksBuilder] Unknown media item type "Google Doc" (item ) — used "Google doc" as the prefix; add it to Acks_Formats type_prefix_map.
🟠 [AcksBuilder] YouTube metadata unavailable for item  (stubbed) — possible dead link worth checking: https://youtu.be/xCdxURXMdFY?si=RPH_Eq3tTAZngAIA
🟠 [AcksBuilder] Unknown media item type "Learning Journal" (item ) — used "Learning journal" as the prefix; add it to Acks_Formats type_prefix_map.
🟠 [AcksBuilder] YouTube metadata unavailable for item  (stubbed) — possible dead link worth checking: https://youtu.be/CgqgY7a630Q?si=EZnylDzzYT6fvUdT
🟠 [AcksBuilder] YouTube metadata unavailable for item  (stubbed) — possible dead link worth checking: https://youtu.be/xCdxURXMdFY?si=W95jd5nRB_0wV-Cx
🟠 [AcksBuilder] YouTube metadata unavailable for item  (stubbed) — possible dead link worth checking: https://youtu.be/Pab7ptpIQAA?si=frrZo7SfWLv8JyGp
🟠 [AcksBuilder] Unknown media item type "Google doc" (item ) — used "Google doc" as the prefix; add it to Acks_Formats type_prefix_map.
🟠 [AcksBuilder] Unknown media item type "Google doc" (item ) — used "Google doc" as the prefix; add it to Acks_Formats type_prefix_map.
🟠 [AcksBuilder] Unknown media item type "Google doc" (item ) — used "Google doc" as the prefix; add it to Acks_Formats type_prefix_map.
🟠 [AcksBuilder] Unknown media item type "Worksheet" (item ) — used "Worksheet" as the prefix; add it to Acks_Formats type_prefix_map.
🟠 [AcksBuilder] YouTube metadata unavailable for item  (stubbed) — possible dead link worth checking: https://youtu.be/wSdMpNdfMb4?si=sGTeazOJ38PhpDm9
🟠 [AcksBuilder] YouTube metadata unavailable for item  (stubbed) — possible dead link worth checking: https://youtu.be/uV5NyCsQq4A?si=5ghhD5OFHrlCaage
🟠 [AcksBuilder] YouTube metadata unavailable for item  (stubbed) — possible dead link worth checking: https://youtu.be/eCQkA_PiAHc?si=Vvj7ZKcYLUhmFDi2
🟠 [AcksBuilder] Unknown media item type "Website" (item ) — used "Website" as the prefix; add it to Acks_Formats type_prefix_map.
🟠 [AcksBuilder] Unknown media item type "Website" (item ) — used "Website" as the prefix; add it to Acks_Formats type_prefix_map.
🟠 [AcksBuilder] Unknown media item type "Website" (item ) — used "Website" as the prefix; add it to Acks_Formats type_prefix_map.
🟠 [AcksBuilder] YouTube metadata unavailable for item  (stubbed) — possible dead link worth checking: https://youtu.be/qJwecTgce6c?si=N7A3E7cEQkp9_4F5
🟠 [AcksBuilder] Unknown media item type "Worksheet" (item ) — used "Worksheet" as the prefix; add it to Acks_Formats type_prefix_map.
🟠 [AcksBuilder] YouTube metadata unavailable for item  (stubbed) — possible dead link worth checking: https://youtu.be/yp-v4zJPdl8?si=HBjmS2SSFFbTmG9V
🟠 [AcksBuilder] Unknown media item type "Worksheet" (item ) — used "Worksheet" as the prefix; add it to Acks_Formats type_prefix_map.
🟠 [AcksBuilder] YouTube metadata unavailable for item  (stubbed) — possible dead link worth checking: https://youtu.be/Mst8iZjIpFE?si=KJUljwOnFnDr9UCT
🟠 [AcksBuilder] YouTube metadata unavailable for item  (stubbed) — possible dead link worth checking: https://youtu.be/fd-E18EqSVk?si=eo-7d6M-2bQjspBO
🟠 [AcksBuilder] YouTube metadata unavailable for item  (stubbed) — possible dead link worth checking: https://youtu.be/VcQjREUG_HQ?si=NkG-w4-in8e6V6l_
🟠 [AcksBuilder] YouTube metadata unavailable for item  (stubbed) — possible dead link worth checking: https://youtu.be/sD6NNfdHtS0?si=CNZQWS9duCL0DUFe
🟠 [AcksBuilder] Unknown media item type "Google doc" (item ) — used "Google doc" as the prefix; add it to Acks_Formats type_prefix_map.
🟠 [AcksBuilder] YouTube metadata unavailable for item  (stubbed) — possible dead link worth checking: https://youtu.be/23hapzAHfD4?si=am7HbmdZ7YoO3QgZ
🟠 [AcksBuilder] YouTube metadata unavailable for item  (stubbed) — possible dead link worth checking: https://youtu.be/tULF3Puzf_I?si=1ms_aSyrcn82jUpL
🟠 [AcksBuilder] Unknown media item type "Google doc" (item ) — used "Google doc" as the prefix; add it to Acks_Formats type_prefix_map.
🟠 [AcksBuilder] Unknown media item type "Google doc" (item ) — used "Google doc" as the prefix; add it to Acks_Formats type_prefix_map.
🟠 [AcksBuilder] YouTube metadata unavailable for item  (stubbed) — possible dead link worth checking: https://youtu.be/b72LXaBS-4E?si=mXrdNN8oVJmMvgAV
🟠 [AcksBuilder] YouTube metadata unavailable for item  (stubbed) — possible dead link worth checking: https://youtu.be/WvRG0oZFjKg?si=cAGnG-NAZfoWfDfH
🟠 [AcksBuilder] YouTube metadata unavailable for item  (stubbed) — possible dead link worth checking: https://youtu.be/DkYktkgNkfA?si=aq2_uspDfVR9BleC
🟠 [AcksBuilder] YouTube metadata unavailable for item  (stubbed) — possible dead link worth checking: https://youtu.be/tI6VKP2vyIU?si=bwcKVhpvLubSxqW8
🟠 [AcksBuilder] YouTube metadata unavailable for item  (stubbed) — possible dead link worth checking: https://youtu.be/JeVSmq1Nrpw?si=xQSqCNgekFLYGGME
🟠 [AcksBuilder] YouTube metadata unavailable for item  (stubbed) — possible dead link worth checking: https://youtu.be/rR95Cbcjzus?si=zwC4ypxB2DrGOZSH
🟠 [AcksBuilder] YouTube metadata unavailable for item  (stubbed) — possible dead link worth checking: https://youtu.be/EHZmDdYqcdU?si=ct4ogQVBHE9qB4g4
🟠 [AcksBuilder] YouTube metadata unavailable for item  (stubbed) — possible dead link worth checking: https://youtu.be/slFRZPelYVs?si=OTFuM2aAD8YMmflA
🟠 [AcksBuilder] Unknown media item type "website" (item ) — used "Website" as the prefix; add it to Acks_Formats type_prefix_map.
🟠 [AcksBuilder] Unknown media item type "Google docs" (item ) — used "Google docs" as the prefix; add it to Acks_Formats type_prefix_map.
🟠 [AcksBuilder] Unknown media item type "Google docs" (item ) — used "Google docs" as the prefix; add it to Acks_Formats type_prefix_map.
🟠 [AcksBuilder] Unknown media item type "Google docs" (item ) — used "Google docs" as the prefix; add it to Acks_Formats type_prefix_map.
🟠 [AcksBuilder] Unknown media item type "Google Doc" (item ) — used "Google doc" as the prefix; add it to Acks_Formats type_prefix_map.
🟠 [AcksBuilder] Unknown media item type "Google Doc" (item ) — used "Google doc" as the prefix; add it to Acks_Formats type_prefix_map.
🟠 [AcksBuilder] Media item  sits between lessons 3.0 and 4.0 — placed in 3.0; verify.
🟠 [AcksBuilder] Media item  sits between lessons 3.0 and 4.0 — placed in 3.0; verify.
🟠 [AcksBuilder] Media item  sits between lessons 3.0 and 4.0 — placed in 3.0; verify.
🟢 [DocxExtractor] Media-list boilerplate dropped: 3 blocks before the media table — the template's own instructions, not content.
🟢 [ConventionResolver] HTML conventions from group 1-10 Mathematics|7-8: overview menu tabs, lesson menu flat.
🟢 [PageSplitter] [end page] before [MODULE INTRODUCTION] disregarded — the introduction stays on the overview page (AR-1).
🟢 [PageSplitter] [Lesson 1] repeats the open lesson's number with no body content between — merged, no empty page emitted (lesson_boundary_guard).
🟢 [MenuBuilder] Menu heading "Tirohanga Whānui | Overview" is the section label — consumed (the menu scaffolding names it).
🟢 [InteractiveScanner] clickDrop: additional widget [click drop] absorbed (clickDrop + clickDrop).
🟢 [ContentConverter] Page 1.0: bare [activity] re-emphasis merged into the open numbered activity (no new box).
🟢 [ContentConverter] Page 1.0: [activity] auto-closed before the next important.
🟢 [ContentConverter] [important] right-hand box → the activity sidebar (alertActivity) side column paired with the preceding activity row (positional_side_alert).
🟢 [InteractiveBuilder] Built multiChoiceQuiz #2 from captured data (no placeholder needed).
🟢 [ContentConverter] Page 1.0: [end activity] had no open container — ignored.
🟢 [ContentConverter] Page 1.0: activity number normalised (page_number_normalise): 1B → 1C.
🟢 [InteractiveScanner] clickDrop: additional widget [click drop] absorbed (clickDrop + clickDrop).
🟢 [InteractiveScanner] clickDrop: additional widget [click drop] absorbed (clickDrop + clickDrop).
🟢 [InteractiveScanner] clickDrop: additional widget [click drop] absorbed (clickDrop + clickDrop).
🟢 [InteractiveScanner] clickDrop: additional widget [click drop] absorbed (clickDrop + clickDrop).
🟢 [InteractiveScanner] clickDrop: additional widget [click drop] absorbed (clickDrop + clickDrop).
🟢 [InteractiveBuilder] Built accordion #3 from captured data (no placeholder needed).
🟢 [InteractiveBuilder] Built accordion #4 from captured data (no placeholder needed).
🟢 [InteractiveBuilder] Built accordion #5 from captured data (no placeholder needed).
🟢 [ContentConverter] Page 2.0: [activity] auto-closed before the next activity.
🟢 [InteractiveBuilder] Built clickDrop #6 from captured data (no placeholder needed).
🟢 [ContentConverter] Page 2.0: [end activity] had no open container — ignored.
🟢 [InteractiveBuilder] Built accordion #7 from captured data (no placeholder needed).
🟢 [InteractiveBuilder] Built accordion #8 from captured data (no placeholder needed).
🟢 [ContentConverter] Page 4.0: bare [activity] re-emphasis merged into the open numbered activity (no new box).
🟢 [ContentConverter] Page 4.0: activity box kept open for the prose after its data table (round 378).
🟢 [ContentConverter] Page 5.0: [end activity] had no open container — ignored.
🟢 [InteractiveBuilder] Built selfCheck #11 from captured data (no placeholder needed).
🟢 [ContentConverter] Page 5.0: [end activity] had no open container — ignored.
🟢 [ContentConverter] Page 5.0: [end activity] had no open container — ignored.
🟢 [InteractiveBuilder] Built selfCheck #13 from captured data (no placeholder needed).
🟢 [ContentConverter] Page 5.0: [end activity] had no open container — ignored.
🟢 [InteractiveScanner] carousel: additional widget [carousel] absorbed (carousel + carousel).
🟢 [InteractiveBuilder] Built carousel #14 from captured data (no placeholder needed).
🟢 [ContentConverter] [important] right-hand box → the activity sidebar (alertActivity) side column paired with the preceding activity row (positional_side_alert).
🟢 [ContentConverter] Page 6.0: [end activity] had no open container — ignored.
🟢 [ContentConverter] Page 6.0: [activity] auto-closed before the next h3.
🟢 [ContentConverter] Page 6.0: [end activity] had no open container — ignored.
🟢 [ContentConverter] Page 7.0: bare [activity] re-emphasis merged into the open numbered activity (no new box).
🟢 [ContentConverter] Page 7.0: bare [activity] re-emphasis merged into the open numbered activity (no new box).
🟢 [ActivitiesBuilder] 2 activity title heading(s) set to h3 (title_heading_level).
🟠 [AcksBuilder] YouTube metadata unavailable for item  (stubbed) — possible dead link worth checking: https://www.youtube.com/watch?v=DzNiaOxEWnA
🟠 [AcksBuilder] YouTube metadata unavailable for item  (stubbed) — possible dead link worth checking: https://www.youtube.com/watch?v=s_GBJhu65as
🟠 [AcksBuilder] Unknown media item type "Link to PDF" (item ) — used "Link to pdf" as the prefix; add it to Acks_Formats type_prefix_map.
🟠 [AcksBuilder] YouTube metadata unavailable for item  (stubbed) — possible dead link worth checking: https://www.youtube.com/watch?v=MpLHMKTolVw
🟠 [AcksBuilder] YouTube metadata unavailable for item  (stubbed) — possible dead link worth checking: https://www.youtube.com/watch?v=OjzfQDFf7Uk
🟠 [AcksBuilder] Unknown media item type "Link to Figure it out PDF" (item ) — used "Link to figure it out pdf" as the prefix; add it to Acks_Formats type_prefix_map.
🟠 [AcksBuilder] YouTube metadata unavailable for item  (stubbed) — possible dead link worth checking: https://www.youtube.com/watch?v=FkX-t0Pgzzs
🟠 [AcksBuilder] YouTube metadata unavailable for item  (stubbed) — possible dead link worth checking: https://www.youtube.com/watch?v=dPmQS4eSsBw
🟠 [AcksBuilder] YouTube metadata unavailable for item  (stubbed) — possible dead link worth checking: https://www.youtube.com/watch?v=vp1wqtfGJuk
🟠 [AcksBuilder] YouTube metadata unavailable for item  (stubbed) — possible dead link worth checking: https://www.youtube.com/watch?v=Y7M_KNwIZvw
🟠 [AcksBuilder] YouTube metadata unavailable for item  (stubbed) — possible dead link worth checking: https://www.youtube.com/watch?v=xObCUytIVMo
🟠 [AcksBuilder] Unknown media item type "LInk to PDF for Figure it out" (item ) — used "Link to pdf for figure it out" as the prefix; add it to Acks_Formats type_prefix_map.
🟠 [AcksBuilder] Unknown media item type "Link to PDF" (item ) — used "Link to pdf" as the prefix; add it to Acks_Formats type_prefix_map.
🟠 [AcksBuilder] YouTube metadata unavailable for item  (stubbed) — possible dead link worth checking: https://www.youtube.com/watch?v=Vyg9qmBsgAc
🟠 [AcksBuilder] YouTube metadata unavailable for item  (stubbed) — possible dead link worth checking: https://www.youtube.com/watch?v=Opd1GDJjx4s
🟠 [AcksBuilder] YouTube metadata unavailable for item  (stubbed) — possible dead link worth checking: https://www.youtube.com/watch?v=0WNJkBXywMU
🟠 [AcksBuilder] YouTube metadata unavailable for item  (stubbed) — possible dead link worth checking: https://www.youtube.com/watch?v=bz3K3pbTxT4
🟠 [AcksBuilder] Unknown media item type "Link to PDF resouce" (item ) — used "Link to pdf resouce" as the prefix; add it to Acks_Formats type_prefix_map.
🟠 [AcksBuilder] Unknown media item type "Link to PDF on webiste" (item ) — used "Link to pdf on webiste" as the prefix; add it to Acks_Formats type_prefix_map.
🟠 [AcksBuilder] Unknown media item type "Link to PDFs on website" (item ) — used "Link to pdfs on website" as the prefix; add it to Acks_Formats type_prefix_map.
🟠 [AcksBuilder] Unknown media item type "Link to PDFs on website" (item ) — used "Link to pdfs on website" as the prefix; add it to Acks_Formats type_prefix_map.
🟠 [AcksBuilder] 17 iStock titles could not be verified (no *istock-acks*.txt was supplied); each is marked ❗ and the acks block carries a designer note.
🟢 [DocxExtractor] Media-list boilerplate dropped: 3 blocks before the media table — the template's own instructions, not content.
🟢 [ConventionResolver] HTML conventions from group 1-10 Mathematics|7-8: overview menu tabs, lesson menu flat.
🟢 [PageSplitter] [end page] before [MODULE INTRODUCTION] disregarded — the introduction stays on the overview page (AR-1).
🟢 [PageSplitter] Implicit page break: content continues after [end page] without a [LESSON] tag — opened page 5.0 ("Algebra in Sports (Variables)").
🟢 [PageSplitter] Implicit page break: content continues after [end page] without a [LESSON] tag — opened page 6.0 ("Algebra in Sports (Expressions and Equations)").
🟢 [PageSplitter] Implicit page break: content continues after [end page] without a [LESSON] tag — opened page 7.0 ("Writing Rules in Algebra").
🟢 [PageSplitter] Mid-page lesson opener — "Lesson 8: Algebra and Sports Outcomes (Linear Graphs)" opened page 8.0 (page_split.mid_page_lesson_heading).
🟢 [PageSplitter] Implicit page break: content continues after [end page] without a [LESSON] tag — opened page 9.0 ("Algebra and Sports Outcomes (The Gradient)").
🟢 [PageSplitter] Mid-page lesson opener — "Lesson 10: Algebra and Sports Outcomes (Equations Tables and Graphs)" opened page 10.0 (page_split.mid_page_lesson_heading).
🟢 [PageSplitter] Implicit page break: content continues after [end page] without a [LESSON] tag — opened page 11.0 ("Winning in Sports").
🟢 [PageSplitter] Content after the final [end page] (12 blocks) is writer-form boilerplate — not emitted (AR-5).
🟢 [PageSplitter] Page 4.0: heading says "Lesson 4.0" — using the heading's number.
🟢 [MenuBuilder] Menu heading "Tirohanga Whānui | Overview" is the section label — consumed (the menu scaffolding names it).
🟢 [MenuBuilder] Menu section "Aromatawai | Assessment for Learning" promoted to its own "Standards" nav tab (KB c67 canonical Standards tab; curriculum_tabs.kb_canonical.standards).
🟢 [MenuBuilder] Information pane composed as the group's two-column form (menu.tab2_cols registry, kind "balance").
🟢 [InteractiveScanner] Page 1.0: 3 id-carrying heading(s) re-tagged as [Activity N] openers (opener_rule.id_heading_opener).
🟢 [ContentConverter] Page 1.0: [activity] auto-closed before the next h3.
🟢 [ContentConverter] [alert] right-hand box → an alert top side column paired with the preceding content row (positional_side_alert).
🟢 [ContentConverter] Page 1.0: [activity] auto-closed before the next activity.
🟠 [ContentConverter] Page 1.0: [activity] was never closed — closed at page end.
🟢 [ContentConverter] Page 2.0: [activity] auto-closed before the next h3.
🟢 [ContentConverter] [alert] right-hand box → an alert top side column paired with the preceding content row (positional_side_alert).
🟢 [ContentConverter] Page 2.0: [activity] auto-closed before the next activity.
🟠 [ContentConverter] Page 2.0: [activity] was never closed — closed at page end.
🟢 [ContentConverter] Page 2.0: activity number normalised (page_number_normalise): 2A → 2D.
🟢 [InteractiveScanner] [[Activity 3A Multichoice Check]] — the heading "**Understanding Expected Values in Sports**" and the section after it are the widget's own (heading_table_owner, no_table).
🟢 [InteractiveBuilder] Built speechBubble #7 from captured data (no placeholder needed).
🟠 [ContentConverter] Page 3.0: [activity] was never closed — closed at page end.
🟢 [InteractiveScanner] Activity 4B: additional widget [accordion] absorbed (accordion + accordion).
🟢 [InteractiveScanner] accordion: additional widget [accordion] absorbed (accordion + accordion).
🟢 [InteractiveBuilder] Built carousel #9 from captured data (no placeholder needed).
🟢 [InteractiveBuilder] Built accordion #11 from captured data (no placeholder needed).
🟢 [InteractiveBuilder] Built accordion #12 from captured data (no placeholder needed).
🟢 [ContentConverter] Page 6.0: [activity] auto-closed before the next activity.
🟢 [InteractiveBuilder] Built carousel #14 from captured data (no placeholder needed).
🟢 [ContentConverter] Page 6.0: [activity] auto-closed before the next activity.
🟢 [ContentConverter] Page 6.0: activity numbers normalised (page_number_normalise): 6A → 6B, 6B → 6C, 1B → 6D.
🟢 [ContentConverter] Page 9.0: [ [Activity 9A - Drag and Drop] ] — the tag's tail "Finding the Gradient of the Line" is the activity title (typed_tag_title).
🟢 [ContentConverter] Page 9.0: [ [Activity 9B-Drag and Drop] ] — the tag's tail "Finding the Negative Slope of the Line" is the activity title (typed_tag_title).
🟢 [ContentConverter] Page 9.0: [activity] auto-closed before the next important.
🟢 [ContentConverter] Page 9.0: [end other] had no open container — ignored.
🟢 [ContentConverter] Page 10.0: [ [Activity 10A - Drag and Drop] ] — the tag's tail "Matching Line Graphs" is the activity title (typed_tag_title).
🟢 [ContentConverter] Page 10.0: [ [Activity 10B - Drag and Drop] ] — the tag's tail "Graphing the Equation of the Line" is the activity title (typed_tag_title).
🟠 [AcksBuilder] Media item  sits between lessons 5.0 and 8.0 — placed in 5.0; verify.
🟠 [AcksBuilder] Media item  sits between lessons 8.0 and 9.0 — placed in 8.0; verify.
🟠 [AcksBuilder] Media item  sits between lessons 2.0 and 11.0 — placed in 2.0; verify.
🟢 [SkeletonBuilder] footer_links "final" value "—" is not a footer pattern (the registry's no-evidence marker) — the KB's final-page form "prev+home" applied (footer.kb_position_defaults).
🟢 [ConventionResolver] HTML conventions from group Online Safety (OS9000)|4-6: overview menu tabs, lesson menu flat.
🟢 [PageSplitter] [end page] before [MODULE INTRODUCTION] disregarded — the introduction stays on the overview page (AR-1).
🟠 [ContentConverter] [TITLE BAR] title half is the placeholder "MODULE TITLE TE REO" — the real title is not in the WT; dropped, not shipped as an <h1>. Add the title to the source.
🟢 [MenuBuilder] Menu heading "Tirohanga Whānui | Overview" is the section label — consumed (the menu scaffolding names it).
🟢 [InteractiveBuilder] Built speechBubble #1 from captured data (no placeholder needed).
🟢 [InteractiveBuilder] Built speechBubble #3 from captured data (no placeholder needed).
🟢 [InteractiveBuilder] Built clickDrop #4 from captured data (no placeholder needed).
🟢 [InteractiveBuilder] Built speechBubble #6 from captured data (no placeholder needed).
🟢 [InteractiveBuilder] Built speechBubble #8 from captured data (no placeholder needed).
🟢 [InteractiveBuilder] Built hintSlider #9 from captured data (no placeholder needed).
🟢 [ContentConverter] [alert] spans to an explicit end tag (writer-authored box).
🟢 [InteractiveBuilder] Built hintSlider #10 from captured data (no placeholder needed).
🟢 [InteractiveBuilder] Built hintSlider #11 from captured data (no placeholder needed).
🟢 [InteractiveBuilder] Built flipCard #12 from captured data (no placeholder needed).
🟢 [InteractiveBuilder] Built modal #13 from captured data (no placeholder needed).
🟢 [InteractiveBuilder] Built speechBubble #14 from captured data (no placeholder needed).
🟢 [ContentConverter] Page 3.0: [activity] auto-closed before the next h3.
🟢 [InteractiveBuilder] Built modal #21 from captured data (no placeholder needed).
🟢 [ContentConverter] Page 3.0: activity numbers normalised (page_number_normalise): 3B → 3C, 3C → 3D.
🟢 [PageAssembler] [TITLE BAR] held only placeholder text — using the front-matter Course "Online Safety" as the English title; no Te Reo title (the real one is not in the WT).
🟠 [AcksBuilder] YouTube metadata unavailable for item  (stubbed) — possible dead link worth checking: https://www.youtube.com/watch?v=3Y-pMJ4IcTY&list=RD3Y-pMJ4IcTY&start_radio=1
🟠 [AcksBuilder] YouTube metadata unavailable for item  (stubbed) — possible dead link worth checking: https://www.youtube.com/watch?v=6ctd75a7_Yw
🟠 [AcksBuilder] YouTube metadata unavailable for item  (stubbed) — possible dead link worth checking: https://www.youtube.com/watch?v=GL8jlfz9KyI
🟠 [AcksBuilder] YouTube metadata unavailable for item  (stubbed) — possible dead link worth checking: https://www.youtube.com/watch?v=dMdKmHjpgFk
🟢 [AcksBuilder] Media item  ("External link") is a lesson link — no acknowledgement (scope rule).
🟠 [AcksBuilder] Unknown media item type "Pdf poster" (item ) — used "Pdf poster" as the prefix; add it to Acks_Formats type_prefix_map.
🟠 [AcksBuilder] YouTube metadata unavailable for item  (stubbed) — possible dead link worth checking: https://www.youtube.com/watch?v=iiR-D-uwjok
🟢 [AcksBuilder] Media item 23 ("External link") is a lesson link — no acknowledgement (scope rule).
🟠 [AcksBuilder] Unknown media item type "Quiz" (item 24) — used "Quiz" as the prefix; add it to Acks_Formats type_prefix_map.
🟢 [AcksBuilder] Media item 25 ("External link") is a lesson link — no acknowledgement (scope rule).
🟠 [AcksBuilder] Unknown media item type "Pdf poster" (item 26) — used "Pdf poster" as the prefix; add it to Acks_Formats type_prefix_map.
🟠 [AcksBuilder] YouTube metadata unavailable for item 27 (stubbed) — possible dead link worth checking: https://www.youtube.com/watch?v=UCCb85TgeEU
🟠 [AcksBuilder] YouTube metadata unavailable for item  (stubbed) — possible dead link worth checking: https://www.youtube.com/watch?v=qCs8U22sV4s
🟠 [AcksBuilder] 11 iStock titles could not be verified (no *istock-acks*.txt was supplied); each is marked ❗ and the acks block carries a designer note.
🟢 [ModuleResolver] OSSC501 is not in the registry members — inherited from its level OSSC4 (sibling rule).
🟢 [ConventionResolver] HTML conventions from group Online Safety (OS9000)|9-10: overview menu tabs, lesson menu flat.
🟢 [PageSplitter] [end page] before [MODULE INTRODUCTION] disregarded — the introduction stays on the overview page (AR-1).
🟢 [MenuBuilder] Overview [H1] "Tirohanga Whānui | Overview" kept as the tab-1 <h4> banner (overview_banner_h4).
🟢 [InteractiveScanner] clickDrop: additional widget [click drop] absorbed (clickDrop + clickDrop).
🟢 [InteractiveScanner] clickDrop: additional widget [click drop] absorbed (clickDrop + clickDrop).
🟢 [InteractiveScanner] clickDrop: additional widget [click drop] absorbed (clickDrop + clickDrop).
🟢 [InteractiveScanner] clickDrop: additional widget [click drop] absorbed (clickDrop + clickDrop).
🟢 [InteractiveScanner] clickDrop: additional widget [click drop] absorbed (clickDrop + clickDrop).
🟢 [InteractiveBuilder] Built clickDrop #2 from captured data (no placeholder needed).
🟢 [ContentConverter] Page 1.0: [end click drop] had no open container — ignored.
🟢 [ContentConverter] [alert] wraps the following table/widget as its content (no [end alert]) — closes at the next heading/section/page.
🟢 [InteractiveScanner] accordion: additional widget [accordion] absorbed (accordion + accordion).
🟢 [InteractiveScanner] accordion: additional widget [accordion] absorbed (accordion + accordion).
🟢 [InteractiveBuilder] Built speechBubble #4 from captured data (no placeholder needed).
🟢 [InteractiveBuilder] Built carousel #5 from captured data (no placeholder needed).
🟢 [InteractiveBuilder] Built accordion #6 from captured data (no placeholder needed).
🟢 [InteractiveBuilder] Built flipCard #8 from captured data (no placeholder needed).
🟢 [InteractiveBuilder] Built speechBubble #9 from captured data (no placeholder needed).
🟢 [InteractiveScanner] flipCard: additional widget [flip card] absorbed (flipCard + flipCard).
🟢 [InteractiveScanner] flipCard: additional widget [flip card] absorbed (flipCard + flipCard).
🟢 [InteractiveScanner] hintSlider: additional widget [hint slider] absorbed (hintSlider + hintSlider).
🟢 [InteractiveScanner] hintSlider: additional widget [hint slider] absorbed (hintSlider + hintSlider).
🟢 [InteractiveScanner] hintSlider: additional widget [hint slider] absorbed (hintSlider + hintSlider).
🟢 [InteractiveScanner] hintSlider: additional widget [hint slider] absorbed (hintSlider + hintSlider).
🟢 [InteractiveBuilder] Built speechBubble #13 from captured data (no placeholder needed).
🟢 [InteractiveBuilder] Built carousel #14 from captured data (no placeholder needed).
🟢 [ContentConverter] Page 4.0: [end carousel] had no open container — ignored.
🟢 [InteractiveBuilder] Built hintSlider #16 from captured data (no placeholder needed).
🟢 [ContentConverter] [alert] wraps the following table/widget as its content (no [end alert]) — closes at the next heading/section/page.
🟢 [InteractiveScanner] clickDrop: additional widget [click drop] absorbed (clickDrop + clickDrop).
🟢 [InteractiveScanner] clickDrop: additional widget [click drop] absorbed (clickDrop + clickDrop).
🟢 [InteractiveScanner] clickDrop: additional widget [click drop] absorbed (clickDrop + clickDrop).
🟢 [InteractiveScanner] clickDrop: additional widget [click drop] absorbed (clickDrop + clickDrop).
🟢 [InteractiveBuilder] Built speechBubble #18 from captured data (no placeholder needed).
🟢 [InteractiveBuilder] Built clickDrop #20 from captured data (no placeholder needed).
🟢 [InteractiveBuilder] Built carousel #21 from captured data (no placeholder needed).
🟢 [ContentConverter] [engagement quiz button] → the KB's anchored "Go to quiz" button + To Do note (kb_form).
🟠 [ContentConverter] Page 5.0: [activity] was never closed — closed at page end.
🟠 [AcksBuilder] YouTube metadata unavailable for item  (stubbed) — possible dead link worth checking: https://www.youtube.com/watch?v=dOR6LPeeoeU
🟠 [AcksBuilder] YouTube metadata unavailable for item  (stubbed) — possible dead link worth checking: https://www.youtube.com/watch?v=k8UVnkh8i0c
🟠 [AcksBuilder] YouTube metadata unavailable for item  (stubbed) — possible dead link worth checking: https://www.youtube.com/watch?v=YMiv-A1sPOw
🟠 [AcksBuilder] YouTube metadata unavailable for item  (stubbed) — possible dead link worth checking: https://www.youtube.com/watch?v=cBAYmNMJtkA
🟠 [AcksBuilder] YouTube metadata unavailable for item  (stubbed) — possible dead link worth checking: https://www.youtube.com/watch?v=6ysp5PsMzzQ
🟠 [AcksBuilder] YouTube metadata unavailable for item  (stubbed) — possible dead link worth checking: https://www.youtube.com/watch?v=ICz89A0x0tc
🟠 [AcksBuilder] YouTube metadata unavailable for item  (stubbed) — possible dead link worth checking: https://www.youtube.com/watch?v=4BqVlqK3wJM
🟠 [AcksBuilder] YouTube metadata unavailable for item  (stubbed) — possible dead link worth checking: https://www.youtube.com/watch?v=ue1r_63GkIw
🟠 [AcksBuilder] YouTube metadata unavailable for item  (stubbed) — possible dead link worth checking: https://www.youtube.com/watch?v=DCzLUGklYts
🟠 [AcksBuilder] YouTube metadata unavailable for item  (stubbed) — possible dead link worth checking: https://www.youtube.com/watch?v=o1WsviOK9fE
🟠 [AcksBuilder] YouTube metadata unavailable for item  (stubbed) — possible dead link worth checking: https://www.youtube.com/watch?v=yrjT8m0hcKU
🟠 [AcksBuilder] YouTube metadata unavailable for item  (stubbed) — possible dead link worth checking: https://www.youtube.com/watch?v=onHmwmKI4Iw
🟠 [AcksBuilder] YouTube metadata unavailable for item  (stubbed) — possible dead link worth checking: https://www.youtube.com/watch?v=b1415ISbd8Y
🟠 [AcksBuilder] YouTube metadata unavailable for item  (stubbed) — possible dead link worth checking: https://www.youtube.com/watch?v=ipdojPxYC4o
🟠 [AcksBuilder] YouTube metadata unavailable for item  (stubbed) — possible dead link worth checking: https://www.youtube.com/shorts/-8x6p96565k
🟠 [AcksBuilder] 24 iStock titles could not be verified (no *istock-acks*.txt was supplied); each is marked ❗ and the acks block carries a designer note.
🟢 [SkeletonBuilder] footer_links "lesson" value "—" is not a footer pattern (the registry's no-evidence marker) — the KB's lesson-page form "prev+next+home" applied (footer.kb_position_defaults).
🟢 [SkeletonBuilder] footer_links "lesson" value "—" is not a footer pattern (the registry's no-evidence marker) — the KB's lesson-page form "prev+next+home" applied (footer.kb_position_defaults).
🟢 [SkeletonBuilder] footer_links "lesson" value "—" is not a footer pattern (the registry's no-evidence marker) — the KB's lesson-page form "prev+next+home" applied (footer.kb_position_defaults).
🟢 [SkeletonBuilder] footer_links "lesson" value "—" is not a footer pattern (the registry's no-evidence marker) — the KB's lesson-page form "prev+next+home" applied (footer.kb_position_defaults).
🟢 [SkeletonBuilder] footer_links "final" value "—" is not a footer pattern (the registry's no-evidence marker) — the KB's final-page form "prev+home" applied (footer.kb_position_defaults).
🟢 [DocxExtractor] Media-list boilerplate dropped: 3 blocks before the media table and 17 blocks after it (the submission checklist) — the template's own instructions, not content.
🟢 [ConventionResolver] HTML conventions from series PHE (deviation over NCEA1|NCEA): overview menu tabs, lesson menu flat.
🟢 [PageSplitter] [end page] before [MODULE INTRODUCTION] disregarded — the introduction stays on the overview page (AR-1).
🟢 [PageSplitter] Implicit page break: content continues after [end page] without a [LESSON] tag — opened page 1.0 ("Movement and traditional Māori physical activity").
🟢 [PageSplitter] Implicit page break: content continues after [end page] without a [LESSON] tag — opened page 2.0 ("Influences").
🟢 [PageSplitter] Implicit page break: content continues after [end page] without a [LESSON] tag — opened page 3.0 ("Reflecting").
🟢 [PageSplitter] Implicit page break: content continues after [end page] without a [LESSON] tag — opened page 4.0 ("Unpacking the standard").
🟢 [PageSplitter] Implicit page break: content continues after [end page] without a [LESSON] tag — opened page 5.0 ("Movement contexts").
🟢 [MenuBuilder] Menu heading "Tirohanga Whānui | Overview" is the section label — consumed (the menu scaffolding names it).
🟢 [MenuBuilder] Menu section "Aromatawai | Assessment for Learning" promoted to its own "Standards" nav tab (menu.extra_tabs registry).
🟠 [ContentConverter] Page 1.0: [activity] was never closed — closed at page end.
🟢 [ContentConverter] Page 2.0: bare [activity] re-emphasis merged into the open numbered activity (no new box).
🟠 [ContentConverter] Page 2.0: [activity] was never closed — closed at page end.
🟠 [ContentConverter] Page 3.0: [activity] was never closed — closed at page end.
🟠 [ContentConverter] Page 5.0: [activity] was never closed — closed at page end.
🟠 [AcksBuilder] YouTube metadata unavailable for item 1 (stubbed) — possible dead link worth checking: https://www.youtube.com/shorts/uSmoGfw30YU
🟠 [AcksBuilder] YouTube metadata unavailable for item 10 (stubbed) — possible dead link worth checking: https://www.youtube.com/watch?v=nz-9-HXLzyI
🟢 [AcksBuilder] Media item 11 placed in lesson 1.0 by neighbour interpolation — verify its group.
🟢 [AcksBuilder] Media item 12 placed in lesson 1.0 by neighbour interpolation — verify its group.
🟢 [AcksBuilder] Media item 13 placed in lesson 1.0 by neighbour interpolation — verify its group.
🟢 [AcksBuilder] Media item 14 placed in lesson 1.0 by neighbour interpolation — verify its group.
🟢 [AcksBuilder] Media item 15 placed in lesson 1.0 by neighbour interpolation — verify its group.
🟢 [AcksBuilder] Media item 16 placed in lesson 1.0 by neighbour interpolation — verify its group.
🟢 [AcksBuilder] Media item 17 placed in lesson 1.0 by neighbour interpolation — verify its group.
🟢 [AcksBuilder] Media item 18 placed in lesson 1.0 by neighbour interpolation — verify its group.
🟢 [AcksBuilder] Media item 19 placed in lesson 1.0 by neighbour interpolation — verify its group.
🟢 [AcksBuilder] Media item 20 placed in lesson 1.0 by neighbour interpolation — verify its group.
🟢 [AcksBuilder] Media item 21 placed in lesson 1.0 by neighbour interpolation — verify its group.
🟠 [AcksBuilder] Media item 1 could not be mapped to a lesson — placed in the first group (0.0); verify.
🟠 [AcksBuilder] Media item 2 could not be mapped to a lesson — placed in the first group (0.0); verify.
🟠 [AcksBuilder] Media item 3 could not be mapped to a lesson — placed in the first group (0.0); verify.
🟠 [AcksBuilder] Media item 4 could not be mapped to a lesson — placed in the first group (0.0); verify.
🟠 [AcksBuilder] Media item 5 could not be mapped to a lesson — placed in the first group (0.0); verify.
🟠 [AcksBuilder] Media item 6 could not be mapped to a lesson — placed in the first group (0.0); verify.
🟠 [AcksBuilder] Media item 7 could not be mapped to a lesson — placed in the first group (0.0); verify.
🟠 [AcksBuilder] Media item 8 could not be mapped to a lesson — placed in the first group (0.0); verify.
🟠 [AcksBuilder] Media item 9 could not be mapped to a lesson — placed in the first group (0.0); verify.
🟠 [AcksBuilder] 10 iStock titles could not be verified (no *istock-acks*.txt was supplied); each is marked ❗ and the acks block carries a designer note.
🟢 [ModuleResolver] 5 mined registry field(s) held the unknown literal "n/a" — kept the nearest real tier / library-wide default instead (universal-field fallback; env SKELDEFAULT_OFF reverts).
🟢 [ConventionResolver] HTML conventions from group 1-10 Science|7-8: overview menu tabs, lesson menu flat.
🟢 [PageSplitter] Content after the final [end page] (1 blocks) is writer-form boilerplate — not emitted (AR-5).
🟢 [MenuBuilder] Menu section "Knowledge" promoted to its own "Knowledge" nav tab (KB c67 canonical tab set; curriculum_tabs.kb_canonical).
🟢 [MenuBuilder] Menu section "Practices" promoted to its own "Practices" nav tab (KB c67 canonical tab set; curriculum_tabs.kb_canonical).
🟢 [MenuBuilder] Empty Information tab dropped — the KB c67 omission rule after the canonical Knowledge / Practices promotions (curriculum_tabs.kb_canonical).
🟢 [InteractiveScanner] flipCard: additional widget [flip card] absorbed (flipCard + flipCard).
🟢 [InteractiveScanner] flipCard: additional widget [flip card] absorbed (flipCard + flipCard).
🟢 [InteractiveScanner] flipCard: additional widget [flip card] absorbed (flipCard + flipCard).
🟢 [InteractiveScanner] flipCard: additional widget [flip card] absorbed (flipCard + flipCard).
🟢 [InteractiveBuilder] Built accordion #2 from captured data (no placeholder needed).
🟢 [ContentConverter] Page 1.0: [end accordion] had no open container — ignored.
🟢 [ContentConverter] Page 1.0: [end activity] had no open container — ignored.
🟢 [InteractiveScanner] Activity 2A: additional widget [dropdown] absorbed (dropDown + dropDown).
🟢 [ContentConverter] Page 2.0: [end image] had no open container — ignored.
🟢 [ContentConverter] Page 2.0: [end activity] had no open container — ignored.
🟢 [InteractiveScanner] Activity 3A: additional widget [radio quiz] absorbed (radioQuiz + radioQuiz).
🟢 [ContentConverter] Page 3.0: [end other] had no open container — ignored.
🟢 [ContentConverter] Page 3.0: [end activity] had no open container — ignored.
🟢 [ContentConverter] Page 3.0: [end alert] had no open container — ignored.
🟢 [ContentConverter] Page 3.0: [end activity] had no open container — ignored.
🟢 [ContentConverter] [alert] spans to an explicit end tag (writer-authored box).
🟢 [InteractiveScanner] Activity 4A: additional widget [drag and drop] absorbed (dragAndDrop + dragAndDrop).
🟢 [InteractiveScanner] Activity 4A: additional widget [drag and drop] absorbed (dragAndDrop + dragAndDrop).
🟢 [InteractiveScanner] Activity 4A: additional widget [drag and drop] absorbed (dragAndDrop + dragAndDrop).
🟢 [InteractiveScanner] flipCard: additional widget [flip card] absorbed (flipCard + flipCard).
🟢 [InteractiveScanner] flipCard: additional widget [flip card] absorbed (flipCard + flipCard).
🟢 [InteractiveScanner] flipCard: additional widget [flip card] absorbed (flipCard + flipCard).
🟢 [InteractiveScanner] flipCard: additional widget [flip card] absorbed (flipCard + flipCard).
🟢 [InteractiveScanner] flipCard: additional widget [flip card] absorbed (flipCard + flipCard).
🟢 [InteractiveScanner] flipCard: additional widget [flip card] absorbed (flipCard + flipCard).
🟢 [ContentConverter] Page 4.0: [end activity] had no open container — ignored.
🟢 [ContentConverter] Page 4.0: [end accordion] had no open container — ignored.
🟢 [ContentConverter] Page 4.0: [end activity] had no open container — ignored.
🟢 [InteractiveBuilder] Built accordion #12 from captured data (no placeholder needed).
🟢 [ContentConverter] Page 4.0: [end accordion] had no open container — ignored.
🟢 [ContentConverter] [alert] spans to an explicit end tag (writer-authored box).
🟢 [InteractiveBuilder] Built carousel #14 from captured data (no placeholder needed).
🟢 [ContentConverter] Page 5.0: [end carousel] had no open container — ignored.
🟢 [InteractiveScanner] flipCard: additional widget [flip card] absorbed (flipCard + flipCard).
🟢 [InteractiveScanner] flipCard: additional widget [flip card] absorbed (flipCard + flipCard).
🟢 [InteractiveScanner] flipCard: additional widget [flip card] absorbed (flipCard + flipCard).
🟢 [InteractiveScanner] flipCard: additional widget [flip card] absorbed (flipCard + flipCard).
🟢 [InteractiveScanner] flipCard: additional widget [flip card] absorbed (flipCard + flipCard).
🟢 [InteractiveScanner] flipCard: additional widget [flip card] absorbed (flipCard + flipCard).
🟢 [InteractiveScanner] Activity 6A: additional widget [drag and drop] absorbed (dragAndDrop + dragAndDrop).
🟢 [InteractiveBuilder] Built dragAndDrop #17 from captured data (no placeholder needed).
🟢 [ContentConverter] Page 6.0: [end activity] had no open container — ignored.
🟢 [ContentConverter] [alert] spans to an explicit end tag (writer-authored box).
🟢 [ContentConverter] Page 6.0: activity number normalised (page_number_normalise): 6B → 6C.
🟢 [InteractiveScanner] accordion: additional widget [accordion] absorbed (accordion + accordion).
🟢 [InteractiveScanner] accordion: additional widget [accordion] absorbed (accordion + accordion).
🟢 [InteractiveScanner] Activity 7B: additional widget [drag and drop] absorbed (dragAndDrop + dragAndDrop).
🟢 [InteractiveScanner] Activity 7C: additional widget [radio quiz] absorbed (typing + radioQuiz).
🟢 [ContentConverter] Page 7.0: [end alert] had no open container — ignored.
🟢 [ContentConverter] Page 7.0: [end activity] had no open container — ignored.
🟢 [ContentConverter] Page 7.0: [end alert] had no open container — ignored.
🟢 [InteractiveBuilder] Built accordion #19 from captured data (no placeholder needed).
🟢 [ContentConverter] Page 7.0: [end accordion] had no open container — ignored.
🟢 [ContentConverter] Page 7.0: [end activity] had no open container — ignored.
🟢 [ContentConverter] Page 7.0: the lead paragraph after [ [Activity 7C] [type the answer interactive activity]  ] renders free inside the box (lead_free_after_tag).
🟢 [ContentConverter] Page 7.0: [end activity] had no open container — ignored.
🟢 [ContentConverter] [alert] spans to an explicit end tag (writer-authored box).
🟢 [InteractiveScanner] accordion: additional widget [accordion] absorbed (accordion + accordion).
🟢 [ContentConverter] Page 8.0: [end activity] had no open container — ignored.
🟢 [InteractiveBuilder] Built clickDrop #23 from captured data (no placeholder needed).
🟢 [ContentConverter] Page 8.0: [end click drop] had no open container — ignored.
🟢 [InteractiveBuilder] Built accordion #24 from captured data (no placeholder needed).
🟢 [ContentConverter] Page 8.0: [end accordion] had no open container — ignored.
🟢 [ContentConverter] Page 8.0: [end activity] had no open container — ignored.
🟢 [ContentConverter] [alert] spans to an explicit end tag (writer-authored box).
🟠 [AcksBuilder] YouTube metadata unavailable for item  (stubbed) — possible dead link worth checking: https://www.youtube.com/watch?v=-GEewkEcM3s
🟠 [AcksBuilder] YouTube metadata unavailable for item  (stubbed) — possible dead link worth checking: https://www.youtube.com/watch?v=ex0x-w00Uy4
🟠 [AcksBuilder] YouTube metadata unavailable for item  (stubbed) — possible dead link worth checking: https://www.youtube.com/watch?v=OssfJpkEjLk
🟠 [AcksBuilder] YouTube metadata unavailable for item  (stubbed) — possible dead link worth checking: https://www.youtube.com/watch?v=7aOC6prNh8E
🟠 [AcksBuilder] YouTube metadata unavailable for item  (stubbed) — possible dead link worth checking: https://www.youtube.com/watch?v=ZRFykdf4kDc
🟠 [AcksBuilder] YouTube metadata unavailable for item  (stubbed) — possible dead link worth checking: https://www.youtube.com/watch?v=qKEOE7AqHZ4
🟠 [AcksBuilder] YouTube metadata unavailable for item  (stubbed) — possible dead link worth checking: https://www.youtube.com/watch?v=PYKzwpKyUn0
🟠 [AcksBuilder] Unknown media item type "Interactive" (item ) — used "Interactive" as the prefix; add it to Acks_Formats type_prefix_map.
🟠 [AcksBuilder] Unknown media item type "interactive" (item ) — used "Interactive" as the prefix; add it to Acks_Formats type_prefix_map.
🟢 [AcksBuilder] Media item  placed in lesson 4.0 by neighbour interpolation — verify its group.
🟠 [AcksBuilder] Media item  sits between lessons 5.0 and 6.0 — placed in 5.0; verify.
🟠 [AcksBuilder] Media item  sits between lessons 7.0 and 8.0 — placed in 7.0; verify.
🟠 [AcksBuilder] Media item  sits between lessons 7.0 and 8.0 — placed in 7.0; verify.
🟠 [AcksBuilder] Media item  sits between lessons 7.0 and 8.0 — placed in 7.0; verify.
🟠 [AcksBuilder] Media item  sits between lessons 7.0 and 8.0 — placed in 7.0; verify.
🟠 [AcksBuilder] Media item  sits between lessons 8.0 and 4.0 — placed in 8.0; verify.
🟠 [AcksBuilder] Media item  sits between lessons 8.0 and 4.0 — placed in 8.0; verify.
🟠 [AcksBuilder] Media item  sits between lessons 8.0 and 4.0 — placed in 8.0; verify.
🟠 [AcksBuilder] Media item  sits between lessons 8.0 and 4.0 — placed in 8.0; verify.
🟠 [AcksBuilder] Media item  sits between lessons 8.0 and 4.0 — placed in 8.0; verify.
🟠 [AcksBuilder] Media item  sits between lessons 8.0 and 4.0 — placed in 8.0; verify.
🟠 [AcksBuilder] 29 iStock titles could not be verified (no *istock-acks*.txt was supplied); each is marked ❗ and the acks block carries a designer note.
🟠 [ModuleResolver] Multiple module-code candidates found (SSOG101, ISTO216) — using SSOG101 from filename "SSOG101 Writers Template + Media List.docx".
🟢 [DocxExtractor] Media-list boilerplate dropped: 3 blocks before the media table — the template's own instructions, not content.
🟢 [ConventionResolver] HTML conventions from group 1-10 Social Science|1-3: overview menu two_col_li, lesson menu two_col_li.
🟢 [PageSplitter] [end page] before [MODULE INTRODUCTION] disregarded — the introduction stays on the overview page (AR-1).
🟢 [PageSplitter] Implicit page break: content continues after [end page] without a [LESSON] tag — opened page 2.0 ("* Firefighters").
🟢 [PageSplitter] Implicit page break: content continues after [end page] without a [LESSON] tag — opened page 3.0 ("* Police Officers").
🟢 [PageSplitter] Implicit page break: content continues after [end page] without a [LESSON] tag — opened page 4.0 ("* Ambulance Workers").
🟢 [PageSplitter] Implicit page break: content continues after [end page] without a [LESSON] tag — opened page 5.0 ("Non-Emergency Helpers").
🟢 [PageSplitter] Implicit page break: content continues after [end page] without a [LESSON] tag — opened page 6.0 ("Me and My Community").
🟢 [PageSplitter] Implicit page break: content continues after [end page] without a [LESSON] tag — opened page 7.0 ("Share Your Learning").
🟢 [MenuBuilder] Menu heading "Tirohanga Whānui | Overview" is the section label — consumed (the menu scaffolding names it).
🟢 [InteractiveBuilder] Built flipCard #1 from captured data (no placeholder needed).
🟠 [ContentConverter] Page 2.0: [activity] was never closed — closed at page end.
🟢 [ContentConverter] [alert] right-hand box → an alert top side column paired with the preceding content row (positional_side_alert).
🟠 [ContentConverter] Page 3.0: [activity] was never closed — closed at page end.
🟠 [ContentConverter] Page 4.0: [activity] was never closed — closed at page end.
🟢 [ContentConverter] Page 5.0: [activity] auto-closed before the next h3.
🟠 [ContentConverter] Page 5.0: [activity] was never closed — closed at page end.
🟢 [InteractiveScanner] Page 6.0: 1 id-carrying heading(s) re-tagged as [Activity N] openers (opener_rule.id_heading_opener).
🟢 [ContentConverter] Page 6.0: layout-note [activity] opener merged into the adjacent numbered activity (no empty box).
🟠 [ContentConverter] Page 6.0: [activity] was never closed — closed at page end.
🟠 [AcksBuilder] YouTube metadata unavailable for item  (stubbed) — possible dead link worth checking: https://www.youtube.com/watch?v=HsApWcKkFsY&t=25s
🟠 [AcksBuilder] YouTube metadata unavailable for item  (stubbed) — possible dead link worth checking: https://www.youtube.com/watch?v=nWIZuYHrqXk&t=7s
🟠 [AcksBuilder] YouTube metadata unavailable for item 9 (stubbed) — possible dead link worth checking: https://www.youtube.com/watch?v=OgzLx1ysafA
🟢 [AcksBuilder] Media item 10 ("Link") is a lesson link — no acknowledgement (scope rule).
🟢 [AcksBuilder] Media item 11 ("Link") is a lesson link — no acknowledgement (scope rule).
🟠 [AcksBuilder] YouTube metadata unavailable for item 15 (stubbed) — possible dead link worth checking: https://www.youtube.com/watch?v=5QEB6vUSblc
🟠 [AcksBuilder] YouTube metadata unavailable for item  (stubbed) — possible dead link worth checking: https://www.youtube.com/watch?v=AjAI97_upec
🟠 [AcksBuilder] YouTube metadata unavailable for item 17 (stubbed) — possible dead link worth checking: https://www.youtube.com/watch?v=FpjaUvk-Ecg
🟠 [AcksBuilder] Unknown media item type "PDF" (item 25) — used "Pdf" as the prefix; add it to Acks_Formats type_prefix_map.
🟢 [AcksBuilder] Media item 27 ("link") is a lesson link — no acknowledgement (scope rule).
🟠 [AcksBuilder] Unknown media item type "Link (activity)" (item ) — used "Link (activity)" as the prefix; add it to Acks_Formats type_prefix_map.
🟢 [AcksBuilder] Media item 25 placed in lesson 5.0 by neighbour interpolation — verify its group.
🟠 [AcksBuilder] 6 iStock titles could not be verified (no *istock-acks*.txt was supplied); each is marked ❗ and the acks block carries a designer note.
🟢 [SkeletonBuilder] footer_links "final" value "—" is not a footer pattern (the registry's no-evidence marker) — the KB's final-page form "prev+home" applied (footer.kb_position_defaults).
🟢 [DocxExtractor] Media-list boilerplate dropped: 3 blocks before the media table — the template's own instructions, not content.
🟢 [ConventionResolver] HTML conventions from group Te ara Whakapuawa -Wellbeing|combo: overview menu default, lesson menu two_col_li.
🟢 [ContentConverter] Page 0.0: [end tab n] had no open container — ignored.
🟢 [ContentConverter] Page 0.0: [end tab n] had no open container — ignored.
🟢 [ContentConverter] Page 0.0: [end tab n] had no open container — ignored.
🟢 [ContentConverter] Page 0.0: [end tab n] had no open container — ignored.
🟢 [ContentConverter] Page 0.0: [end tab n] had no open container — ignored.
🟢 [ContentConverter] Page 0.0: [end tab n] had no open container — ignored.
🟢 [ContentConverter] Page 0.0: [end tab n] had no open container — ignored.
🟢 [ContentConverter] Page 0.0: [end tab n] had no open container — ignored.
🟢 [MenuBuilder] Menu heading "Tirohanga Whānui | Overview" is the section label — consumed (the menu scaffolding names it).
🟢 [MenuBuilder] Menu heading "He aha tāku hei tīmata? | What do I need to get started?" had no content beneath it — omitted (empty preconfigured scaffolding).
🟢 [MenuBuilder] Menu heading "Aromatawai | Assessment for Learning" had no content beneath it — omitted (empty preconfigured scaffolding).
🟢 [PanelsBuilder] 9 panel title heading(s) set to h2 (first_heading_level).
🟠 [AcksBuilder] YouTube metadata unavailable for item  (stubbed) — possible dead link worth checking: https://youtu.be/zNWykgwLYQc
🟠 [AcksBuilder] YouTube metadata unavailable for item  (stubbed) — possible dead link worth checking: https://youtu.be/AJQYSN3PPXw
🟠 [AcksBuilder] YouTube metadata unavailable for item  (stubbed) — possible dead link worth checking: https://youtu.be/DJt6ORwxKmE
🟠 [AcksBuilder] YouTube metadata unavailable for item  (stubbed) — possible dead link worth checking: https://youtu.be/uh2dqG-T0Xs
🟠 [AcksBuilder] YouTube metadata unavailable for item  (stubbed) — possible dead link worth checking: https://youtu.be/_iuPewWbp2U
🟠 [AcksBuilder] YouTube metadata unavailable for item  (stubbed) — possible dead link worth checking: https://youtu.be/2MGMvEnoD6U
🟠 [AcksBuilder] YouTube metadata unavailable for item  (stubbed) — possible dead link worth checking: https://www.youtube.com/watch?v=3vwSr8Lz9Nc
🟠 [AcksBuilder] YouTube metadata unavailable for item  (stubbed) — possible dead link worth checking: https://www.youtube.com/watch?v=amyulXUFe88
🟠 [AcksBuilder] YouTube metadata unavailable for item  (stubbed) — possible dead link worth checking: https://www.youtube.com/watch?v=JZmmOdnljG4
🟠 [AcksBuilder] YouTube metadata unavailable for item  (stubbed) — possible dead link worth checking: https://www.youtube.com/watch?v=Y4ABWYAr4fY
🟠 [AcksBuilder] YouTube metadata unavailable for item  (stubbed) — possible dead link worth checking: https://youtu.be/1f0eSejlzLo
🟠 [AcksBuilder] YouTube metadata unavailable for item  (stubbed) — possible dead link worth checking: https://youtu.be/air61XJsX70
🟠 [AcksBuilder] YouTube metadata unavailable for item  (stubbed) — possible dead link worth checking: https://www.youtube.com/watch?v=ywjgf3xiwFM
🟠 [AcksBuilder] Unknown media item type "Graphic" (item ) — used "Graphic" as the prefix; add it to Acks_Formats type_prefix_map.
🟠 [AcksBuilder] YouTube metadata unavailable for item  (stubbed) — possible dead link worth checking: https://youtu.be/2RhmXOrjDDs
🟠 [AcksBuilder] YouTube metadata unavailable for item  (stubbed) — possible dead link worth checking: https://www.youtube.com/watch?v=tTtjETjGDFY
🟠 [AcksBuilder] YouTube metadata unavailable for item  (stubbed) — possible dead link worth checking: https://youtu.be/pnnV38PXZ-U
🟢 [AcksBuilder] Media item  ("Link") is a lesson link — no acknowledgement (scope rule).
🟢 [AcksBuilder] Media item  ("Link") is a lesson link — no acknowledgement (scope rule).
🟠 [AcksBuilder] Unknown media item type "Images" (item ) — used "Images" as the prefix; add it to Acks_Formats type_prefix_map.
🟠 [AcksBuilder] YouTube metadata unavailable for item  (stubbed) — possible dead link worth checking: https://www.youtube.com/watch?v=hGwG--GZEfw
🟠 [AcksBuilder] Unknown media item type "Images" (item ) — used "Images" as the prefix; add it to Acks_Formats type_prefix_map.
🟠 [AcksBuilder] YouTube metadata unavailable for item  (stubbed) — possible dead link worth checking: https://youtu.be/282jBTR6Gag
🟠 [AcksBuilder] Unknown media item type "images" (item ) — used "Images" as the prefix; add it to Acks_Formats type_prefix_map.
🟠 [AcksBuilder] 6 iStock titles could not be verified (no *istock-acks*.txt was supplied); each is marked ❗ and the acks block carries a designer note.
🟢 [ConventionResolver] HTML conventions from group 1-10 Writing (MiW)|1-3: overview menu tabs, lesson menu default.
🟢 [InteractiveScanner] speechBubble: additional widget [speech bubble] absorbed (speechBubble + speechBubble).
🟢 [InteractiveScanner] Activity 1A: additional widget [drag and drop] absorbed (dragAndDrop + dragAndDrop).
🟢 [InteractiveScanner] speechBubble: additional widget [speech bubble] absorbed (speechBubble + speechBubble).
🟢 [InteractiveScanner] speechBubble: additional widget [speech bubble] absorbed (speechBubble + speechBubble).
🟢 [InteractiveScanner] speechBubble: additional widget [speech bubble] absorbed (speechBubble + speechBubble).
🟢 [InteractiveScanner] speechBubble: additional widget [speech bubble] absorbed (speechBubble + speechBubble).
🟢 [InteractiveScanner] speechBubble: additional widget [speech bubble] absorbed (speechBubble + speechBubble).
🟢 [InteractiveScanner] carousel: additional widget [carousel] absorbed (carousel + carousel).
🟢 [InteractiveScanner] speechBubble: additional widget [speech bubble] absorbed (speechBubble + speechBubble).
🟢 [InteractiveScanner] Activity 3A: additional widget [dropdown] absorbed (dropDown + dropDown).
🟢 [InteractiveScanner] Activity 3A: additional widget [dropdown] absorbed (dropDown + dropDown).
🟢 [InteractiveScanner] Activity 3A: additional widget [dropdown] absorbed (dropDown + dropDown).
🟢 [InteractiveScanner] Activity 3A: additional widget [dropdown] absorbed (dropDown + dropDown).
🟢 [InteractiveScanner] Activity 3A: additional widget [dropdown] absorbed (dropDown + dropDown).
🟢 [InteractiveScanner] Activity 3A: additional widget [dropdown] absorbed (dropDown + dropDown).
🟢 [InteractiveScanner] speechBubble: additional widget [speech bubble] absorbed (speechBubble + speechBubble).
🟢 [ContentConverter] Tile-page fundamentals dialect: 3 tiles (Types of Sentences, Punctuation, Writing Sentences) — one panel per tile, the tile LI/SC blocks routed to the module menu (fundamentals_panels.tile_pages).
🟢 [InteractiveBuilder] Built speechBubble #1 from captured data (no placeholder needed).
🟢 [InteractiveBuilder] Built flipCard #2 from captured data (no placeholder needed).
🟢 [InteractiveBuilder] Built speechBubble #4 from captured data (no placeholder needed).
🟢 [InteractiveBuilder] Built speechBubble #5 from captured data (no placeholder needed).
🟢 [ContentConverter] Page 0.0: [end speech bubble] had no open container — ignored.
🟢 [ContentConverter] Page 0.0: [end activity] had no open container — ignored.
🟢 [InteractiveBuilder] Built speechBubble #8 from captured data (no placeholder needed).
🟢 [InteractiveBuilder] Built speechBubble #10 from captured data (no placeholder needed).
🟢 [ContentConverter] Page 0.0: [end activity] had no open container — ignored.
🟢 [InteractiveBuilder] Built speechBubble #12 from captured data (no placeholder needed).
🟢 [InteractiveBuilder] Built speechBubble #13 from captured data (no placeholder needed).
🟢 [InteractiveBuilder] Built speechBubble #15 from captured data (no placeholder needed).
🟢 [ContentConverter] Page 0.0: mode [activity] opener suppressed — the numbered activity after it is owned by its widget bundle (round 379, no empty box).
🟢 [InteractiveBuilder] Built speechBubble #18 from captured data (no placeholder needed).
🟢 [ContentConverter] Page 0.0: [end other] had no open container — ignored.
🟢 [MenuBuilder] Overview menu composed as level tabs (Overview + Types of Sentences, Punctuation, Writing Sentences; fundamentals_panels.level_pages / tile_pages).
🟢 [PanelsBuilder] 3 panel title heading(s) set to h2 (first_heading_level).
🟠 [AcksBuilder] YouTube metadata unavailable for item  (stubbed) — possible dead link worth checking: https://youtu.be/GwtCwV3ZatM
🟠 [AcksBuilder] YouTube metadata unavailable for item  (stubbed) — possible dead link worth checking: https://www.youtube.com/watch?v=smgyeUomfyA
🟠 [AcksBuilder] YouTube metadata unavailable for item  (stubbed) — possible dead link worth checking: https://www.youtube.com/watch?v=8XTiV4aChtQ
🟠 [AcksBuilder] YouTube metadata unavailable for item  (stubbed) — possible dead link worth checking: https://www.youtube.com/watch?v=c3g2gqt2TpA
🟠 [AcksBuilder] Unknown media item type "Photo (first)" (item ) — used "Photo (first)" as the prefix; add it to Acks_Formats type_prefix_map.
🟠 [AcksBuilder] Unknown media item type "Photo (second)" (item ) — used "Photo (second)" as the prefix; add it to Acks_Formats type_prefix_map.
🟠 [AcksBuilder] Unknown media item type "Photo (third)" (item ) — used "Photo (third)" as the prefix; add it to Acks_Formats type_prefix_map.
🟠 [AcksBuilder] Unknown media item type "Photo (fouth)" (item ) — used "Photo (fouth)" as the prefix; add it to Acks_Formats type_prefix_map.
🟠 [AcksBuilder] Unknown media item type "Photo (first)" (item ) — used "Photo (first)" as the prefix; add it to Acks_Formats type_prefix_map.
🟠 [AcksBuilder] Unknown media item type "Photo (second)" (item ) — used "Photo (second)" as the prefix; add it to Acks_Formats type_prefix_map.
🟠 [AcksBuilder] Unknown media item type "Photo (third)" (item ) — used "Photo (third)" as the prefix; add it to Acks_Formats type_prefix_map.
🟠 [AcksBuilder] Unknown media item type "Photo (fourth)" (item ) — used "Photo (fourth)" as the prefix; add it to Acks_Formats type_prefix_map.
🟠 [AcksBuilder] YouTube metadata unavailable for item  (stubbed) — possible dead link worth checking: https://www.youtube.com/watch?v=IU0pxcAlEa8
🟠 [AcksBuilder] YouTube metadata unavailable for item  (stubbed) — possible dead link worth checking: https://www.youtube.com/watch?v=zGvlH1YVPc4
🟠 [AcksBuilder] YouTube metadata unavailable for item  (stubbed) — possible dead link worth checking: https://www.youtube.com/watch?v=I4eAJ5JEX2o
🟢 [AcksBuilder] Media item  placed in lesson 0.0 by neighbour interpolation — verify its group.
🟢 [AcksBuilder] Media item  placed in lesson 0.0 by neighbour interpolation — verify its group.
🟢 [AcksBuilder] Media item  placed in lesson 0.0 by neighbour interpolation — verify its group.
🟢 [AcksBuilder] Media item  placed in lesson 0.0 by neighbour interpolation — verify its group.
🟢 [AcksBuilder] Media item  placed in lesson 0.0 by neighbour interpolation — verify its group.
🟢 [AcksBuilder] Media item  placed in lesson 0.0 by neighbour interpolation — verify its group.
🟢 [AcksBuilder] Media item  placed in lesson 0.0 by neighbour interpolation — verify its group.
🟠 [AcksBuilder] Media item  could not be mapped to a lesson — placed in the first group (0.0); verify.
🟠 [AcksBuilder] 14 iStock titles could not be verified (no *istock-acks*.txt was supplied); each is marked ❗ and the acks block carries a designer note.
🟢 [ConventionResolver] HTML conventions from group 1-10 Writing (MiW)|7-8: overview menu tabs, lesson menu default.
🟢 [InteractiveScanner] clickDrop: additional widget [click drop] absorbed (clickDrop + clickDrop).
🟢 [InteractiveScanner] Activity 1A: additional widget [hint] absorbed (dropDown + hint).
🟢 [InteractiveScanner] [[Activity 1A] [Dropdown Quiz – Auto Check] [Arrange these m-choice questions 2 across the page]] — the heading "Synonym strength" and the section after it are the widget's own (heading_table_owner, no_table).
🟢 [InteractiveScanner] [[Activity 1B] [Drag and Drop]] — the heading "Choosing the best thesaurus suggestion" and the section after it are the widget's own (heading_table_owner, no_table).
🟢 [InteractiveScanner] Activity 1C: additional widget [click drop] absorbed (multiChoiceQuiz + clickDrop).
🟢 [InteractiveScanner] flipCard: additional widget [flip card] absorbed (flipCard + flipCard).
🟢 [InteractiveScanner] flipCard: additional widget [flip card] absorbed (flipCard + flipCard).
🟢 [InteractiveScanner] flipCard: additional widget [flip card] absorbed (flipCard + flipCard).
🟢 [InteractiveScanner] flipCard: additional widget [flip card] absorbed (flipCard + flipCard).
🟢 [InteractiveScanner] flipCard: additional widget [flip card] absorbed (flipCard + flipCard).
🟢 [InteractiveScanner] flipCard: additional widget [flip card] absorbed (flipCard + flipCard).
🟢 [InteractiveScanner] Activity 2A: additional widget [hint] absorbed (selectionBox + hint).
🟢 [InteractiveScanner] [[Activity 2A] [checkbox – Auto Check] [Arrange these m-choice questions 2 across the page]] — the heading "Spot the language feature" and the section after it are the widget's own (heading_table_owner, no_table).
🟢 [InteractiveScanner] Activity 2B: additional widget [hint] absorbed (selectionBox + hint).
🟢 [InteractiveScanner] Activity 2B: additional widget [hint] absorbed (selectionBox + hint).
🟢 [InteractiveScanner] Activity 2B: additional widget [hint] absorbed (selectionBox + hint).
🟢 [InteractiveScanner] [[Activity 2B] [checkbox – Auto Check] [Arrange these m-choice questions 2 across the page]] — the heading "Choose the best language feature" and the section after it are the widget's own (heading_table_owner, no_table).
🟢 [InteractiveScanner] accordion: additional widget [accordion] absorbed (accordion + accordion).
🟢 [ContentConverter] Tile-page fundamentals dialect: 2 tiles (Choosing words for effect, Language features) — one panel per tile, the tile LI/SC blocks routed to the module menu (fundamentals_panels.tile_pages).
🟢 [InteractiveBuilder] Built speechBubble #1 from captured data (no placeholder needed).
🟢 [InteractiveBuilder] Built clickDrop #2 from captured data (no placeholder needed).
🟢 [ContentConverter] Page 0.0: [end click drop] had no open container — ignored.
🟢 [InteractiveBuilder] Built clickDrop #3 from captured data (no placeholder needed).
🟢 [ContentConverter] Page 0.0: [end click drop] had no open container — ignored.
🟢 [InteractiveBuilder] Built clickDrop #4 from captured data (no placeholder needed).
🟢 [ContentConverter] Page 0.0: [end click drop] had no open container — ignored.
🟢 [InteractiveBuilder] Built clickDrop #5 from captured data (no placeholder needed).
🟢 [ContentConverter] Page 0.0: [end click drop] had no open container — ignored.
🟢 [InteractiveBuilder] Built clickDrop #6 from captured data (no placeholder needed).
🟢 [ContentConverter] Page 0.0: [end click drop] had no open container — ignored.
🟢 [ContentConverter] Page 0.0: [end hint] had no open container — ignored.
🟢 [ContentConverter] Page 0.0: [end hint] had no open container — ignored.
🟢 [ContentConverter] Page 0.0: [end hint] had no open container — ignored.
🟢 [ContentConverter] Page 0.0: [end hint] had no open container — ignored.
🟢 [ContentConverter] Page 0.0: [end hint] had no open container — ignored.
🟢 [ContentConverter] Page 0.0: [end hint] had no open container — ignored.
🟢 [ContentConverter] Page 0.0: [end activity] had no open container — ignored.
🟢 [ContentConverter] [alert] spans to an explicit end tag (writer-authored box).
🟢 [ContentConverter] Page 0.0: [end activity] had no open container — ignored.
🟢 [ContentConverter] [alert] spans to an explicit end tag (writer-authored box).
🟢 [ContentConverter] Page 0.0: [end click drop] had no open container — ignored.
🟢 [ContentConverter] Page 0.0: [end mcq] had no open container — ignored.
🟢 [ContentConverter] Page 0.0: [end activity] had no open container — ignored.
🟢 [InteractiveBuilder] Built speechBubble #15 from captured data (no placeholder needed).
🟢 [InteractiveBuilder] Built speechBubble #16 from captured data (no placeholder needed).
🟢 [InteractiveBuilder] Built flipCard #17 from captured data (no placeholder needed).
🟢 [ContentConverter] Page 0.0: [end flip card] had no open container — ignored.
🟢 [ContentConverter] Page 0.0: [end hint] had no open container — ignored.
🟢 [ContentConverter] Page 0.0: [end hint] had no open container — ignored.
🟢 [ContentConverter] Page 0.0: [end hint] had no open container — ignored.
🟢 [ContentConverter] Page 0.0: [end hint] had no open container — ignored.
🟢 [ContentConverter] Page 0.0: [end hint] had no open container — ignored.
🟢 [ContentConverter] Page 0.0: [end hint] had no open container — ignored.
🟢 [ContentConverter] Page 0.0: [end activity] had no open container — ignored.
🟢 [InteractiveBuilder] Built accordion #25 from captured data (no placeholder needed).
🟢 [ContentConverter] Page 0.0: [end accordion] had no open container — ignored.
🟢 [InteractiveBuilder] Built accordion #26 from captured data (no placeholder needed).
🟢 [ContentConverter] Page 0.0: [end accordion] had no open container — ignored.
🟢 [InteractiveBuilder] Built accordion #27 from captured data (no placeholder needed).
🟢 [ContentConverter] Page 0.0: [end accordion] had no open container — ignored.
🟢 [InteractiveBuilder] Built clickDrop #28 from captured data (no placeholder needed).
🟢 [ContentConverter] Page 0.0: [end click drop] had no open container — ignored.
🟢 [InteractiveBuilder] Built clickDrop #30 from captured data (no placeholder needed).
🟢 [ContentConverter] Page 0.0: [end click drop] had no open container — ignored.
🟢 [InteractiveBuilder] Built clickDrop #31 from captured data (no placeholder needed).
🟢 [ContentConverter] Page 0.0: [end click drop] had no open container — ignored.
🟢 [InteractiveBuilder] Built clickDrop #32 from captured data (no placeholder needed).
🟢 [ContentConverter] Page 0.0: [end click drop] had no open container — ignored.
🟢 [InteractiveBuilder] Built clickDrop #33 from captured data (no placeholder needed).
🟢 [ContentConverter] Page 0.0: [end click drop] had no open container — ignored.
🟢 [InteractiveBuilder] Built clickDrop #34 from captured data (no placeholder needed).
🟢 [ContentConverter] Page 0.0: [end click drop] had no open container — ignored.
🟢 [ContentConverter] Page 0.0: [end mcq] had no open container — ignored.
🟢 [ContentConverter] Page 0.0: [end activity] had no open container — ignored.
🟢 [InteractiveBuilder] Built speechBubble #35 from captured data (no placeholder needed).
🟢 [MenuBuilder] Overview menu composed as level tabs (Overview + Choosing words for effect, Language features; fundamentals_panels.level_pages).
🟢 [PanelsBuilder] 2 panel title heading(s) set to h2 (first_heading_level).
🟠 [AcksBuilder] YouTube metadata unavailable for item 2. (stubbed) — possible dead link worth checking: https://www.youtube.com/watch?v=oIZqDlYEDLE
🟠 [AcksBuilder] YouTube metadata unavailable for item 13. (stubbed) — possible dead link worth checking: https://www.youtube.com/watch?v=XQcFs4yJLYU
🟠 [AcksBuilder] YouTube metadata unavailable for item 14. (stubbed) — possible dead link worth checking: https://www.youtube.com/watch?v=oIZqDlYEDLE
🟠 [AcksBuilder] YouTube metadata unavailable for item 15. (stubbed) — possible dead link worth checking: https://www.youtube.com/watch?v=Ab0GNtaemzQ
🟠 [AcksBuilder] YouTube metadata unavailable for item 16 (stubbed) — possible dead link worth checking: https://www.youtube.com/watch?v=SwisN5oWIIs
🟢 [AcksBuilder] Media item 3. placed in lesson 0.0 by neighbour interpolation — verify its group.
🟢 [AcksBuilder] Media item 12. placed in lesson 0.0 by neighbour interpolation — verify its group.
🟠 [AcksBuilder] 9 iStock titles could not be verified (no *istock-acks*.txt was supplied); each is marked ❗ and the acks block carries a designer note.
🟢 [ConventionResolver] HTML conventions from series XGF (deviation over Leaving to Learn|combo): overview menu two_col_li, lesson menu flat.
🟢 [PageSplitter] [end page] before [MODULE INTRODUCTION] disregarded — the introduction stays on the overview page (AR-1).
🟢 [PageSplitter] Implicit page break: content continues after [end page] without a [LESSON] tag — opened page 1.0.
🟢 [PageSplitter] Implicit page break: content continues after [end page] without a [LESSON] tag — opened page 2.0.
🟢 [PageSplitter] Mid-page lesson opener — "Lesson 3: Finding my Tribe" opened page 3.0 (page_split.mid_page_lesson_heading).
🟢 [PageSplitter] Implicit page break: content continues after [end page] without a [LESSON] tag — opened page 4.0.
🟢 [PageSplitter] Mid-page lesson opener — "Lesson 5: My Ideal Learning Environment" opened page 5.0 (page_split.mid_page_lesson_heading).
🟢 [PageSplitter] Implicit page break: content continues after [end page] without a [LESSON] tag — opened page 6.0.
🟢 [PageSplitter] Mid-page lesson opener — "Lesson 7: The Power of the Flip!" opened page 7.0 (page_split.mid_page_lesson_heading).
🟢 [PageSplitter] Implicit page break: content continues after [end page] without a [LESSON] tag — opened page 8.0.
🟢 [PageSplitter] Implicit page break: content continues after [end page] without a [LESSON] tag — opened page 9.0.
🟢 [InteractiveScanner] flipCard: additional widget [flip card] absorbed (flipCard + flipCard).
🟢 [InteractiveScanner] flipCard: additional widget [flip card] absorbed (flipCard + flipCard).
🟢 [InteractiveScanner] accordion: additional widget [accordion] absorbed (accordion + accordion).
🟢 [InteractiveScanner] accordion: additional widget [accordion] absorbed (accordion + accordion).
🟢 [InteractiveScanner] accordion: nested [speech bubble] absorbed as a sub-bundle (speechBubble); host continues.
🟢 [InteractiveScanner] accordion: nested [speech bubble] absorbed as a sub-bundle (speechBubble); host continues.
🟠 [ContentConverter] [TITLE BAR] title half is the placeholder "Te Reo" — the real title is not in the WT; dropped, not shipped as an <h1>. Add the title to the source.
🟢 [InteractiveBuilder] Built carousel #1 from captured data (no placeholder needed).
🟢 [InteractiveBuilder] Built speechBubble #4 from captured data (no placeholder needed).
🟢 [InteractiveBuilder] Built speechBubble #5 from captured data (no placeholder needed).
🟢 [InteractiveBuilder] Built accordion #3 from captured data (no placeholder needed).
🟢 [MenuBuilder] Menu heading "Tirohanga Whānui | Overview" is the section label — consumed (the menu scaffolding names it).
🟢 [InteractiveScanner] accordion: additional widget [accordion] absorbed (accordion + accordion).
🟢 [InteractiveScanner] multiChoiceQuiz: additional widget [mcq] absorbed (multiChoiceQuiz + multiChoiceQuiz).
🟢 [InteractiveScanner] clickDrop: additional widget [click drop] absorbed (clickDrop + clickDrop).
🟢 [InteractiveScanner] clickDrop: additional widget [click drop] absorbed (clickDrop + clickDrop).
🟢 [InteractiveScanner] clickDrop: additional widget [click drop] absorbed (clickDrop + clickDrop).
🟢 [InteractiveScanner] clickDrop: additional widget [click drop] absorbed (clickDrop + clickDrop).
🟢 [InteractiveScanner] clickDrop: additional widget [click drop] absorbed (clickDrop + clickDrop).
🟢 [InteractiveScanner] clickDrop: additional widget [click drop] absorbed (clickDrop + clickDrop).
🟢 [InteractiveScanner] clickDrop: additional widget [click drop] absorbed (clickDrop + clickDrop).
🟢 [InteractiveScanner] clickDrop: additional widget [click drop] absorbed (clickDrop + clickDrop).
🟢 [InteractiveScanner] clickDrop: additional widget [click drop] absorbed (clickDrop + clickDrop).
🟢 [InteractiveScanner] clickDrop: additional widget [click drop] absorbed (clickDrop + clickDrop).
🟢 [InteractiveScanner] clickDrop: additional widget [click drop] absorbed (clickDrop + clickDrop).
🟢 [InteractiveScanner] accordion: additional widget [accordion] absorbed (accordion + accordion).
🟢 [InteractiveScanner] accordion: additional widget [accordion] absorbed (accordion + accordion).
🟢 [InteractiveScanner] accordion: additional widget [accordion] absorbed (accordion + accordion).
🟢 [InteractiveScanner] accordion: additional widget [accordion] absorbed (accordion + accordion).
🟢 [InteractiveScanner] wordFind: additional widget [word find] absorbed (wordFind + wordFind).
🟢 [InteractiveScanner] accordion: additional widget [accordion] absorbed (accordion + accordion).
🟢 [InteractiveScanner] accordion: nested [click drop] absorbed as a sub-bundle (clickDrop); host continues.
🟢 [InteractiveScanner] accordion: nested [dropdown] absorbed as a sub-bundle (dropDown); host continues.
🟢 [InteractiveScanner] accordion: nested [dropdown] absorbed as a sub-bundle (dropDown); host continues.
🟢 [InteractiveScanner] accordion: additional widget [accordion] absorbed (accordion + accordion).
🟢 [InteractiveScanner] accordion: additional widget [accordion] absorbed (accordion + accordion).
🟢 [InteractiveScanner] accordion: additional widget [accordion] absorbed (accordion + accordion).
🟢 [InteractiveScanner] accordion: additional widget [accordion] absorbed (accordion + accordion).
🟢 [InteractiveScanner] accordion: additional widget [accordion] absorbed (accordion + accordion).
🟢 [InteractiveScanner] accordion: additional widget [accordion] absorbed (accordion + accordion).
🟢 [InteractiveScanner] accordion: additional widget [accordion] absorbed (accordion + accordion).
🟢 [InteractiveScanner] accordion: additional widget [accordion] absorbed (accordion + accordion).
🟢 [InteractiveScanner] Activity 2C: additional widget [drag and drop] absorbed (dragAndDrop + dragAndDrop).
🟢 [ContentConverter] [h3] right-hand box — its content typed under its own tags on the following lines — built as the side column (positional_side_alert.always_side.tagged_content).
🟢 [InteractiveBuilder] Built accordion #6 from captured data (no placeholder needed).
🟢 [ContentConverter] Page 2.0: the standalone multiChoiceQuiz widget renders inside the open [activity] box — no synthetic box of its own (inside_open_activity).
🟢 [ContentConverter] Page 2.0: [activity] auto-closed before the next h3.
🟢 [InteractiveBuilder] Built speechBubble #10 from captured data (no placeholder needed).
🟢 [ContentConverter] Page 2.0: [activity] auto-closed before the next activity.
🟢 [ContentConverter] Page 2.0: [activity] auto-closed before the next h3.
🟢 [InteractiveBuilder] Built accordion #11 from captured data (no placeholder needed).
🟢 [ContentConverter] Page 2.0: [end accordion] had no open container — ignored.
🟢 [ContentConverter] Page 2.0: [activity] auto-closed before the next h2.
🟢 [ContentConverter] [alert] spans to an explicit end tag (writer-authored box).
🟢 [InteractiveBuilder] Built flipCard #17 from captured data (no placeholder needed).
🟢 [ContentConverter] [alert] spans to an explicit end tag (writer-authored box).
🟢 [InteractiveBuilder] Built accordion #18 from captured data (no placeholder needed).
🟢 [ContentConverter] Page 2.0: [activity] auto-closed before the next alert.
🟢 [InteractiveBuilder] Built clickDrop #19 from captured data (no placeholder needed).
🟢 [ContentConverter] Page 2.0: [end click drop] had no open container — ignored.
🟢 [ContentConverter] Page 2.0: activity numbers normalised (page_number_normalise): 2B → 2C, 2C → 2D.
🟢 [InteractiveScanner] accordion: additional widget [accordion] absorbed (accordion + accordion).
🟢 [InteractiveScanner] Activity 3A: additional widget [accordion] absorbed (accordion + accordion).
🟢 [InteractiveScanner] Activity 3A: additional widget [accordion] absorbed (accordion + accordion).
🟢 [InteractiveScanner] Activity 3A: additional widget [accordion] absorbed (accordion + accordion).
🟢 [InteractiveScanner] Activity 3A: additional widget [accordion] absorbed (accordion + accordion).
🟢 [InteractiveScanner] Activity 3A: additional widget [accordion] absorbed (accordion + accordion).
🟢 [InteractiveScanner] Activity 3D: additional widget [drag and drop] absorbed (dragAndDrop + dragAndDrop).
🟢 [ContentConverter] [h3] right-hand box — its content typed under its own tags on the following lines — built as the side column (positional_side_alert.always_side.tagged_content).
🟢 [InteractiveBuilder] Built accordion #21 from captured data (no placeholder needed).
🟢 [InteractiveBuilder] Built accordion #22 from captured data (no placeholder needed).
🟢 [ContentConverter] Page 3.0: [end accordion] had no open container — ignored.
🟢 [ContentConverter] Page 3.0: [activity] auto-closed before the next h3.
🟢 [InteractiveScanner] Page 4.0: 1 id-carrying heading(s) re-tagged as [Activity N] openers (opener_rule.id_heading_opener).
🟢 [InteractiveScanner] accordion: additional widget [accordion] absorbed (accordion + accordion).
🟢 [InteractiveScanner] Activity 4A: additional widget [accordion] absorbed (accordion + accordion).
🟢 [InteractiveScanner] Activity 4A: additional widget [accordion] absorbed (accordion + accordion).
🟢 [InteractiveScanner] Activity 4A: additional widget [accordion] absorbed (accordion + accordion).
🟢 [ContentConverter] [h3] right-hand box — its content typed under its own tags on the following lines — built as the side column (positional_side_alert.always_side.tagged_content).
🟢 [InteractiveBuilder] Built accordion #25 from captured data (no placeholder needed).
🟢 [ContentConverter] Page 4.0: [end other] had no open container — ignored.
🟠 [ContentConverter] Page 4.0: [activity] was never closed — closed at page end.
🟢 [InteractiveScanner] Page 5.0: 1 id-carrying heading(s) re-tagged as [Activity N] openers (opener_rule.id_heading_opener).
🟢 [InteractiveScanner] accordion: additional widget [accordion] absorbed (accordion + accordion).
🟢 [ContentConverter] [h3] right-hand box — its content typed under its own tags on the following lines — built as the side column (positional_side_alert.always_side.tagged_content).
🟢 [InteractiveBuilder] Built accordion #28 from captured data (no placeholder needed).
🟢 [InteractiveBuilder] Built speechBubble #30 from captured data (no placeholder needed).
🟢 [InteractiveBuilder] Built carousel #32 from captured data (no placeholder needed).
🟢 [ContentConverter] Page 5.0: [activity] auto-closed before the next alert.
🟢 [ContentConverter] [alert] spans to an explicit end tag (writer-authored box).
🟢 [InteractiveBuilder] Built speechBubble #33 from captured data (no placeholder needed).
🟢 [ContentConverter] Page 5.0: [end alert] had no open container — ignored.
🟢 [ContentConverter] Page 5.0: the lead paragraph after [ [Solutions for the drag and drop – correct one in brackets. Please randomise order when creating. If this is too large for a drag and drop, what might you suggest that could work?] ] renders free inside the box (lead_free_after_tag).
🟢 [ContentConverter] [alert] spans to an explicit end tag (writer-authored box).
🟢 [ContentConverter] Page 5.0: activity number normalised (page_number_normalise): 5D → 5E.
🟢 [InteractiveScanner] Page 6.0: 1 id-carrying heading(s) re-tagged as [Activity N] openers (opener_rule.id_heading_opener).
🟢 [InteractiveScanner] accordion: additional widget [accordion] absorbed (accordion + accordion).
🟢 [InteractiveScanner] Activity 6B: additional widget [accordion] absorbed (accordion + accordion).
🟢 [InteractiveScanner] Activity 6B: additional widget [accordion] absorbed (accordion + accordion).
🟢 [InteractiveScanner] Activity 6B: additional widget [accordion] absorbed (accordion + accordion).
🟢 [InteractiveScanner] Activity 6C: additional widget [click drop] absorbed (clickDrop + clickDrop).
🟢 [InteractiveScanner] Activity 6C: additional widget [click drop] absorbed (clickDrop + clickDrop).
🟢 [InteractiveScanner] Activity 6C: additional widget [click drop] absorbed (clickDrop + clickDrop).
🟢 [InteractiveScanner] Activity 6C: additional widget [click drop] absorbed (clickDrop + clickDrop).
🟢 [InteractiveScanner] Activity 6C: additional widget [flip card] absorbed (clickDrop + flipCard).
🟢 [InteractiveScanner] Activity 6C: additional widget [drag and drop] absorbed (clickDrop + dragAndDrop).
🟢 [InteractiveScanner] Activity 6D: additional widget [accordion] absorbed (accordion + accordion).
🟢 [InteractiveScanner] Activity 6D: additional widget [accordion] absorbed (accordion + accordion).
🟢 [InteractiveScanner] Activity 6D: additional widget [accordion] absorbed (accordion + accordion).
🟢 [InteractiveScanner] Activity 6D: additional widget [accordion] absorbed (accordion + accordion).
🟢 [InteractiveBuilder] Built speechBubble #35 from captured data (no placeholder needed).
🟢 [ContentConverter] [h3] right-hand box — its content typed under its own tags on the following lines — built as the side column (positional_side_alert.always_side.tagged_content).
🟢 [InteractiveBuilder] Built accordion #36 from captured data (no placeholder needed).
🟢 [ContentConverter] Page 6.0: [activity] auto-closed before the next activity.
🟢 [InteractiveBuilder] Built accordion #39 from captured data (no placeholder needed).
🟢 [InteractiveBuilder] Built accordion #42 from captured data (no placeholder needed).
🟢 [ContentConverter] Page 6.0: [end accordion] had no open container — ignored.
🟢 [ContentConverter] Page 6.0: activity numbers normalised (page_number_normalise): 6B → 6C, 6C → 6D, 6D → 6F.
🟢 [InteractiveScanner] Page 7.0: 1 id-carrying heading(s) re-tagged as [Activity N] openers (opener_rule.id_heading_opener).
🟢 [InteractiveScanner] accordion: additional widget [accordion] absorbed (accordion + accordion).
🟢 [InteractiveScanner] Activity 7C: additional widget [accordion] absorbed (carousel + accordion).
🟢 [InteractiveScanner] Activity 7C: additional widget [accordion] absorbed (carousel + accordion).
🟢 [InteractiveScanner] Activity 7C: additional widget [accordion] absorbed (carousel + accordion).
🟢 [InteractiveScanner] Activity 7C: additional widget [accordion] absorbed (carousel + accordion).
🟢 [InteractiveScanner] Activity 7C: additional widget [accordion] absorbed (carousel + accordion).
🟢 [InteractiveBuilder] Built carousel #43 from captured data (no placeholder needed).
🟢 [ContentConverter] [h3] right-hand box — its content typed under its own tags on the following lines — built as the side column (positional_side_alert.always_side.tagged_content).
🟢 [InteractiveBuilder] Built accordion #44 from captured data (no placeholder needed).
🟢 [ContentConverter] Page 7.0: [activity] auto-closed before the next alert.
🟢 [ContentConverter] [alert] spans to an explicit end tag (writer-authored box).
🟢 [InteractiveBuilder] Built carousel #45 from captured data (no placeholder needed).
🟢 [ContentConverter] Page 7.0: [activity] auto-closed before the next activity.
🟢 [InteractiveBuilder] Built speechBubble #46 from captured data (no placeholder needed).
🟢 [ContentConverter] Page 7.0: [activity] auto-closed before the next alert.
🟢 [InteractiveBuilder] Built flipCard #47 from captured data (no placeholder needed).
🟢 [InteractiveBuilder] Built speechBubble #49 from captured data (no placeholder needed).
🟢 [ContentConverter] Page 7.0: activity numbers normalised (page_number_normalise): 7B → 7C, 7C → 7D.
🟢 [InteractiveScanner] accordion: additional widget [accordion] absorbed (accordion + accordion).
🟢 [InteractiveScanner] flipCard: additional widget [flip card] absorbed (flipCard + flipCard).
🟢 [InteractiveScanner] flipCard: additional widget [flip card] absorbed (flipCard + flipCard).
🟢 [InteractiveScanner] flipCard: additional widget [flip card] absorbed (flipCard + flipCard).
🟢 [ContentConverter] [h3] right-hand box — its content typed under its own tags on the following lines — built as the side column (positional_side_alert.always_side.tagged_content).
🟢 [InteractiveBuilder] Built accordion #50 from captured data (no placeholder needed).
🟢 [InteractiveBuilder] Built flipCard #52 from captured data (no placeholder needed).
🟢 [InteractiveBuilder] Built dropDown #53 from captured data (no placeholder needed).
🟢 [InteractiveBuilder] Built flipCard #55 from captured data (no placeholder needed).
🟢 [ContentConverter] Page 8.0: [activity] auto-closed before the next h3.
🟢 [InteractiveBuilder] Built speechBubble #57 from captured data (no placeholder needed).
🟢 [InteractiveBuilder] Built speechBubble #59 from captured data (no placeholder needed).
🟢 [InteractiveBuilder] Built speechBubble #60 from captured data (no placeholder needed).
🟢 [ContentConverter] Page 8.0: activity number normalised (page_number_normalise): 1A → 8A.
🟢 [InteractiveScanner] accordion: additional widget [accordion] absorbed (accordion + accordion).
🟢 [InteractiveScanner] Activity 9B: additional widget [drag and drop] absorbed (carousel + dragAndDrop).
🟢 [InteractiveScanner] Activity 9C: additional widget [accordion] absorbed (accordion + accordion).
🟢 [InteractiveScanner] Activity 9C: additional widget [accordion] absorbed (accordion + accordion).
🟢 [InteractiveScanner] Activity 9C: additional widget [accordion] absorbed (accordion + accordion).
🟢 [InteractiveScanner] Activity 9D: additional widget [accordion] absorbed (accordion + accordion).
🟢 [InteractiveScanner] Activity 9D: additional widget [accordion] absorbed (accordion + accordion).
🟢 [InteractiveScanner] Activity 9D: additional widget [accordion] absorbed (accordion + accordion).
🟢 [InteractiveScanner] Activity 9D: additional widget [accordion] absorbed (accordion + accordion).
🟢 [ContentConverter] [h3] right-hand box — its content typed under its own tags on the following lines — built as the side column (positional_side_alert.always_side.tagged_content).
🟢 [InteractiveBuilder] Built accordion #61 from captured data (no placeholder needed).
🟢 [InteractiveBuilder] Built carousel #62 from captured data (no placeholder needed).
🟢 [ContentConverter] Page 9.0: [end word find] had no open container — ignored.
🟢 [ContentConverter] Page 9.0: [end activity] had no open container — ignored.
🟢 [InteractiveBuilder] Built accordion #66 from captured data (no placeholder needed).
🟢 [ContentConverter] Page 9.0: [end accordion] had no open container — ignored.
🟢 [InteractiveBuilder] Built accordion #67 from captured data (no placeholder needed).
🟢 [ContentConverter] Page 9.0: activity box kept open for its trailing upload box (round 314).
🟢 [ContentConverter] Page 9.0: [end accordion] had no open container — ignored.
🟢 [InteractiveBuilder] Built dropDown #68 from captured data (no placeholder needed).
🟢 [ContentConverter] Page 9.0: [activity] auto-closed before the next h2.
🟠 [AcksBuilder] YouTube metadata unavailable for item 18 (stubbed) — possible dead link worth checking: https://youtu.be/VCGNGBGRmlA?si=AzOLm4DSFy8X0o8q
🟠 [AcksBuilder] Unknown media item type "PDF" (item 25) — used "Pdf" as the prefix; add it to Acks_Formats type_prefix_map.
🟢 [AcksBuilder] Media item 30 ("External Link") is a lesson link — no acknowledgement (scope rule).
🟠 [AcksBuilder] YouTube metadata unavailable for item 32 (stubbed) — possible dead link worth checking: https://youtu.be/9KskUAjlu_Y?si=VdOOejlJeczu9nZ2
🟠 [AcksBuilder] YouTube metadata unavailable for item 33 (stubbed) — possible dead link worth checking: https://youtu.be/RY-xv_lzRVk?si=Xm5atYRC837JI8Au
🟠 [AcksBuilder] YouTube metadata unavailable for item 34 (stubbed) — possible dead link worth checking: https://youtu.be/KDs5d_qFbEs?si=wHETJZKKU7H5HjPv
🟠 [AcksBuilder] YouTube metadata unavailable for item 35 (stubbed) — possible dead link worth checking: https://youtu.be/pZNYVPQruVQ?si=ZFr9DtsUggnc3Yhc
🟠 [AcksBuilder] YouTube metadata unavailable for item 36 (stubbed) — possible dead link worth checking: https://youtu.be/PWujGPb6mgo?si=SDqcq5-4bgKtx_Ve
🟠 [AcksBuilder] YouTube metadata unavailable for item 37 (stubbed) — possible dead link worth checking: https://youtu.be/mkRcPj8nkbU?si=NlxMWnwlPJvM4S1J
🟢 [AcksBuilder] Media item 38 ("Link") is a lesson link — no acknowledgement (scope rule).
🟢 [AcksBuilder] Media item 39 ("Link") is a lesson link — no acknowledgement (scope rule).
🟠 [AcksBuilder] Unknown media item type "Website" (item 42) — used "Website" as the prefix; add it to Acks_Formats type_prefix_map.
🟠 [AcksBuilder] Unknown media item type "Website" (item 44) — used "Website" as the prefix; add it to Acks_Formats type_prefix_map.
🟠 [AcksBuilder] Unknown media item type "Website" (item 47) — used "Website" as the prefix; add it to Acks_Formats type_prefix_map.
🟠 [AcksBuilder] YouTube metadata unavailable for item 48 (stubbed) — possible dead link worth checking: https://youtu.be/fW8amMCVAJQ?si=bhAXdfFhELriq142
🟠 [AcksBuilder] YouTube metadata unavailable for item 49 (stubbed) — possible dead link worth checking: https://youtu.be/Bmry14iqC7E?si=24B2E6S8N6mivhSz
🟠 [AcksBuilder] YouTube metadata unavailable for item 50 (stubbed) — possible dead link worth checking: https://youtu.be/sRlnfumrX3s?si=_NtOBGR8A8ztMB7n
🟠 [AcksBuilder] YouTube metadata unavailable for item 51 (stubbed) — possible dead link worth checking: https://youtu.be/cNHc2XCultQ?si=fpco2is04DoRTXmE
🟠 [AcksBuilder] YouTube metadata unavailable for item 71 (stubbed) — possible dead link worth checking: https://youtu.be/reja_Mk6RLo?si=RvL6Ys3sdfvzdwL-
🟠 [AcksBuilder] YouTube metadata unavailable for item 72 (stubbed) — possible dead link worth checking: https://youtu.be/HWhjH5wNEBY?si=lp2idIkJLB7fAT0R
🟠 [AcksBuilder] Unknown media item type "Website" (item 73) — used "Website" as the prefix; add it to Acks_Formats type_prefix_map.
🟠 [AcksBuilder] YouTube metadata unavailable for item 78 (stubbed) — possible dead link worth checking: https://youtu.be/ISU0-5-ytCw?si=fG17IGwzZNPuFhLZ
🟠 [AcksBuilder] YouTube metadata unavailable for item 79 (stubbed) — possible dead link worth checking: https://youtu.be/6yQnws6DeCM?si=vN9qjl6tRq94IOA0
🟠 [AcksBuilder] YouTube metadata unavailable for item 80 (stubbed) — possible dead link worth checking: https://youtu.be/Ql3hcYJAtR4?si=JNtm5GBkLJzRM1F5
🟠 [AcksBuilder] YouTube metadata unavailable for item 81 (stubbed) — possible dead link worth checking: https://youtu.be/eXDODZYxjFM?si=FTDsdWL6RnQg9K_6
🟠 [AcksBuilder] YouTube metadata unavailable for item 83 (stubbed) — possible dead link worth checking: https://youtu.be/cKQIOVjxmfs?si=P6ekY2Gr_PJ9_lT0
🟠 [AcksBuilder] YouTube metadata unavailable for item 85 (stubbed) — possible dead link worth checking: https://youtu.be/3bKuoH8CkFc?si=7L3pGhg5zH2AOnBN
🟠 [AcksBuilder] YouTube metadata unavailable for item 86 (stubbed) — possible dead link worth checking: https://youtu.be/voCVObJ30cI?si=Q0vt4qy8n5XDatQt
🟠 [AcksBuilder] YouTube metadata unavailable for item 88 (stubbed) — possible dead link worth checking: https://youtu.be/erZVMEW-cAM?si=KO_awuSknLmdfeyM
🟠 [AcksBuilder] YouTube metadata unavailable for item 89 (stubbed) — possible dead link worth checking: https://youtu.be/xLoK5rOl8Qk?si=dE_qGLwsJZ6boUdS
🟠 [AcksBuilder] YouTube metadata unavailable for item 103 (stubbed) — possible dead link worth checking: https://youtu.be/t5s8o3tKA4U?si=RwYaeS3oR70c_gZv
🟠 [AcksBuilder] YouTube metadata unavailable for item 104 (stubbed) — possible dead link worth checking: https://youtu.be/M1CHPnZfFmU?si=xQ0YkzEASrRtih2C
🟠 [AcksBuilder] YouTube metadata unavailable for item 105 (stubbed) — possible dead link worth checking: https://youtu.be/52Oi6eHKMFY?si=VawyK-iXHRJubEHj
🟠 [AcksBuilder] YouTube metadata unavailable for item 106 (stubbed) — possible dead link worth checking: https://youtu.be/SsFtJ5H4iWk?si=6ZFnnGU-Dm_C7g9X
🟠 [AcksBuilder] YouTube metadata unavailable for item 107 (stubbed) — possible dead link worth checking: https://youtu.be/YkDjOWLlvto?si=-cZxg_utNy-CsugX
🟠 [AcksBuilder] YouTube metadata unavailable for item 108 (stubbed) — possible dead link worth checking: https://youtu.be/QaEQ7EpnDXk?si=UKJHqsm36Mv6wYQB
🟠 [AcksBuilder] YouTube metadata unavailable for item 109 (stubbed) — possible dead link worth checking: https://youtu.be/NQTw3xgnJOg?si=PRX0-zKlLnxfOuqV
🟠 [AcksBuilder] YouTube metadata unavailable for item 110 (stubbed) — possible dead link worth checking: https://youtu.be/iy9UVyBQPx4?si=NC0_y4DL_dTM9uaw
🟠 [AcksBuilder] YouTube metadata unavailable for item 111 (stubbed) — possible dead link worth checking: https://youtu.be/oAh-U0WBfl4?si=Y__AFZV6RhvrhUVj
🟠 [AcksBuilder] YouTube metadata unavailable for item 112 (stubbed) — possible dead link worth checking: https://youtu.be/SLOppnqDF5Y?si=wJEd8IT7fl8pke_6
🟠 [AcksBuilder] YouTube metadata unavailable for item 113 (stubbed) — possible dead link worth checking: https://youtu.be/M6H0w03GJrQ?si=C-Yp1CLudnKxt8tz
🟠 [AcksBuilder] YouTube metadata unavailable for item 114 (stubbed) — possible dead link worth checking: https://youtu.be/i8AN9tu9Y84?si=A7cuvdg4VRnef1W8
🟠 [AcksBuilder] YouTube metadata unavailable for item 115 (stubbed) — possible dead link worth checking: https://youtu.be/px9CzSZsa0Y?si=Ib7F-7GyvFhk4h4B
🟠 [AcksBuilder] YouTube metadata unavailable for item 116 (stubbed) — possible dead link worth checking: https://youtu.be/J6CnrFvY94E?si=w-RD-s7IbQtUtx76
🟠 [AcksBuilder] YouTube metadata unavailable for item 118 (stubbed) — possible dead link worth checking: https://youtu.be/ZCRPgP7vF4c?si=ov7K4vdDS6L6VF1G
🟠 [AcksBuilder] Unknown media item type "Template" (item 119) — used "Template" as the prefix; add it to Acks_Formats type_prefix_map.
🟠 [AcksBuilder] Unknown media item type "Website" (item 125) — used "Website" as the prefix; add it to Acks_Formats type_prefix_map.
🟠 [AcksBuilder] YouTube metadata unavailable for item 128 (stubbed) — possible dead link worth checking: https://youtu.be/cZM9Z4vM-iM?si=Key13_XqJRZC75qC
🟠 [AcksBuilder] YouTube metadata unavailable for item 129 (stubbed) — possible dead link worth checking: https://youtu.be/bo4HgJHM4zE?si=MXo05DuUG70fYSbk
🟠 [AcksBuilder] YouTube metadata unavailable for item 130 (stubbed) — possible dead link worth checking: https://youtu.be/fPYHNPf5XpA?si=tevwHcmST9lH5COx
🟠 [AcksBuilder] YouTube metadata unavailable for item 132 (stubbed) — possible dead link worth checking: https://youtu.be/9PwIZwIIv10?si=rRwBLT2lQeWsIXG7
🟠 [AcksBuilder] YouTube metadata unavailable for item 133 (stubbed) — possible dead link worth checking: https://youtu.be/U4IU-y9-J8Q?si=rT734aWqC8D8wsVV
🟠 [AcksBuilder] YouTube metadata unavailable for item 134 (stubbed) — possible dead link worth checking: https://youtu.be/YcntJImMNNA?si=YAPhACfjAi2hsKt-
🟠 [AcksBuilder] YouTube metadata unavailable for item 135 (stubbed) — possible dead link worth checking: https://youtu.be/9kDS24W8VRE?si=JICBUT5ZqzhHCC_g
🟢 [AcksBuilder] Media item 136 placed in lesson 9.0 by neighbour interpolation — verify its group.
🟢 [AcksBuilder] Media item 137 placed in lesson 9.0 by neighbour interpolation — verify its group.
🟢 [AcksBuilder] Media item 138 placed in lesson 9.0 by neighbour interpolation — verify its group.
🟢 [AcksBuilder] Media item 139 placed in lesson 9.0 by neighbour interpolation — verify its group.
🟢 [AcksBuilder] Media item 140 placed in lesson 9.0 by neighbour interpolation — verify its group.
🟠 [AcksBuilder] 60 iStock titles could not be verified (no *istock-acks*.txt was supplied); each is marked ❗ and the acks block carries a designer note.
🟢 [ConventionResolver] HTML conventions from group Leaving to Learn|1-3: overview menu tabs, lesson menu flat.
🟢 [PageSplitter] [end page] before [MODULE INTRODUCTION] disregarded — the introduction stays on the overview page (AR-1).
🟢 [PageSplitter] [Lesson 1] repeats the open lesson's number with no body content between — merged, no empty page emitted (lesson_boundary_guard).
🟢 [PageSplitter] [Lesson 2] repeats the open lesson's number with no body content between — merged, no empty page emitted (lesson_boundary_guard).
🟢 [PageSplitter] [Lesson 3] repeats the open lesson's number with no body content between — merged, no empty page emitted (lesson_boundary_guard).
🟢 [PageSplitter] [Lesson 4] repeats the open lesson's number with no body content between — merged, no empty page emitted (lesson_boundary_guard).
🟢 [PageSplitter] [Lesson 5] repeats the open lesson's number with no body content between — merged, no empty page emitted (lesson_boundary_guard).
🟢 [MenuBuilder] Menu heading "Tirohanga Whānui | Overview" is the section label — consumed (the menu scaffolding names it).
🟢 [MenuBuilder] Menu section "Aromatawai | Assessment for Learning" promoted to its own "Standards" nav tab (menu.extra_tabs registry).
🟢 [ContentConverter] Page 1.0: [end activity] had no open container — ignored.
🟢 [ContentConverter] Page 1.0: activity box kept open for its trailing upload box (round 314).
🟢 [InteractiveBuilder] Built dropDown #4 from captured data (no placeholder needed).
🟢 [InteractiveBuilder] Built dropDown #6 from captured data (no placeholder needed).
🟢 [ContentConverter] Page 1.0: [activity] auto-closed before the next alert.
🟢 [InteractiveBuilder] Built carousel #7 from captured data (no placeholder needed).
🟢 [InteractiveBuilder] Built carousel #8 from captured data (no placeholder needed).
🟢 [InteractiveBuilder] Built dropDown #9 from captured data (no placeholder needed).
🟢 [ContentConverter] Page 2.0: activity box kept open for its trailing upload box (round 314).
🟢 [InteractiveBuilder] Built dropDown #13 from captured data (no placeholder needed).
🟢 [ContentConverter] Page 2.0: activity box closed after its upload box — the button is the box's last child (round 376).
🟢 [ContentConverter] Page 2.0: [end activity] had no open container — ignored.
🟢 [ContentConverter] Page 2.0: [end accordion] had no open container — ignored.
🟢 [InteractiveBuilder] Built dropDown #15 from captured data (no placeholder needed).
🟢 [ContentConverter] Page 2.0: [end activity] had no open container — ignored.
🟢 [InteractiveBuilder] Built accordion #16 from captured data (no placeholder needed).
🟢 [ContentConverter] Page 2.0: [end activity] had no open container — ignored.
🟢 [ContentConverter] Page 2.0: activity box kept open for its trailing upload box (round 314).
🟢 [InteractiveBuilder] Built dropDown #18 from captured data (no placeholder needed).
🟢 [ContentConverter] Page 2.0: [activity] auto-closed before the next alert.
🟢 [ContentConverter] Page 2.0: activity numbers normalised (page_number_normalise): 2B → 2C, 2C → 2D, 2D → 2E, 2E → 2F, 2F → 2G, 2G → 2H, 2H → 2I.
🟢 [ContentConverter] Page 3.0: activity box kept open for its trailing upload box (round 314).
🟢 [InteractiveBuilder] Built dropDown #21 from captured data (no placeholder needed).
🟢 [ContentConverter] Page 3.0: [activity] auto-closed before the next activity.
🟢 [ContentConverter] Page 3.0: [end activity] had no open container — ignored.
🟢 [ContentConverter] Page 3.0: activity box kept open for its trailing upload box (round 314).
🟢 [InteractiveBuilder] Built dropDown #24 from captured data (no placeholder needed).
🟢 [ContentConverter] Page 3.0: activity box closed after its upload box — the button is the box's last child (round 376).
🟢 [ContentConverter] Page 3.0: [end activity] had no open container — ignored.
🟢 [InteractiveBuilder] Built carousel #25 from captured data (no placeholder needed).
🟢 [ContentConverter] Page 3.0: [end activity] had no open container — ignored.
🟢 [InteractiveBuilder] Built carousel #26 from captured data (no placeholder needed).
🟢 [ContentConverter] Page 3.0: activity box kept open for its trailing upload box (round 314).
🟢 [InteractiveBuilder] Built dropDown #28 from captured data (no placeholder needed).
🟢 [ContentConverter] Page 3.0: activity box kept open for its trailing upload box (round 314).
🟢 [InteractiveBuilder] Built dropDown #30 from captured data (no placeholder needed).
🟢 [ContentConverter] Page 3.0: activity box closed after its upload box — the button is the box's last child (round 376).
🟢 [ContentConverter] Page 3.0: [end activity] had no open container — ignored.
🟢 [InteractiveBuilder] Built carousel #31 from captured data (no placeholder needed).
🟢 [ContentConverter] Page 3.0: [end activity] had no open container — ignored.
🟢 [ContentConverter] Page 3.0: [activity] auto-closed before the next alert.
🟢 [ContentConverter] Page 3.0: activity number normalised (page_number_normalise): 3H → 3C.
🟢 [ContentConverter] Page 4.0: activity box kept open for its trailing upload box (round 314).
🟢 [InteractiveBuilder] Built dropDown #34 from captured data (no placeholder needed).
🟢 [ContentConverter] Page 4.0: activity box kept open for its trailing upload box (round 314).
🟢 [InteractiveBuilder] Built dropDown #36 from captured data (no placeholder needed).
🟢 [ContentConverter] Page 4.0: activity box kept open for its trailing upload box (round 314).
🟢 [InteractiveBuilder] Built dropDown #38 from captured data (no placeholder needed).
🟢 [InteractiveBuilder] Built carousel #39 from captured data (no placeholder needed).
🟢 [InteractiveBuilder] Built carousel #40 from captured data (no placeholder needed).
🟢 [InteractiveBuilder] Built carousel #41 from captured data (no placeholder needed).
🟢 [ContentConverter] Page 4.0: activity box kept open for its trailing upload box (round 314).
🟢 [InteractiveBuilder] Built dropDown #43 from captured data (no placeholder needed).
🟢 [ContentConverter] Page 4.0: activity box kept open for its trailing upload box (round 314).
🟢 [InteractiveBuilder] Built dropDown #45 from captured data (no placeholder needed).
🟢 [ContentConverter] Page 4.0: [activity] auto-closed before the next alert.
🟢 [ContentConverter] Page 5.0: [activity] auto-closed before the next alert.
🟢 [InteractiveBuilder] Built dropDown #47 from captured data (no placeholder needed).
🟢 [ContentConverter] Page 5.0: [end activity] had no open container — ignored.
🟢 [InteractiveBuilder] Built flipCard #48 from captured data (no placeholder needed).
🟢 [InteractiveBuilder] Built carousel #49 from captured data (no placeholder needed).
🟠 [AcksBuilder] YouTube metadata unavailable for item  (stubbed) — possible dead link worth checking: https://www.youtube.com/watch?v=NwJ_Xwr2irI
🟠 [AcksBuilder] YouTube metadata unavailable for item  (stubbed) — possible dead link worth checking: https://www.youtube.com/watch?v=Iceor4gYXYk
🟠 [AcksBuilder] YouTube metadata unavailable for item  (stubbed) — possible dead link worth checking: https://www.youtube.com/watch?v=TnmNipsyV-4&list=PLp0cU22E4NrJ4QBV63AsKmTEX3w8PT6ZJ
🟠 [AcksBuilder] YouTube metadata unavailable for item  (stubbed) — possible dead link worth checking: https://www.youtube.com/watch?v=nw9OAwGeBPY
🟠 [AcksBuilder] YouTube metadata unavailable for item  (stubbed) — possible dead link worth checking: https://www.youtube.com/watch?v=Y-8b99rGpkM
🟠 [AcksBuilder] YouTube metadata unavailable for item  (stubbed) — possible dead link worth checking: https://www.youtube.com/watch?v=4WASgOyGjjQ
🟠 [AcksBuilder] YouTube metadata unavailable for item  (stubbed) — possible dead link worth checking: https://www.youtube.com/watch?v=UtP-38ojoLQ
🟠 [AcksBuilder] YouTube metadata unavailable for item  (stubbed) — possible dead link worth checking: https://www.youtube.com/watch?v=1Dv-ldGLnIY
🟠 [AcksBuilder] YouTube metadata unavailable for item  (stubbed) — possible dead link worth checking: https://www.youtube.com/watch?v=LNAOgq2UqSk
🟠 [AcksBuilder] YouTube metadata unavailable for item  (stubbed) — possible dead link worth checking: https://www.youtube.com/watch?v=l0G_TdizUeE
🟠 [AcksBuilder] YouTube metadata unavailable for item  (stubbed) — possible dead link worth checking: https://www.youtube.com/watch?v=cNdSP-G5p5k
🟠 [AcksBuilder] YouTube metadata unavailable for item  (stubbed) — possible dead link worth checking: https://www.youtube.com/watch?v=MtRzy2TJAOQ
🟢 [AcksBuilder] Media item  ("Link") is a lesson link — no acknowledgement (scope rule).
🟠 [AcksBuilder] YouTube metadata unavailable for item  (stubbed) — possible dead link worth checking: https://www.youtube.com/watch?v=VlRrlrySaa0
🟠 [AcksBuilder] YouTube metadata unavailable for item  (stubbed) — possible dead link worth checking: https://www.youtube.com/watch?v=3Posbu-VKxU
🟠 [AcksBuilder] YouTube metadata unavailable for item  (stubbed) — possible dead link worth checking: https://www.youtube.com/watch?v=HrxZWNu72WI
🟠 [AcksBuilder] YouTube metadata unavailable for item  (stubbed) — possible dead link worth checking: https://www.youtube.com/watch?v=lIaZ5y2ovsw
🟠 [AcksBuilder] Unknown media item type "Audio clip" (item ) — used "Audio clip" as the prefix; add it to Acks_Formats type_prefix_map.
🟠 [AcksBuilder] Unknown media item type "Audio clip" (item ) — used "Audio clip" as the prefix; add it to Acks_Formats type_prefix_map.
🟠 [AcksBuilder] Unknown media item type "Audio clip" (item ) — used "Audio clip" as the prefix; add it to Acks_Formats type_prefix_map.
🟠 [AcksBuilder] Unknown media item type "Link/button" (item ) — used "Link/button" as the prefix; add it to Acks_Formats type_prefix_map.
🟠 [AcksBuilder] YouTube metadata unavailable for item  (stubbed) — possible dead link worth checking: https://www.youtube.com/watch?v=qNkJQKT_dOE
🟠 [AcksBuilder] YouTube metadata unavailable for item  (stubbed) — possible dead link worth checking: https://www.youtube.com/watch?v=yC-RZphxGUw
🟠 [AcksBuilder] YouTube metadata unavailable for item  (stubbed) — possible dead link worth checking: https://www.youtube.com/watch?v=LFASWuckB1c
🟠 [AcksBuilder] YouTube metadata unavailable for item  (stubbed) — possible dead link worth checking: https://www.youtube.com/watch?v=1ZYbU82GVz4
🟢 [AcksBuilder] Media item  placed in lesson 4.0 by neighbour interpolation — verify its group.
🟢 [AcksBuilder] Media item  placed in lesson 4.0 by neighbour interpolation — verify its group.
🟢 [AcksBuilder] Media item  placed in lesson 4.0 by neighbour interpolation — verify its group.
🟢 [AcksBuilder] Media item  placed in lesson 5.0 by neighbour interpolation — verify its group.
🟠 [AcksBuilder] 90 iStock titles could not be verified (no *istock-acks*.txt was supplied); each is marked ❗ and the acks block carries a designer note.
🟢 [SkeletonBuilder] footer_links "final" value "—" is not a footer pattern (the registry's no-evidence marker) — the KB's final-page form "prev+home" applied (footer.kb_position_defaults).
🟢 [DocxExtractor] Media-list boilerplate dropped: 3 blocks before the media table and 13 blocks after it (the submission checklist) — the template's own instructions, not content.
🟢 [ConventionResolver] HTML conventions from series XWHA (deviation over Leaving to Learn|1-3): overview menu two_col_li, lesson menu two_col_li.
🟢 [PageSplitter] Implicit page break: content continues after [end page] without a [LESSON] tag — opened page 1.0.
🟠 [AcksBuilder] YouTube metadata unavailable for item  (stubbed) — possible dead link worth checking: https://youtu.be/3amo75PcprQ
🟠 [AcksBuilder] Unknown media item type "images" (item ) — used "Images" as the prefix; add it to Acks_Formats type_prefix_map.
🟠 [AcksBuilder] 2 iStock titles could not be verified (no *istock-acks*.txt was supplied); each is marked ❗ and the acks block carries a designer note.
shard 6 -> 35 modules, 474 records
