🟢 [DocxExtractor] Media-list boilerplate dropped: 3 blocks before the media table and 15 blocks after it (the submission checklist) — the template's own instructions, not content.
🟢 [ConventionResolver] HTML conventions from group ANZH|1-3: overview menu two_col_li, lesson menu flat.
🟢 [PageSplitter] Implicit page break: content continues after [end page] without a [LESSON] tag — opened page 2.0 ("Ngā Whare - Housing").
🟢 [PageSplitter] Implicit page break: content continues after [end page] without a [LESSON] tag — opened page 3.0 ("Ngā Weru - Clothing").
🟢 [PageSplitter] Implicit page break: content continues after [end page] without a [LESSON] tag — opened page 4.0 ("Hunting for Food in the Water").
🟢 [PageSplitter] Implicit page break: content continues after [end page] without a [LESSON] tag — opened page 5.0 ("Hunting for Food on the Land").
🟢 [PageSplitter] Implicit page break: content continues after [end page] without a [LESSON] tag — opened page 6.0 ("Working together").
🟢 [PageSplitter] Implicit page break: content continues after [end page] without a [LESSON] tag — opened page 7.0 ("Share Your Learning").
🟢 [MenuBuilder] Menu heading "Tirohanga Whānui | Overview" is the section label — consumed (the menu scaffolding names it).
🟢 [InteractiveScanner] Page 1.0: 1 id-carrying heading(s) re-tagged as [Activity N] openers (opener_rule.id_heading_opener).
🟢 [InteractiveScanner] Page 2.0: 1 id-carrying heading(s) re-tagged as [Activity N] openers (opener_rule.id_heading_opener).
🟢 [ContentConverter] Page 2.0: layout-note [activity] opener merged into the adjacent numbered activity (no empty box).
🟠 [ContentConverter] Page 2.0: [activity] was never closed — closed at page end.
🟢 [InteractiveScanner] Page 3.0: 1 id-carrying heading(s) re-tagged as [Activity N] openers (opener_rule.id_heading_opener).
🟢 [ContentConverter] Page 3.0: [activity] auto-closed before the next activity.
🟢 [ContentConverter] Page 3.0: activity number normalised (page_number_normalise): 3A → 3B.
🟢 [InteractiveScanner] Page 4.0: 1 id-carrying heading(s) re-tagged as [Activity N] openers (opener_rule.id_heading_opener).
🟢 [ContentConverter] Page 4.0: layout-note [activity] opener merged into the adjacent numbered activity (no empty box).
🟠 [ContentConverter] Page 4.0: [activity] was never closed — closed at page end.
🟢 [InteractiveScanner] Page 5.0: 1 id-carrying heading(s) re-tagged as [Activity N] openers (opener_rule.id_heading_opener).
🟢 [ContentConverter] Page 5.0: layout-note [activity] opener merged into the adjacent numbered activity (no empty box).
🟠 [ContentConverter] Page 5.0: [activity] was never closed — closed at page end.
🟢 [InteractiveScanner] Page 6.0: 2 id-carrying heading(s) re-tagged as [Activity N] openers (opener_rule.id_heading_opener).
🟢 [ContentConverter] Page 6.0: layout-note [activity] opener merged into the adjacent numbered activity (no empty box).
🟠 [ContentConverter] Page 6.0: [activity] was never closed — closed at page end.
🟠 [AcksBuilder] YouTube metadata unavailable for item  (stubbed) — possible dead link worth checking: https://www.youtube.com/watch?v=Fhv2C2zXbKo
🟠 [AcksBuilder] Unknown media item type "cartoon" (item ) — used "Cartoon" as the prefix; add it to Acks_Formats type_prefix_map.
🟢 [AcksBuilder] Media item  ("Link") is a lesson link — no acknowledgement (scope rule).
🟠 [AcksBuilder] Unknown media item type "Audio File" (item ) — used "Audio file" as the prefix; add it to Acks_Formats type_prefix_map.
🟠 [AcksBuilder] Unknown media item type "Audio File" (item ) — used "Audio file" as the prefix; add it to Acks_Formats type_prefix_map.
🟠 [AcksBuilder] Unknown media item type "Audio File" (item ) — used "Audio file" as the prefix; add it to Acks_Formats type_prefix_map.
🟠 [AcksBuilder] Unknown media item type "Audio File" (item ) — used "Audio file" as the prefix; add it to Acks_Formats type_prefix_map.
🟠 [AcksBuilder] Unknown media item type "Audio File" (item ) — used "Audio file" as the prefix; add it to Acks_Formats type_prefix_map.
🟠 [AcksBuilder] Unknown media item type "Audio File" (item ) — used "Audio file" as the prefix; add it to Acks_Formats type_prefix_map.
🟢 [AcksBuilder] Media item  ("link") is a lesson link — no acknowledgement (scope rule).
🟢 [AcksBuilder] Media item  ("link") is a lesson link — no acknowledgement (scope rule).
🟢 [AcksBuilder] Media item  ("link") is a lesson link — no acknowledgement (scope rule).
🟢 [AcksBuilder] Media item  ("link") is a lesson link — no acknowledgement (scope rule).
🟠 [AcksBuilder] Media item  sits between lessons 1.0 and 2.0 — placed in 1.0; verify.
🟠 [AcksBuilder] Media item  sits between lessons 1.0 and 2.0 — placed in 1.0; verify.
🟠 [AcksBuilder] Media item  sits between lessons 1.0 and 2.0 — placed in 1.0; verify.
🟠 [AcksBuilder] Media item  sits between lessons 2.0 and 3.0 — placed in 2.0; verify.
🟠 [AcksBuilder] Media item  sits between lessons 3.0 and 4.0 — placed in 3.0; verify.
🟠 [AcksBuilder] Media item  sits between lessons 4.0 and 5.0 — placed in 4.0; verify.
🟠 [AcksBuilder] Media item  sits between lessons 5.0 and 6.0 — placed in 5.0; verify.
🟠 [AcksBuilder] Media item  sits between lessons 5.0 and 6.0 — placed in 5.0; verify.
🟠 [AcksBuilder] Media item  could not be mapped to a lesson — placed in the first group (0.0); verify.
🟠 [AcksBuilder] Media item  could not be mapped to a lesson — placed in the first group (0.0); verify.
🟠 [AcksBuilder] 17 iStock titles could not be verified (no *istock-acks*.txt was supplied); each is marked ❗ and the acks block carries a designer note.
🟢 [DocxExtractor] Media-list boilerplate dropped: 3 blocks before the media table and 15 blocks after it (the submission checklist) — the template's own instructions, not content.
🟢 [ConventionResolver] HTML conventions from series ART (deviation over NCEA1|NCEA): overview menu tabs, lesson menu flat.
🟢 [PageSplitter] [end page] before [MODULE INTRODUCTION] disregarded — the introduction stays on the overview page (AR-1).
🟢 [PageSplitter] Implicit page break: content continues after [end page] without a [LESSON] tag — opened page 1.0.
🟢 [PageSplitter] Implicit page break: content continues after [end page] without a [LESSON] tag — opened page 2.0.
🟢 [PageSplitter] Implicit page break: content continues after [end page] without a [LESSON] tag — opened page 3.0.
🟢 [PageSplitter] Implicit page break: content continues after [end page] without a [LESSON] tag — opened page 4.0.
🟢 [PageSplitter] Implicit page break: content continues after [end page] without a [LESSON] tag — opened page 5.0.
🟢 [PageSplitter] Implicit page break: content continues after [end page] without a [LESSON] tag — opened page 6.0.
🟢 [PageSplitter] Implicit page break: content continues after [end page] without a [LESSON] tag — opened page 7.0.
🟢 [MenuBuilder] Menu heading "Tirohanga Whānui | Overview" is the section label — consumed (the menu scaffolding names it).
🟠 [AcksBuilder] Unknown media item type "Graphic" (item ) — used "Graphic" as the prefix; add it to Acks_Formats type_prefix_map.
🟠 [AcksBuilder] Unknown media item type "Word doc" (item ) — used "Word doc" as the prefix; add it to Acks_Formats type_prefix_map.
🟠 [AcksBuilder] Unknown media item type "Google doc with links" (item ) — used "Google doc with links" as the prefix; add it to Acks_Formats type_prefix_map.
🟠 [AcksBuilder] Unknown media item type "Graphic" (item ) — used "Graphic" as the prefix; add it to Acks_Formats type_prefix_map.
🟠 [AcksBuilder] Unknown media item type "Graphic" (item ) — used "Graphic" as the prefix; add it to Acks_Formats type_prefix_map.
🟠 [AcksBuilder] Unknown media item type "Google doc with links" (item ) — used "Google doc with links" as the prefix; add it to Acks_Formats type_prefix_map.
🟠 [AcksBuilder] Unknown media item type "Google doc with links" (item ) — used "Google doc with links" as the prefix; add it to Acks_Formats type_prefix_map.
🟠 [AcksBuilder] Unknown media item type "Google doc with links" (item ) — used "Google doc with links" as the prefix; add it to Acks_Formats type_prefix_map.
🟠 [AcksBuilder] Unknown media item type "Google doc with links" (item ) — used "Google doc with links" as the prefix; add it to Acks_Formats type_prefix_map.
🟠 [AcksBuilder] Unknown media item type "Graphic" (item ) — used "Graphic" as the prefix; add it to Acks_Formats type_prefix_map.
🟠 [AcksBuilder] Unknown media item type "Google doc with links" (item ) — used "Google doc with links" as the prefix; add it to Acks_Formats type_prefix_map.
🟠 [AcksBuilder] Unknown media item type "Graphic" (item ) — used "Graphic" as the prefix; add it to Acks_Formats type_prefix_map.
🟠 [AcksBuilder] Unknown media item type "Graphic" (item ) — used "Graphic" as the prefix; add it to Acks_Formats type_prefix_map.
🟠 [AcksBuilder] Unknown media item type "U-tube" (item 13A) — used "U-tube" as the prefix; add it to Acks_Formats type_prefix_map.
🟠 [AcksBuilder] Unknown media item type "U-tube" (item 13A) — used "U-tube" as the prefix; add it to Acks_Formats type_prefix_map.
🟠 [AcksBuilder] Unknown media item type "Graphic" (item 16) — used "Graphic" as the prefix; add it to Acks_Formats type_prefix_map.
🟠 [AcksBuilder] Unknown media item type "Text" (item 16A) — used "Text" as the prefix; add it to Acks_Formats type_prefix_map.
🟠 [AcksBuilder] Unknown media item type "Text & Image" (item 16B) — used "Text & image" as the prefix; add it to Acks_Formats type_prefix_map.
🟠 [AcksBuilder] Unknown media item type "Graphic" (item 19) — used "Graphic" as the prefix; add it to Acks_Formats type_prefix_map.
🟠 [AcksBuilder] Unknown media item type "PPT" (item 21) — used "Ppt" as the prefix; add it to Acks_Formats type_prefix_map.
🟠 [AcksBuilder] Unknown media item type "JPG?" (item 24) — used "Jpg?" as the prefix; add it to Acks_Formats type_prefix_map.
🟢 [AcksBuilder] Media item  placed in lesson 7.0 by neighbour interpolation — verify its group.
🟠 [AcksBuilder] 3 iStock titles could not be verified (no *istock-acks*.txt was supplied); each is marked ❗ and the acks block carries a designer note.
🟢 [DocxExtractor] Media-list boilerplate dropped: 3 blocks before the media table — the template's own instructions, not content.
🟢 [ConventionResolver] HTML conventions from group 1-10 Blended Literacy|1-3: overview menu two_col_li, lesson menu two_col_li.
🟢 [PageSplitter] [end page] on the overview disregarded — an introduction-cluster marker follows ([Title]/[Introduction]/[supervisor note]; AR-1 generalised).
🟢 [MenuBuilder] Menu heading "Tirohanga Whānui | Overview" is the section label — consumed (the menu scaffolding names it).
🟢 [MenuBuilder] Menu heading "Understand: As students develop their literacy capabilities and knowledge of written texts, they come to understand how language works and that it follows shared codes and conventions that enable us to make sense of what is heard, written, read, and seen." had no content beneath it — omitted (empty preconfigured scaffolding).
🟢 [InteractiveScanner] flipCard: additional widget [flip card] absorbed (flipCard + flipCard).
🟢 [InteractiveScanner] flipCard: additional widget [flip card] absorbed (flipCard + flipCard).
🟢 [InteractiveScanner] flipCard: additional widget [flip card] absorbed (flipCard + flipCard).
🟢 [InteractiveScanner] flipCard: additional widget [flip card] absorbed (flipCard + flipCard).
🟢 [InteractiveScanner] flipCard: additional widget [flip card] absorbed (flipCard + flipCard).
🟢 [InteractiveBuilder] Built carousel #1 from captured data (no placeholder needed).
🟢 [ContentConverter] Page 1.0: [activity] auto-closed before the next supervisor note.
🟢 [InteractiveBuilder] Built flipCard #5 from captured data (no placeholder needed).
🟢 [InteractiveBuilder] Built dropDown #6 from captured data (no placeholder needed).
🟠 [ContentConverter] Page 1.0: [activity] was never closed — closed at page end.
🟢 [ContentConverter] Page 1.0: activity numbers normalised (page_number_normalise): 1C → 1D, 1D → 1E, 1E → 1F.
🟢 [ContentConverter] Page 2.0: the standalone selfCheck widget renders inside the open [activity] box — no synthetic box of its own (inside_open_activity).
🟢 [ContentConverter] Page 2.0: [activity] auto-closed before the next activity.
🟢 [ContentConverter] Page 2.0: [activity] auto-closed before the next activity.
🟢 [ContentConverter] Page 2.0: [activity] auto-closed before the next side alert.
🟢 [InteractiveBuilder] Built dropDown #10 from captured data (no placeholder needed).
🟢 [InteractiveBuilder] Built dropDown #11 from captured data (no placeholder needed).
🟢 [AcksBuilder] Media item 3. placed in lesson 2.0 by neighbour interpolation — verify its group.
🟢 [AcksBuilder] Media item 4. placed in lesson 2.0 by neighbour interpolation — verify its group.
🟠 [AcksBuilder] 8 iStock titles could not be verified (no *istock-acks*.txt was supplied); each is marked ❗ and the acks block carries a designer note.
🟢 [SkeletonBuilder] footer_links "final" value "—" is not a footer pattern (the registry's no-evidence marker) — the KB's final-page form "prev+home" applied (footer.kb_position_defaults).
🟢 [DocxExtractor] Media-list boilerplate dropped: 3 blocks before the media table — the template's own instructions, not content.
🟢 [ConventionResolver] HTML conventions from group 1-10 Blended Literacy|1-3: overview menu two_col_li, lesson menu two_col_li.
🟢 [PageSplitter] [end page] on the overview disregarded — an introduction-cluster marker follows ([Title]/[Introduction]/[supervisor note]; AR-1 generalised).
🟢 [PageSplitter] Implicit page break: content continues after [end page] without a [LESSON] tag — opened page 1.0.
🟢 [ContentConverter] Page 0.0: supervisor note swapped after its section heading (BLL pairing pre-pass).
🟢 [ContentConverter] Page 0.0: supervisor note paired with its section paragraph (BLL family convention).
🟢 [MenuBuilder] Menu heading "Tirohanga Whānui | Overview" is the section label — consumed (the menu scaffolding names it).
🟢 [InteractiveBuilder] Built carousel #1 from captured data (no placeholder needed).
🟢 [ContentConverter] Page 1.0: the standalone selfCheck widget renders inside the open [activity] box — no synthetic box of its own (inside_open_activity).
🟢 [ContentConverter] Page 1.0: [activity] auto-closed before the next activity.
🟢 [InteractiveBuilder] Built dropDown #5 from captured data (no placeholder needed).
🟢 [ContentConverter] Page 1.0: open [activity] closed by the next activity's widget bundle.
🟢 [InteractiveScanner] Activity 2C: additional widget [modal] absorbed (modal + modal).
🟢 [InteractiveScanner] Activity 2C: additional widget [modal] absorbed (modal + modal).
🟢 [InteractiveScanner] Activity 2C: additional widget [modal] absorbed (modal + modal).
🟢 [InteractiveScanner] Activity 2C: additional widget [modal] absorbed (modal + modal).
🟢 [InteractiveScanner] Activity 2C: additional widget [modal] absorbed (modal + modal).
🟢 [InteractiveScanner] Activity 2C: additional widget [modal] absorbed (modal + modal).
🟢 [InteractiveScanner] Activity 2C: additional widget [modal] absorbed (modal + modal).
🟢 [InteractiveScanner] Activity 2C: additional widget [modal] absorbed (modal + modal).
🟢 [InteractiveScanner] Activity 2C: additional widget [modal] absorbed (modal + modal).
🟢 [InteractiveScanner] Activity 2C: additional widget [modal] absorbed (modal + modal).
🟢 [InteractiveScanner] Activity 2C: additional widget [modal] absorbed (modal + modal).
🟢 [ContentConverter] Page 1.1: activity box kept open for its trailing upload box (round 314).
🟢 [InteractiveBuilder] Built dropDown #9 from captured data (no placeholder needed).
🟢 [ContentConverter] Page 1.1: [activity] auto-closed before the next activity.
🟢 [InteractiveBuilder] Built modal #10 from captured data (no placeholder needed).
🟢 [ContentConverter] Page 1.1: activity box kept open for its trailing upload box (round 314).
🟢 [InteractiveBuilder] Built dropDown #11 from captured data (no placeholder needed).
🟢 [ContentConverter] Page 1.1: [activity] auto-closed before the next activity.
🟢 [InteractiveBuilder] Built carousel #12 from captured data (no placeholder needed).
🟢 [ContentConverter] Page 1.1: [end other] had no open container — ignored.
🟠 [AcksBuilder] Unknown media item type "text" (item 1) — used "Text" as the prefix; add it to Acks_Formats type_prefix_map.
🟠 [AcksBuilder] YouTube metadata unavailable for item 2 (stubbed) — possible dead link worth checking: https://www.youtube.com/watch?v=GQFlIyKAuNI
🟠 [AcksBuilder] YouTube metadata unavailable for item 3 (stubbed) — possible dead link worth checking: https://www.youtube.com/watch?v=yUifh-6Z7cg
🟠 [AcksBuilder] Unknown media item type "Embedded Book" (item 19) — used "Embedded book" as the prefix; add it to Acks_Formats type_prefix_map.
🟠 [AcksBuilder] 15 iStock titles could not be verified (no *istock-acks*.txt was supplied); each is marked ❗ and the acks block carries a designer note.
🟢 [SkeletonBuilder] footer_links "final" value "—" is not a footer pattern (the registry's no-evidence marker) — the KB's final-page form "prev+home" applied (footer.kb_position_defaults).
🟢 [DocxExtractor] Media-list boilerplate dropped: 3 blocks before the media table — the template's own instructions, not content.
🟢 [ConventionResolver] HTML conventions from group 1-10 Blended Literacy|1-3: overview menu two_col_li, lesson menu two_col_li.
🟢 [PageSplitter] [end page] on the overview disregarded — an introduction-cluster marker follows ([Title]/[Introduction]/[supervisor note]; AR-1 generalised).
🟢 [PageSplitter] Implicit page break: content continues after [end page] without a [LESSON] tag — opened page 1.0.
🟢 [ContentConverter] Page 0.0: supervisor note swapped after its section heading (BLL pairing pre-pass).
🟢 [ContentConverter] Page 0.0: supervisor note paired with its section paragraph (BLL family convention).
🟢 [MenuBuilder] Menu heading "Tirohanga Whānui | Overview" is the section label — consumed (the menu scaffolding names it).
🟢 [InteractiveBuilder] Built carousel #1 from captured data (no placeholder needed).
🟢 [ContentConverter] Page 1.0: activity box kept open for its trailing upload box (round 314).
🟢 [InteractiveBuilder] Built dropDown #5 from captured data (no placeholder needed).
🟢 [ContentConverter] Page 1.0: [activity] auto-closed before the next activity.
🟢 [InteractiveBuilder] Built dropDown #6 from captured data (no placeholder needed).
🟢 [InteractiveScanner] Activity 2D: additional widget [dropdown] absorbed (carousel + dropDown).
🟢 [InteractiveBuilder] Built dropDown #7 from captured data (no placeholder needed).
🟢 [ContentConverter] Page 1.1: [activity] auto-closed before the next activity.
🟢 [ContentConverter] Page 1.1: the standalone selfCheck widget renders inside the open [activity] box — no synthetic box of its own (inside_open_activity).
🟢 [ContentConverter] Page 1.1: [activity] auto-closed before the next activity.
🟢 [ContentConverter] Page 1.1: [activity] auto-closed before the next activity.
🟢 [InteractiveBuilder] Built dropDown #10 from captured data (no placeholder needed).
🟢 [ContentConverter] Page 1.1: [end other] had no open container — ignored.
🟠 [AcksBuilder] Unknown media item type "Embedded text" (item 1) — used "Embedded text" as the prefix; add it to Acks_Formats type_prefix_map.
🟠 [AcksBuilder] YouTube metadata unavailable for item 2 (stubbed) — possible dead link worth checking: https://www.youtube.com/watch?v=mTIlDuoSCMI
🟠 [AcksBuilder] Unknown media item type "Embedded text" (item 3) — used "Embedded text" as the prefix; add it to Acks_Formats type_prefix_map.
🟢 [SkeletonBuilder] footer_links "final" value "—" is not a footer pattern (the registry's no-evidence marker) — the KB's final-page form "prev+home" applied (footer.kb_position_defaults).
🟠 [ModuleResolver] Multiple module-code candidates found (BLL213, BLL183) — using BLL213 from filename "BLL213 Writers Template + Media List.docx".
🟢 [DocxExtractor] Media-list boilerplate dropped: 3 blocks before the media table — the template's own instructions, not content.
🟢 [ConventionResolver] HTML conventions from group 1-10 Blended Literacy|1-3: overview menu two_col_li, lesson menu two_col_li.
🟢 [ContentConverter] Page 0.0: supervisor note swapped after its section heading (BLL pairing pre-pass).
🟢 [ContentConverter] Page 0.0: supervisor note paired with its section paragraph (BLL family convention).
🟢 [MenuBuilder] Menu heading "Tirohanga Whānui | Overview" is the section label — consumed (the menu scaffolding names it).
🟢 [InteractiveBuilder] Built carousel #1 from captured data (no placeholder needed).
🟢 [ContentConverter] Page 1.0: [activity] auto-closed before the next activity.
🟢 [InteractiveBuilder] Built dropDown #5 from captured data (no placeholder needed).
🟢 [InteractiveBuilder] Built carousel #6 from captured data (no placeholder needed).
🟢 [InteractiveBuilder] Built accordion #8 from captured data (no placeholder needed).
🟢 [ContentConverter] Page 2.0: [activity] auto-closed before the next activity.
🟢 [ContentConverter] Page 2.0: activity box kept open for the prose after its data table (round 378).
🟢 [ContentConverter] Page 2.0: activity box closed after its upload button — the button is the box's last child (round 376).
🟠 [AcksBuilder] Unknown media item type "Embedded text" (item 1) — used "Embedded text" as the prefix; add it to Acks_Formats type_prefix_map.
🟠 [AcksBuilder] Unknown media item type "Embedded text" (item 3) — used "Embedded text" as the prefix; add it to Acks_Formats type_prefix_map.
🟠 [AcksBuilder] Unknown media item type "Embedded text" (item 4) — used "Embedded text" as the prefix; add it to Acks_Formats type_prefix_map.
🟠 [AcksBuilder] 1 iStock title could not be verified (no *istock-acks*.txt was supplied); each is marked ❗ and the acks block carries a designer note.
🟢 [ConventionResolver] HTML conventions from group 1-10 Blended Literacy|1-3: overview menu two_col_li, lesson menu two_col_li.
🟢 [MenuBuilder] Menu heading "Tirohanga Whānui | Overview" is the section label — consumed (the menu scaffolding names it).
🟢 [ContentConverter] Page 1.0: [activity] auto-closed before the next activity.
🟢 [InteractiveBuilder] Built tabs #1 from captured data (no placeholder needed).
🟢 [InteractiveBuilder] Built dragAndDrop #2 from captured data (no placeholder needed).
🟠 [ContentConverter] Page 1.0: [activity] was never closed — closed at page end.
🟢 [InteractiveScanner] Activity 2B: additional widget [click drop] absorbed (clickDrop + clickDrop).
🟢 [InteractiveScanner] Activity 2B: additional widget [click drop] absorbed (clickDrop + clickDrop).
🟢 [InteractiveScanner] Activity 2B: additional widget [click drop] absorbed (clickDrop + clickDrop).
🟢 [ContentConverter] Page 2.0: [activity] auto-closed before the next activity.
🟢 [InteractiveBuilder] Built clickDrop #4 from captured data (no placeholder needed).
🟢 [ContentConverter] Page 2.0: [activity] auto-closed before the next activity.
🟢 [ContentConverter] Page 2.0: [ [activity 2D] Sequence the story ] — the words inside the red span "Sequence the story" are the activity title (embedded_free_text).
🟢 [ContentConverter] Page 2.0: [activity] auto-closed before the next activity.
🟠 [AcksBuilder] YouTube metadata unavailable for item  (stubbed) — possible dead link worth checking: https://www.youtube.com/watch?v=B7JMIn1nq8M
🟠 [AcksBuilder] YouTube metadata unavailable for item  (stubbed) — possible dead link worth checking: https://www.youtube.com/watch?v=CHyC1ZdJUxE
🟠 [AcksBuilder] Unknown media item type "embedded story" (item ) — used "Embedded story" as the prefix; add it to Acks_Formats type_prefix_map.
🟠 [AcksBuilder] YouTube metadata unavailable for item  (stubbed) — possible dead link worth checking: https://www.youtube.com/watch?v=h66ciHflETg
🟠 [AcksBuilder] YouTube metadata unavailable for item  (stubbed) — possible dead link worth checking: https://www.youtube.com/watch?v=H2deYzImsT0
🟠 [AcksBuilder] YouTube metadata unavailable for item  (stubbed) — possible dead link worth checking: https://www.youtube.com/watch?v=lQOvJsE1Ddg&t=211s
🟠 [AcksBuilder] YouTube metadata unavailable for item  (stubbed) — possible dead link worth checking: https://www.youtube.com/watch?v=CSnyZA8hnUc
🟠 [AcksBuilder] YouTube metadata unavailable for item  (stubbed) — possible dead link worth checking: https://www.youtube.com/watch?v=FVXpDmo2yPU
🟠 [AcksBuilder] 10 iStock titles could not be verified (no *istock-acks*.txt was supplied); each is marked ❗ and the acks block carries a designer note.
🟢 [ModuleResolver] BLL253 is not in the registry members — inherited from its level BLL2 (sibling rule).
🟢 [ConventionResolver] HTML conventions from group 1-10 Blended Literacy|1-3: overview menu two_col_li, lesson menu two_col_li.
🟢 [PageSplitter] [end page] before [MODULE INTRODUCTION] disregarded — the introduction stays on the overview page (AR-1).
🟢 [MenuBuilder] Menu heading "Tirohanga Whānui | Overview" is the section label — consumed (the menu scaffolding names it).
🟢 [MenuBuilder] Menu section "Knowledge:" promoted to its own "Knowledge" nav tab (KB c67 canonical tab set; curriculum_tabs.kb_canonical).
🟢 [MenuBuilder] Menu section "Practices:" promoted to its own "Practices" nav tab (KB c67 canonical tab set; curriculum_tabs.kb_canonical).
🟢 [MenuBuilder] Empty Information tab dropped — the KB c67 omission rule after the canonical Knowledge / Practices promotions (curriculum_tabs.kb_canonical).
🟢 [ContentConverter] Page 1.0: activity box closed after its upload button — the button is the box's last child (round 376).
🟢 [InteractiveBuilder] Built clickDrop #1 from captured data (no placeholder needed).
🟢 [InteractiveBuilder] Built dragAndDrop #4 from captured data (no placeholder needed).
🟢 [ContentConverter] Page 1.0: activity numbers normalised (page_number_normalise): 2B → 1B, 1C → 1D, 1D → 1E, 1E → 1G.
🟢 [InteractiveScanner] clickDrop: additional widget [click drop] absorbed (clickDrop + clickDrop).
🟢 [InteractiveScanner] clickDrop: additional widget [click drop] absorbed (clickDrop + clickDrop).
🟢 [InteractiveScanner] clickDrop: additional widget [click drop] absorbed (clickDrop + clickDrop).
🟢 [InteractiveScanner] clickDrop: additional widget [click drop] absorbed (clickDrop + clickDrop).
🟢 [InteractiveScanner] clickDrop: additional widget [click drop] absorbed (clickDrop + clickDrop).
🟢 [InteractiveScanner] accordion: nested [click drop] absorbed as a sub-bundle (clickDrop); host continues.
🟢 [InteractiveScanner] Activity 2A: additional widget [accordion] absorbed (accordion + accordion).
🟢 [InteractiveScanner] clickDrop: additional widget [click drop] absorbed (clickDrop + clickDrop).
🟢 [InteractiveScanner] clickDrop: additional widget [click drop] absorbed (clickDrop + clickDrop).
🟢 [InteractiveScanner] clickDrop: additional widget [click drop] absorbed (clickDrop + clickDrop).
🟢 [InteractiveScanner] clickDrop: additional widget [click drop] absorbed (clickDrop + clickDrop).
🟢 [InteractiveScanner] accordion: nested [click drop] absorbed as a sub-bundle (clickDrop); host continues.
🟢 [InteractiveScanner] Activity 2A: additional widget [accordion] absorbed (accordion + accordion).
🟢 [InteractiveScanner] accordion: nested [click drop] absorbed as a sub-bundle (clickDrop); host continues.
🟢 [InteractiveScanner] Activity 2C: additional widget [click drop] absorbed (clickDrop + clickDrop).
🟢 [InteractiveScanner] Activity 2C: additional widget [click drop] absorbed (clickDrop + clickDrop).
🟢 [InteractiveScanner] Activity 2C: additional widget [click drop] absorbed (clickDrop + clickDrop).
🟢 [InteractiveScanner] Activity 2C: additional widget [click drop] absorbed (clickDrop + clickDrop).
🟢 [InteractiveScanner] Activity 2C: additional widget [click drop] absorbed (clickDrop + clickDrop).
🟢 [InteractiveScanner] Activity 2C: additional widget [click drop] absorbed (clickDrop + clickDrop).
🟢 [InteractiveScanner] Activity 2C: additional widget [click drop] absorbed (clickDrop + clickDrop).
🟢 [InteractiveScanner] Activity 2C: additional widget [click drop] absorbed (clickDrop + clickDrop).
🟢 [InteractiveScanner] Activity 2C: additional widget [click drop] absorbed (clickDrop + clickDrop).
🟢 [InteractiveScanner] accordion: nested [hint] absorbed as a sub-bundle (hint); host continues.
🟢 [InteractiveScanner] Activity 2E: additional widget [accordion] absorbed (accordion + accordion).
🟢 [InteractiveBuilder] Built clickDrop #8 from captured data (no placeholder needed).
🟢 [InteractiveBuilder] Built clickDrop #9 from captured data (no placeholder needed).
🟢 [InteractiveBuilder] Built clickDrop #10 from captured data (no placeholder needed).
🟢 [InteractiveBuilder] Built accordion #7 from captured data (no placeholder needed).
🟢 [ContentConverter] Page 2.0: activity box closed after its upload button — the button is the box's last child (round 376).
🟢 [InteractiveBuilder] Built clickDrop #11 from captured data (no placeholder needed).
🟢 [ContentConverter] Page 2.0: [activity] auto-closed before the next activity.
🟢 [InteractiveBuilder] Built accordion #12 from captured data (no placeholder needed).
🟢 [InteractiveBuilder] Built accordion #14 from captured data (no placeholder needed).
🟢 [InteractiveBuilder] Built accordion #15 from captured data (no placeholder needed).
🟢 [InteractiveBuilder] Built accordion #16 from captured data (no placeholder needed).
🟢 [ContentConverter] Page 2.0: [end other] had no open container — ignored.
🟠 [AcksBuilder] Unknown media item type "Website" (item ) — used "Website" as the prefix; add it to Acks_Formats type_prefix_map.
🟠 [AcksBuilder] Unknown media item type "Website" (item ) — used "Website" as the prefix; add it to Acks_Formats type_prefix_map.
🟠 [AcksBuilder] Unknown media item type "Website" (item ) — used "Website" as the prefix; add it to Acks_Formats type_prefix_map.
🟠 [AcksBuilder] Unknown media item type "Website" (item ) — used "Website" as the prefix; add it to Acks_Formats type_prefix_map.
🟠 [AcksBuilder] YouTube metadata unavailable for item  (stubbed) — possible dead link worth checking: https://youtu.be/635oQTY61J8?si=p_wvxUNeY_WhsKfn
🟠 [AcksBuilder] Unknown media item type "Link to Sharepoint" (item ) — used "Link to sharepoint" as the prefix; add it to Acks_Formats type_prefix_map.
🟠 [AcksBuilder] Unknown media item type "Website" (item ) — used "Website" as the prefix; add it to Acks_Formats type_prefix_map.
🟠 [AcksBuilder] Unknown media item type "Website" (item ) — used "Website" as the prefix; add it to Acks_Formats type_prefix_map.
🟠 [AcksBuilder] Unknown media item type "Website" (item ) — used "Website" as the prefix; add it to Acks_Formats type_prefix_map.
🟢 [ModuleResolver] BLL274 is not in the registry members — inherited from its level BLL2 (sibling rule).
🟢 [ConventionResolver] HTML conventions from group 1-10 Blended Literacy|1-3: overview menu two_col_li, lesson menu two_col_li.
🟢 [PageSplitter] [end page] before [MODULE INTRODUCTION] disregarded — the introduction stays on the overview page (AR-1).
🟢 [ContentConverter] [supervisor note] spans to an explicit end tag (writer-authored box).
🟢 [ContentConverter] Page 0.0: [supervisor note] spans to its explicit closer — the panel holds everything between (round 390).
🟢 [MenuBuilder] Menu heading "Tirohanga Whānui | Overview" is the section label — consumed (the menu scaffolding names it).
🟢 [MenuBuilder] Menu section "Knowledge:" promoted to its own "Knowledge" nav tab (KB c67 canonical tab set; curriculum_tabs.kb_canonical).
🟢 [MenuBuilder] Menu section "Practices:" promoted to its own "Practices" nav tab (KB c67 canonical tab set; curriculum_tabs.kb_canonical).
🟢 [MenuBuilder] Empty Information tab dropped — the KB c67 omission rule after the canonical Knowledge / Practices promotions (curriculum_tabs.kb_canonical).
🟢 [InteractiveScanner] clickDrop: additional widget [click drop] absorbed (clickDrop + clickDrop).
🟢 [InteractiveBuilder] Built clickDrop #1 from captured data (no placeholder needed).
🟢 [InteractiveBuilder] Built clickDrop #2 from captured data (no placeholder needed).
🟢 [ContentConverter] Page 1.0: [activity] auto-closed before the next activity.
🟢 [ContentConverter] Page 1.0: the standalone dragAndDrop widget renders inside the open [activity] box — no synthetic box of its own (inside_open_activity).
🟢 [ContentConverter] Page 1.0: [activity] auto-closed before the next activity.
🟢 [ContentConverter] Page 1.0: the standalone dragAndDrop widget renders inside the open [activity] box — no synthetic box of its own (inside_open_activity).
🟢 [ContentConverter] Page 1.0: [activity] auto-closed before the next activity.
🟢 [InteractiveScanner] Activity 2E: additional widget [info trigger] absorbed (multiChoiceQuiz + infoTrigger).
🟢 [ContentConverter] Page 2.0: activity number normalised (page_number_normalise): 2E → 2F.
🟢 [PageAssembler] [TITLE BAR] held only "Te Reo Māori" (no English) — using the front-matter Course "Blended Literacy Learning" as the English title; Te Reo kept as the second title.
🟠 [AcksBuilder] YouTube metadata unavailable for item  (stubbed) — possible dead link worth checking: https://youtu.be/c7a2nmWVf5g?si=EHtWevgX1TSwZ9iG
🟠 [AcksBuilder] Unknown media item type "Website" (item ) — used "Website" as the prefix; add it to Acks_Formats type_prefix_map.
🟠 [AcksBuilder] Unknown media item type "Website" (item ) — used "Website" as the prefix; add it to Acks_Formats type_prefix_map.
🟠 [AcksBuilder] 1 iStock title could not be verified (no *istock-acks*.txt was supplied); each is marked ❗ and the acks block carries a designer note.
🟢 [DocxExtractor] Media-list boilerplate dropped: 3 blocks before the media table — the template's own instructions, not content.
🟢 [ConventionResolver] HTML conventions from group ConnectED|4-6: overview menu two_col_li, lesson menu two_col_li.
🟢 [InteractiveScanner] Activity 2A: additional widget [accordion] absorbed (accordion + accordion).
🟢 [InteractiveScanner] Activity 2A: additional widget [accordion] absorbed (accordion + accordion).
🟢 [InteractiveScanner] Activity 3A: additional widget [accordion] absorbed (accordion + accordion).
🟢 [InteractiveScanner] Activity 3A: additional widget [accordion] absorbed (accordion + accordion).
🟢 [InteractiveScanner] Activity 5A: additional widget [accordion] absorbed (accordion + accordion).
🟢 [InteractiveScanner] Activity 5A: additional widget [accordion] absorbed (accordion + accordion).
🟢 [InteractiveScanner] clickDrop: additional widget [click drop] absorbed (clickDrop + clickDrop).
🟢 [InteractiveScanner] clickDrop: additional widget [click drop] absorbed (clickDrop + clickDrop).
🟢 [InteractiveScanner] clickDrop: additional widget [click drop] absorbed (clickDrop + clickDrop).
🟢 [InteractiveScanner] Activity 6A: additional widget [accordion] absorbed (accordion + accordion).
🟢 [InteractiveScanner] Activity 6A: additional widget [accordion] absorbed (accordion + accordion).
🟢 [InteractiveScanner] Activity 6A: additional widget [accordion] absorbed (accordion + accordion).
🟢 [InteractiveBuilder] Built carousel #1 from captured data (no placeholder needed).
🟢 [InteractiveBuilder] Built accordion #2 from captured data (no placeholder needed).
🟢 [ContentConverter] Page 0.0: [end accordion] had no open container — ignored.
🟢 [ContentConverter] Page 0.0: [end activity] had no open container — ignored.
🟢 [InteractiveBuilder] Built accordion #3 from captured data (no placeholder needed).
🟢 [ContentConverter] Page 0.0: [end accordion] had no open container — ignored.
🟢 [ContentConverter] Page 0.0: [end activity] had no open container — ignored.
🟢 [ContentConverter] Page 0.0: [activity] auto-closed before the next activity.
🟢 [InteractiveBuilder] Built accordion #4 from captured data (no placeholder needed).
🟢 [ContentConverter] Page 0.0: [end accordion] had no open container — ignored.
🟢 [InteractiveBuilder] Built clickDrop #5 from captured data (no placeholder needed).
🟢 [ContentConverter] Page 0.0: [end click drop] had no open container — ignored.
🟢 [InteractiveBuilder] Built accordion #6 from captured data (no placeholder needed).
🟢 [ContentConverter] Page 0.0: [end accordion] had no open container — ignored.
🟢 [MenuBuilder] Menu heading "Tirohanga Whānui | Overview" is the section label — consumed (the menu scaffolding names it).
🟢 [PanelsBuilder] 6 panel title heading(s) set to h2 (first_heading_level).
🟠 [AcksBuilder] YouTube metadata unavailable for item  (stubbed) — possible dead link worth checking: https://www.youtube.com/watch?v=HEyulDw4dOw
🟠 [AcksBuilder] YouTube metadata unavailable for item  (stubbed) — possible dead link worth checking: https://www.youtube.com/watch?v=QEzlsjAqADA
🟠 [AcksBuilder] Unknown media item type "Template" (item ) — used "Template" as the prefix; add it to Acks_Formats type_prefix_map.
🟠 [AcksBuilder] Unknown media item type "Template" (item ) — used "Template" as the prefix; add it to Acks_Formats type_prefix_map.
🟠 [AcksBuilder] YouTube metadata unavailable for item  (stubbed) — possible dead link worth checking: https://www.youtube.com/watch?v=MFGg1calQ6k
🟠 [AcksBuilder] 16 iStock titles could not be verified (no *istock-acks*.txt was supplied); each is marked ❗ and the acks block carries a designer note.
🟠 [SkeletonBuilder] module_code value "—" has no module_code_value_map entry — element omitted; add the value to Emit_Templates.
🟢 [ModuleResolver] CEDT102 is not in the registry members — inherited from its level CEDT1 (sibling rule).
🟢 [ModuleResolver] 5 mined registry field(s) held the unknown literal "n/a" — kept the nearest real tier / library-wide default instead (universal-field fallback; env SKELDEFAULT_OFF reverts).
🟢 [DocxExtractor] Media-list boilerplate dropped: 3 blocks before the media table and 15 blocks after it (the submission checklist) — the template's own instructions, not content.
🟢 [ConventionResolver] HTML conventions from group ConnectED|9-10: overview menu two_col_li, lesson menu two_col_li.
🟢 [PageSplitter] Registry says single-file but lesson/page tags exist — keeping ONE file; the tags become in-page breaks (registry rule).
🟢 [InteractiveScanner] Activity 2B: additional widget [modal] absorbed (modal + modal).
🟢 [InteractiveScanner] Activity 2B: additional widget [modal] absorbed (modal + modal).
🟢 [InteractiveScanner] Activity 2B: additional widget [modal] absorbed (modal + modal).
🟢 [InteractiveScanner] Activity 2B: additional widget [modal] absorbed (modal + modal).
🟢 [InteractiveScanner] Activity 2B: additional widget [modal] absorbed (modal + modal).
🟢 [InteractiveScanner] Activity 3B: additional widget [modal] absorbed (modal + modal).
🟢 [InteractiveScanner] Activity 3B: additional widget [modal] absorbed (modal + modal).
🟢 [InteractiveScanner] Activity 3B: additional widget [modal] absorbed (modal + modal).
🟢 [InteractiveScanner] Activity 3B: additional widget [modal] absorbed (modal + modal).
🟢 [InteractiveScanner] Activity 3B: additional widget [modal] absorbed (modal + modal).
🟢 [InteractiveScanner] Activity 4B: additional widget [modal] absorbed (modal + modal).
🟢 [InteractiveScanner] Activity 4B: additional widget [modal] absorbed (modal + modal).
🟢 [InteractiveScanner] Activity 4B: additional widget [modal] absorbed (modal + modal).
🟢 [InteractiveScanner] Activity 4B: additional widget [modal] absorbed (modal + modal).
🟢 [InteractiveScanner] Activity 4B: additional widget [modal] absorbed (modal + modal).
🟢 [InteractiveBuilder] Built carousel #2 from captured data (no placeholder needed).
🟢 [ContentConverter] Page 0.0: [activity] auto-closed before the next activity.
🟢 [ContentConverter] Page 0.0: [activity] auto-closed before the next activity.
🟢 [ContentConverter] Page 0.0: [activity] auto-closed before the next page.
🟢 [InteractiveBuilder] Built carousel #3 from captured data (no placeholder needed).
🟢 [InteractiveBuilder] Built carousel #5 from captured data (no placeholder needed).
🟢 [InteractiveBuilder] Built modal #6 from captured data (no placeholder needed).
🟢 [ContentConverter] Page 0.0: [activity] auto-closed before the next activity.
🟢 [InteractiveBuilder] Built modal #8 from captured data (no placeholder needed).
🟢 [ContentConverter] Page 0.0: [activity] auto-closed before the next activity.
🟢 [InteractiveBuilder] Built modal #10 from captured data (no placeholder needed).
🟢 [MenuBuilder] Menu heading "Tirohanga Whānui | Overview" is the section label — consumed (the menu scaffolding names it).
🟢 [PanelsBuilder] 4 panel title heading(s) set to h2 (first_heading_level).
🟠 [AcksBuilder] YouTube metadata unavailable for item  (stubbed) — possible dead link worth checking: https://www.youtube.com/watch?v=t2WEr3jLAlk
🟠 [AcksBuilder] YouTube metadata unavailable for item  (stubbed) — possible dead link worth checking: https://www.youtube.com/watch?v=SyaLcfMeeEM
🟠 [AcksBuilder] YouTube metadata unavailable for item  (stubbed) — possible dead link worth checking: https://www.youtube.com/watch?v=1wzb-uvD_h8
🟠 [AcksBuilder] YouTube metadata unavailable for item  (stubbed) — possible dead link worth checking: https://www.youtube.com/watch?v=P6mXWXVTIiU
🟠 [AcksBuilder] YouTube metadata unavailable for item  (stubbed) — possible dead link worth checking: https://www.youtube.com/watch?v=vbHQ-OS9_G0
🟠 [AcksBuilder] YouTube metadata unavailable for item  (stubbed) — possible dead link worth checking: https://www.youtube.com/watch?v=YqlxYkRuiSs
🟠 [AcksBuilder] YouTube metadata unavailable for item  (stubbed) — possible dead link worth checking: https://www.youtube.com/watch?v=2O3ICulcHBg
🟠 [AcksBuilder] YouTube metadata unavailable for item  (stubbed) — possible dead link worth checking: https://www.youtube.com/watch?v=mfH3tyMIHDM
🟠 [AcksBuilder] YouTube metadata unavailable for item  (stubbed) — possible dead link worth checking: https://www.youtube.com/watch?v=VaN9uzyUx78&t=38s
🟠 [AcksBuilder] YouTube metadata unavailable for item  (stubbed) — possible dead link worth checking: https://www.youtube.com/watch?v=froFeW3lHoc
🟠 [AcksBuilder] YouTube metadata unavailable for item  (stubbed) — possible dead link worth checking: https://www.youtube.com/watch?v=Ch4vVqpLqPE
🟠 [AcksBuilder] YouTube metadata unavailable for item  (stubbed) — possible dead link worth checking: https://www.youtube.com/watch?v=ZR385Z3nAtk
🟠 [AcksBuilder] YouTube metadata unavailable for item  (stubbed) — possible dead link worth checking: https://www.youtube.com/watch?v=asFmG1iyYQw&t=2s
🟠 [AcksBuilder] YouTube metadata unavailable for item  (stubbed) — possible dead link worth checking: https://www.youtube.com/watch?v=m0RrG6ZzACc
🟠 [AcksBuilder] YouTube metadata unavailable for item  (stubbed) — possible dead link worth checking: https://www.youtube.com/watch?v=4UNRduYI_04
🟠 [AcksBuilder] YouTube metadata unavailable for item  (stubbed) — possible dead link worth checking: https://www.youtube.com/watch?v=kQ6DbWEKyvQ
🟠 [AcksBuilder] YouTube metadata unavailable for item  (stubbed) — possible dead link worth checking: https://www.youtube.com/watch?v=kfJHLMKXiyY
🟠 [AcksBuilder] YouTube metadata unavailable for item  (stubbed) — possible dead link worth checking: https://www.youtube.com/watch?v=4ahxF84jA7c
🟠 [AcksBuilder] YouTube metadata unavailable for item  (stubbed) — possible dead link worth checking: https://www.youtube.com/watch?v=d3qQVSmY9yg
🟠 [AcksBuilder] YouTube metadata unavailable for item  (stubbed) — possible dead link worth checking: https://www.youtube.com/watch?v=C4CaR0syf1g
🟢 [AcksBuilder] Media item  placed in lesson 0.0 by neighbour interpolation — verify its group.
🟢 [AcksBuilder] Media item  placed in lesson 0.0 by neighbour interpolation — verify its group.
🟢 [AcksBuilder] Media item  placed in lesson 0.0 by neighbour interpolation — verify its group.
🟢 [AcksBuilder] Media item  placed in lesson 0.0 by neighbour interpolation — verify its group.
🟢 [AcksBuilder] Media item  placed in lesson 0.0 by neighbour interpolation — verify its group.
🟢 [AcksBuilder] Media item  placed in lesson 0.0 by neighbour interpolation — verify its group.
🟢 [AcksBuilder] Media item  placed in lesson 0.0 by neighbour interpolation — verify its group.
🟢 [AcksBuilder] Media item  placed in lesson 0.0 by neighbour interpolation — verify its group.
🟢 [AcksBuilder] Media item  placed in lesson 0.0 by neighbour interpolation — verify its group.
🟢 [AcksBuilder] Media item  placed in lesson 0.0 by neighbour interpolation — verify its group.
🟢 [AcksBuilder] Media item  placed in lesson 0.0 by neighbour interpolation — verify its group.
🟢 [AcksBuilder] Media item  placed in lesson 0.0 by neighbour interpolation — verify its group.
🟢 [AcksBuilder] Media item  placed in lesson 0.0 by neighbour interpolation — verify its group.
🟢 [AcksBuilder] Media item  placed in lesson 0.0 by neighbour interpolation — verify its group.
🟢 [AcksBuilder] Media item  placed in lesson 0.0 by neighbour interpolation — verify its group.
🟢 [AcksBuilder] Media item  placed in lesson 0.0 by neighbour interpolation — verify its group.
🟢 [AcksBuilder] Media item  placed in lesson 0.0 by neighbour interpolation — verify its group.
🟢 [AcksBuilder] Media item  placed in lesson 0.0 by neighbour interpolation — verify its group.
🟢 [AcksBuilder] Media item  placed in lesson 0.0 by neighbour interpolation — verify its group.
🟢 [AcksBuilder] Media item  placed in lesson 0.0 by neighbour interpolation — verify its group.
🟢 [AcksBuilder] Media item  placed in lesson 0.0 by neighbour interpolation — verify its group.
🟢 [AcksBuilder] Media item  placed in lesson 0.0 by neighbour interpolation — verify its group.
🟢 [AcksBuilder] Media item  placed in lesson 0.0 by neighbour interpolation — verify its group.
🟢 [AcksBuilder] Media item  placed in lesson 0.0 by neighbour interpolation — verify its group.
🟠 [AcksBuilder] Media item  could not be mapped to a lesson — placed in the first group (0.0); verify.
🟠 [AcksBuilder] 20 iStock titles could not be verified (no *istock-acks*.txt was supplied); each is marked ❗ and the acks block carries a designer note.
🟢 [SkeletonBuilder] template attribute "9-10" overridden to the level-1 preset "1-3" (template_phase_presets — the module-level rule outranks sibling inheritance for this attribute only).
🟠 [SkeletonBuilder] module_code value "—" has no module_code_value_map entry — element omitted; add the value to Emit_Templates.
🟢 [SkeletonBuilder] footer_links "overview" value "—" is not a footer pattern (the registry's no-evidence marker) — the KB's overview-page form "next+home" applied (footer.kb_position_defaults).
🟢 [DocxExtractor] Media-list boilerplate dropped: 2 blocks of the media-list heading and preamble (no media table recognised in this document) — the template's own instructions, not content.
🟢 [ConventionResolver] HTML conventions from group 1-10 Languages|combo: overview menu tabs, lesson menu flat.
🟢 [PageSplitter] Registry says single-file but lesson/page tags exist — keeping ONE file; the tags become in-page breaks (registry rule).
🟢 [ContentConverter] Level-page fundamentals dialect: 2 levels (Novice, Emergent) — panels grouped by level, [Page Overview] blocks routed to the module menu (fundamentals_panels.level_pages).
🟢 [InteractiveBuilder] Built carousel #2 from captured data (no placeholder needed).
🟢 [InteractiveBuilder] Built carousel #4 from captured data (no placeholder needed).
🟢 [InteractiveBuilder] Built carousel #6 from captured data (no placeholder needed).
🟢 [InteractiveBuilder] Built flipCard #9 from captured data (no placeholder needed).
🟢 [InteractiveBuilder] Built carousel #10 from captured data (no placeholder needed).
🟢 [MenuBuilder] Overview menu composed as level tabs (Overview + Novice, Emergent; fundamentals_panels.level_pages).
🟠 [AcksBuilder] YouTube metadata unavailable for item  (stubbed) — possible dead link worth checking: https://www.youtube.com/watch?v=d9eCNdv0XMQ
🟠 [AcksBuilder] YouTube metadata unavailable for item  (stubbed) — possible dead link worth checking: https://www.youtube.com/shorts/7YnpQyurLNg
🟠 [AcksBuilder] YouTube metadata unavailable for item  (stubbed) — possible dead link worth checking: https://www.youtube.com/shorts/VYsxm7PQ5gQ
🟠 [AcksBuilder] YouTube metadata unavailable for item  (stubbed) — possible dead link worth checking: https://www.youtube.com/shorts/E2Is8hx3bgs
🟠 [AcksBuilder] YouTube metadata unavailable for item  (stubbed) — possible dead link worth checking: https://www.youtube.com/watch?v=jxh347n7DvQ
🟠 [AcksBuilder] YouTube metadata unavailable for item  (stubbed) — possible dead link worth checking: https://www.youtube.com/watch?v=Iw0adpGLIdk
🟠 [AcksBuilder] YouTube metadata unavailable for item  (stubbed) — possible dead link worth checking: https://www.youtube.com/shorts/PCPoCZeoy8M
🟠 [AcksBuilder] YouTube metadata unavailable for item  (stubbed) — possible dead link worth checking: https://www.youtube.com/watch?v=yE1qRTaPcfw
🟠 [AcksBuilder] YouTube metadata unavailable for item  (stubbed) — possible dead link worth checking: https://www.youtube.com/shorts/PKMjIL_V5Hs
🟠 [AcksBuilder] YouTube metadata unavailable for item  (stubbed) — possible dead link worth checking: https://www.youtube.com/shorts/jblrHpgmRmQ
🟠 [AcksBuilder] YouTube metadata unavailable for item  (stubbed) — possible dead link worth checking: https://www.youtube.com/watch?v=8Uw93AQLc94
🟠 [AcksBuilder] YouTube metadata unavailable for item  (stubbed) — possible dead link worth checking: https://www.youtube.com/shorts/JhBxL79juCc
🟠 [AcksBuilder] YouTube metadata unavailable for item  (stubbed) — possible dead link worth checking: https://www.youtube.com/shorts/dTk_RexXxdQ
🟠 [AcksBuilder] YouTube metadata unavailable for item  (stubbed) — possible dead link worth checking: https://www.youtube.com/shorts/2kbLfp1GgwE
🟠 [AcksBuilder] 16 iStock titles could not be verified (no *istock-acks*.txt was supplied); each is marked ❗ and the acks block carries a designer note.
🟢 [ConventionResolver] HTML conventions from series DTC (deviation over NCEA1|NCEA): overview menu tabs, lesson menu flat.
🟢 [PageSplitter] [end page] before [MODULE INTRODUCTION] disregarded — the introduction stays on the overview page (AR-1).
🟢 [PageSplitter] Implicit page break: content continues after [end page] without a [LESSON] tag — opened page 2.0.
🟢 [PageSplitter] [Lesson 2] repeats the open lesson's number with no body content between — merged, no empty page emitted (lesson_boundary_guard).
🟢 [PageSplitter] Implicit page break: content continues after [end page] without a [LESSON] tag — opened page 6.0.
🟢 [PageSplitter] Implicit page break: content continues after [end page] without a [LESSON] tag — opened page 7.0.
🟢 [PageSplitter] Implicit page break: content continues after [end page] without a [LESSON] tag — opened page 8.0.
🟢 [PageSplitter] Implicit page break: content continues after [end page] without a [LESSON] tag — opened page 9.0.
🟢 [PageSplitter] Implicit page break: content continues after [end page] without a [LESSON] tag — opened page 10.0.
🟢 [PageSplitter] Implicit page break: content continues after [end page] without a [LESSON] tag — opened page 11.0.
🟢 [PageSplitter] Implicit page break: content continues after [end page] without a [LESSON] tag — opened page 13.0.
🟢 [PageSplitter] Implicit page break: content continues after [end page] without a [LESSON] tag — opened page 14.0.
🟢 [PageSplitter] Implicit page break: content continues after [end page] without a [LESSON] tag — opened page 15.0.
🟢 [PageSplitter] Implicit page break: content continues after [end page] without a [LESSON] tag — opened page 16.0.
🟢 [PageSplitter] Implicit page break: content continues after [end page] without a [LESSON] tag — opened page 17.0.
🟢 [PageSplitter] Implicit page break: content continues after [end page] without a [LESSON] tag — opened page 18.0.
🟢 [PageSplitter] Implicit page break: content continues after [end page] without a [LESSON] tag — opened page 19.0.
🟢 [PageSplitter] Implicit page break: content continues after [end page] without a [LESSON] tag — opened page 20.0.
🟠 [PageSplitter] Duplicate lesson label 1.0 (writers reused the number) — relabelled to 12.0; check the source numbering.
🟢 [MenuBuilder] Menu heading "Tirohanga Whānui | Overview" is the section label — consumed (the menu scaffolding names it).
🟢 [MenuBuilder] Menu section "Aromatawai | Assessment for Learning" promoted to its own "Standards" nav tab (KB c67 canonical Standards tab; curriculum_tabs.kb_canonical.standards).
🟢 [ContentConverter] Page 1.0: [activity] auto-closed before the next h2.
🟢 [ContentConverter] [alert] spans to an explicit end tag (writer-authored box).
🟢 [ContentConverter] Page 17.0: [end dropdown] had no open container — ignored.
🟢 [InteractiveBuilder] Built clickDrop #3 from captured data (no placeholder needed).
🟢 [ContentConverter] Page 18.0: [end dropdown] had no open container — ignored.
🟢 [InteractiveBuilder] Built clickDrop #5 from captured data (no placeholder needed).
🟢 [ContentConverter] Page 18.0: [end click drop] had no open container — ignored.
🟢 [ContentConverter] Page 19.0: [end dropdown] had no open container — ignored.
🟢 [ContentConverter] Page 19.0: [end dropdown] had no open container — ignored.
🟢 [InteractiveBuilder] Built dropDown #10 from captured data (no placeholder needed).
🟢 [ContentConverter] Page 19.0: activity box closed after its upload box — the button is the box's last child (round 376).
🟢 [InteractiveBuilder] Built dropDown #11 from captured data (no placeholder needed).
🟢 [ContentConverter] Page 20.0: [end other] had no open container — ignored.
🟠 [AcksBuilder] YouTube metadata unavailable for item  (stubbed) — possible dead link worth checking: https://www.youtube.com/watch?v=-67LhBiWyJM
🟠 [AcksBuilder] YouTube metadata unavailable for item  (stubbed) — possible dead link worth checking: https://www.youtube.com/watch?v=AOHsGkonQwg
🟠 [AcksBuilder] YouTube metadata unavailable for item  (stubbed) — possible dead link worth checking: https://www.youtube.com/watch?v=sTqEmGNtNqk&t=362s
🟠 [AcksBuilder] YouTube metadata unavailable for item 28 (stubbed) — possible dead link worth checking: https://www.youtube.com/watch?v=1PvjRIkwIl8
🟠 [AcksBuilder] YouTube metadata unavailable for item 29 (stubbed) — possible dead link worth checking: https://www.youtube.com/watch?v=2cdpBq5EYFI
🟠 [AcksBuilder] YouTube metadata unavailable for item 30 (stubbed) — possible dead link worth checking: https://www.youtube.com/watch?v=mKx2MkE74kw
🟠 [AcksBuilder] YouTube metadata unavailable for item 31 (stubbed) — possible dead link worth checking: https://www.youtube.com/watch?v=k-JeXyvy7PA
🟢 [AcksBuilder] Media item 38 ("Link") is a lesson link — no acknowledgement (scope rule).
🟢 [AcksBuilder] Media item 39 ("Link") is a lesson link — no acknowledgement (scope rule).
🟢 [AcksBuilder] Media item 40 ("Link") is a lesson link — no acknowledgement (scope rule).
🟢 [AcksBuilder] Media item 41 ("Link") is a lesson link — no acknowledgement (scope rule).
🟢 [AcksBuilder] Media item 42 ("Link") is a lesson link — no acknowledgement (scope rule).
🟢 [AcksBuilder] Media item 43 ("Link") is a lesson link — no acknowledgement (scope rule).
🟢 [AcksBuilder] Media item 44 ("Link") is a lesson link — no acknowledgement (scope rule).
🟢 [AcksBuilder] Media item 45 ("Link") is a lesson link — no acknowledgement (scope rule).
🟢 [AcksBuilder] Media item 45 ("Link") is a lesson link — no acknowledgement (scope rule).
🟢 [AcksBuilder] Media item 46 ("Link") is a lesson link — no acknowledgement (scope rule).
🟢 [AcksBuilder] Media item 47 ("Link") is a lesson link — no acknowledgement (scope rule).
🟢 [AcksBuilder] Media item 48 ("Link") is a lesson link — no acknowledgement (scope rule).
🟢 [AcksBuilder] Media item 49 ("Link") is a lesson link — no acknowledgement (scope rule).
🟠 [AcksBuilder] YouTube metadata unavailable for item 50 (stubbed) — possible dead link worth checking: https://www.youtube.com/watch?v=plxqI5Nn2gM
🟢 [AcksBuilder] Media item 51 ("Link") is a lesson link — no acknowledgement (scope rule).
🟠 [AcksBuilder] Unknown media item type "Application" (item 1) — used "Application" as the prefix; add it to Acks_Formats type_prefix_map.
🟠 [AcksBuilder] Media item 52 sits between lessons 19.0 and 20.0 — placed in 19.0; verify.
🟠 [AcksBuilder] Media item 53 sits between lessons 19.0 and 20.0 — placed in 19.0; verify.
🟠 [ModuleResolver] Multiple module-code candidates found (ENGC204, ENWO307) — using ENGC204 from filename "ENGC204 Writers Template.docx".
🟢 [DocxExtractor] Single-cell page-layout table dissolved into 1 stacked blocks (a one-cell table holding an [Activity] is a box the writer drew, not widget data; round 313).
🟢 [ConventionResolver] HTML conventions from group 1-10 English|4-6: overview menu two_col_li, lesson menu flat.
🟢 [MenuBuilder] Menu section "Knowledge" promoted to its own "Knowledge" nav tab (KB c67 canonical tab set; curriculum_tabs.kb_canonical).
🟢 [MenuBuilder] Menu section "Practices" promoted to its own "Practices" nav tab (KB c67 canonical tab set; curriculum_tabs.kb_canonical).
🟢 [MenuBuilder] Empty Information tab dropped — the KB c67 omission rule after the canonical Knowledge / Practices promotions (curriculum_tabs.kb_canonical).
🟢 [InteractiveScanner] Activity 1B: additional widget [accordion] absorbed (accordion + accordion).
🟢 [InteractiveScanner] Activity 1B: additional widget [accordion] absorbed (accordion + accordion).
🟢 [InteractiveScanner] Activity 1B: additional widget [accordion] absorbed (accordion + accordion).
🟢 [InteractiveBuilder] Built speechBubble #1 from captured data (no placeholder needed).
🟢 [ContentConverter] Page 1.0: [end activity] had no open container — ignored.
🟢 [InteractiveBuilder] Built accordion #4 from captured data (no placeholder needed).
🟢 [ContentConverter] Page 1.0: [end activity] had no open container — ignored.
🟢 [InteractiveBuilder] Built speechBubble #6 from captured data (no placeholder needed).
🟢 [ContentConverter] Page 2.0: [ [Activity 2B] Merge ‘Read these instructions task  ] — the words inside the red span "Merge ‘Read these instructions taskhttps://tekura.desire2learn.com/d2l/le/content/18418/viewContent/166414/View" are the activity title (embedded_free_text, joined with the black tail).
🟢 [ContentConverter] Page 2.0: [end activity] had no open container — ignored.
🟢 [InteractiveBuilder] Built dragAndDrop #10 from captured data (no placeholder needed).
🟢 [ContentConverter] Page 2.0: [end activity] had no open container — ignored.
🟢 [ContentConverter] Page 3.0: [end activity] had no open container — ignored.
🟢 [ContentConverter] Page 3.0: [activity] auto-closed before the next h3.
🟠 [ContentConverter] Page 3.0: [activity] was never closed — closed at page end.
🟢 [InteractiveBuilder] Built speechBubble #15 from captured data (no placeholder needed).
🟢 [ContentConverter] Page 4.0: activity box kept open for its trailing upload box (round 314).
🟢 [InteractiveBuilder] Built dropDown #17 from captured data (no placeholder needed).
🟢 [ContentConverter] Page 4.0: activity box kept open for its trailing upload box (round 314).
🟢 [InteractiveBuilder] Built dropDown #19 from captured data (no placeholder needed).
🟢 [ContentConverter] Page 4.0: activity box kept open for its trailing upload box (round 314).
🟢 [InteractiveBuilder] Built dropDown #21 from captured data (no placeholder needed).
🟠 [ContentConverter] Page 4.0: [activity] was never closed — closed at page end.
🟢 [ContentConverter] Page 5.0: [end activity] had no open container — ignored.
🟢 [ContentConverter] Page 5.0: [end activity] had no open container — ignored.
🟠 [ContentConverter] Page 5.0: [activity] was never closed — closed at page end.
🟢 [InteractiveBuilder] Built speechBubble #27 from captured data (no placeholder needed).
🟢 [ContentConverter] Page 6.0: [activity] auto-closed before the next activity.
🟠 [AcksBuilder] YouTube metadata unavailable for item  (stubbed) — possible dead link worth checking: https://www.youtube.com/watch?v=xvGeBcfysDo
🟠 [AcksBuilder] YouTube metadata unavailable for item  (stubbed) — possible dead link worth checking: https://www.youtube.com/watch?v=x3Yjm745i0s
🟠 [AcksBuilder] YouTube metadata unavailable for item  (stubbed) — possible dead link worth checking: https://www.youtube.com/watch?v=YeJcDS2bKxo
🟠 [AcksBuilder] Unknown media item type "Journal text" (item ) — used "Journal text" as the prefix; add it to Acks_Formats type_prefix_map.
🟠 [AcksBuilder] 21 iStock titles could not be verified (no *istock-acks*.txt was supplied); each is marked ❗ and the acks block carries a designer note.
🟠 [ModuleResolver] Multiple module-code candidates found (ENGI400, ENO509) — using ENGI400 from filename "ENGI400 Writers Template.docx".
🟢 [DocxExtractor] Single-cell page-layout table dissolved into 1 stacked blocks (a one-cell table holding an [Activity] is a box the writer drew, not widget data; round 313).
🟢 [DocxExtractor] Single-cell page-layout table dissolved into 1 stacked blocks (a one-cell table holding an [Activity] is a box the writer drew, not widget data; round 313).
🟢 [ConventionResolver] HTML conventions from group 1-10 English|9-10: overview menu two_col_li, lesson menu flat.
🟢 [PageSplitter] [end page] before [MODULE INTRODUCTION] disregarded — the introduction stays on the overview page (AR-1).
🟢 [MenuBuilder] Menu heading "Tirohanga Whānui | Overview" is the section label — consumed (the menu scaffolding names it).
🟢 [ContentConverter] Page 1.0: layout-note [activity] opener merged into the adjacent numbered activity (no empty box).
🟢 [ContentConverter] Page 1.0: [activity] auto-closed before the next h2.
🟢 [InteractiveScanner] Activity 3A: additional widget [accordion] absorbed (accordion + accordion).
🟢 [ContentConverter] Page 2.0: [activity] auto-closed before the next h2.
🟢 [ContentConverter] Page 2.0: layout-note [activity] opener merged into the adjacent numbered activity (no empty box).
🟢 [ContentConverter] Page 2.0: [activity] auto-closed before the next h2.
🟢 [ContentConverter] Page 2.0: layout-note [activity] opener merged into the adjacent numbered activity (no empty box).
🟢 [ContentConverter] Page 2.0: open [activity] closed by the next activity's widget bundle.
🟢 [ContentConverter] Page 2.0: activity number normalised (page_number_normalise): 3A → 2D.
🟢 [InteractiveScanner] dropDown: additional widget [dropdown] absorbed (dropDown + dropDown).
🟢 [ContentConverter] Page 3.0: [activity] auto-closed before the next h2.
🟢 [InteractiveBuilder] Built dropDown #4 from captured data (no placeholder needed).
🟠 [AcksBuilder] Unknown media item type "Photo-edited" (item ) — used "Photo-edited" as the prefix; add it to Acks_Formats type_prefix_map.
🟠 [AcksBuilder] Unknown media item type "Cartoon image" (item ) — used "Cartoon image" as the prefix; add it to Acks_Formats type_prefix_map.
🟠 [AcksBuilder] Unknown media item type "cartoon" (item ) — used "Cartoon" as the prefix; add it to Acks_Formats type_prefix_map.
🟠 [AcksBuilder] Unknown media item type "Cartoon" (item ) — used "Cartoon" as the prefix; add it to Acks_Formats type_prefix_map.
🟠 [AcksBuilder] Unknown media item type "cartoon" (item ) — used "Cartoon" as the prefix; add it to Acks_Formats type_prefix_map.
🟠 [AcksBuilder] Unknown media item type "cartoon" (item ) — used "Cartoon" as the prefix; add it to Acks_Formats type_prefix_map.
🟠 [AcksBuilder] Unknown media item type "cartoon" (item ) — used "Cartoon" as the prefix; add it to Acks_Formats type_prefix_map.
🟠 [AcksBuilder] Unknown media item type "cartoon" (item ) — used "Cartoon" as the prefix; add it to Acks_Formats type_prefix_map.
🟠 [AcksBuilder] Unknown media item type "cartoon" (item ) — used "Cartoon" as the prefix; add it to Acks_Formats type_prefix_map.
🟠 [AcksBuilder] Unknown media item type "cartoon" (item ) — used "Cartoon" as the prefix; add it to Acks_Formats type_prefix_map.
🟠 [AcksBuilder] Unknown media item type "Cartoon" (item ) — used "Cartoon" as the prefix; add it to Acks_Formats type_prefix_map.
🟠 [AcksBuilder] Unknown media item type "Cartoon" (item ) — used "Cartoon" as the prefix; add it to Acks_Formats type_prefix_map.
🟢 [AcksBuilder] Media item  ("Link") is a lesson link — no acknowledgement (scope rule).
🟢 [AcksBuilder] Media item  ("Link") is a lesson link — no acknowledgement (scope rule).
🟢 [AcksBuilder] Media item  ("Link") is a lesson link — no acknowledgement (scope rule).
🟠 [AcksBuilder] Unknown media item type "Cartoon" (item ) — used "Cartoon" as the prefix; add it to Acks_Formats type_prefix_map.
🟠 [AcksBuilder] Unknown media item type "Cartoon" (item ) — used "Cartoon" as the prefix; add it to Acks_Formats type_prefix_map.
🟠 [AcksBuilder] Unknown media item type "Image cartoon" (item ) — used "Image cartoon" as the prefix; add it to Acks_Formats type_prefix_map.
🟠 [AcksBuilder] Unknown media item type "Cartoon" (item ) — used "Cartoon" as the prefix; add it to Acks_Formats type_prefix_map.
🟠 [AcksBuilder] Unknown media item type "Word image" (item ) — used "Word image" as the prefix; add it to Acks_Formats type_prefix_map.
🟢 [AcksBuilder] Media item  placed in lesson 3.0 by neighbour interpolation — verify its group.
🟢 [AcksBuilder] Media item  placed in lesson 3.0 by neighbour interpolation — verify its group.
🟢 [AcksBuilder] Media item  placed in lesson 3.0 by neighbour interpolation — verify its group.
🟢 [AcksBuilder] Media item  placed in lesson 3.0 by neighbour interpolation — verify its group.
🟢 [AcksBuilder] Media item  placed in lesson 3.0 by neighbour interpolation — verify its group.
🟢 [AcksBuilder] Media item  placed in lesson 3.0 by neighbour interpolation — verify its group.
🟠 [AcksBuilder] 32 iStock titles could not be verified (no *istock-acks*.txt was supplied); each is marked ❗ and the acks block carries a designer note.
🟢 [DocxExtractor] Media-list boilerplate dropped: 3 blocks before the media table — the template's own instructions, not content.
🟢 [ConventionResolver] HTML conventions from series ENGR (deviation over 1-10 English|7-8): overview menu tabs, lesson menu flat.
🟢 [PageSplitter] [end page] before [MODULE INTRODUCTION] disregarded — the introduction stays on the overview page (AR-1).
🟢 [MenuBuilder] Menu heading "Tirohanga Whānui | Overview" is the section label — consumed (the menu scaffolding names it).
🟢 [MenuBuilder] Menu section "Aromatawai | Assessment for learning" promoted to its own "Standards" nav tab (KB c67 canonical Standards tab; curriculum_tabs.kb_canonical.standards).
🟢 [MenuBuilder] Information pane composed as the group's two-column form (menu.tab2_cols registry, kind "balance").
🟢 [InteractiveScanner] Activity 1D: additional widget [radio quiz] absorbed (multiChoiceQuiz + radioQuiz).
🟢 [ContentConverter] Page 1.0: 1 inline definition woven onto the anchor word (orphan definition weave).
🟢 [ContentConverter] Page 1.0: activity box kept open for the prose after its data table (round 378).
🟢 [ContentConverter] Page 1.0: [activity] auto-closed before the next activity.
🟢 [InteractiveBuilder] Built flipCard #5 from captured data (no placeholder needed).
🟠 [ContentConverter] Page 1.0: [activity] was never closed — closed at page end.
🟢 [InteractiveScanner] Activity 2A: additional widget [mcq] absorbed (multiChoiceQuiz + multiChoiceQuiz).
🟢 [InteractiveScanner] modal: additional widget [modal] absorbed (modal + modal).
🟢 [ContentConverter] Page 2.0: 2 inline definitions woven onto the anchor word (orphan definition weave).
🟢 [InteractiveBuilder] Built carousel #6 from captured data (no placeholder needed).
🟢 [InteractiveBuilder] Built hintSlider #8 from captured data (no placeholder needed).
🟢 [InteractiveBuilder] Built clickDrop #9 from captured data (no placeholder needed).
🟢 [ContentConverter] Page 2.0: the lead paragraph after [ [Activity 2B – typing the answers with a self-check]  ] renders free inside the box (lead_free_after_tag).
🟠 [ContentConverter] Page 2.0: [activity] was never closed — closed at page end.
🟢 [InteractiveScanner] Activity 3E: additional widget [mcq] absorbed (multiChoiceQuiz + multiChoiceQuiz).
🟢 [ContentConverter] Page 3.0: 4 inline definitions woven onto the anchor word (orphan definition weave).
🟢 [ContentConverter] [alert] spans to an explicit end tag (writer-authored box).
🟢 [InteractiveBuilder] Built carousel #14 from captured data (no placeholder needed).
🟢 [ContentConverter] Page 3.0: the lead paragraph after [ [Activity 3D – drop and drag] (Sentences currently in correct order. Please jumble) ] renders free inside the box (lead_free_after_tag).
🟠 [ContentConverter] Page 3.0: [activity] was never closed — closed at page end.
🟢 [InteractiveScanner] Activity 4A: additional widget [carousel] absorbed (typing + carousel).
🟢 [InteractiveScanner] accordion: additional widget [accordion] absorbed (accordion + accordion).
🟢 [InteractiveScanner] accordion: nested [drag and drop] absorbed as a sub-bundle (dragAndDrop); host continues.
🟢 [ContentConverter] Page 4.0: 4 inline definitions woven onto the anchor word (orphan definition weave).
🟢 [InteractiveBuilder] Built modal #20 from captured data (no placeholder needed).
🟢 [ContentConverter] Page 4.0: [end other] had no open container — ignored.
🟢 [ContentConverter] Page 4.0: [end other] had no open container — ignored.
🟢 [ContentConverter] Page 4.0: [end other] had no open container — ignored.
🟢 [ContentConverter] Page 4.0: [end other] had no open container — ignored.
🟢 [InteractiveBuilder] Built accordion #22 from captured data (no placeholder needed).
🟠 [ContentConverter] Page 4.0: [activity] was never closed — closed at page end.
🟢 [InteractiveScanner] accordion: additional widget [accordion] absorbed (accordion + accordion).
🟢 [InteractiveScanner] Activity 5F: additional widget [mcq] absorbed (multiChoiceQuiz + multiChoiceQuiz).
🟢 [ContentConverter] Page 5.0: 3 inline definitions woven onto the anchor word (orphan definition weave).
🟢 [ContentConverter] Page 5.0: the lead paragraph after [ [Activity 5A – drag and drop column auto marking] (The text in red is in the correct place. Please jumble them up) ] renders free inside the box (lead_free_after_tag).
🟢 [InteractiveBuilder] Built accordion #25 from captured data (no placeholder needed).
🟢 [InteractiveBuilder] Built accordion #26 from captured data (no placeholder needed).
🟢 [InteractiveBuilder] Built accordion #27 from captured data (no placeholder needed).
🟢 [ContentConverter] Page 5.0: the lead paragraph after [ [Activity 5B – dropdown quiz paragraph – auto marking] ] renders free inside the box (lead_free_after_tag).
🟢 [InteractiveBuilder] Built dropDown #28 from captured data (no placeholder needed).
🟠 [ContentConverter] Page 5.0: [activity] was never closed — closed at page end.
🟢 [InteractiveScanner] modal: additional widget [modal] absorbed (modal + modal).
🟢 [InteractiveScanner] modal: additional widget [modal] absorbed (modal + modal).
🟢 [InteractiveScanner] modal: additional widget [modal] absorbed (modal + modal).
🟢 [InteractiveScanner] modal: additional widget [modal] absorbed (modal + modal).
🟢 [InteractiveScanner] modal: additional widget [modal] absorbed (modal + modal).
🟢 [ContentConverter] Page 6.0: 3 inline definitions woven onto the anchor word (orphan definition weave).
🟢 [ContentConverter] Page 6.0: the lead paragraph after [ [Activity 6A – auto marking radio buttons quiz] ] renders free inside the box (lead_free_after_tag).
🟢 [InteractiveBuilder] Built modal #34 from captured data (no placeholder needed).
🟢 [ContentConverter] Page 6.0: [end other] had no open container — ignored.
🟠 [ContentConverter] Page 6.0: [activity] was never closed — closed at page end.
🟢 [InteractiveScanner] modal: additional widget [modal] absorbed (modal + modal).
🟢 [ContentConverter] Page 7.0: 3 inline definitions woven onto the anchor word (orphan definition weave).
🟢 [ContentConverter] Page 7.0: the lead paragraph after [ [Activity 7A – drop and drag auto marking] ] renders free inside the box (lead_free_after_tag).
🟢 [ContentConverter] Page 7.0: the lead paragraph after [ [Activity 7B – dropdown quiz – automarked] ] renders free inside the box (lead_free_after_tag).
🟢 [InteractiveBuilder] Built dropDown #36 from captured data (no placeholder needed).
🟢 [ContentConverter] Page 7.0: [activity] auto-closed before the next side alert.
🟠 [ContentConverter] Page 7.0: [activity] was never closed — closed at page end.
🟠 [AcksBuilder] YouTube metadata unavailable for item  (stubbed) — possible dead link worth checking: https://youtu.be/Bbijv3KM_II?si=YrkgZXWjr6e3tEUC
🟠 [AcksBuilder] Unknown media item type "Cartoon image" (item ) — used "Cartoon image" as the prefix; add it to Acks_Formats type_prefix_map.
🟠 [AcksBuilder] Unknown media item type "Cartoon image" (item ) — used "Cartoon image" as the prefix; add it to Acks_Formats type_prefix_map.
🟠 [AcksBuilder] Unknown media item type "Cartoon image" (item ) — used "Cartoon image" as the prefix; add it to Acks_Formats type_prefix_map.
🟠 [AcksBuilder] Unknown media item type "Cartoon image" (item ) — used "Cartoon image" as the prefix; add it to Acks_Formats type_prefix_map.
🟠 [AcksBuilder] Unknown media item type "Cartoon image" (item ) — used "Cartoon image" as the prefix; add it to Acks_Formats type_prefix_map.
🟠 [AcksBuilder] Unknown media item type "Cartoon image" (item ) — used "Cartoon image" as the prefix; add it to Acks_Formats type_prefix_map.
🟠 [AcksBuilder] YouTube metadata unavailable for item  (stubbed) — possible dead link worth checking: https://youtu.be/tDxYKGaceho?si=2wpN0SOqiJHGOxt0
🟠 [AcksBuilder] YouTube metadata unavailable for item  (stubbed) — possible dead link worth checking: https://youtu.be/bj5tYPKCaq8?si=fNbOBWjiaKOfeJv9
🟠 [AcksBuilder] YouTube metadata unavailable for item  (stubbed) — possible dead link worth checking: https://youtu.be/kJWOUCBaiic?si=d91MdPIuHFw-xPYQ
🟠 [AcksBuilder] YouTube metadata unavailable for item  (stubbed) — possible dead link worth checking: https://youtu.be/PdLPe7XjdKc?si=qsOO3nFpxT-lrYd5
🟠 [AcksBuilder] YouTube metadata unavailable for item  (stubbed) — possible dead link worth checking: https://youtu.be/hzMhmk2sWzU?si=zazpT-NxpSHHxgk2
🟠 [AcksBuilder] YouTube metadata unavailable for item  (stubbed) — possible dead link worth checking: https://youtu.be/yRNcBm9ThsE?si=D80AeFCjc_JusXFc
🟠 [AcksBuilder] YouTube metadata unavailable for item  (stubbed) — possible dead link worth checking: https://youtu.be/CHzq1MuxG0M?si=HR_kSxUE7cIaWYmS
🟠 [AcksBuilder] Unknown media item type "Google Slides" (item ) — used "Google slides" as the prefix; add it to Acks_Formats type_prefix_map.
🟠 [AcksBuilder] YouTube metadata unavailable for item  (stubbed) — possible dead link worth checking: https://youtu.be/W72eW83rrC8?si=3btnU_XeM6IDkJOJ
🟠 [AcksBuilder] YouTube metadata unavailable for item  (stubbed) — possible dead link worth checking: https://youtu.be/qcHHhd6HizI?si=Es69N3Hu2Rq-fmF_
🟠 [AcksBuilder] YouTube metadata unavailable for item  (stubbed) — possible dead link worth checking: https://youtu.be/tW97UU01ShY?si=TyEyAQZR15efLHWF
🟠 [AcksBuilder] Unknown media item type "Photo of an activity I created on a piece of paper and uploaded to Google Docs" (item ) — used "Photo of an activity i created on a piece of paper and uploaded to google docs" as the prefix; add it to Acks_Formats type_prefix_map.
🟠 [AcksBuilder] YouTube metadata unavailable for item  (stubbed) — possible dead link worth checking: https://youtu.be/AtBUQH8Tkqc
🟠 [AcksBuilder] YouTube metadata unavailable for item  (stubbed) — possible dead link worth checking: https://youtu.be/N2genqtP9Co?si=Huot6pfqBrqPsQkY
🟠 [AcksBuilder] YouTube metadata unavailable for item  (stubbed) — possible dead link worth checking: https://youtu.be/rxrLbnCBBAc?si=Luz539dGJfItAW_e
🟠 [AcksBuilder] YouTube metadata unavailable for item  (stubbed) — possible dead link worth checking: https://youtu.be/rxrLbnCBBAc?si=SVvXHfF0J5Y8B6kj
🟠 [AcksBuilder] YouTube metadata unavailable for item  (stubbed) — possible dead link worth checking: https://youtu.be/cIvQ0TxQyMM?si=VLfCaOUd9c_P7ZA7
🟠 [AcksBuilder] YouTube metadata unavailable for item  (stubbed) — possible dead link worth checking: https://youtu.be/AqLBjbpE0eg?si=5YasEoLlOpbRl6fz
🟠 [AcksBuilder] YouTube metadata unavailable for item  (stubbed) — possible dead link worth checking: https://youtu.be/bIRBQo9SgJI?si=7_fHMd1jKkj_h4D-
🟠 [AcksBuilder] YouTube metadata unavailable for item  (stubbed) — possible dead link worth checking: https://youtu.be/XlMHqdFdO7U?si=X7pQh74uu5KsV0k3
🟠 [AcksBuilder] YouTube metadata unavailable for item  (stubbed) — possible dead link worth checking: https://youtu.be/3h75TYfD_GM?si=w4GlSOapQNezi3X6
🟠 [AcksBuilder] YouTube metadata unavailable for item  (stubbed) — possible dead link worth checking: https://youtu.be/HuK1rmn_8PI?si=8aJYS72RQY8e6fQ5
🟠 [AcksBuilder] YouTube metadata unavailable for item  (stubbed) — possible dead link worth checking: https://youtu.be/PdLPe7XjdKc?si=d99fTQKJ8Ps8uP6i
🟠 [AcksBuilder] YouTube metadata unavailable for item  (stubbed) — possible dead link worth checking: https://youtu.be/N2genqtP9Co?si=U_CWICTkx_JL7XG7
🟠 [AcksBuilder] YouTube metadata unavailable for item  (stubbed) — possible dead link worth checking: https://youtu.be/WfxQuD9weWM?si=vChF99X_thH4FgKH
🟠 [AcksBuilder] YouTube metadata unavailable for item  (stubbed) — possible dead link worth checking: https://youtu.be/D_Rx4qZ8QRc?si=EKAWiqmCPGhPOhUK
🟠 [AcksBuilder] YouTube metadata unavailable for item  (stubbed) — possible dead link worth checking: https://youtu.be/zON0wDD7VJY?si=FK-ax3LsKIWZ2QEp
🟠 [AcksBuilder] YouTube metadata unavailable for item  (stubbed) — possible dead link worth checking: https://youtu.be/8fL7M3Tq28Y?si=fITeeV6W9yS8NBPz
🟠 [AcksBuilder] YouTube metadata unavailable for item  (stubbed) — possible dead link worth checking: https://youtu.be/hDdKxoAVPI4?si=ZeJVyLW34XurH5JE
🟠 [AcksBuilder] YouTube metadata unavailable for item  (stubbed) — possible dead link worth checking: https://youtu.be/9KwsIXaaR7c?si=-8ZSi5GNuyoNOA0b
🟠 [AcksBuilder] YouTube metadata unavailable for item  (stubbed) — possible dead link worth checking: https://youtu.be/3rhGzj6Dt1E?si=oteL9Lv8eis7b7aJ
🟠 [AcksBuilder] YouTube metadata unavailable for item  (stubbed) — possible dead link worth checking: https://youtu.be/ZC38jekCaB8?si=0-EmMjEnztM9MUuS
🟠 [AcksBuilder] YouTube metadata unavailable for item  (stubbed) — possible dead link worth checking: https://youtu.be/NSN_ClxmB5I?si=iqUV_-Sw7sDKYBO9
🟠 [AcksBuilder] YouTube metadata unavailable for item  (stubbed) — possible dead link worth checking: https://youtu.be/2cBZrr2ZUsg?si=8OE_PNULO2Q6W0oA
🟠 [AcksBuilder] YouTube metadata unavailable for item  (stubbed) — possible dead link worth checking: https://youtu.be/RCX-mPstrPU?si=HyRB5M7l5svuKqXu
🟠 [AcksBuilder] YouTube metadata unavailable for item  (stubbed) — possible dead link worth checking: https://youtu.be/bVeWG9q4ZXQ?si=gHME5Rd3T3dfjt5k
🟠 [AcksBuilder] YouTube metadata unavailable for item  (stubbed) — possible dead link worth checking: https://youtu.be/pa10Gy3dbDU?si=B_XISdaRQQOBSXGZ
🟠 [AcksBuilder] YouTube metadata unavailable for item  (stubbed) — possible dead link worth checking: https://youtu.be/Bbijv3KM_II?si=1plIdjFwCU6MNhIy
🟠 [AcksBuilder] YouTube metadata unavailable for item  (stubbed) — possible dead link worth checking: https://youtu.be/hD2l1TFWIUc?si=aJszCfUxCOr4wvwm
🟠 [AcksBuilder] Unknown media item type "Google Docs" (item ) — used "Google docs" as the prefix; add it to Acks_Formats type_prefix_map.
🟠 [AcksBuilder] Unknown media item type "Google Docs" (item ) — used "Google docs" as the prefix; add it to Acks_Formats type_prefix_map.
🟢 [DocxExtractor] Media-list boilerplate dropped: 3 blocks before the media table — the template's own instructions, not content.
🟢 [ConventionResolver] HTML conventions from group EXPlore|combo: overview menu two_col_li, lesson menu default.
🟢 [PageSplitter] Document opens without a literal [TITLE BAR] — overview page opened at the first content tag (Fundamentals-style template).
🟢 [InteractiveScanner] Page 0.0: 6 id-carrying heading(s) re-tagged as [Activity N] openers (opener_rule.id_heading_opener).
🟢 [InteractiveScanner] modal: additional widget [modal] absorbed (modal + modal).
🟢 [InteractiveScanner] modal: additional widget [modal] absorbed (modal + modal).
🟢 [InteractiveScanner] modal: additional widget [modal] absorbed (modal + modal).
🟢 [InteractiveScanner] modal: additional widget [modal] absorbed (modal + modal).
🟢 [InteractiveScanner] accordion: additional widget [accordion] absorbed (accordion + accordion).
🟢 [InteractiveScanner] modal: additional widget [modal] absorbed (modal + modal).
🟢 [InteractiveScanner] modal: additional widget [modal] absorbed (modal + modal).
🟢 [InteractiveScanner] modal: additional widget [modal] absorbed (modal + modal).
🟢 [InteractiveScanner] modal: additional widget [modal] absorbed (modal + modal).
🟢 [InteractiveScanner] modal: additional widget [modal] absorbed (modal + modal).
🟢 [InteractiveScanner] modal: additional widget [modal] absorbed (modal + modal).
🟢 [InteractiveScanner] modal: additional widget [modal] absorbed (modal + modal).
🟢 [InteractiveScanner] modal: additional widget [modal] absorbed (modal + modal).
🟢 [InteractiveScanner] modal: additional widget [modal] absorbed (modal + modal).
🟢 [InteractiveScanner] modal: additional widget [modal] absorbed (modal + modal).
🟢 [InteractiveScanner] modal: additional widget [modal] absorbed (modal + modal).
🟢 [InteractiveScanner] modal: additional widget [modal] absorbed (modal + modal).
🟢 [InteractiveScanner] modal: additional widget [modal] absorbed (modal + modal).
🟢 [InteractiveScanner] modal: additional widget [modal] absorbed (modal + modal).
🟢 [InteractiveScanner] modal: additional widget [modal] absorbed (modal + modal).
🟢 [InteractiveScanner] modal: additional widget [modal] absorbed (modal + modal).
🟢 [InteractiveScanner] modal: additional widget [modal] absorbed (modal + modal).
🟢 [InteractiveScanner] modal: additional widget [modal] absorbed (modal + modal).
🟢 [InteractiveScanner] modal: additional widget [modal] absorbed (modal + modal).
🟢 [InteractiveScanner] modal: additional widget [modal] absorbed (modal + modal).
🟢 [InteractiveBuilder] Built modal #2 from captured data (no placeholder needed).
🟢 [InteractiveBuilder] Built modal #3 from captured data (no placeholder needed).
🟢 [InteractiveBuilder] Built modal #4 from captured data (no placeholder needed).
🟢 [ContentConverter] Page 0.0: [end modal] had no open container — ignored.
🟢 [InteractiveBuilder] Built accordion #5 from captured data (no placeholder needed).
🟢 [ContentConverter] Page 0.0: [end accordion] had no open container — ignored.
🟢 [ContentConverter] Page 0.0: [end tab n] had no open container — ignored.
🟢 [InteractiveBuilder] Built modal #7 from captured data (no placeholder needed).
🟢 [InteractiveBuilder] Built modal #8 from captured data (no placeholder needed).
🟢 [InteractiveBuilder] Built modal #9 from captured data (no placeholder needed).
🟢 [InteractiveBuilder] Built accordion #10 from captured data (no placeholder needed).
🟢 [ContentConverter] Page 0.0: [end accordion] had no open container — ignored.
🟢 [ContentConverter] Page 0.0: [end tab n] had no open container — ignored.
🟢 [ContentConverter] Page 0.0: [end accordion] had no open container — ignored.
🟢 [InteractiveBuilder] Built modal #13 from captured data (no placeholder needed).
🟢 [InteractiveBuilder] Built modal #14 from captured data (no placeholder needed).
🟢 [ContentConverter] Page 0.0: [end modal] had no open container — ignored.
🟢 [InteractiveBuilder] Built accordion #15 from captured data (no placeholder needed).
🟢 [ContentConverter] Page 0.0: [end accordion] had no open container — ignored.
🟢 [ContentConverter] Page 0.0: [end tab n] had no open container — ignored.
🟢 [InteractiveBuilder] Built modal #18 from captured data (no placeholder needed).
🟢 [InteractiveBuilder] Built modal #19 from captured data (no placeholder needed).
🟢 [InteractiveBuilder] Built accordion #20 from captured data (no placeholder needed).
🟢 [ContentConverter] Page 0.0: [end accordion] had no open container — ignored.
🟢 [ContentConverter] Page 0.0: [end tab n] had no open container — ignored.
🟢 [InteractiveBuilder] Built modal #23 from captured data (no placeholder needed).
🟢 [InteractiveBuilder] Built modal #24 from captured data (no placeholder needed).
🟢 [InteractiveBuilder] Built accordion #25 from captured data (no placeholder needed).
🟢 [ContentConverter] Page 0.0: [end accordion] had no open container — ignored.
🟢 [ContentConverter] Page 0.0: [end tab n] had no open container — ignored.
🟢 [InteractiveBuilder] Built modal #28 from captured data (no placeholder needed).
🟢 [InteractiveBuilder] Built modal #29 from captured data (no placeholder needed).
🟢 [InteractiveBuilder] Built accordion #30 from captured data (no placeholder needed).
🟢 [ContentConverter] Page 0.0: [end accordion] had no open container — ignored.
🟢 [ContentConverter] Page 0.0: [end tab n] had no open container — ignored.
🟢 [PanelsBuilder] 6 panel title heading(s) set to h2 (first_heading_level).
🟠 [AcksBuilder] YouTube metadata unavailable for item  (stubbed) — possible dead link worth checking: https://www.youtube.com/watch?v=d0jEF66xSBA
🟠 [AcksBuilder] YouTube metadata unavailable for item  (stubbed) — possible dead link worth checking: https://www.youtube.com/watch?v=hiiEeMN7vbQ
🟠 [AcksBuilder] YouTube metadata unavailable for item  (stubbed) — possible dead link worth checking: https://www.youtube.com/watch?v=jYNG5XhrvGQ
🟠 [AcksBuilder] YouTube metadata unavailable for item  (stubbed) — possible dead link worth checking: https://www.youtube.com/watch?v=sYBw9-8eCuM
🟠 [AcksBuilder] YouTube metadata unavailable for item  (stubbed) — possible dead link worth checking: https://www.youtube.com/watch?v=3ML_uBKpD6Y
🟠 [AcksBuilder] YouTube metadata unavailable for item  (stubbed) — possible dead link worth checking: https://www.youtube.com/watch?v=8BL9uRJpTqY
🟠 [AcksBuilder] YouTube metadata unavailable for item  (stubbed) — possible dead link worth checking: https://www.youtube.com/watch?v=kgTVYh6t-Jg
🟠 [AcksBuilder] YouTube metadata unavailable for item  (stubbed) — possible dead link worth checking: https://www.youtube.com/watch?v=ohf8-Mo8iyY
🟠 [AcksBuilder] YouTube metadata unavailable for item  (stubbed) — possible dead link worth checking: https://www.youtube.com/watch?v=MiM9-rxXIHw
🟠 [AcksBuilder] YouTube metadata unavailable for item  (stubbed) — possible dead link worth checking: https://www.youtube.com/watch?v=ijK0-g7fSiE
🟠 [AcksBuilder] YouTube metadata unavailable for item  (stubbed) — possible dead link worth checking: https://www.youtube.com/watch?v=DSIdaTSG2Gg&t=3s
🟠 [AcksBuilder] YouTube metadata unavailable for item  (stubbed) — possible dead link worth checking: https://www.youtube.com/watch?v=dqz5D5V1t3k
🟠 [AcksBuilder] YouTube metadata unavailable for item  (stubbed) — possible dead link worth checking: https://www.youtube.com/watch?v=e4MaGyAIef4
🟠 [AcksBuilder] YouTube metadata unavailable for item  (stubbed) — possible dead link worth checking: https://www.youtube.com/watch?v=CfdFw3hXkf0
🟠 [AcksBuilder] YouTube metadata unavailable for item  (stubbed) — possible dead link worth checking: https://www.youtube.com/watch?v=dpv06SFHtRg
🟠 [AcksBuilder] YouTube metadata unavailable for item  (stubbed) — possible dead link worth checking: https://www.youtube.com/watch?v=ZtHZyJTfvHc
🟠 [AcksBuilder] YouTube metadata unavailable for item  (stubbed) — possible dead link worth checking: https://www.youtube.com/watch?v=v3gesZPdcDs 17.34 onwards (can we put a link for the whole video to those who are interested as there are 8 innovator exemplars prior to this summary) so not the whole think, just a link for further interest.
🟠 [AcksBuilder] YouTube metadata unavailable for item  (stubbed) — possible dead link worth checking: https://www.youtube.com/watch?v=8P8gspd_Bx8
🟠 [AcksBuilder] Media item  could not be mapped to a lesson — placed in the first group (0.0); verify.
🟠 [AcksBuilder] Media item  could not be mapped to a lesson — placed in the first group (0.0); verify.
🟠 [AcksBuilder] Media item  could not be mapped to a lesson — placed in the first group (0.0); verify.
🟠 [AcksBuilder] Media item  could not be mapped to a lesson — placed in the first group (0.0); verify.
🟠 [AcksBuilder] Media item  could not be mapped to a lesson — placed in the first group (0.0); verify.
🟠 [AcksBuilder] Media item  could not be mapped to a lesson — placed in the first group (0.0); verify.
🟠 [AcksBuilder] Media item  could not be mapped to a lesson — placed in the first group (0.0); verify.
🟠 [AcksBuilder] Media item  could not be mapped to a lesson — placed in the first group (0.0); verify.
🟠 [AcksBuilder] Media item  could not be mapped to a lesson — placed in the first group (0.0); verify.
🟠 [AcksBuilder] Media item  could not be mapped to a lesson — placed in the first group (0.0); verify.
🟠 [AcksBuilder] Media item  could not be mapped to a lesson — placed in the first group (0.0); verify.
🟠 [AcksBuilder] Media item  could not be mapped to a lesson — placed in the first group (0.0); verify.
🟠 [AcksBuilder] Media item  could not be mapped to a lesson — placed in the first group (0.0); verify.
🟠 [AcksBuilder] Media item  could not be mapped to a lesson — placed in the first group (0.0); verify.
🟠 [AcksBuilder] Media item  could not be mapped to a lesson — placed in the first group (0.0); verify.
🟠 [AcksBuilder] Media item  could not be mapped to a lesson — placed in the first group (0.0); verify.
🟠 [AcksBuilder] Media item  could not be mapped to a lesson — placed in the first group (0.0); verify.
🟠 [AcksBuilder] Media item  could not be mapped to a lesson — placed in the first group (0.0); verify.
🟠 [AcksBuilder] Media item  could not be mapped to a lesson — placed in the first group (0.0); verify.
🟠 [AcksBuilder] Media item  could not be mapped to a lesson — placed in the first group (0.0); verify.
🟠 [AcksBuilder] Media item  could not be mapped to a lesson — placed in the first group (0.0); verify.
🟠 [AcksBuilder] 2 iStock titles could not be verified (no *istock-acks*.txt was supplied); each is marked ❗ and the acks block carries a designer note.
🟠 [ModuleResolver] Multiple module-code candidates found (HIS1008, HIS1000) — using HIS1008 from filename "HIS1008 Writers Template + Media List.docx".
🟢 [DocxExtractor] Media-list boilerplate dropped: 2 blocks before the media table; 1 writer note in that section kept — the template's own instructions, not content.
🟢 [ConventionResolver] HTML conventions from group NCEA1|NCEA: overview menu tabs, lesson menu flat.
🟢 [PageSplitter] "[rollover for mana: if you are not familiar with mana, pleas" mentions lesson inside a writer instruction — not a page boundary (lesson_boundary_guard).
🟢 [PageSplitter] [end page] before [MODULE INTRODUCTION] disregarded — the introduction stays on the overview page (AR-1).
🟢 [PageSplitter] Adjacent page boundaries merged — no empty page emitted (AR-2).
🟢 [PageSplitter] Implicit page break: content continues after [end page] without a [LESSON] tag — opened page 4.0.
🟢 [PageSplitter] Implicit page break: content continues after [end page] without a [LESSON] tag — opened page 8.0.
🟠 [PageSplitter] Duplicate lesson label 4.0 (writers reused the number) — relabelled to 5.0; check the source numbering.
🟠 [PageSplitter] Duplicate lesson label 5.0 (writers reused the number) — relabelled to 6.0; check the source numbering.
🟠 [PageSplitter] Duplicate lesson label 6.0 (writers reused the number) — relabelled to 7.0; check the source numbering.
🟠 [ContentConverter] Page 0.0: [activity] was never closed — closed at page end.
🟢 [MenuBuilder] Menu heading "Tirohanga Whānui | Overview" is the section label — consumed (the menu scaffolding names it).
🟢 [MenuBuilder] Menu section "Aromatawai | Assessment for Learning" promoted to its own "Standards" nav tab (menu.extra_tabs registry).
🟢 [MenuBuilder] Information pane composed as the group's two-column form (menu.tab2_cols registry, kind "balance").
🟢 [ActivitiesBuilder] 1 activity title heading(s) set to h3 (title_heading_level).
🟢 [ContentConverter] Page 1.0: layout-note [activity] opener merged into the adjacent numbered activity (no empty box).
🟢 [ContentConverter] Page 1.0: [ [Activity 1A] What Does it Mean? ] — the words inside the red span "What Does it Mean?" are the activity title (embedded_free_text).
🟢 [ContentConverter] Page 1.0: layout-note [activity] opener merged into the adjacent numbered activity (no empty box).
🟢 [ContentConverter] Page 1.0: layout-note [activity] opener merged into the adjacent numbered activity (no empty box).
🟢 [ContentConverter] Page 1.0: mode [activity] opener suppressed — the numbered activity after it is owned by its widget bundle (round 379, no empty box).
🟢 [InteractiveBuilder] Built accordion #1 from captured data (no placeholder needed).
🟢 [ContentConverter] Page 1.0: [end other] had no open container — ignored.
🟢 [InteractiveScanner] Activity 1E: additional widget [drag and drop] absorbed (dragAndDrop + dragAndDrop).
🟢 [ContentConverter] Page 1.2: the lesson's simplified menu inherited from page 1.0 — a continuation page belongs to the same lesson (KB 01B; menu.lesson_continuation_inherits).
🟢 [ContentConverter] Page 1.2: mode [activity] opener suppressed — the numbered activity after it is owned by its widget bundle (round 379, no empty box).
🟢 [ContentConverter] Page 1.2: layout-note [activity] opener merged into the adjacent numbered activity (no empty box).
🟢 [ContentConverter] Page 1.2: [activity] auto-closed before the next alert.
🟢 [ContentConverter] Page 1.2: activity number normalised (page_number_normalise): 1E → 1A.
🟢 [InteractiveScanner] Activity 2D: additional widget [accordion] absorbed (accordion + accordion).
🟢 [InteractiveScanner] Activity 2D: additional widget [accordion] absorbed (accordion + accordion).
🟢 [InteractiveScanner] Activity 2D: additional widget [accordion] absorbed (accordion + accordion).
🟢 [ContentConverter] Page 2.0: layout-note [activity] opener merged into the adjacent numbered activity (no empty box).
🟢 [ContentConverter] Page 2.0: layout-note [activity] opener merged into the adjacent numbered activity (no empty box).
🟢 [ContentConverter] Page 2.0: [activity] auto-closed before the next important.
🟢 [ContentConverter] [important] spans to an explicit end tag (writer-authored box).
🟢 [ContentConverter] Page 2.0: [end other] had no open container — ignored.
🟢 [ContentConverter] Page 2.0: layout-note [activity] opener merged into the adjacent numbered activity (no empty box).
🟢 [ContentConverter] Page 2.0: mode [activity] opener suppressed — the numbered activity after it is owned by its widget bundle (round 379, no empty box).
🟢 [InteractiveBuilder] Built accordion #3 from captured data (no placeholder needed).
🟢 [ContentConverter] Page 2.0: [end other] had no open container — ignored.
🟢 [ContentConverter] Page 2.0: layout-note [activity] opener merged into the adjacent numbered activity (no empty box).
🟢 [ContentConverter] Page 2.1: the lesson's simplified menu inherited from page 2.0 — a continuation page belongs to the same lesson (KB 01B; menu.lesson_continuation_inherits).
🟢 [ContentConverter] Page 2.1: layout-note [activity] opener merged into the adjacent numbered activity (no empty box).
🟢 [ContentConverter] [alert] spans to an explicit end tag (writer-authored box).
🟢 [ContentConverter] Page 2.1: layout-note [activity] opener merged into the adjacent numbered activity (no empty box).
🟢 [ContentConverter] Page 2.1: mode [activity] opener suppressed — the numbered activity after it is owned by its widget bundle (round 379, no empty box).
🟢 [ContentConverter] Page 2.1: [end other] had no open container — ignored.
🟢 [InteractiveScanner] Activity 3B: additional widget [speech bubble] absorbed (accordion + speechBubble).
🟢 [ContentConverter] [button] with a video URL → the video embed (video_destination, next-tag-url).
🟢 [ContentConverter] Page 3.0: layout-note [activity] opener merged into the adjacent numbered activity (no empty box).
🟢 [ContentConverter] Page 3.0: mode [activity] opener suppressed — the numbered activity after it is owned by its widget bundle (round 379, no empty box).
🟢 [ContentConverter] Page 3.0: [end other] had no open container — ignored.
🟢 [ContentConverter] Page 3.1: the lesson's simplified menu inherited from page 3.0 — a continuation page belongs to the same lesson (KB 01B; menu.lesson_continuation_inherits).
🟢 [ContentConverter] Page 3.1: mode [activity] opener suppressed — the numbered activity after it is owned by its widget bundle (round 379, no empty box).
🟢 [ContentConverter] Page 3.1: [end other] had no open container — ignored.
🟢 [ContentConverter] Page 3.1: mode [activity] opener suppressed — the numbered activity after it is owned by its widget bundle (round 379, no empty box).
🟢 [ContentConverter] Page 3.1: [end other] had no open container — ignored.
🟢 [ContentConverter] Page 3.1: layout-note [activity] opener merged into the adjacent numbered activity (no empty box).
🟢 [ContentConverter] Page 3.1: layout-note [activity] opener merged into the adjacent numbered activity (no empty box).
🟢 [ContentConverter] Page 5.0: layout-note [activity] opener merged into the adjacent numbered activity (no empty box).
🟢 [ContentConverter] Page 5.0: layout-note [activity] opener merged into the adjacent numbered activity (no empty box).
🟢 [ContentConverter] Page 5.0: layout-note [activity] opener merged into the adjacent numbered activity (no empty box).
🟢 [ContentConverter] [alert] spans to an explicit end tag (writer-authored box).
🟢 [ContentConverter] [button] with a video URL → the video embed (video_destination, next-tag-url).
🟢 [ContentConverter] [important] spans to an explicit end tag (writer-authored box).
🟢 [ContentConverter] Page 5.0: activity number normalised (page_number_normalise): 5D → 4D.
🟢 [ContentConverter] Page 6.0: [end other] had no open container — ignored.
🟢 [ContentConverter] Page 6.0: [end other] had no open container — ignored.
🟢 [ContentConverter] Page 6.0: mode [activity] opener suppressed — the numbered activity after it is owned by its widget bundle (round 379, no empty box).
🟢 [ContentConverter] Page 6.0: [end other] had no open container — ignored.
🟢 [ContentConverter] Page 6.0: mode [activity] opener suppressed — the numbered activity after it is owned by its widget bundle (round 379, no empty box).
🟢 [ContentConverter] Page 6.0: [end other] had no open container — ignored.
🟢 [ContentConverter] Page 6.0: the standalone dragAndDrop widget renders inside the open [activity] box — no synthetic box of its own (inside_open_activity).
🟢 [ContentConverter] Page 7.0: the standalone dragAndDrop widget renders inside the open [activity] box — no synthetic box of its own (inside_open_activity).
🟢 [ContentConverter] Page 7.0: [end shape n] had no open container — ignored.
🟠 [AcksBuilder] Unknown media item type "Video clip" (item 1.) — used "Video clip" as the prefix; add it to Acks_Formats type_prefix_map.
🟠 [AcksBuilder] YouTube metadata unavailable for item 1. (stubbed) — possible dead link worth checking: https://www.youtube.com/watch?v=AjQBgBcbOyQ
🟠 [AcksBuilder] Unknown media item type "Video clip" (item 1.) — used "Video clip" as the prefix; add it to Acks_Formats type_prefix_map.
🟠 [AcksBuilder] Unknown media item type "Photo – primary source" (item 2.) — used "Photo – primary source" as the prefix; add it to Acks_Formats type_prefix_map.
🟠 [AcksBuilder] Unknown media item type "Photo – primary source" (item 3.) — used "Photo – primary source" as the prefix; add it to Acks_Formats type_prefix_map.
🟠 [AcksBuilder] YouTube metadata unavailable for item 4. (stubbed) — possible dead link worth checking: https://www.youtube.com/watch?v=g41X6_XY1rQ
🟠 [AcksBuilder] YouTube metadata unavailable for item 5. (stubbed) — possible dead link worth checking: https://www.youtube.com/watch?v=a7sX1cn5aO4
🟠 [AcksBuilder] Unknown media item type "Quote" (item 6.) — used "Quote" as the prefix; add it to Acks_Formats type_prefix_map.
🟠 [AcksBuilder] Unknown media item type "Political Cartoon – primary source" (item 7..) — used "Political cartoon – primary source" as the prefix; add it to Acks_Formats type_prefix_map.
🟠 [AcksBuilder] YouTube metadata unavailable for item 10. (stubbed) — possible dead link worth checking: https://www.youtube.com/watch?v=l9yY9H3Y49M
🟠 [AcksBuilder] YouTube metadata unavailable for item 11. (stubbed) — possible dead link worth checking: https://www.youtube.com/watch?v=SYiI7j6GW68
🟠 [AcksBuilder] Unknown media item type "Primary source pamphlet" (item 12.) — used "Primary source pamphlet" as the prefix; add it to Acks_Formats type_prefix_map.
🟠 [AcksBuilder] YouTube metadata unavailable for item 15. (stubbed) — possible dead link worth checking: https://www.youtube.com/watch?v=FE6Yvy--5aw
🟠 [AcksBuilder] Unknown media item type "Quote source" (item 16.) — used "Quote source" as the prefix; add it to Acks_Formats type_prefix_map.
🟠 [AcksBuilder] YouTube metadata unavailable for item 17. (stubbed) — possible dead link worth checking: https://www.youtube.com/watch?v=_omQ841ZAWg
🟠 [AcksBuilder] YouTube metadata unavailable for item 18. (stubbed) — possible dead link worth checking: https://www.youtube.com/watch?v=eLanYTrI23Y&list=PLBdYacN7rFuAIBZ958Or30qJXbzMIGE_k&index=13
🟠 [AcksBuilder] Unknown media item type "Quote source" (item 19.) — used "Quote source" as the prefix; add it to Acks_Formats type_prefix_map.
🟠 [AcksBuilder] Unknown media item type "Report – primary source A" (item 20.) — used "Report – primary source a" as the prefix; add it to Acks_Formats type_prefix_map.
🟠 [AcksBuilder] Unknown media item type "Leaflet – Primary source B" (item 21.) — used "Leaflet – primary source b" as the prefix; add it to Acks_Formats type_prefix_map.
🟠 [AcksBuilder] Unknown media item type "Interview – Primary Source C" (item 22.) — used "Interview – primary source c" as the prefix; add it to Acks_Formats type_prefix_map.
🟠 [AcksBuilder] Unknown media item type "External link to exhibition" (item 23.) — used "External link to exhibition" as the prefix; add it to Acks_Formats type_prefix_map.
🟠 [AcksBuilder] YouTube metadata unavailable for item 24. (stubbed) — possible dead link worth checking: https://www.youtube.com/watch?v=1zBY6gkpbTg
🟠 [AcksBuilder] YouTube metadata unavailable for item 25. (stubbed) — possible dead link worth checking: https://www.youtube.com/watch?v=4NGk37umvRQ
🟠 [AcksBuilder] Unknown media item type "Photo – primary source" (item 28.) — used "Photo – primary source" as the prefix; add it to Acks_Formats type_prefix_map.
🟠 [AcksBuilder] YouTube metadata unavailable for item 30. (stubbed) — possible dead link worth checking: https://www.youtube.com/watch?v=_WxzBbDi0Ok
🟠 [AcksBuilder] YouTube metadata unavailable for item 31. (stubbed) — possible dead link worth checking: https://www.youtube.com/watch?v=1hkNqIQWfFs
🟠 [AcksBuilder] YouTube metadata unavailable for item 34. (stubbed) — possible dead link worth checking: https://www.youtube.com/watch?v=mZ5sm7sWBOk
🟠 [AcksBuilder] Unknown media item type "Speech" (item 36.) — used "Speech" as the prefix; add it to Acks_Formats type_prefix_map.
🟠 [AcksBuilder] Unknown media item type "Speech" (item 37.) — used "Speech" as the prefix; add it to Acks_Formats type_prefix_map.
🟠 [AcksBuilder] Unknown media item type "Doc X" (item 38.) — used "Doc x" as the prefix; add it to Acks_Formats type_prefix_map.
🟠 [AcksBuilder] Unknown media item type "Speech" (item 39.) — used "Speech" as the prefix; add it to Acks_Formats type_prefix_map.
🟠 [AcksBuilder] YouTube metadata unavailable for item 40. (stubbed) — possible dead link worth checking: https://www.youtube.com/watch?v=xbokJEL7CTo
🟠 [AcksBuilder] Unknown media item type "cartoon" (item 41.) — used "Cartoon" as the prefix; add it to Acks_Formats type_prefix_map.
🟠 [AcksBuilder] Unknown media item type "Photo – primary source" (item 42.) — used "Photo – primary source" as the prefix; add it to Acks_Formats type_prefix_map.
🟠 [AcksBuilder] YouTube metadata unavailable for item 43. (stubbed) — possible dead link worth checking: https://www.youtube.com/watch?v=5enZRwbnISQ
🟠 [AcksBuilder] Unknown media item type "External link to website" (item 44.) — used "External link to website" as the prefix; add it to Acks_Formats type_prefix_map.
🟠 [AcksBuilder] Unknown media item type "External link to website" (item 45.) — used "External link to website" as the prefix; add it to Acks_Formats type_prefix_map.
🟠 [AcksBuilder] Unknown media item type "External Link to web page" (item 46.) — used "External link to web page" as the prefix; add it to Acks_Formats type_prefix_map.
🟠 [AcksBuilder] YouTube metadata unavailable for item 48. (stubbed) — possible dead link worth checking: https://www.youtube.com/watch?v=XBMfBVsymUo
🟠 [AcksBuilder] YouTube metadata unavailable for item 49. (stubbed) — possible dead link worth checking: https://www.youtube.com/watch?v=TLberHUJgHY
🟠 [AcksBuilder] Unknown media item type "Pamphlet" (item 50.) — used "Pamphlet" as the prefix; add it to Acks_Formats type_prefix_map.
🟠 [AcksBuilder] Unknown media item type "Letter" (item 52.) — used "Letter" as the prefix; add it to Acks_Formats type_prefix_map.
🟠 [AcksBuilder] Unknown media item type "Leaflet" (item 53.) — used "Leaflet" as the prefix; add it to Acks_Formats type_prefix_map.
🟠 [AcksBuilder] YouTube metadata unavailable for item 56. (stubbed) — possible dead link worth checking: https://www.youtube.com/watch?v=DRwnXUbJdfg
🟠 [AcksBuilder] Unknown media item type "Song Lyrics" (item 60.) — used "Song lyrics" as the prefix; add it to Acks_Formats type_prefix_map.
🟠 [AcksBuilder] YouTube metadata unavailable for item 61. (stubbed) — possible dead link worth checking: https://www.youtube.com/watch?v=q1_KtW-9tIg
🟠 [AcksBuilder] YouTube metadata unavailable for item 62. (stubbed) — possible dead link worth checking: https://www.youtube.com/watch?v=SXMFT6M6c7Q
🟠 [AcksBuilder] YouTube metadata unavailable for item 63 (stubbed) — possible dead link worth checking: https://www.youtube.com/watch?v=6dlmBco7zsc
🟠 [AcksBuilder] YouTube metadata unavailable for item 64. (stubbed) — possible dead link worth checking: https://www.youtube.com/watch?v=ykzOhWWOAHU
🟠 [AcksBuilder] YouTube metadata unavailable for item 69. (stubbed) — possible dead link worth checking: https://www.youtube.com/watch?v=4hj1iWqoYEc
🟠 [AcksBuilder] Unknown media item type "quote" (item 70.) — used "Quote" as the prefix; add it to Acks_Formats type_prefix_map.
🟠 [AcksBuilder] YouTube metadata unavailable for item 71. (stubbed) — possible dead link worth checking: https://www.youtube.com/watch?v=V2u7yHD_d-o
🟠 [AcksBuilder] YouTube metadata unavailable for item 74. (stubbed) — possible dead link worth checking: https://www.youtube.com/watch?v=cRuDnigDKnI
🟠 [AcksBuilder] YouTube metadata unavailable for item 75. (stubbed) — possible dead link worth checking: https://www.youtube.com/watch?v=uVo29ejD7jA
🟠 [AcksBuilder] Unknown media item type "TV advertisement" (item 76.) — used "Tv advertisement" as the prefix; add it to Acks_Formats type_prefix_map.
🟠 [AcksBuilder] YouTube metadata unavailable for item 76. (stubbed) — possible dead link worth checking: https://www.youtube.com/watch?v=e6-xc_Oq3io
🟠 [AcksBuilder] Unknown media item type "TV advertisement" (item 76.) — used "Tv advertisement" as the prefix; add it to Acks_Formats type_prefix_map.
🟠 [AcksBuilder] YouTube metadata unavailable for item 77. (stubbed) — possible dead link worth checking: https://www.youtube.com/watch?v=c1_E5aUNzd0
🟠 [AcksBuilder] Unknown media item type "Web page" (item 78.) — used "Web page" as the prefix; add it to Acks_Formats type_prefix_map.
🟢 [SkeletonBuilder] footer_links "final" value "—" is not a footer pattern (the registry's no-evidence marker) — the KB's final-page form "prev+home" applied (footer.kb_position_defaults).
🟠 [ModuleResolver] HPRE203: no registry entry and no majority ruleset found — using global defaults. Check the code, or add the series to the registry.
🟢 [ConventionResolver] No convention group found for this module — using the global Emit_Templates defaults.
🟢 [MenuBuilder] Menu section "Knowledge" promoted to its own "Knowledge" nav tab (KB c67 canonical tab set; curriculum_tabs.kb_canonical).
🟢 [MenuBuilder] Menu section "Practices" promoted to its own "Practices" nav tab (KB c67 canonical tab set; curriculum_tabs.kb_canonical).
🟢 [MenuBuilder] Empty Information tab dropped — the KB c67 omission rule after the canonical Knowledge / Practices promotions (curriculum_tabs.kb_canonical).
🟢 [InteractiveScanner] speechBubble: additional widget [speech bubble] absorbed (speechBubble + speechBubble).
🟢 [InteractiveScanner] Activity 1A: additional widget [drag and drop] absorbed (dragAndDrop + dragAndDrop).
🟢 [InteractiveBuilder] Built speechBubble #1 from captured data (no placeholder needed).
🟢 [ContentConverter] Page 1.0: [end image] had no open container — ignored.
🟢 [InteractiveBuilder] Built carousel #4 from captured data (no placeholder needed).
🟢 [ContentConverter] Page 1.0: [activity] auto-closed before the next h3.
🟢 [ContentConverter] Page 1.0: [end mcq] had no open container — ignored.
🟢 [InteractiveBuilder] Built speechBubble #8 from captured data (no placeholder needed).
🟢 [InteractiveBuilder] Built hint #9 from captured data (no placeholder needed).
🟢 [InteractiveScanner] speechBubble: additional widget [speech bubble] absorbed (speechBubble + speechBubble).
🟢 [InteractiveScanner] speechBubble: additional widget [speech bubble] absorbed (speechBubble + speechBubble).
🟢 [InteractiveBuilder] Built speechBubble #10 from captured data (no placeholder needed).
🟢 [ContentConverter] Page 2.0: [activity] auto-closed before the next h2.
🟢 [InteractiveBuilder] Built speechBubble #13 from captured data (no placeholder needed).
🟢 [ContentConverter] Page 2.0: [activity] auto-closed before the next h3.
🟢 [InteractiveBuilder] Built hint #14 from captured data (no placeholder needed).
🟢 [InteractiveScanner] speechBubble: additional widget [speech bubble] absorbed (speechBubble + speechBubble).
🟢 [InteractiveBuilder] Built speechBubble #15 from captured data (no placeholder needed).
🟢 [ContentConverter] Page 3.0: the standalone multiChoiceQuiz widget renders inside the open [activity] box — no synthetic box of its own (inside_open_activity).
🟢 [ContentConverter] Page 3.0: [activity] auto-closed before the next h3.
🟢 [InteractiveBuilder] Built speechBubble #18 from captured data (no placeholder needed).
🟢 [InteractiveBuilder] Built hint #19 from captured data (no placeholder needed).
🟢 [InteractiveScanner] speechBubble: additional widget [speech bubble] absorbed (speechBubble + speechBubble).
🟢 [InteractiveBuilder] Built speechBubble #20 from captured data (no placeholder needed).
🟢 [InteractiveBuilder] Built carousel #22 from captured data (no placeholder needed).
🟢 [ContentConverter] Page 4.0: [end carousel] had no open container — ignored.
🟢 [InteractiveBuilder] Built speechBubble #26 from captured data (no placeholder needed).
🟢 [InteractiveBuilder] Built hint #27 from captured data (no placeholder needed).
🟢 [InteractiveScanner] speechBubble: additional widget [speech bubble] absorbed (speechBubble + speechBubble).
🟢 [InteractiveScanner] speechBubble: additional widget [speech bubble] absorbed (speechBubble + speechBubble).
🟢 [InteractiveBuilder] Built speechBubble #28 from captured data (no placeholder needed).
🟢 [InteractiveBuilder] Built carousel #29 from captured data (no placeholder needed).
🟢 [ContentConverter] Page 5.0: the standalone radioQuiz widget renders inside the open [activity] box — no synthetic box of its own (inside_open_activity).
🟢 [InteractiveBuilder] Built flipCard #31 from captured data (no placeholder needed).
🟢 [ContentConverter] Page 5.0: [end flip card] had no open container — ignored.
🟢 [ContentConverter] Page 5.0: [end other] had no open container — ignored.
🟢 [InteractiveBuilder] Built speechBubble #33 from captured data (no placeholder needed).
🟢 [ContentConverter] [alert] right-hand box — its content typed under its own tags on the following lines — built as the side column (positional_side_alert.always_side.tagged_content).
🟢 [InteractiveBuilder] Built speechBubble #34 from captured data (no placeholder needed).
🟢 [InteractiveBuilder] Built flipCard #35 from captured data (no placeholder needed).
🟢 [InteractiveBuilder] Built speechBubble #37 from captured data (no placeholder needed).
🟢 [ContentConverter] Page 5.0: [end speech bubble] had no open container — ignored.
🟢 [InteractiveBuilder] Built speechBubble #38 from captured data (no placeholder needed).
🟢 [InteractiveBuilder] Built hint #39 from captured data (no placeholder needed).
🟢 [ContentConverter] Page 5.0: activity number normalised (page_number_normalise): 5D → 5E.
🟢 [InteractiveScanner] speechBubble: additional widget [speech bubble] absorbed (speechBubble + speechBubble).
🟢 [InteractiveBuilder] Built speechBubble #40 from captured data (no placeholder needed).
🟢 [ContentConverter] Page 6.0: the standalone multiChoiceQuiz widget renders inside the open [activity] box — no synthetic box of its own (inside_open_activity).
🟢 [ContentConverter] Page 6.0: [activity] auto-closed before the next h2.
🟢 [InteractiveBuilder] Built speechBubble #43 from captured data (no placeholder needed).
🟢 [InteractiveBuilder] Built hint #44 from captured data (no placeholder needed).
🟢 [ContentConverter] Page 6.0: activity number normalised (page_number_normalise): 6C → 6B.
🟢 [InteractiveScanner] speechBubble: additional widget [speech bubble] absorbed (speechBubble + speechBubble).
🟢 [InteractiveScanner] speechBubble: additional widget [speech bubble] absorbed (speechBubble + speechBubble).
🟢 [InteractiveBuilder] Built speechBubble #45 from captured data (no placeholder needed).
🟢 [InteractiveBuilder] Built carousel #46 from captured data (no placeholder needed).
🟢 [InteractiveBuilder] Built flipCard #49 from captured data (no placeholder needed).
🟢 [ContentConverter] Page 7.0: [activity] auto-closed before the next activity.
🟢 [InteractiveBuilder] Built speechBubble #50 from captured data (no placeholder needed).
🟢 [InteractiveBuilder] Built dropDown #51 from captured data (no placeholder needed).
🟢 [InteractiveBuilder] Built hint #52 from captured data (no placeholder needed).
🟠 [AcksBuilder] YouTube metadata unavailable for item  (stubbed) — possible dead link worth checking: https://youtu.be/6k8cpUkKK4c
🟠 [AcksBuilder] YouTube metadata unavailable for item  (stubbed) — possible dead link worth checking: https://youtu.be/4_5dayHDdBk
🟠 [AcksBuilder] YouTube metadata unavailable for item  (stubbed) — possible dead link worth checking: https://youtu.be/38y_1EWIE9I?list=PLcX7TDig6sB5VduGjsgXeyNzZhPbmQDso
🟠 [AcksBuilder] YouTube metadata unavailable for item  (stubbed) — possible dead link worth checking: https://youtu.be/AArIv-tvxWE
🟠 [AcksBuilder] YouTube metadata unavailable for item  (stubbed) — possible dead link worth checking: https://youtu.be/2eZ8TU5-Vjk
🟠 [AcksBuilder] YouTube metadata unavailable for item  (stubbed) — possible dead link worth checking: https://youtu.be/KsYzIyMrSBQ
🟠 [AcksBuilder] YouTube metadata unavailable for item  (stubbed) — possible dead link worth checking: https://youtu.be/SeTk-EkcKLc
🟠 [AcksBuilder] Unknown media item type "Power point" (item ) — used "Power point" as the prefix; add it to Acks_Formats type_prefix_map.
🟠 [AcksBuilder] YouTube metadata unavailable for item  (stubbed) — possible dead link worth checking: https://youtu.be/DJsY61MgkDU
🟠 [AcksBuilder] YouTube metadata unavailable for item  (stubbed) — possible dead link worth checking: https://youtu.be/G3Aweo-74kY
🟠 [AcksBuilder] Unknown media item type "Link/ video" (item ) — used "Link/ video" as the prefix; add it to Acks_Formats type_prefix_map.
🟠 [AcksBuilder] YouTube metadata unavailable for item  (stubbed) — possible dead link worth checking: https://youtu.be/TNDm-yXkcjE
🟠 [AcksBuilder] Unknown media item type "Link/ video" (item ) — used "Link/ video" as the prefix; add it to Acks_Formats type_prefix_map.
🟠 [AcksBuilder] YouTube metadata unavailable for item  (stubbed) — possible dead link worth checking: https://youtu.be/GHW6O3Mf0qE
🟠 [AcksBuilder] YouTube metadata unavailable for item  (stubbed) — possible dead link worth checking: https://youtu.be/yiKeLOKc1tw
🟠 [AcksBuilder] YouTube metadata unavailable for item  (stubbed) — possible dead link worth checking: https://youtu.be/yiKeLOKc1tw
🟠 [AcksBuilder] YouTube metadata unavailable for item  (stubbed) — possible dead link worth checking: https://youtu.be/yiKeLOKc1tw
🟠 [AcksBuilder] YouTube metadata unavailable for item  (stubbed) — possible dead link worth checking: https://youtu.be/yiKeLOKc1tw
🟠 [AcksBuilder] YouTube metadata unavailable for item  (stubbed) — possible dead link worth checking: https://youtu.be/yiKeLOKc1tw
🟠 [AcksBuilder] YouTube metadata unavailable for item  (stubbed) — possible dead link worth checking: https://youtu.be/tiUYMcPAI84
🟠 [AcksBuilder] YouTube metadata unavailable for item  (stubbed) — possible dead link worth checking: https://youtu.be/Yp5nPGWWMh4
🟠 [AcksBuilder] Media item  sits between lessons 0.0 and 1.0 — placed in 0.0; verify.
🟢 [AcksBuilder] Media item  placed in lesson 1.0 by neighbour interpolation — verify its group.
🟢 [AcksBuilder] Media item  placed in lesson 1.0 by neighbour interpolation — verify its group.
🟢 [AcksBuilder] Media item  placed in lesson 1.0 by neighbour interpolation — verify its group.
🟢 [AcksBuilder] Media item  placed in lesson 2.0 by neighbour interpolation — verify its group.
🟠 [AcksBuilder] Media item  sits between lessons 2.0 and 3.0 — placed in 2.0; verify.
🟠 [AcksBuilder] Media item  sits between lessons 3.0 and 4.0 — placed in 3.0; verify.
🟢 [AcksBuilder] Media item  placed in lesson 5.0 by neighbour interpolation — verify its group.
🟠 [AcksBuilder] 11 iStock titles could not be verified (no *istock-acks*.txt was supplied); each is marked ❗ and the acks block carries a designer note.
🟢 [SkeletonBuilder] template attribute "undefined" overridden to the level-2 preset "4-6" (template_phase_presets — the module-level rule outranks sibling inheritance for this attribute only).
🟢 [DocxExtractor] Media-list boilerplate dropped: 3 blocks before the media table — the template's own instructions, not content.
🟢 [ConventionResolver] HTML conventions from series MXDI (deviation over 1-10 Mathematics|4-6): overview menu tabs, lesson menu flat.
🟢 [PageSplitter] [end page] before [MODULE INTRODUCTION] disregarded — the introduction stays on the overview page (AR-1).
🟢 [PageSplitter] Implicit page break: content continues after [end page] without a [LESSON] tag — opened page 2.0.
🟢 [PageSplitter] Implicit page break: content continues after [end page] without a [LESSON] tag — opened page 5.0.
🟢 [MenuBuilder] Menu heading "Tirohanga Whānui | Overview" is the section label — consumed (the menu scaffolding names it).
🟢 [MenuBuilder] Information pane composed as the group's two-column form (menu.tab2_cols registry, kind "li_sc").
🟢 [InteractiveScanner] Page 1.0: 8 id-carrying heading(s) re-tagged as [Activity N] openers (opener_rule.id_heading_opener).
🟢 [ContentConverter] Page 1.0: unnumbered [ [interactive activity]  ] opener nested in the open id-heading activity 1B (no new box).
🟢 [ContentConverter] Page 1.0: [activity] auto-closed before the next activity.
🟢 [ContentConverter] Page 1.0: the standalone dragAndDrop widget renders inside the open [activity] box — no synthetic box of its own (inside_open_activity).
🟢 [ContentConverter] Page 1.0: [activity] auto-closed before the next h2.
🟢 [ContentConverter] Page 1.0: unnumbered [ [interactive activity] order the dates from first to last ] opener nested in the open id-heading activity 1E (no new box).
🟢 [ContentConverter] Page 1.0: [activity] auto-closed before the next activity.
🟢 [InteractiveBuilder] Built dragAndDrop #4 from captured data (no placeholder needed).
🟢 [InteractiveScanner] Page 2.0: 8 id-carrying heading(s) re-tagged as [Activity N] openers (opener_rule.id_heading_opener).
🟢 [InteractiveScanner] Activity 2B: additional widget [accordion] absorbed (accordion + accordion).
🟢 [InteractiveScanner] Activity 2B: additional widget [accordion] absorbed (accordion + accordion).
🟢 [ContentConverter] Page 2.0: [activity] auto-closed before the next activity.
🟢 [InteractiveBuilder] Built accordion #8 from captured data (no placeholder needed).
🟢 [ContentConverter] Page 2.0: [activity] auto-closed before the next activity.
🟢 [ContentConverter] Page 2.0: [activity] auto-closed before the next activity.
🟢 [ContentConverter] Page 2.0: [activity] auto-closed before the next activity.
🟢 [ContentConverter] Page 2.0: [activity] auto-closed before the next activity.
🟠 [ContentConverter] Page 2.0: [activity] was never closed — closed at page end.
🟢 [ContentConverter] Page 2.0: activity numbers normalised (page_number_normalise): 3G → 2G, 2G → 2H.
🟢 [InteractiveScanner] Page 3.0: 9 id-carrying heading(s) re-tagged as [Activity N] openers (opener_rule.id_heading_opener).
🟢 [ContentConverter] Page 3.0: [activity] auto-closed before the next activity.
🟢 [ContentConverter] Page 3.0: [activity] auto-closed before the next h2.
🟢 [InteractiveBuilder] Built dragAndDrop #17 from captured data (no placeholder needed).
🟢 [InteractiveScanner] Page 4.0: 8 id-carrying heading(s) re-tagged as [Activity N] openers (opener_rule.id_heading_opener).
🟢 [ContentConverter] Page 4.0: the standalone selfCheck widget renders inside the open [activity] box — no synthetic box of its own (inside_open_activity).
🟢 [ContentConverter] Page 4.0: [activity] auto-closed before the next activity.
🟢 [ContentConverter] Page 4.0: unnumbered [ [interactive activity] Place the measurement on the correct place on the number line.  ] opener nested in the open id-heading activity 4H (no new box).
🟠 [ContentConverter] Page 4.0: [activity] was never closed — closed at page end.
🟢 [InteractiveScanner] Page 5.0: 1 id-carrying heading(s) re-tagged as [Activity N] openers (opener_rule.id_heading_opener).
🟠 [ContentConverter] Page 5.0: [activity] was never closed — closed at page end.
🟢 [InteractiveScanner] Page 6.0: 7 id-carrying heading(s) re-tagged as [Activity N] openers (opener_rule.id_heading_opener).
🟢 [InteractiveScanner] Activity 5B: additional widget [checklist] absorbed (unclassified + selectionBox).
🟢 [InteractiveScanner] Activity 5F: additional widget [drag and drop] absorbed (unclassified + dragAndDrop).
🟢 [ContentConverter] Page 6.0: activity box kept open for the prose after its data table (round 378).
🟢 [ContentConverter] Page 6.0: [activity] auto-closed before the next activity.
🟢 [ContentConverter] Page 6.0: [activity] auto-closed before the next activity.
🟢 [ContentConverter] Page 6.0: activity numbers normalised (page_number_normalise): 5D → 5E, 5E → 5F, 5F → 5G.
🟢 [InteractiveScanner] Page 7.0: 3 id-carrying heading(s) re-tagged as [Activity N] openers (opener_rule.id_heading_opener).
🟢 [ContentConverter] Page 7.0: [activity] auto-closed before the next h3.
🟢 [ContentConverter] Page 7.0: activity number normalised (page_number_normalise): 7D → 6D.
🟢 [InteractiveScanner] Page 8.0: 9 id-carrying heading(s) re-tagged as [Activity N] openers (opener_rule.id_heading_opener).
🟢 [InteractiveScanner] Activity 7B: additional widget [typing quiz] absorbed (selfCheck + selfCheck).
🟢 [InteractiveScanner] Activity 7E: additional widget [typing quiz] absorbed (unclassified + selfCheck).
🟢 [InteractiveBuilder] Built selfCheck #36 from captured data (no placeholder needed).
🟢 [InteractiveBuilder] Built selfCheck #37 from captured data (no placeholder needed).
🟢 [ContentConverter] Page 8.0: the standalone dragAndDrop widget renders inside the open [activity] box — no synthetic box of its own (inside_open_activity).
🟢 [ContentConverter] Page 8.0: [activity] auto-closed before the next activity.
🟢 [ContentConverter] Page 8.0: [activity] auto-closed before the next activity.
🟠 [ContentConverter] Page 8.0: [activity] was never closed — closed at page end.
🟢 [ContentConverter] Page 8.0: activity numbers normalised (page_number_normalise): 7D → 7E, 7E → 7F, 7F → 7G, 7G → 7H, 7H → 7I.
🟢 [InteractiveScanner] Page 9.0: 7 id-carrying heading(s) re-tagged as [Activity N] openers (opener_rule.id_heading_opener).
🟢 [ContentConverter] Page 9.0: [activity] auto-closed before the next activity.
🟢 [InteractiveScanner] Page 10.0: 4 id-carrying heading(s) re-tagged as [Activity N] openers (opener_rule.id_heading_opener).
🟢 [InteractiveBuilder] Built selfCheck #50 from captured data (no placeholder needed).
🟢 [ContentConverter] Page 10.0: [activity] auto-closed before the next activity.
🟠 [ContentConverter] Page 10.0: [activity] was never closed — closed at page end.
🟢 [InteractiveScanner] Page 11.0: 8 id-carrying heading(s) re-tagged as [Activity N] openers (opener_rule.id_heading_opener).
🟢 [InteractiveBuilder] Built dropDown #52 from captured data (no placeholder needed).
🟢 [ContentConverter] Page 11.0: unnumbered [ [interactive activity] ordering distances from shortest to longest.  Drag and drop ] opener nested in the open id-heading activity 10C (no new box).
🟢 [ContentConverter] Page 11.0: [activity] auto-closed before the next activity.
🟠 [AcksBuilder] YouTube metadata unavailable for item  (stubbed) — possible dead link worth checking: https://www.youtube.com/watch?v=1zZ6uIYAYrA
🟠 [AcksBuilder] YouTube metadata unavailable for item  (stubbed) — possible dead link worth checking: https://www.youtube.com/watch?v=yNVgLODFm-k
🟠 [AcksBuilder] YouTube metadata unavailable for item  (stubbed) — possible dead link worth checking: https://www.youtube.com/watch?v=p6Ma0D-fN38
🟠 [AcksBuilder] YouTube metadata unavailable for item  (stubbed) — possible dead link worth checking: https://youtu.be/5enDRrWyXaw
🟠 [AcksBuilder] YouTube metadata unavailable for item  (stubbed) — possible dead link worth checking: https://www.youtube.com/watch?v=ApeDQ__4yb0
🟠 [AcksBuilder] YouTube metadata unavailable for item  (stubbed) — possible dead link worth checking: https://www.youtube.com/watch?v=W7t7u-epT3g
🟠 [AcksBuilder] YouTube metadata unavailable for item  (stubbed) — possible dead link worth checking: https://www.youtube.com/watch?v=X4egTHmDYho
🟠 [AcksBuilder] YouTube metadata unavailable for item  (stubbed) — possible dead link worth checking: https://www.youtube.com/watch?v=B5hNhyU6kpU
🟠 [AcksBuilder] YouTube metadata unavailable for item  (stubbed) — possible dead link worth checking: https://www.youtube.com/watch?v=WuYA55QsDQ0
🟠 [AcksBuilder] YouTube metadata unavailable for item  (stubbed) — possible dead link worth checking: https://www.youtube.com/watch?v=mwalRfynJgY
🟠 [AcksBuilder] YouTube metadata unavailable for item  (stubbed) — possible dead link worth checking: https://www.youtube.com/watch?v=m-7juUCcSoU
🟠 [AcksBuilder] YouTube metadata unavailable for item  (stubbed) — possible dead link worth checking: https://www.youtube.com/watch?v=-it3LgTZNes
🟠 [AcksBuilder] Unknown media item type "webpage" (item ) — used "Webpage" as the prefix; add it to Acks_Formats type_prefix_map.
🟠 [AcksBuilder] YouTube metadata unavailable for item  (stubbed) — possible dead link worth checking: https://www.youtube.com/watch?v=J2N4S9rQTsY
🟠 [AcksBuilder] YouTube metadata unavailable for item  (stubbed) — possible dead link worth checking: https://youtu.be/eGWO1ldEhtQ
🟠 [AcksBuilder] Unknown media item type "webpage" (item ) — used "Webpage" as the prefix; add it to Acks_Formats type_prefix_map.
🟠 [AcksBuilder] Unknown media item type "webpage" (item ) — used "Webpage" as the prefix; add it to Acks_Formats type_prefix_map.
🟠 [AcksBuilder] YouTube metadata unavailable for item  (stubbed) — possible dead link worth checking: https://youtu.be/INzlpvra4OE
🟠 [AcksBuilder] Unknown media item type "animation" (item ) — used "Animation" as the prefix; add it to Acks_Formats type_prefix_map.
🟠 [AcksBuilder] YouTube metadata unavailable for item  (stubbed) — possible dead link worth checking: https://youtu.be/_n3KZR1DSEo
🟠 [AcksBuilder] Unknown media item type "pdf" (item ) — used "Pdf" as the prefix; add it to Acks_Formats type_prefix_map.
🟠 [AcksBuilder] Unknown media item type "powerpoint" (item ) — used "Powerpoint" as the prefix; add it to Acks_Formats type_prefix_map.
🟠 [AcksBuilder] Unknown media item type "webpage" (item ) — used "Webpage" as the prefix; add it to Acks_Formats type_prefix_map.
🟠 [AcksBuilder] YouTube metadata unavailable for item  (stubbed) — possible dead link worth checking: https://www.youtube.com/watch?v=E6US89BqaMk
🟠 [AcksBuilder] YouTube metadata unavailable for item  (stubbed) — possible dead link worth checking: https://www.youtube.com/watch?v=i1sUWP80cmA
🟠 [AcksBuilder] YouTube metadata unavailable for item  (stubbed) — possible dead link worth checking: https://youtu.be/XfwG27UmAvU
🟠 [AcksBuilder] YouTube metadata unavailable for item  (stubbed) — possible dead link worth checking: https://youtu.be/u036fwsQo_4
🟠 [AcksBuilder] YouTube metadata unavailable for item  (stubbed) — possible dead link worth checking: https://www.youtube.com/watch?v=eD57TtzTdbc
🟠 [AcksBuilder] YouTube metadata unavailable for item  (stubbed) — possible dead link worth checking: https://www.youtube.com/watch?v=CMdck80SHnw
🟠 [AcksBuilder] YouTube metadata unavailable for item  (stubbed) — possible dead link worth checking: https://www.youtube.com/watch?v=RSJOTBJlKNA
🟠 [AcksBuilder] YouTube metadata unavailable for item  (stubbed) — possible dead link worth checking: https://youtu.be/IN0Wn0XgPXQ
🟠 [AcksBuilder] Unknown media item type "Pdf" (item ) — used "Pdf" as the prefix; add it to Acks_Formats type_prefix_map.
🟠 [AcksBuilder] Unknown media item type "Pdf" (item ) — used "Pdf" as the prefix; add it to Acks_Formats type_prefix_map.
🟠 [AcksBuilder] Unknown media item type "Pdf" (item ) — used "Pdf" as the prefix; add it to Acks_Formats type_prefix_map.
🟠 [AcksBuilder] Unknown media item type "Pdf" (item ) — used "Pdf" as the prefix; add it to Acks_Formats type_prefix_map.
🟠 [AcksBuilder] Unknown media item type "pdf" (item ) — used "Pdf" as the prefix; add it to Acks_Formats type_prefix_map.
🟠 [AcksBuilder] Unknown media item type "website" (item ) — used "Website" as the prefix; add it to Acks_Formats type_prefix_map.
🟠 [AcksBuilder] YouTube metadata unavailable for item  (stubbed) — possible dead link worth checking: https://youtu.be/pAXxkcVvzV4
🟠 [AcksBuilder] YouTube metadata unavailable for item  (stubbed) — possible dead link worth checking: https://www.youtube.com/watch?v=JuEpHNhRJlA
🟠 [AcksBuilder] Unknown media item type "webpage" (item ) — used "Webpage" as the prefix; add it to Acks_Formats type_prefix_map.
🟠 [AcksBuilder] YouTube metadata unavailable for item  (stubbed) — possible dead link worth checking: https://www.youtube.com/watch?v=oQ7NEGBeIfM
🟠 [AcksBuilder] YouTube metadata unavailable for item  (stubbed) — possible dead link worth checking: https://www.youtube.com/watch?v=uc3CiZN2DCE
🟠 [AcksBuilder] Unknown media item type "Virtual maths manipulative" (item ) — used "Virtual maths manipulative" as the prefix; add it to Acks_Formats type_prefix_map.
🟠 [AcksBuilder] Unknown media item type "Webpage activity" (item ) — used "Webpage activity" as the prefix; add it to Acks_Formats type_prefix_map.
🟠 [AcksBuilder] Unknown media item type "Webpage activity" (item ) — used "Webpage activity" as the prefix; add it to Acks_Formats type_prefix_map.
🟠 [AcksBuilder] Unknown media item type "Webpage activity" (item ) — used "Webpage activity" as the prefix; add it to Acks_Formats type_prefix_map.
🟠 [AcksBuilder] Unknown media item type "Webpage activity" (item ) — used "Webpage activity" as the prefix; add it to Acks_Formats type_prefix_map.
🟠 [AcksBuilder] Unknown media item type "Webpage activity" (item ) — used "Webpage activity" as the prefix; add it to Acks_Formats type_prefix_map.
🟠 [AcksBuilder] Unknown media item type "webpage" (item ) — used "Webpage" as the prefix; add it to Acks_Formats type_prefix_map.
🟠 [AcksBuilder] YouTube metadata unavailable for item  (stubbed) — possible dead link worth checking: https://www.youtube.com/watch?v=zXUICZRXDwQ
🟠 [AcksBuilder] Unknown media item type "webpage" (item ) — used "Webpage" as the prefix; add it to Acks_Formats type_prefix_map.
🟠 [AcksBuilder] Unknown media item type "pdf" (item ) — used "Pdf" as the prefix; add it to Acks_Formats type_prefix_map.
🟠 [AcksBuilder] Unknown media item type "webpage" (item ) — used "Webpage" as the prefix; add it to Acks_Formats type_prefix_map.
🟠 [AcksBuilder] YouTube metadata unavailable for item  (stubbed) — possible dead link worth checking: https://www.youtube.com/watch?v=CURNCOIpibo
🟠 [AcksBuilder] YouTube metadata unavailable for item  (stubbed) — possible dead link worth checking: https://youtu.be/vdrgfYd1Qh8
🟠 [AcksBuilder] YouTube metadata unavailable for item  (stubbed) — possible dead link worth checking: https://youtu.be/CkV_uRErIqk
🟠 [AcksBuilder] Unknown media item type "webpage" (item ) — used "Webpage" as the prefix; add it to Acks_Formats type_prefix_map.
🟠 [AcksBuilder] Unknown media item type "webpage" (item ) — used "Webpage" as the prefix; add it to Acks_Formats type_prefix_map.
🟠 [AcksBuilder] 16 iStock titles could not be verified (no *istock-acks*.txt was supplied); each is marked ❗ and the acks block carries a designer note.
🟢 [DocxExtractor] Media-list boilerplate dropped: 3 blocks before the media table and 15 blocks after it (the submission checklist) — the template's own instructions, not content.
🟢 [ConventionResolver] HTML conventions from series MXFL (deviation over 1-10 Mathematics|1-3): overview menu two_col_li, lesson menu two_col_li.
🟢 [PageSplitter] [end page] before [MODULE INTRODUCTION] disregarded — the introduction stays on the overview page (AR-1).
🟢 [PageSplitter] Implicit page break: content continues after [end page] without a [LESSON] tag — opened page 2.0.
🟢 [PageSplitter] Implicit page break: content continues after [end page] without a [LESSON] tag — opened page 3.0.
🟢 [PageSplitter] Implicit page break: content continues after [end page] without a [LESSON] tag — opened page 4.0.
🟢 [PageSplitter] Implicit page break: content continues after [end page] without a [LESSON] tag — opened page 5.0.
🟢 [InteractiveBuilder] Built carousel #1 from captured data (no placeholder needed).
🟢 [MenuBuilder] Menu heading "Tirohanga Whānui | Overview" is the section label — consumed (the menu scaffolding names it).
🟢 [MenuBuilder] Menu section "Aromatawai | Assessment for Learning" promoted to its own "Standards" nav tab (KB c67 canonical Standards tab; curriculum_tabs.kb_canonical.standards).
🟢 [MenuBuilder] Menu heading "Understand: Ko te pae tawhiti whāia kia tata, ko te pae tata whakamaua kia tina. Mathematical and statistical logic and reasoning enable us to identify and explain relationships and to justify conclusions." had no content beneath it — omitted (empty preconfigured scaffolding).
🟢 [ContentConverter] Page 1.0: 1 inline definition woven onto the anchor word (orphan definition weave).
🟢 [InteractiveBuilder] Built carousel #2 from captured data (no placeholder needed).
🟢 [ContentConverter] Page 1.0: [ [Activity 1A] Understanding Capacity and Volume ] — the words inside the red span "Understanding Capacity and Volume" are the activity title (embedded_free_text).
🟢 [ContentConverter] [alert] right-hand box → the activity sidebar (alertActivity) side column paired with the preceding activity row (positional_side_alert).
🟢 [ContentConverter] [alert] right-hand box → an alert top side column paired with the preceding content row (positional_side_alert).
🟠 [ContentConverter] Page 1.0: [activity] was never closed — closed at page end.
🟢 [InteractiveScanner] Activity 2A: additional widget [drag and drop] absorbed (dragAndDrop + dragAndDrop).
🟢 [InteractiveScanner] Activity 2A: additional widget [drag and drop] absorbed (dragAndDrop + dragAndDrop).
🟢 [ContentConverter] Page 2.0: 3 inline definitions woven onto the anchor word (orphan definition weave).
🟢 [ContentConverter] [alert] right-hand box → an alert top side column paired with the preceding content row (positional_side_alert).
🟢 [ContentConverter] Page 2.0: [activity] auto-closed before the next activity.
🟢 [ContentConverter] Page 2.0: [activity] auto-closed before the next activity.
🟠 [ContentConverter] Page 2.0: [activity] was never closed — closed at page end.
🟢 [ContentConverter] Page 3.0: 1 inline definition woven onto the anchor word (orphan definition weave).
🟢 [ContentConverter] Page 3.0: [activity] auto-closed before the next alert.
🟢 [ContentConverter] [alert] right-hand box → the activity sidebar (alertActivity) side column paired with the preceding activity row (positional_side_alert).
🟢 [ContentConverter] Page 3.0: [activity] auto-closed before the next activity.
🟢 [ContentConverter] Page 3.0: [activity] auto-closed before the next alert.
🟢 [ContentConverter] [alert] right-hand box → an alert top side column paired with the preceding content row (positional_side_alert).
🟢 [ContentConverter] [alert] right-hand box → an alert top side column paired with the FOLLOWING content row (positional_side_alert.always_side).
🟢 [ContentConverter] [alert] right-hand box → an alert top side column paired with the preceding content row (positional_side_alert).
🟠 [ContentConverter] Page 3.0: [activity] was never closed — closed at page end.
🟢 [ContentConverter] Page 3.0: activity numbers normalised (page_number_normalise): 3A → 3B, 3D → 3E.
🟢 [ContentConverter] Page 4.0: 3 inline definitions woven onto the anchor word (orphan definition weave).
🟢 [ContentConverter] Page 4.0: [activity] auto-closed before the next activity.
🟢 [ContentConverter] Page 4.0: [activity] auto-closed before the next activity.
🟢 [ContentConverter] Page 4.0: [activity] auto-closed before the next activity.
🟠 [ContentConverter] Page 4.0: [activity] was never closed — closed at page end.
🟢 [ContentConverter] Page 4.0: activity numbers normalised (page_number_normalise): 4B → 4D, 4C → 4G.
🟠 [ContentConverter] Page 5.0: [activity] was never closed — closed at page end.
🟠 [AcksBuilder] YouTube metadata unavailable for item 14. (stubbed) — possible dead link worth checking: https://www.youtube.com/watch?v=GKCE8ohIBqE
🟠 [AcksBuilder] YouTube metadata unavailable for item  (stubbed) — possible dead link worth checking: https://www.youtube.com/watch?v=Pht7dTlM0VA
🟠 [AcksBuilder] YouTube metadata unavailable for item  (stubbed) — possible dead link worth checking: https://www.youtube.com/watch?v=MKP_N9Ipm7Y
🟠 [AcksBuilder] YouTube metadata unavailable for item  (stubbed) — possible dead link worth checking: https://www.youtube.com/watch?v=A_aV8OqpwUs
🟠 [AcksBuilder] YouTube metadata unavailable for item  (stubbed) — possible dead link worth checking: https://www.youtube.com/watch?v=x0Pn3mJUzZE
🟢 [AcksBuilder] Media item 8. placed in lesson 1.0 by neighbour interpolation — verify its group.
🟢 [AcksBuilder] Media item 11. placed in lesson 1.0 by neighbour interpolation — verify its group.
🟢 [AcksBuilder] Media item 15. placed in lesson 1.0 by neighbour interpolation — verify its group.
🟢 [AcksBuilder] Media item 16. placed in lesson 1.0 by neighbour interpolation — verify its group.
🟢 [AcksBuilder] Media item 22. placed in lesson 1.0 by neighbour interpolation — verify its group.
🟢 [AcksBuilder] Media item 23. placed in lesson 1.0 by neighbour interpolation — verify its group.
🟠 [AcksBuilder] Media item 28. sits between lessons 1.0 and 3.0 — placed in 1.0; verify.
🟠 [AcksBuilder] Media item 29. sits between lessons 1.0 and 3.0 — placed in 1.0; verify.
🟠 [AcksBuilder] Media item 30. sits between lessons 1.0 and 3.0 — placed in 1.0; verify.
🟠 [AcksBuilder] Media item 31. sits between lessons 1.0 and 3.0 — placed in 1.0; verify.
🟠 [AcksBuilder] Media item 32. sits between lessons 1.0 and 3.0 — placed in 1.0; verify.
🟠 [AcksBuilder] Media item 33. sits between lessons 1.0 and 3.0 — placed in 1.0; verify.
🟠 [AcksBuilder] Media item 34. sits between lessons 1.0 and 3.0 — placed in 1.0; verify.
🟠 [AcksBuilder] Media item 35. sits between lessons 1.0 and 3.0 — placed in 1.0; verify.
🟠 [AcksBuilder] Media item 36. sits between lessons 1.0 and 3.0 — placed in 1.0; verify.
🟠 [AcksBuilder] Media item 37. sits between lessons 1.0 and 3.0 — placed in 1.0; verify.
🟠 [AcksBuilder] Media item 38. sits between lessons 1.0 and 3.0 — placed in 1.0; verify.
🟠 [AcksBuilder] Media item 39. sits between lessons 1.0 and 3.0 — placed in 1.0; verify.
🟠 [AcksBuilder] Media item 40. sits between lessons 1.0 and 3.0 — placed in 1.0; verify.
🟠 [AcksBuilder] Media item 41. sits between lessons 1.0 and 3.0 — placed in 1.0; verify.
🟠 [AcksBuilder] Media item  sits between lessons 1.0 and 3.0 — placed in 1.0; verify.
🟠 [AcksBuilder] Media item  sits between lessons 1.0 and 3.0 — placed in 1.0; verify.
🟠 [AcksBuilder] Media item  sits between lessons 1.0 and 3.0 — placed in 1.0; verify.
🟠 [AcksBuilder] Media item  sits between lessons 1.0 and 3.0 — placed in 1.0; verify.
🟠 [AcksBuilder] Media item  sits between lessons 1.0 and 3.0 — placed in 1.0; verify.
🟠 [AcksBuilder] Media item  sits between lessons 1.0 and 3.0 — placed in 1.0; verify.
🟠 [AcksBuilder] Media item  sits between lessons 1.0 and 3.0 — placed in 1.0; verify.
🟠 [AcksBuilder] Media item  sits between lessons 1.0 and 3.0 — placed in 1.0; verify.
🟠 [AcksBuilder] Media item  sits between lessons 1.0 and 3.0 — placed in 1.0; verify.
🟠 [AcksBuilder] Media item  sits between lessons 1.0 and 3.0 — placed in 1.0; verify.
🟠 [AcksBuilder] Media item  sits between lessons 1.0 and 3.0 — placed in 1.0; verify.
🟠 [AcksBuilder] Media item  sits between lessons 1.0 and 3.0 — placed in 1.0; verify.
🟠 [AcksBuilder] Media item  sits between lessons 1.0 and 3.0 — placed in 1.0; verify.
🟠 [AcksBuilder] Media item  sits between lessons 1.0 and 3.0 — placed in 1.0; verify.
🟠 [AcksBuilder] Media item  sits between lessons 1.0 and 3.0 — placed in 1.0; verify.
🟠 [AcksBuilder] Media item  sits between lessons 1.0 and 3.0 — placed in 1.0; verify.
🟠 [AcksBuilder] Media item  sits between lessons 3.0 and 4.0 — placed in 3.0; verify.
🟢 [AcksBuilder] Media item  placed in lesson 4.0 by neighbour interpolation — verify its group.
🟢 [AcksBuilder] Media item  placed in lesson 4.0 by neighbour interpolation — verify its group.
🟢 [AcksBuilder] Media item  placed in lesson 4.0 by neighbour interpolation — verify its group.
🟠 [AcksBuilder] 1 iStock title could not be verified (no *istock-acks*.txt was supplied); each is marked ❗ and the acks block carries a designer note.
🟢 [SkeletonBuilder] footer_links "final" value "—" is not a footer pattern (the registry's no-evidence marker) — the KB's final-page form "prev+home" applied (footer.kb_position_defaults).
🟠 [ModuleResolver] Multiple module-code candidates found (MXFUN03, MXFUN103) — using MXFUN03 from filename "MXFUN03 Writers Template + Media List.docx".
🟢 [DocxExtractor] Media-list boilerplate dropped: 4 blocks before the media table and 2 blocks after it (a second media table) — the template's own instructions, not content.
🟢 [ConventionResolver] HTML conventions from group 1-10 Mathematics|combo: overview menu two_col_li, lesson menu two_col_li.
🟢 [PageSplitter] Registry says single-file but lesson/page tags exist — keeping ONE file; the tags become in-page breaks (registry rule).
🟢 [PageSplitter] Document opens without a literal [TITLE BAR] — overview page opened at the first content tag (Fundamentals-style template).
🟢 [ContentConverter] Code-content phase dialect: 3 phase marker(s) (phases 2, 3, 4) — the front-matter repeats and side tabs consumed, the phases shell built (fundamentals_panels.phase_text.code_content_delimiter).
🟢 [ContentConverter] Page 0.0: [activity] auto-closed before the next activity.
🟢 [ContentConverter] Page 0.0: [end activity] had no open container — ignored.
🟢 [ContentConverter] Page 0.0: [activity] auto-closed before the next activity.
🟢 [ContentConverter] Page 0.0: [end activity] had no open container — ignored.
🟢 [ContentConverter] Page 0.0: [activity] auto-closed before the next activity.
🟢 [ContentConverter] Page 0.0: [end activity] had no open container — ignored.
🟢 [ContentConverter] Page 0.0: [activity] auto-closed before the next activity.
🟢 [ContentConverter] Page 0.0: [end activity] had no open container — ignored.
🟢 [ContentConverter] Page 0.0: [activity] auto-closed before the next activity.
🟢 [ContentConverter] Page 0.0: [end activity] had no open container — ignored.
🟢 [ContentConverter] Page 0.0: bare [activity] re-emphasis merged into the open numbered activity (no new box).
🟢 [ContentConverter] Page 0.0: [activity] auto-closed before the next activity.
🟢 [ContentConverter] Page 0.0: [end activity] had no open container — ignored.
🟢 [ContentConverter] Page 0.0: [activity] auto-closed before the next activity.
🟢 [ContentConverter] Page 0.0: [end activity] had no open container — ignored.
🟢 [ContentConverter] Page 0.0: [activity] auto-closed before the next activity.
🟢 [ContentConverter] Page 0.0: [end activity] had no open container — ignored.
🟢 [ContentConverter] Page 0.0: [activity] auto-closed before the next activity.
🟢 [ContentConverter] Page 0.0: [end activity] had no open container — ignored.
🟢 [ContentConverter] Page 0.0: bare [activity] re-emphasis merged into the open numbered activity (no new box).
🟢 [ContentConverter] Page 0.0: [activity] auto-closed before the next activity.
🟢 [ContentConverter] Page 0.0: [end activity] had no open container — ignored.
🟢 [InteractiveBuilder] Built carousel #13 from captured data (no placeholder needed).
🟢 [ContentConverter] Page 0.0: [end activity] had no open container — ignored.
🟢 [ContentConverter] Page 0.0: [activity] auto-closed before the next activity.
🟢 [ContentConverter] Page 0.0: [end activity] had no open container — ignored.
🟢 [ContentConverter] Page 0.0: [activity] auto-closed before the next activity.
🟢 [ContentConverter] Page 0.0: [end activity] had no open container — ignored.
🟢 [ContentConverter] Page 0.0: [activity] auto-closed before the next activity.
🟢 [ContentConverter] Page 0.0: [end activity] had no open container — ignored.
🟢 [ContentConverter] Page 0.0: [activity] auto-closed before the next activity.
🟢 [ContentConverter] Page 0.0: [end activity] had no open container — ignored.
🟢 [ContentConverter] Page 0.0: [activity] auto-closed before the next activity.
🟢 [InteractiveBuilder] Built dragAndDrop #20 from captured data (no placeholder needed).
🟢 [ContentConverter] Page 0.0: [end activity] had no open container — ignored.
🟢 [ContentConverter] Page 0.0: [activity] auto-closed before the next activity.
🟢 [InteractiveBuilder] Built selfCheck #21 from captured data (no placeholder needed).
🟢 [ContentConverter] Page 0.0: [end activity] had no open container — ignored.
🟢 [ContentConverter] Page 0.0: [activity] auto-closed before the next activity.
🟢 [ContentConverter] Page 0.0: [end activity] had no open container — ignored.
🟢 [InteractiveBuilder] Built dragAndDrop #23 from captured data (no placeholder needed).
🟢 [ContentConverter] Page 0.0: [end activity] had no open container — ignored.
🟢 [ContentConverter] Page 0.0: [activity] auto-closed before the next activity.
🟢 [ContentConverter] Page 0.0: [end activity] had no open container — ignored.
🟢 [ContentConverter] [important] right-hand box → an alert top side column paired with the preceding content row (positional_side_alert).
🟢 [ContentConverter] Page 0.0: [end activity] had no open container — ignored.
🟢 [ContentConverter] Page 0.0: [activity] auto-closed before the next activity.
🟢 [ContentConverter] Page 0.0: [end activity] had no open container — ignored.
🟢 [ContentConverter] Page 0.0: [end activity] had no open container — ignored.
🟢 [ContentConverter] Page 0.0: [end activity] had no open container — ignored.
🟢 [InteractiveBuilder] Built selfCheck #29 from captured data (no placeholder needed).
🟢 [InteractiveBuilder] Built selfCheck #30 from captured data (no placeholder needed).
🟢 [ContentConverter] Page 0.0: [end activity] had no open container — ignored.
🟢 [ContentConverter] [important] right-hand box → an alert top side column paired with the preceding content row (positional_side_alert).
🟢 [ContentConverter] Page 0.0: [activity] auto-closed before the next activity.
🟢 [ContentConverter] Page 0.0: [end activity] had no open container — ignored.
🟢 [ContentConverter] Page 0.0: [end activity] had no open container — ignored.
🟢 [ContentConverter] [important] right-hand box → an alert top side column paired with the preceding content row (positional_side_alert).
🟢 [ContentConverter] Page 0.0: [activity] auto-closed before the next activity.
🟢 [ContentConverter] Page 0.0: [end activity] had no open container — ignored.
🟢 [ContentConverter] Page 0.0: [end activity] had no open container — ignored.
🟢 [ContentConverter] Page 0.0: [activity] auto-closed before the next activity.
🟢 [ContentConverter] Page 0.0: [end activity] had no open container — ignored.
🟢 [ContentConverter] [alert] right-hand box → an alert top side column paired with the preceding content row (positional_side_alert).
🟢 [ContentConverter] Page 0.0: [end activity] had no open container — ignored.
🟢 [ContentConverter] Page 0.0: [activity] auto-closed before the next activity.
🟢 [ContentConverter] Page 0.0: [end activity] had no open container — ignored.
🟢 [ContentConverter] Page 0.0: [end activity] had no open container — ignored.
🟢 [ContentConverter] Page 0.0: [end activity] had no open container — ignored.
🟢 [ContentConverter] Page 0.0: [activity] auto-closed before the next activity.
🟢 [ContentConverter] Page 0.0: [end activity] had no open container — ignored.
🟢 [PanelsBuilder] 4 panel title heading(s) set to h2 (first_heading_level).
🟠 [AcksBuilder] YouTube metadata unavailable for item  (stubbed) — possible dead link worth checking: https://www.youtube.com/watch?v=tuBLuIW1U70
🟠 [AcksBuilder] Unknown media item type "Link ot activity sheet" (item 27) — used "Link ot activity sheet" as the prefix; add it to Acks_Formats type_prefix_map.
🟠 [AcksBuilder] Unknown media item type "phtoto" (item 36) — used "Phtoto" as the prefix; add it to Acks_Formats type_prefix_map.
🟠 [AcksBuilder] Unknown media item type "Link to PDF" (item 54) — used "Link to pdf" as the prefix; add it to Acks_Formats type_prefix_map.
🟠 [AcksBuilder] YouTube metadata unavailable for item 55 (stubbed) — possible dead link worth checking: https://www.youtube.com/watch?v=65_c1CpfTjU
🟠 [AcksBuilder] Unknown media item type "Link to activity sheet" (item 56) — used "Link to activity sheet" as the prefix; add it to Acks_Formats type_prefix_map.
🟠 [AcksBuilder] Unknown media item type "Link to powerpoint" (item 57) — used "Link to powerpoint" as the prefix; add it to Acks_Formats type_prefix_map.
🟠 [AcksBuilder] YouTube metadata unavailable for item 58 (stubbed) — possible dead link worth checking: https://www.youtube.com/watch?v=SeDMBzXvy-k
🟢 [AcksBuilder] Media item  placed in lesson 0.0 by neighbour interpolation — verify its group.
🟠 [AcksBuilder] 50 iStock titles could not be verified (no *istock-acks*.txt was supplied); each is marked ❗ and the acks block carries a designer note.
🟢 [ConventionResolver] HTML conventions from group Online Safety (OS9000)|1-3: overview menu tabs, lesson menu flat.
🟢 [PageSplitter] [end page] before [MODULE INTRODUCTION] disregarded — the introduction stays on the overview page (AR-1).
🟢 [MenuBuilder] Menu heading "Tirohanga Whānui | Overview" is the section label — consumed (the menu scaffolding names it).
🟢 [InteractiveBuilder] Built speechBubble #1 from captured data (no placeholder needed).
🟢 [InteractiveBuilder] Built flipCard #2 from captured data (no placeholder needed).
🟢 [InteractiveBuilder] Built clickDrop #4 from captured data (no placeholder needed).
🟢 [InteractiveBuilder] Built speechBubble #6 from captured data (no placeholder needed).
🟢 [InteractiveBuilder] Built carousel #7 from captured data (no placeholder needed).
🟢 [InteractiveScanner] hint: additional widget [hint] absorbed (hint + hint).
🟢 [InteractiveBuilder] Built speechBubble #10 from captured data (no placeholder needed).
🟢 [InteractiveBuilder] Built flipCard #11 from captured data (no placeholder needed).
🟢 [ContentConverter] Page 3.0: the lead paragraph after [ [radio buttons] ] renders free inside the box (lead_free_after_tag).
🟢 [InteractiveBuilder] Built speechBubble #15 from captured data (no placeholder needed).
🟢 [ContentConverter] [engagement quiz button] → the KB's anchored "Go to quiz" button + To Do note (kb_form).
🟢 [ContentConverter] Page 3.0: [activity] auto-closed before the next alert.
🟢 [ContentConverter] Page 3.0: activity number normalised (page_number_normalise): 3B → 3C.
🟠 [AcksBuilder] YouTube metadata unavailable for item  (stubbed) — possible dead link worth checking: https://www.youtube.com/watch?v=pxNGrDY5CDM
🟠 [AcksBuilder] YouTube metadata unavailable for item  (stubbed) — possible dead link worth checking: https://www.youtube.com/watch?v=_NdlwUs0X3M
🟠 [AcksBuilder] YouTube metadata unavailable for item  (stubbed) — possible dead link worth checking: https://www.youtube.com/watch?v=-HP-U-UXFns
🟠 [AcksBuilder] Unknown media item type "Word doc" (item ) — used "Word doc" as the prefix; add it to Acks_Formats type_prefix_map.
🟢 [AcksBuilder] Media item  ("link") is a lesson link — no acknowledgement (scope rule).
🟠 [AcksBuilder] 29 iStock titles could not be verified (no *istock-acks*.txt was supplied); each is marked ❗ and the acks block carries a designer note.
🟢 [DocxExtractor] Media-list boilerplate dropped: 3 blocks before the media table and 15 blocks after it (the submission checklist) — the template's own instructions, not content.
🟢 [ConventionResolver] HTML conventions from group NCEA1|NCEA: overview menu tabs, lesson menu flat.
🟢 [PageSplitter] [end page] before [MODULE INTRODUCTION] disregarded — the introduction stays on the overview page (AR-1).
🟢 [PageSplitter] Implicit page break: content continues after [end page] without a [LESSON] tag — opened page 2.0 ("Fossil Fuels** *Te reo* Māori translation needed").
🟢 [PageSplitter] Implicit page break: content continues after [end page] without a [LESSON] tag — opened page 3.0 ("Effects of fossil fuels on the Earth system** *Te reo* Māori translation needed").
🟢 [PageSplitter] Implicit page break: content continues after [end page] without a [LESSON] tag — opened page 4.0 ("Effects of fossil fuels in Aotearoa New Zealand** *Te reo* Māori translation needed").
🟢 [PageSplitter] Implicit page break: content continues after [end page] without a [LESSON] tag — opened page 5.0 ("Aotearoa New Zealand responses to climate change** *Te reo* Māori translation needed").
🟢 [PageSplitter] Implicit page break: content continues after [end page] without a [LESSON] tag — opened page 6.0 ("Deforestation** *Te reo* Māori translation needed").
🟢 [PageSplitter] Implicit page break: content continues after [end page] without a [LESSON] tag — opened page 7.0 ("Deforestation in Aotearoa New Zealand** *Te reo* Māori translation needed").
🟢 [PageSplitter] Implicit page break: content continues after [end page] without a [LESSON] tag — opened page 8.0 ("Mining** *Te reo* Māori translation needed").
🟢 [PageSplitter] Implicit page break: content continues after [end page] without a [LESSON] tag — opened page 9.0 ("Effects of Mining** *Te reo* Māori translation needed").
🟢 [PageSplitter] Implicit page break: content continues after [end page] without a [LESSON] tag — opened page 10.0 ("Mining in Aotearoa New Zealand** *Te reo* Māori translation needed").
🟠 [ContentConverter] [TITLE BAR] title half is the placeholder "Te reo Māori translation needed" — the real title is not in the WT; dropped, not shipped as an <h1>. Add the title to the source.
🟢 [MenuBuilder] Menu heading "Tirohanga Whānui | Overview" is the section label — consumed (the menu scaffolding names it).
🟢 [MenuBuilder] Menu section "Aromatawai | Assessment for Learning" promoted to its own "Standards" nav tab (menu.extra_tabs registry).
🟢 [InteractiveBuilder] Built carousel #1 from captured data (no placeholder needed).
🟢 [ContentConverter] Page 1.0: [activity] auto-closed before the next activity.
🟠 [ContentConverter] Page 1.0: [activity] was never closed — closed at page end.
🟢 [ContentConverter] Page 2.0: [activity] auto-closed before the next h3.
🟢 [ContentConverter] Page 3.0: [activity] auto-closed before the next h3.
🟢 [InteractiveBuilder] Built carousel #4 from captured data (no placeholder needed).
🟢 [ContentConverter] Page 4.0: [activity] auto-closed before the next h2.
🟠 [ContentConverter] Page 4.0: [activity] was never closed — closed at page end.
🟢 [ContentConverter] Lesson menu taken from the unmarked WALT / SC block at the lesson's start (menu.lesson_overview_implicit).
🟢 [ContentConverter] Lesson menu taken from the unmarked WALT / SC block at the lesson's start (menu.lesson_overview_implicit).
🟢 [ContentConverter] Page 6.0: [activity] auto-closed before the next h2.
🟢 [InteractiveBuilder] Built carousel #7 from captured data (no placeholder needed).
🟠 [ContentConverter] Page 6.0: [activity] was never closed — closed at page end.
🟠 [ContentConverter] Page 7.0: [activity] was never closed — closed at page end.
🟢 [ContentConverter] Lesson menu taken from the unmarked WALT / SC block at the lesson's start (menu.lesson_overview_implicit).
🟢 [ContentConverter] Page 8.0: [activity] auto-closed before the next h3.
🟠 [ContentConverter] Page 8.0: [activity] was never closed — closed at page end.
🟢 [InteractiveBuilder] Built carousel #9 from captured data (no placeholder needed).
🟢 [InteractiveBuilder] Built carousel #10 from captured data (no placeholder needed).
🟠 [ContentConverter] Page 9.0: [activity] was never closed — closed at page end.
🟢 [InteractiveScanner] Page 10.0: 1 id-carrying heading(s) re-tagged as [Activity N] openers (opener_rule.id_heading_opener).
🟢 [ContentConverter] Lesson menu taken from the unmarked WALT / SC block at the lesson's start (menu.lesson_overview_implicit).
🟢 [InteractiveBuilder] Built carousel #11 from captured data (no placeholder needed).
🟠 [ContentConverter] Page 10.0: [activity] was never closed — closed at page end.
🟠 [AcksBuilder] YouTube metadata unavailable for item  (stubbed) — possible dead link worth checking: https://www.youtube.com/watch?v=uFlLDcppwpI
🟠 [AcksBuilder] Unknown media item type "Gif image" (item ) — used "Gif image" as the prefix; add it to Acks_Formats type_prefix_map.
🟠 [AcksBuilder] YouTube metadata unavailable for item  (stubbed) — possible dead link worth checking: https://www.youtube.com/watch?v=BTTN_V5ZcBc
🟠 [AcksBuilder] YouTube metadata unavailable for item  (stubbed) — possible dead link worth checking: https://www.youtube.com/watch?v=dcBXmj1nMTQ
🟠 [AcksBuilder] Unknown media item type "Image or interactive" (item ) — used "Image or interactive" as the prefix; add it to Acks_Formats type_prefix_map.
🟠 [AcksBuilder] Unknown media item type "Image/graph" (item ) — used "Image/graph" as the prefix; add it to Acks_Formats type_prefix_map.
🟠 [AcksBuilder] Unknown media item type "Image / Diagram" (item ) — used "Image / diagram" as the prefix; add it to Acks_Formats type_prefix_map.
🟠 [AcksBuilder] YouTube metadata unavailable for item  (stubbed) — possible dead link worth checking: https://www.youtube.com/watch?v=mcjY-H2Fmw4
🟠 [AcksBuilder] YouTube metadata unavailable for item  (stubbed) — possible dead link worth checking: https://www.youtube.com/watch?v=rFw8MopzXdI
🟠 [AcksBuilder] Unknown media item type "Graph or interactive graph" (item ) — used "Graph or interactive graph" as the prefix; add it to Acks_Formats type_prefix_map.
🟠 [AcksBuilder] YouTube metadata unavailable for item  (stubbed) — possible dead link worth checking: https://www.youtube.com/watch?v=msnOHuPep9I
🟠 [AcksBuilder] YouTube metadata unavailable for item  (stubbed) — possible dead link worth checking: https://www.youtube.com/watch?v=EuwMB1Dal-4
🟠 [AcksBuilder] YouTube metadata unavailable for item  (stubbed) — possible dead link worth checking: https://www.youtube.com/watch?v=0Puv0Pss33M
🟠 [AcksBuilder] YouTube metadata unavailable for item  (stubbed) — possible dead link worth checking: https://www.youtube.com/watch?v=o9OzTz91WK4
🟠 [AcksBuilder] Unknown media item type "Image / (from pdf)" (item ) — used "Image / (from pdf)" as the prefix; add it to Acks_Formats type_prefix_map.
🟠 [AcksBuilder] Unknown media item type "Cartoon" (item ) — used "Cartoon" as the prefix; add it to Acks_Formats type_prefix_map.
🟠 [AcksBuilder] YouTube metadata unavailable for item  (stubbed) — possible dead link worth checking: https://www.youtube.com/watch?v=UnwMq1gGjhk
🟠 [AcksBuilder] YouTube metadata unavailable for item  (stubbed) — possible dead link worth checking: https://www.youtube.com/watch?v=vJnnrpSDWPI
🟠 [AcksBuilder] YouTube metadata unavailable for item  (stubbed) — possible dead link worth checking: https://www.youtube.com/watch?v=0s8_38yRuzo
🟠 [AcksBuilder] Unknown media item type "Interactive map / OR image" (item ) — used "Interactive map / or image" as the prefix; add it to Acks_Formats type_prefix_map.
🟠 [AcksBuilder] YouTube metadata unavailable for item  (stubbed) — possible dead link worth checking: https://www.youtube.com/watch?v=91_q7K0eWUg
🟠 [AcksBuilder] YouTube metadata unavailable for item  (stubbed) — possible dead link worth checking: https://www.youtube.com/watch?v=o3YdrDCpv4w
🟠 [AcksBuilder] YouTube metadata unavailable for item  (stubbed) — possible dead link worth checking: https://www.youtube.com/watch?v=sagyOs_HzUo
🟠 [AcksBuilder] Unknown media item type "Image/map" (item ) — used "Image/map" as the prefix; add it to Acks_Formats type_prefix_map.
🟠 [AcksBuilder] YouTube metadata unavailable for item  (stubbed) — possible dead link worth checking: https://www.youtube.com/watch?v=ve22M1RnhrM
🟠 [AcksBuilder] YouTube metadata unavailable for item  (stubbed) — possible dead link worth checking: https://www.youtube.com/watch?v=MVwEI7LojqE
🟠 [AcksBuilder] YouTube metadata unavailable for item  (stubbed) — possible dead link worth checking: https://www.youtube.com/watch?v=Z27bXmbwLOk
🟠 [AcksBuilder] Unknown media item type "Map infographic" (item ) — used "Map infographic" as the prefix; add it to Acks_Formats type_prefix_map.
🟢 [AcksBuilder] Media item  placed in lesson 3.0 by neighbour interpolation — verify its group.
🟠 [AcksBuilder] Media item  sits between lessons 6.0 and 7.0 — placed in 6.0; verify.
🟠 [AcksBuilder] Media item  sits between lessons 6.0 and 7.0 — placed in 6.0; verify.
🟠 [AcksBuilder] Media item  sits between lessons 6.0 and 7.0 — placed in 6.0; verify.
🟢 [AcksBuilder] Media item  placed in lesson 8.0 by neighbour interpolation — verify its group.
🟠 [AcksBuilder] Media item  sits between lessons 8.0 and 9.0 — placed in 8.0; verify.
🟠 [AcksBuilder] 1 iStock title could not be verified (no *istock-acks*.txt was supplied); each is marked ❗ and the acks block carries a designer note.
🟢 [DocxExtractor] Content opened at the [Content for DROP DOWN MENU] marker — the MTK drop-down-menu bilingual template (its overview lives before the first [LESSON N CONTENT]).
🟢 [ConventionResolver] HTML conventions from group Te Marautanga o Aotearoa TMoA|1-3: overview menu tabs, lesson menu tabs.
🟢 [PageSplitter] Document opens without a literal [TITLE BAR] — overview page opened at the first content tag (Fundamentals-style template).
🟢 [PageSplitter] [MODULE CONTENT: PAGE n] marker — its content stays on the overview page (MTK drop-down-menu template).
🟢 [PageSplitter] Content after the final [end page] (1 blocks) is writer-form boilerplate — not emitted (AR-5).
🟢 [PageAssembler] No [TITLE BAR] title — using the front-matter "Module Name" metadata "Nga tau: 2 | Numbers: 2" as the module title (MTK drop-down-menu template).
🟢 [AcksBuilder] Media item  placed in lesson 1.0 by neighbour interpolation — verify its group.
🟢 [AcksBuilder] Media item  placed in lesson 1.0 by neighbour interpolation — verify its group.
🟠 [AcksBuilder] Media item  sits between lessons 1.0 and 2.0 — placed in 1.0; verify.
🟢 [AcksBuilder] Media item  placed in lesson 2.0 by neighbour interpolation — verify its group.
🟠 [AcksBuilder] Media item  could not be mapped to a lesson — placed in the first group (0.0); verify.
🟠 [AcksBuilder] 2 iStock titles could not be verified (no *istock-acks*.txt was supplied); each is marked ❗ and the acks block carries a designer note.
🟢 [SkeletonBuilder] footer_links "lesson" value "—" is not a footer pattern (the registry's no-evidence marker) — the KB's lesson-page form "prev+next+home" applied (footer.kb_position_defaults).
🟢 [SkeletonBuilder] footer_links "final" value "—" is not a footer pattern (the registry's no-evidence marker) — the KB's final-page form "prev+home" applied (footer.kb_position_defaults).
🟠 [ModuleResolver] Multiple module-code candidates found (SPA1004, SPO1007) — using SPA1004 from filename "SPA1004 Writers Template + Media List.docx".
🟢 [DocxExtractor] Media-list boilerplate dropped: 3 blocks before the media table — the template's own instructions, not content.
🟢 [ConventionResolver] HTML conventions from group NCEA1|NCEA: overview menu tabs, lesson menu flat.
🟢 [PageSplitter] [end page] before [MODULE INTRODUCTION] disregarded — the introduction stays on the overview page (AR-1).
🟢 [PageSplitter] Implicit page break: content continues after [end page] without a [LESSON] tag — opened page 1.0.
🟢 [PageSplitter] Adjacent page boundaries merged — no empty page emitted (AR-2).
🟢 [MenuBuilder] Menu heading "Tirohanga Whānui | Overview" is the section label — consumed (the menu scaffolding names it).
🟢 [MenuBuilder] Menu section "Aromatawai | Assessment for Learning" promoted to its own "Standards" nav tab (KB c67 canonical Standards tab; curriculum_tabs.kb_canonical.standards).
🟠 [AcksBuilder] YouTube metadata unavailable for item  (stubbed) — possible dead link worth checking: https://www.youtube.com/watch?v=aVlizRymrM8
🟠 [AcksBuilder] YouTube metadata unavailable for item  (stubbed) — possible dead link worth checking: https://www.youtube.com/watch?v=SHd7PCeKyMo
🟠 [AcksBuilder] YouTube metadata unavailable for item  (stubbed) — possible dead link worth checking: https://www.youtube.com/watch?v=B8hbp0BlWxw
🟠 [AcksBuilder] YouTube metadata unavailable for item  (stubbed) — possible dead link worth checking: https://www.youtube.com/watch?v=XoSkxH1BPtY
🟠 [AcksBuilder] YouTube metadata unavailable for item  (stubbed) — possible dead link worth checking: https://www.youtube.com/watch?v=pvlkYYdIBV0
🟠 [AcksBuilder] YouTube metadata unavailable for item  (stubbed) — possible dead link worth checking: https://www.youtube.com/watch?v=Hiv00xYQYVA
🟠 [AcksBuilder] YouTube metadata unavailable for item  (stubbed) — possible dead link worth checking: https://www.youtube.com/watch?v=CFiLmU4aO4E
🟠 [AcksBuilder] YouTube metadata unavailable for item  (stubbed) — possible dead link worth checking: https://www.youtube.com/watch?v=mKzeXqxK1cU
🟠 [AcksBuilder] YouTube metadata unavailable for item  (stubbed) — possible dead link worth checking: https://www.youtube.com/watch?v=GZMn-e7IsT4
🟠 [AcksBuilder] Unknown media item type "Pic" (item ) — used "Pic" as the prefix; add it to Acks_Formats type_prefix_map.
🟠 [AcksBuilder] Unknown media item type "Pic" (item ) — used "Pic" as the prefix; add it to Acks_Formats type_prefix_map.
🟠 [AcksBuilder] Media item  could not be mapped to a lesson — placed in the first group (0.0); verify.
🟠 [AcksBuilder] Media item  could not be mapped to a lesson — placed in the first group (0.0); verify.
🟠 [AcksBuilder] Media item  could not be mapped to a lesson — placed in the first group (0.0); verify.
🟠 [AcksBuilder] Media item  could not be mapped to a lesson — placed in the first group (0.0); verify.
🟠 [AcksBuilder] Media item  could not be mapped to a lesson — placed in the first group (0.0); verify.
🟠 [AcksBuilder] Media item  could not be mapped to a lesson — placed in the first group (0.0); verify.
🟠 [AcksBuilder] Media item  could not be mapped to a lesson — placed in the first group (0.0); verify.
🟠 [AcksBuilder] Media item  could not be mapped to a lesson — placed in the first group (0.0); verify.
🟠 [AcksBuilder] Media item  could not be mapped to a lesson — placed in the first group (0.0); verify.
🟠 [AcksBuilder] Media item  could not be mapped to a lesson — placed in the first group (0.0); verify.
🟠 [AcksBuilder] Media item  could not be mapped to a lesson — placed in the first group (0.0); verify.
🟠 [AcksBuilder] Media item  could not be mapped to a lesson — placed in the first group (0.0); verify.
🟠 [AcksBuilder] Media item  could not be mapped to a lesson — placed in the first group (0.0); verify.
🟠 [AcksBuilder] 3 iStock titles could not be verified (no *istock-acks*.txt was supplied); each is marked ❗ and the acks block carries a designer note.
🟢 [SkeletonBuilder] template attribute "NCEA" overridden to "combo" (template_phase_presets.cohort_overrides — the Languages cohort ships combo, CL-0033).
🟢 [SkeletonBuilder] Page 2.0: h1_count wants 2 title(s) but the source provided 1 — emitted what exists.
🟢 [SkeletonBuilder] Page 3.0: h1_count wants 2 title(s) but the source provided 1 — emitted what exists.
🟠 [ModuleResolver] TEDC402: no registry entry and no majority ruleset found — using global defaults. Check the code, or add the series to the registry.
🟢 [DocxExtractor] Page-layout table dissolved into 2 stacked blocks (an [Activity] and a [speech bubble] shared one table — the finished page stacks them; round 306).
🟢 [DocxExtractor] Single-cell page-layout table dissolved into 1 stacked blocks (a one-cell table holding an [Activity] is a box the writer drew, not widget data; round 313).
🟢 [DocxExtractor] Page-layout table dissolved into 12 stacked blocks (an [Activity] and a [speech bubble] shared one table — the finished page stacks them; round 306).
🟢 [DocxExtractor] Page-layout table dissolved into 4 stacked blocks (an [Activity] and a [speech bubble] shared one table — the finished page stacks them; round 306).
🟢 [DocxExtractor] Page-layout table dissolved into 2 stacked blocks (an [Activity] and a [speech bubble] shared one table — the finished page stacks them; round 306).
🟢 [DocxExtractor] Page-layout table dissolved into 2 stacked blocks (an [Activity] and a [speech bubble] shared one table — the finished page stacks them; round 306).
🟢 [DocxExtractor] Page-layout table dissolved into 14 stacked blocks (an [Activity] and a [speech bubble] shared one table — the finished page stacks them; round 306).
🟢 [DocxExtractor] Page-layout table dissolved into 2 stacked blocks (an [Activity] and a [speech bubble] shared one table — the finished page stacks them; round 306).
🟢 [DocxExtractor] Page-layout table dissolved into 2 stacked blocks (an [Activity] and a [speech bubble] shared one table — the finished page stacks them; round 306).
🟢 [DocxExtractor] Page-layout table dissolved into 2 stacked blocks (an [Activity] and a [speech bubble] shared one table — the finished page stacks them; round 306).
🟢 [DocxExtractor] Page-layout table dissolved into 4 stacked blocks (an [Activity] and a [speech bubble] shared one table — the finished page stacks them; round 306).
🟢 [DocxExtractor] Page-layout table dissolved into 2 stacked blocks (an [Activity] and a [speech bubble] shared one table — the finished page stacks them; round 306).
🟢 [DocxExtractor] Page-layout table dissolved into 2 stacked blocks (an [Activity] and a [speech bubble] shared one table — the finished page stacks them; round 306).
🟢 [ConventionResolver] No convention group found for this module — using the global Emit_Templates defaults.
🟢 [PageSplitter] Document opens without a literal [TITLE BAR] — overview page opened at the first content tag (Fundamentals-style template).
🟢 [PageSplitter] [end page] on the overview disregarded — an introduction-cluster marker follows ([Title]/[Introduction]/[supervisor note]; AR-1 generalised).
🟢 [PageSplitter] Implicit page break: content continues after [end page] without a [LESSON] tag — opened page 3.0 ("Binary + Operating Systems: the big boss!").
🟢 [MenuBuilder] Menu heading "Overview" is the section label — consumed (the menu scaffolding names it).
🟢 [InteractiveScanner] speechBubble: additional widget [speech bubble] absorbed (speechBubble + speechBubble).
🟢 [InteractiveBuilder] Built speechBubble #3 from captured data (no placeholder needed).
🟢 [InteractiveBuilder] Built speechBubble #5 from captured data (no placeholder needed).
🟢 [InteractiveBuilder] Built speechBubble #8 from captured data (no placeholder needed).
🟢 [InteractiveBuilder] Built speechBubble #10 from captured data (no placeholder needed).
🟢 [InteractiveBuilder] Built speechBubble #12 from captured data (no placeholder needed).
🟢 [InteractiveBuilder] Built flipCard #15 from captured data (no placeholder needed).
🟢 [InteractiveBuilder] Built speechBubble #16 from captured data (no placeholder needed).
🟢 [ContentConverter] [alert] wraps the following table/widget as its content (no [end alert]) — closes at the next heading/section/page.
🟢 [InteractiveBuilder] Built speechBubble #18 from captured data (no placeholder needed).
🟢 [ContentConverter] [alert] wraps the following table/widget as its content (no [end alert]) — closes at the next heading/section/page.
🟢 [InteractiveBuilder] Built hint #19 from captured data (no placeholder needed).
🟢 [ContentConverter] Page 1.0: activity number normalised (page_number_normalise): 1D → 1C.
🟢 [InteractiveScanner] speechBubble: additional widget [speech bubble] absorbed (speechBubble + speechBubble).
🟢 [InteractiveScanner] dragAndDrop: additional widget [drag and drop] absorbed (dragAndDrop + dragAndDrop).
🟢 [InteractiveScanner] [[drag and drop matching]] — the heading "**FDE matching meanings**" and the section after it are the widget's own (heading_table_owner, no_table).
🟢 [ContentConverter] Lesson menu taken from the [Overview] alias at the lesson's start (menu.lesson_overview_implicit).
🟢 [InteractiveBuilder] Built speechBubble #20 from captured data (no placeholder needed).
🟢 [InteractiveBuilder] Built speechBubble #21 from captured data (no placeholder needed).
🟢 [InteractiveBuilder] Built speechBubble #23 from captured data (no placeholder needed).
🟢 [InteractiveBuilder] Built speechBubble #26 from captured data (no placeholder needed).
🟢 [InteractiveBuilder] Built clickDrop #27 from captured data (no placeholder needed).
🟢 [ContentConverter] [alert] wraps the following table/widget as its content (no [end alert]) — closes at the next heading/section/page.
🟢 [InteractiveBuilder] Built speechBubble #29 from captured data (no placeholder needed).
🟢 [InteractiveBuilder] Built speechBubble #31 from captured data (no placeholder needed).
🟢 [InteractiveBuilder] Built speechBubble #32 from captured data (no placeholder needed).
🟢 [ContentConverter] [alert] wraps the following table/widget as its content (no [end alert]) — closes at the next heading/section/page.
🟢 [InteractiveBuilder] Built hint #33 from captured data (no placeholder needed).
🟢 [InteractiveScanner] speechBubble: additional widget [speech bubble] absorbed (speechBubble + speechBubble).
🟢 [ContentConverter] Lesson menu taken from the [Overview] alias at the lesson's start (menu.lesson_overview_implicit).
🟢 [InteractiveBuilder] Built speechBubble #34 from captured data (no placeholder needed).
🟢 [InteractiveBuilder] Built speechBubble #35 from captured data (no placeholder needed).
🟢 [InteractiveBuilder] Built hint #37 from captured data (no placeholder needed).
🟢 [ContentConverter] Page 3.0: [activity] auto-closed before the next h3.
🟢 [InteractiveBuilder] Built speechBubble #38 from captured data (no placeholder needed).
🟢 [InteractiveBuilder] Built speechBubble #41 from captured data (no placeholder needed).
🟢 [InteractiveBuilder] Built speechBubble #43 from captured data (no placeholder needed).
🟢 [InteractiveBuilder] Built flipCard #44 from captured data (no placeholder needed).
🟢 [InteractiveBuilder] Built speechBubble #45 from captured data (no placeholder needed).
🟢 [InteractiveBuilder] Built speechBubble #47 from captured data (no placeholder needed).
🟢 [InteractiveBuilder] Built speechBubble #49 from captured data (no placeholder needed).
🟢 [InteractiveBuilder] Built clickDrop #50 from captured data (no placeholder needed).
🟢 [InteractiveBuilder] Built speechBubble #51 from captured data (no placeholder needed).
🟢 [InteractiveBuilder] Built speechBubble #53 from captured data (no placeholder needed).
🟢 [ContentConverter] [alert] wraps the following table/widget as its content (no [end alert]) — closes at the next heading/section/page.
🟢 [InteractiveBuilder] Built speechBubble #56 from captured data (no placeholder needed).
🟢 [ContentConverter] [alert] wraps the following table/widget as its content (no [end alert]) — closes at the next heading/section/page.
🟢 [InteractiveBuilder] Built speechBubble #58 from captured data (no placeholder needed).
🟢 [InteractiveBuilder] Built speechBubble #60 from captured data (no placeholder needed).
🟢 [ContentConverter] [alert] wraps the following table/widget as its content (no [end alert]) — closes at the next heading/section/page.
🟢 [InteractiveBuilder] Built hint #61 from captured data (no placeholder needed).
🟢 [InteractiveScanner] speechBubble: additional widget [speech bubble] absorbed (speechBubble + speechBubble).
🟢 [InteractiveScanner] speechBubble: additional widget [speech bubble] absorbed (speechBubble + speechBubble).
🟢 [ContentConverter] Lesson menu taken from the [Overview] alias at the lesson's start (menu.lesson_overview_implicit).
🟢 [InteractiveBuilder] Built speechBubble #62 from captured data (no placeholder needed).
🟢 [InteractiveBuilder] Built clickDrop #63 from captured data (no placeholder needed).
🟢 [InteractiveBuilder] Built speechBubble #64 from captured data (no placeholder needed).
🟢 [InteractiveBuilder] Built speechBubble #65 from captured data (no placeholder needed).
🟢 [ContentConverter] [alert] wraps the following table/widget as its content (no [end alert]) — closes at the next heading/section/page.
🟢 [InteractiveBuilder] Built speechBubble #67 from captured data (no placeholder needed).
🟢 [ContentConverter] [alert] right-hand box → an alert top side column paired with the FOLLOWING content row (positional_side_alert.always_side).
🟢 [InteractiveBuilder] Built speechBubble #70 from captured data (no placeholder needed).
🟢 [InteractiveBuilder] Built tabs #71 from captured data (no placeholder needed).
🟢 [InteractiveBuilder] Built speechBubble #72 from captured data (no placeholder needed).
🟢 [ContentConverter] [alert] wraps the following table/widget as its content (no [end alert]) — closes at the next heading/section/page.
🟢 [ContentConverter] Page 4.0: [activity] auto-closed before the next h3.
🟢 [InteractiveBuilder] Built speechBubble #76 from captured data (no placeholder needed).
🟢 [InteractiveBuilder] Built speechBubble #78 from captured data (no placeholder needed).
🟢 [ContentConverter] [alert] wraps the following table/widget as its content (no [end alert]) — closes at the next heading/section/page.
🟢 [InteractiveBuilder] Built hint #79 from captured data (no placeholder needed).
🟢 [ContentConverter] Page 4.0: activity numbers normalised (page_number_normalise): 4B → 4A, 4D → 4C.
🟢 [InteractiveScanner] speechBubble: additional widget [speech bubble] absorbed (speechBubble + speechBubble).
🟢 [InteractiveScanner] hint: additional widget [hint] absorbed (hint + hint).
🟢 [InteractiveScanner] [[drag and drop]] — the heading "**Match the chart to the data**" and the section after it are the widget's own (heading_table_owner, no_table).
🟢 [InteractiveScanner] [[clickdrops + PDF modals + drop box]] — the heading "**Your turn: Create your visualisation**" and the section after it are the widget's own (heading_table_owner, no_table).
🟢 [ContentConverter] Lesson menu taken from the [Overview] alias at the lesson's start (menu.lesson_overview_implicit).
🟢 [InteractiveBuilder] Built speechBubble #80 from captured data (no placeholder needed).
🟢 [ContentConverter] [alert] wraps the following table/widget as its content (no [end alert]) — closes at the next heading/section/page.
🟢 [InteractiveBuilder] Built speechBubble #82 from captured data (no placeholder needed).
🟢 [InteractiveBuilder] Built speechBubble #83 from captured data (no placeholder needed).
🟢 [InteractiveBuilder] Built speechBubble #87 from captured data (no placeholder needed).
🟢 [InteractiveBuilder] Built tabs #88 from captured data (no placeholder needed).
🟢 [InteractiveBuilder] Built speechBubble #89 from captured data (no placeholder needed).
🟢 [InteractiveBuilder] Built tabs #91 from captured data (no placeholder needed).
🟢 [InteractiveBuilder] Built carousel #92 from captured data (no placeholder needed).
🟢 [InteractiveBuilder] Built dropDown #93 from captured data (no placeholder needed).
🟢 [ContentConverter] [alert] wraps the following table/widget as its content (no [end alert]) — closes at the next heading/section/page.
🟢 [InteractiveBuilder] Built speechBubble #97 from captured data (no placeholder needed).
🟢 [ContentConverter] [alert] wraps the following table/widget as its content (no [end alert]) — closes at the next heading/section/page.
🟢 [InteractiveBuilder] Built hint #98 from captured data (no placeholder needed).
🟢 [ContentConverter] Page 5.0: activity numbers normalised (page_number_normalise): 5B → 5A, 5E → 5C.
🟢 [InteractiveScanner] speechBubble: additional widget [speech bubble] absorbed (speechBubble + speechBubble).
🟢 [InteractiveScanner] [[multi-choice]] — the heading "**Efficiency in action**" and its table are the widget's own (heading_table_owner).
🟢 [InteractiveScanner] [[radio quiz + drag and drop]] — the heading "**Guided practise**" and its table are the widget's own (heading_table_owner).
🟢 [ContentConverter] Lesson menu taken from the [Overview] alias at the lesson's start (menu.lesson_overview_implicit).
🟢 [InteractiveBuilder] Built speechBubble #99 from captured data (no placeholder needed).
🟢 [InteractiveBuilder] Built speechBubble #100 from captured data (no placeholder needed).
🟢 [InteractiveBuilder] Built clickDrop #101 from captured data (no placeholder needed).
🟢 [InteractiveBuilder] Built speechBubble #102 from captured data (no placeholder needed).
🟢 [InteractiveBuilder] Built tabs #103 from captured data (no placeholder needed).
🟢 [InteractiveBuilder] Built speechBubble #104 from captured data (no placeholder needed).
🟢 [InteractiveBuilder] Built tabs #105 from captured data (no placeholder needed).
🟢 [InteractiveBuilder] Built speechBubble #107 from captured data (no placeholder needed).
🟢 [InteractiveBuilder] Built speechBubble #110 from captured data (no placeholder needed).
🟢 [InteractiveBuilder] Built accordion #111 from captured data (no placeholder needed).
🟢 [InteractiveBuilder] Built clickDrop #112 from captured data (no placeholder needed).
🟢 [InteractiveBuilder] Built speechBubble #113 from captured data (no placeholder needed).
🟢 [InteractiveBuilder] Built speechBubble #116 from captured data (no placeholder needed).
🟢 [InteractiveBuilder] Built speechBubble #122 from captured data (no placeholder needed).
🟢 [InteractiveBuilder] Built speechBubble #123 from captured data (no placeholder needed).
🟢 [ContentConverter] [alert] wraps the following table/widget as its content (no [end alert]) — closes at the next heading/section/page.
🟢 [ContentConverter] [alert] wraps the following table/widget as its content (no [end alert]) — closes at the next heading/section/page.
🟢 [InteractiveBuilder] Built speechBubble #125 from captured data (no placeholder needed).
🟢 [InteractiveBuilder] Built hint #126 from captured data (no placeholder needed).
🟢 [InteractiveScanner] speechBubble: additional widget [speech bubble] absorbed (speechBubble + speechBubble).
🟢 [InteractiveScanner] [[2 x drag and drop]] — the heading "**Smooth as smoothies**" and the section after it are the widget's own (heading_table_owner, no_table).
🟢 [InteractiveScanner] sketcher: additional widget [sketcher] absorbed (sketcher + sketcher).
🟢 [ContentConverter] Lesson menu taken from the [Overview] alias at the lesson's start (menu.lesson_overview_implicit).
🟢 [InteractiveBuilder] Built speechBubble #127 from captured data (no placeholder needed).
🟢 [InteractiveBuilder] Built speechBubble #129 from captured data (no placeholder needed).
🟢 [InteractiveBuilder] Built clickDrop #132 from captured data (no placeholder needed).
🟢 [InteractiveBuilder] Built speechBubble #134 from captured data (no placeholder needed).
🟢 [InteractiveBuilder] Built flipCard #135 from captured data (no placeholder needed).
🟢 [InteractiveBuilder] Built speechBubble #136 from captured data (no placeholder needed).
🟢 [InteractiveBuilder] Built speechBubble #139 from captured data (no placeholder needed).
🟢 [InteractiveBuilder] Built speechBubble #140 from captured data (no placeholder needed).
🟢 [InteractiveBuilder] Built speechBubble #143 from captured data (no placeholder needed).
🟢 [ContentConverter] [alert] wraps the following table/widget as its content (no [end alert]) — closes at the next heading/section/page.
🟢 [ContentConverter] [alert] wraps the following table/widget as its content (no [end alert]) — closes at the next heading/section/page.
🟢 [InteractiveBuilder] Built speechBubble #145 from captured data (no placeholder needed).
🟢 [InteractiveBuilder] Built hint #146 from captured data (no placeholder needed).
🟢 [InteractiveScanner] speechBubble: additional widget [speech bubble] absorbed (speechBubble + speechBubble).
🟢 [ContentConverter] Lesson menu taken from the [Overview] alias at the lesson's start (menu.lesson_overview_implicit).
🟢 [InteractiveBuilder] Built speechBubble #147 from captured data (no placeholder needed).
🟢 [InteractiveBuilder] Built speechBubble #149 from captured data (no placeholder needed).
🟢 [InteractiveBuilder] Built speechBubble #150 from captured data (no placeholder needed).
🟢 [ContentConverter] [alert] wraps the following table/widget as its content (no [end alert]) — closes at the next heading/section/page.
🟢 [ContentConverter] Page 8.1: the lesson's simplified menu inherited from page 8.0 — a continuation page belongs to the same lesson (KB 01B; menu.lesson_continuation_inherits).
🟢 [InteractiveBuilder] Built hint #153 from captured data (no placeholder needed).
🟠 [AcksBuilder] YouTube metadata unavailable for item 0. (stubbed) — possible dead link worth checking: https://www.youtube.com/watch?v=eS9nvlJ0VBg
🟠 [AcksBuilder] YouTube metadata unavailable for item 12. (stubbed) — possible dead link worth checking: https://www.youtube.com/watch?v=ZlnuoLKv96I
🟠 [AcksBuilder] YouTube metadata unavailable for item 25 (stubbed) — possible dead link worth checking: https://www.youtube.com/watch?v=TcbPyI06EAg
🟠 [AcksBuilder] YouTube metadata unavailable for item 27 (stubbed) — possible dead link worth checking: https://www.youtube.com/watch?v=THSh85q7ZBY
🟠 [AcksBuilder] YouTube metadata unavailable for item 28 (stubbed) — possible dead link worth checking: https://www.youtube.com/watch?v=b6vHZ95XDwU
🟠 [AcksBuilder] YouTube metadata unavailable for item 29 (stubbed) — possible dead link worth checking: https://www.youtube.com/watch?v=fkGCLIQx1MI
🟠 [AcksBuilder] YouTube metadata unavailable for item 30 (stubbed) — possible dead link worth checking: https://www.youtube.com/watch?v=Y7sCQxnr31Q
🟠 [AcksBuilder] YouTube metadata unavailable for item 31 (stubbed) — possible dead link worth checking: https://www.youtube.com/watch?v=pVzRTmdd9j0
🟠 [AcksBuilder] YouTube metadata unavailable for item 32 (stubbed) — possible dead link worth checking: https://www.youtube.com/watch?v=ijWgUWPt31o
🟠 [AcksBuilder] YouTube metadata unavailable for item 48 (stubbed) — possible dead link worth checking: https://www.youtube.com/watch?v=9ns3Gp8nMAo
🟠 [AcksBuilder] YouTube metadata unavailable for item 49 (stubbed) — possible dead link worth checking: https://www.youtube.com/watch?v=TfkNkrKMF5c
🟠 [AcksBuilder] YouTube metadata unavailable for item 50 (stubbed) — possible dead link worth checking: https://www.youtube.com/watch?v=OWZxkRhGacA
🟠 [AcksBuilder] YouTube metadata unavailable for item 51 (stubbed) — possible dead link worth checking: https://www.youtube.com/watch?v=yte125rv8S8
🟠 [AcksBuilder] 2 iStock titles could not be verified (no *istock-acks*.txt was supplied); each is marked ❗ and the acks block carries a designer note.
🟢 [SkeletonBuilder] template attribute "undefined" overridden to the level-4 preset "9-10" (template_phase_presets — the module-level rule outranks sibling inheritance for this attribute only).
🟢 [DocxExtractor] Content opened at the [TITLE BAR] typed inside a table cell (the MTK bilingual template) — the overview tables before the first paragraph-level start are content, not front matter (round 453).
🟢 [ConventionResolver] HTML conventions from group Te Marautanga o Aotearoa TMoA|1-3: overview menu tabs, lesson menu tabs.
🟢 [PageSplitter] Document opens without a literal [TITLE BAR] — overview page opened at the first content tag (Fundamentals-style template).
🟢 [MenuBuilder] MTK overview menu composed from the writer's overview tables (3 tabs: Overview | Key objectives | Information; KB 07A §4; round 453).
🟢 [PageAssembler] No [TITLE BAR] / Module Name title — MTK module title taken from [h1] repetition on page 1.0: "The vowel blend: ao | Te oropuare pūrua: ao" (round 321).
🟠 [AcksBuilder] Unknown media item type "PDF" (item ) — used "Pdf" as the prefix; add it to Acks_Formats type_prefix_map.
🟠 [AcksBuilder] Unknown media item type "PDF" (item ) — used "Pdf" as the prefix; add it to Acks_Formats type_prefix_map.
🟠 [AcksBuilder] YouTube metadata unavailable for item  (stubbed) — possible dead link worth checking: https://www.youtube.com/watch?v=ou7NitF6gkU
🟠 [AcksBuilder] YouTube metadata unavailable for item  (stubbed) — possible dead link worth checking: https://www.youtube.com/watch?v=dWGsch52q70
🟠 [AcksBuilder] YouTube metadata unavailable for item  (stubbed) — possible dead link worth checking: https://www.youtube.com/watch?v=t6wv0LXYQr4
🟠 [AcksBuilder] YouTube metadata unavailable for item  (stubbed) — possible dead link worth checking: https://www.youtube.com/watch?v=I-9UxsWEi2k
🟠 [AcksBuilder] Unknown media item type "PDF" (item ) — used "Pdf" as the prefix; add it to Acks_Formats type_prefix_map.
🟠 [AcksBuilder] Unknown media item type "PDF" (item ) — used "Pdf" as the prefix; add it to Acks_Formats type_prefix_map.
🟢 [AcksBuilder] Media item  placed in lesson 1.0 by neighbour interpolation — verify its group.
🟢 [AcksBuilder] Media item  placed in lesson 1.0 by neighbour interpolation — verify its group.
🟢 [AcksBuilder] Media item  placed in lesson 1.0 by neighbour interpolation — verify its group.
🟢 [AcksBuilder] Media item  placed in lesson 1.0 by neighbour interpolation — verify its group.
🟢 [AcksBuilder] Media item  placed in lesson 1.0 by neighbour interpolation — verify its group.
🟢 [AcksBuilder] Media item  placed in lesson 1.0 by neighbour interpolation — verify its group.
🟢 [AcksBuilder] Media item  placed in lesson 1.0 by neighbour interpolation — verify its group.
🟢 [AcksBuilder] Media item  placed in lesson 1.0 by neighbour interpolation — verify its group.
🟢 [AcksBuilder] Media item  placed in lesson 2.0 by neighbour interpolation — verify its group.
🟢 [AcksBuilder] Media item  placed in lesson 2.0 by neighbour interpolation — verify its group.
🟠 [AcksBuilder] Media item  sits between lessons 2.0 and 1.0 — placed in 2.0; verify.
🟢 [SkeletonBuilder] footer_links "final" value "—" is not a footer pattern (the registry's no-evidence marker) — the KB's final-page form "prev+home" applied (footer.kb_position_defaults).
🟠 [ModuleResolver] Multiple module-code candidates found (TWHA906, TWHO903) — using TWHA906 from filename "TWHA906 Writers Template.docx".
🟢 [ConventionResolver] HTML conventions from group Te ara Whakapuawa -Wellbeing|combo: overview menu default, lesson menu two_col_li.
🟢 [InteractiveScanner] Activity 3B: additional widget [mcq] absorbed (accordion + multiChoiceQuiz).
🟢 [InteractiveScanner] Activity 3B: additional widget [mcq] absorbed (accordion + multiChoiceQuiz).
🟢 [InteractiveScanner] Activity 3B: additional widget [mcq] absorbed (accordion + multiChoiceQuiz).
🟢 [ContentConverter] Page 0.0: [end tab n] had no open container — ignored.
🟢 [InteractiveBuilder] Built flipCard #1 from captured data (no placeholder needed).
🟢 [ContentConverter] Page 0.0: [end flip card] had no open container — ignored.
🟢 [ContentConverter] Page 0.0: [end activity] had no open container — ignored.
🟢 [ContentConverter] Page 0.0: [activity] auto-closed before the next alert.
🟢 [ContentConverter] Page 0.0: [end activity] had no open container — ignored.
🟢 [ContentConverter] Page 0.0: [end activity] had no open container — ignored.
🟢 [ContentConverter] Page 0.0: [end activity] had no open container — ignored.
🟢 [ContentConverter] Page 0.0: [activity] auto-closed before the next activity.
🟢 [ContentConverter] Page 0.0: [end tab n] had no open container — ignored.
🟢 [ContentConverter] Page 0.0: [activity] auto-closed before the next activity.
🟢 [ContentConverter] Page 0.0: [activity] auto-closed before the next alert.
🟢 [ContentConverter] Page 0.0: [end flip card] had no open container — ignored.
🟢 [ContentConverter] Page 0.0: [end tab n] had no open container — ignored.
🟢 [ContentConverter] Page 0.0: [end activity] had no open container — ignored.
🟢 [ContentConverter] Page 0.0: [end accordion] had no open container — ignored.
🟢 [InteractiveBuilder] Built flipCard #15 from captured data (no placeholder needed).
🟢 [ContentConverter] Page 0.0: [end crossword] had no open container — ignored.
🟢 [ContentConverter] Page 0.0: [end tab n] had no open container — ignored.
🟢 [ContentConverter] Page 0.0: [activity] auto-closed before the next activity.
🟢 [ContentConverter] Page 0.0: [activity] auto-closed before the next activity.
🟢 [ContentConverter] Page 0.0: [end flip card] had no open container — ignored.
🟢 [ContentConverter] Page 0.0: [end tab n] had no open container — ignored.
🟢 [InteractiveBuilder] Built carousel #22 from captured data (no placeholder needed).
🟢 [InteractiveBuilder] Built flipCard #23 from captured data (no placeholder needed).
🟢 [InteractiveBuilder] Built dragAndDrop #24 from captured data (no placeholder needed).
🟢 [ContentConverter] Page 0.0: [end activity] had no open container — ignored.
🟢 [ContentConverter] Page 0.0: [end activity] had no open container — ignored.
🟢 [ContentConverter] Page 0.0: [end flip card] had no open container — ignored.
🟢 [ContentConverter] Page 0.0: [end tab n] had no open container — ignored.
🟢 [MenuBuilder] Menu heading "Tirohanga Whānui | Overview" is the section label — consumed (the menu scaffolding names it).
🟢 [PageAssembler] [TITLE BAR] held only placeholder text — using the front-matter Course "Huinga Ako" as the English title; no Te Reo title (the real one is not in the WT).
🟠 [AcksBuilder] YouTube metadata unavailable for item  (stubbed) — possible dead link worth checking: https://youtu.be/Rj4Yu9Utdw0?list=RDRj4Yu9Utdw0
🟠 [AcksBuilder] YouTube metadata unavailable for item  (stubbed) — possible dead link worth checking: https://youtu.be/_IopcOwfsoU
🟠 [AcksBuilder] YouTube metadata unavailable for item  (stubbed) — possible dead link worth checking: https://youtu.be/4VV_VpTCx4M
🟠 [AcksBuilder] Unknown media item type "slideshow" (item ) — used "Slideshow" as the prefix; add it to Acks_Formats type_prefix_map.
🟠 [AcksBuilder] YouTube metadata unavailable for item  (stubbed) — possible dead link worth checking: https://youtu.be/P40YV7e-Dg4
🟠 [AcksBuilder] YouTube metadata unavailable for item  (stubbed) — possible dead link worth checking: https://youtu.be/z9TIlM96lT8
🟠 [AcksBuilder] YouTube metadata unavailable for item  (stubbed) — possible dead link worth checking: https://youtu.be/zr3riJJZbI0
🟠 [AcksBuilder] YouTube metadata unavailable for item  (stubbed) — possible dead link worth checking: https://youtu.be/jgXBfkaNw5A
🟠 [AcksBuilder] YouTube metadata unavailable for item  (stubbed) — possible dead link worth checking: https://youtu.be/iursWQXga20
🟠 [AcksBuilder] Unknown media item type "script" (item ) — used "Script" as the prefix; add it to Acks_Formats type_prefix_map.
🟠 [AcksBuilder] Unknown media item type "script" (item 73) — used "Script" as the prefix; add it to Acks_Formats type_prefix_map.
🟠 [AcksBuilder] Unknown media item type "script" (item 74) — used "Script" as the prefix; add it to Acks_Formats type_prefix_map.
🟠 [AcksBuilder] Unknown media item type "script" (item 75) — used "Script" as the prefix; add it to Acks_Formats type_prefix_map.
🟠 [AcksBuilder] Unknown media item type "script" (item 76) — used "Script" as the prefix; add it to Acks_Formats type_prefix_map.
🟠 [AcksBuilder] Unknown media item type "script" (item 77) — used "Script" as the prefix; add it to Acks_Formats type_prefix_map.
🟢 [AcksBuilder] Media item  placed in lesson 0.0 by neighbour interpolation — verify its group.
🟢 [AcksBuilder] Media item  placed in lesson 0.0 by neighbour interpolation — verify its group.
🟢 [AcksBuilder] Media item  placed in lesson 0.0 by neighbour interpolation — verify its group.
🟢 [AcksBuilder] Media item  placed in lesson 0.0 by neighbour interpolation — verify its group.
🟠 [AcksBuilder] 5 iStock titles could not be verified (no *istock-acks*.txt was supplied); each is marked ❗ and the acks block carries a designer note.
🟢 [DocxExtractor] Media-list boilerplate dropped: 2 blocks of the media-list heading and preamble (no media table recognised in this document) — the template's own instructions, not content.
🟢 [ConventionResolver] HTML conventions from group 1-10 Writing (MiW)|1-3: overview menu tabs, lesson menu default.
🟢 [ContentConverter] Tile-page fundamentals dialect: 3 tiles (Language choices, Language features 1, Language features 2) — one panel per tile, the tile LI/SC blocks routed to the module menu (fundamentals_panels.tile_pages).
🟢 [InteractiveBuilder] Built speechBubble #1 from captured data (no placeholder needed).
🟢 [ContentConverter] Page 0.0: [end speech bubble] had no open container — ignored.
🟢 [InteractiveBuilder] Built speechBubble #2 from captured data (no placeholder needed).
🟢 [ContentConverter] Page 0.0: [end speech bubble] had no open container — ignored.
🟢 [InteractiveBuilder] Built speechBubble #5 from captured data (no placeholder needed).
🟢 [ContentConverter] Page 0.0: [end speech bubble] had no open container — ignored.
🟢 [ContentConverter] Page 0.0: [activity] auto-closed before the next heading.
🟢 [ContentConverter] Page 0.0: [end carousel] had no open container — ignored.
🟢 [InteractiveBuilder] Built speechBubble #8 from captured data (no placeholder needed).
🟢 [ContentConverter] Page 0.0: [end speech bubble] had no open container — ignored.
🟢 [ContentConverter] Page 0.0: [activity] auto-closed before the next h3.
🟢 [ContentConverter] Page 0.0: [activity] auto-closed before the next h3.
🟢 [ContentConverter] Page 0.0: [end mcq] had no open container — ignored.
🟢 [InteractiveBuilder] Built speechBubble #12 from captured data (no placeholder needed).
🟢 [ContentConverter] Page 0.0: [end speech bubble] had no open container — ignored.
🟢 [InteractiveBuilder] Built speechBubble #13 from captured data (no placeholder needed).
🟢 [ContentConverter] Page 0.0: [end speech bubble] had no open container — ignored.
🟢 [ContentConverter] Page 0.0: [end body] had no open container — ignored.
🟢 [InteractiveBuilder] Built speechBubble #14 from captured data (no placeholder needed).
🟢 [ContentConverter] Page 0.0: [end speech bubble] had no open container — ignored.
🟢 [InteractiveBuilder] Built speechBubble #17 from captured data (no placeholder needed).
🟢 [ContentConverter] Page 0.0: [end speech bubble] had no open container — ignored.
🟢 [ContentConverter] Page 0.0: [end body] had no open container — ignored.
🟢 [InteractiveBuilder] Built speechBubble #20 from captured data (no placeholder needed).
🟢 [ContentConverter] Page 0.0: [end speech bubble] had no open container — ignored.
🟢 [ContentConverter] Page 0.0: [end body] had no open container — ignored.
🟢 [InteractiveBuilder] Built speechBubble #22 from captured data (no placeholder needed).
🟢 [ContentConverter] Page 0.0: [end speech bubble] had no open container — ignored.
🟢 [ContentConverter] Page 0.0: [activity] auto-closed before the next h3.
🟢 [ContentConverter] Page 0.0: [end body] had no open container — ignored.
🟢 [ContentConverter] Page 0.0: [end body] had no open container — ignored.
🟢 [InteractiveBuilder] Built speechBubble #24 from captured data (no placeholder needed).
🟢 [ContentConverter] Page 0.0: [end speech bubble] had no open container — ignored.
🟢 [ContentConverter] Page 0.0: the standalone dragAndDrop widget renders inside the open [activity] box — no synthetic box of its own (inside_open_activity).
🟢 [ContentConverter] Page 0.0: [activity] auto-closed before the next activity.
🟢 [ContentConverter] Page 0.0: [activity] auto-closed before the next activity.
🟢 [MenuBuilder] Overview menu composed as level tabs (Overview + Language choices, Language features 1, Language features 2; fundamentals_panels.level_pages).
🟢 [PanelsBuilder] 3 panel title heading(s) set to h2 (first_heading_level).
🟠 [AcksBuilder] Unknown media item type "Photo / (see above)" (item ) — used "Photo / (see above)" as the prefix; add it to Acks_Formats type_prefix_map.
🟠 [AcksBuilder] Unknown media item type "Photo / (see above)" (item ) — used "Photo / (see above)" as the prefix; add it to Acks_Formats type_prefix_map.
🟠 [AcksBuilder] Unknown media item type "Photo / (see above)" (item ) — used "Photo / (see above)" as the prefix; add it to Acks_Formats type_prefix_map.
🟠 [AcksBuilder] YouTube metadata unavailable for item  (stubbed) — possible dead link worth checking: https://www.youtube.com/watch?v=EZp6GKqN9ns
🟠 [AcksBuilder] YouTube metadata unavailable for item  (stubbed) — possible dead link worth checking: https://www.youtube.com/watch?v=a2lneKI1dW4
🟠 [AcksBuilder] YouTube metadata unavailable for item  (stubbed) — possible dead link worth checking: https://www.youtube.com/watch?v=drbcKE1Pcsc&t=3s
🟠 [AcksBuilder] YouTube metadata unavailable for item  (stubbed) — possible dead link worth checking: https://www.youtube.com/watch?v=DDEjdnxvAjM
🟠 [AcksBuilder] Unknown media item type "Illustraion" (item ) — used "Illustraion" as the prefix; add it to Acks_Formats type_prefix_map.
🟠 [AcksBuilder] Unknown media item type "Illustraion" (item ) — used "Illustraion" as the prefix; add it to Acks_Formats type_prefix_map.
🟠 [AcksBuilder] YouTube metadata unavailable for item  (stubbed) — possible dead link worth checking: https://www.youtube.com/watch?v=go_ld7lOpGA
🟠 [AcksBuilder] YouTube metadata unavailable for item  (stubbed) — possible dead link worth checking: https://www.youtube.com/watch?v=ROmKMtLWY14
🟢 [AcksBuilder] Media item  placed in lesson 0.0 by neighbour interpolation — verify its group.
🟢 [AcksBuilder] Media item  placed in lesson 0.0 by neighbour interpolation — verify its group.
🟢 [AcksBuilder] Media item  placed in lesson 0.0 by neighbour interpolation — verify its group.
🟢 [AcksBuilder] Media item  placed in lesson 0.0 by neighbour interpolation — verify its group.
🟠 [AcksBuilder] 28 iStock titles could not be verified (no *istock-acks*.txt was supplied); each is marked ❗ and the acks block carries a designer note.
🟢 [DocxExtractor] Media-list boilerplate dropped: 3 blocks before the media table — the template's own instructions, not content.
🟢 [ConventionResolver] HTML conventions from group Leaving to Learn|combo: overview menu tabs, lesson menu flat.
🟢 [PageSplitter] [end page] before [MODULE INTRODUCTION] disregarded — the introduction stays on the overview page (AR-1).
🟢 [PageSplitter] [end page] on the overview disregarded — the [LESSON Choice page] tile navigation stays on page 0.0 (choice_page_tiles.merge_into_overview).
🟢 [PageSplitter] Implicit page break: content continues after [end page] without a [LESSON] tag — opened page 2.0.
🟢 [PageSplitter] [Lesson 2] repeats the open lesson's number with no body content between — merged, no empty page emitted (lesson_boundary_guard).
🟢 [ContentConverter] [LESSON Choice page] label "Hauora Tinana (Wellbeing of the Body)" is a navigation-page label — dropped (the human-built pages never show it); the tile grid renders at the end of this page.
🟢 [MenuBuilder] Menu heading "Tirohanga Whānui | Overview" is the section label — consumed (the menu scaffolding names it).
🟢 [MenuBuilder] Menu section "Hononga | Connections" promoted to its own "Connections" nav tab (menu.extra_tabs registry).
🟢 [MenuBuilder] Menu section "Aromatawai | Assessment for Learning" promoted to its own "Standards" nav tab (menu.extra_tabs registry).
🟢 [InteractiveScanner] accordion: additional widget [accordion] absorbed (accordion + accordion).
🟢 [InteractiveScanner] accordion: additional widget [accordion] absorbed (accordion + accordion).
🟢 [InteractiveScanner] accordion: additional widget [accordion] absorbed (accordion + accordion).
🟢 [InteractiveScanner] clickDrop: additional widget [click drop] absorbed (clickDrop + clickDrop).
🟢 [ContentConverter] Lesson menu taken from the unmarked WALT / SC block at the lesson's start (menu.lesson_overview_implicit).
🟢 [InteractiveBuilder] Built accordion #1 from captured data (no placeholder needed).
🟢 [ContentConverter] Page 1.0: [end accordion] had no open container — ignored.
🟢 [ContentConverter] Page 1.0: click-and-drop tile row built (6 tiles, panels paired positionally).
🟢 [ContentConverter] Page 1.0: [activity] auto-closed before the next activity.
🟢 [ContentConverter] Page 1.0: [activity] auto-closed before the next activity.
🟢 [ContentConverter] Page 1.0: [activity] auto-closed before the next activity.
🟢 [ContentConverter] Page 1.0: [activity] auto-closed before the next activity.
🟢 [ContentConverter] Page 1.0: [activity] auto-closed before the next activity.
🟠 [ContentConverter] Page 1.0: [activity] was never closed — closed at page end.
🟢 [InteractiveScanner] accordion: additional widget [accordion] absorbed (accordion + accordion).
🟢 [InteractiveScanner] accordion: additional widget [accordion] absorbed (accordion + accordion).
🟢 [InteractiveScanner] accordion: additional widget [accordion] absorbed (accordion + accordion).
🟢 [InteractiveScanner] clickDrop: additional widget [click drop] absorbed (clickDrop + clickDrop).
🟢 [InteractiveBuilder] Built accordion #8 from captured data (no placeholder needed).
🟢 [ContentConverter] Page 2.0: [end accordion] had no open container — ignored.
🟢 [ContentConverter] Page 2.0: click-and-drop tile row built (6 tiles, panels paired positionally).
🟢 [ContentConverter] Page 2.0: [activity] auto-closed before the next activity.
🟢 [ContentConverter] Page 2.0: [activity] auto-closed before the next activity.
🟢 [ContentConverter] Page 2.0: [activity] auto-closed before the next activity.
🟢 [ContentConverter] Page 2.0: [activity] auto-closed before the next activity.
🟢 [ContentConverter] Page 2.0: [activity] auto-closed before the next activity.
🟠 [ContentConverter] Page 2.0: [activity] was never closed — closed at page end.
🟢 [InteractiveScanner] accordion: additional widget [accordion] absorbed (accordion + accordion).
🟢 [InteractiveScanner] accordion: additional widget [accordion] absorbed (accordion + accordion).
🟢 [InteractiveScanner] flipCard: additional widget [flip card] absorbed (flipCard + flipCard).
🟢 [InteractiveScanner] flipCard: additional widget [flip card] absorbed (flipCard + flipCard).
🟢 [InteractiveScanner] flipCard: additional widget [flip card] absorbed (flipCard + flipCard).
🟢 [InteractiveScanner] flipCard: additional widget [flip card] absorbed (flipCard + flipCard).
🟢 [InteractiveScanner] flipCard: additional widget [flip card] absorbed (flipCard + flipCard).
🟢 [InteractiveScanner] flipCard: additional widget [flip card] absorbed (flipCard + flipCard).
🟢 [InteractiveScanner] flipCard: additional widget [flip card] absorbed (flipCard + flipCard).
🟢 [InteractiveScanner] flipCard: additional widget [flip card] absorbed (flipCard + flipCard).
🟢 [InteractiveScanner] flipCard: additional widget [flip card] absorbed (flipCard + flipCard).
🟢 [InteractiveScanner] flipCard: additional widget [flip card] absorbed (flipCard + flipCard).
🟢 [InteractiveScanner] flipCard: additional widget [flip card] absorbed (flipCard + flipCard).
🟢 [InteractiveScanner] flipCard: additional widget [flip card] absorbed (flipCard + flipCard).
🟢 [InteractiveScanner] clickDrop: additional widget [click drop] absorbed (clickDrop + clickDrop).
🟢 [ContentConverter] Lesson menu taken from the unmarked WALT / SC block at the lesson's start (menu.lesson_overview_implicit).
🟢 [InteractiveBuilder] Built accordion #15 from captured data (no placeholder needed).
🟢 [InteractiveBuilder] Built flipCard #17 from captured data (no placeholder needed).
🟢 [ContentConverter] Page 3.0: [end accordion] had no open container — ignored.
🟢 [ContentConverter] Page 3.0: click-and-drop tile row built (6 tiles, panels paired positionally).
🟢 [ContentConverter] Page 3.0: [activity] auto-closed before the next activity.
🟢 [ContentConverter] Page 3.0: [activity] auto-closed before the next activity.
🟢 [ContentConverter] Page 3.0: [activity] auto-closed before the next activity.
🟢 [ContentConverter] Page 3.0: [activity] auto-closed before the next activity.
🟢 [ContentConverter] Page 3.0: [activity] auto-closed before the next activity.
🟠 [ContentConverter] Page 3.0: [activity] was never closed — closed at page end.
🟢 [InteractiveScanner] accordion: additional widget [accordion] absorbed (accordion + accordion).
🟢 [InteractiveScanner] accordion: additional widget [accordion] absorbed (accordion + accordion).
🟢 [InteractiveScanner] accordion: additional widget [accordion] absorbed (accordion + accordion).
🟢 [InteractiveScanner] clickDrop: additional widget [click drop] absorbed (clickDrop + clickDrop).
🟢 [ContentConverter] Lesson menu taken from the unmarked WALT / SC block at the lesson's start (menu.lesson_overview_implicit).
🟢 [InteractiveBuilder] Built accordion #24 from captured data (no placeholder needed).
🟢 [ContentConverter] Page 4.0: [end accordion] had no open container — ignored.
🟢 [ContentConverter] Page 4.0: click-and-drop tile row built (6 tiles, panels paired positionally).
🟢 [ContentConverter] Page 4.0: [activity] auto-closed before the next activity.
🟢 [ContentConverter] Page 4.0: [activity] auto-closed before the next activity.
🟢 [ContentConverter] Page 4.0: [activity] auto-closed before the next activity.
🟢 [ContentConverter] Page 4.0: [activity] auto-closed before the next activity.
🟢 [ContentConverter] Page 4.0: [activity] auto-closed before the next activity.
🟠 [ContentConverter] Page 4.0: [activity] was never closed — closed at page end.
🟢 [ContentConverter] Page 4.0: activity numbers normalised (page_number_normalise): 5C → 4C, 5F → 4F.
🟢 [InteractiveScanner] accordion: additional widget [accordion] absorbed (accordion + accordion).
🟢 [InteractiveScanner] accordion: additional widget [accordion] absorbed (accordion + accordion).
🟢 [InteractiveScanner] accordion: additional widget [accordion] absorbed (accordion + accordion).
🟢 [InteractiveScanner] clickDrop: additional widget [click drop] absorbed (clickDrop + clickDrop).
🟢 [ContentConverter] Lesson menu taken from the unmarked WALT / SC block at the lesson's start (menu.lesson_overview_implicit).
🟢 [InteractiveBuilder] Built accordion #31 from captured data (no placeholder needed).
🟢 [ContentConverter] Page 5.0: [end accordion] had no open container — ignored.
🟢 [ContentConverter] Page 5.0: click-and-drop tile row built (6 tiles, panels paired positionally).
🟢 [ContentConverter] Page 5.0: [activity] auto-closed before the next activity.
🟢 [ContentConverter] Page 5.0: [activity] auto-closed before the next activity.
🟢 [ContentConverter] Page 5.0: [activity] auto-closed before the next activity.
🟢 [ContentConverter] Page 5.0: [activity] auto-closed before the next activity.
🟢 [ContentConverter] Page 5.0: [activity] auto-closed before the next activity.
🟠 [ContentConverter] Page 5.0: [activity] was never closed — closed at page end.
🟢 [ContentConverter] Page 5.0: activity numbers normalised (page_number_normalise): 1E → 5E, 1F → 5F.
🟢 [InteractiveScanner] accordion: additional widget [accordion] absorbed (accordion + accordion).
🟢 [InteractiveScanner] accordion: additional widget [accordion] absorbed (accordion + accordion).
🟢 [InteractiveScanner] accordion: additional widget [accordion] absorbed (accordion + accordion).
🟢 [InteractiveScanner] clickDrop: additional widget [click drop] absorbed (clickDrop + clickDrop).
🟢 [ContentConverter] Lesson menu taken from the unmarked WALT / SC block at the lesson's start (menu.lesson_overview_implicit).
🟢 [InteractiveBuilder] Built accordion #38 from captured data (no placeholder needed).
🟢 [ContentConverter] Page 6.0: [end accordion] had no open container — ignored.
🟢 [ContentConverter] Page 6.0: click-and-drop tile row built (6 tiles, panels paired positionally).
🟢 [ContentConverter] Page 6.0: [activity] auto-closed before the next activity.
🟢 [ContentConverter] Page 6.0: [activity] auto-closed before the next activity.
🟢 [ContentConverter] Page 6.0: [activity] auto-closed before the next activity.
🟢 [ContentConverter] Page 6.0: [activity] auto-closed before the next activity.
🟢 [ContentConverter] Page 6.0: [activity] auto-closed before the next activity.
🟠 [ContentConverter] Page 6.0: [activity] was never closed — closed at page end.
🟢 [ContentConverter] Page 6.0: activity numbers normalised (page_number_normalise): 1E → 6E, 1F → 6F.
🟢 [InteractiveScanner] accordion: additional widget [accordion] absorbed (accordion + accordion).
🟢 [InteractiveScanner] accordion: additional widget [accordion] absorbed (accordion + accordion).
🟢 [InteractiveScanner] accordion: additional widget [accordion] absorbed (accordion + accordion).
🟢 [InteractiveScanner] clickDrop: additional widget [click drop] absorbed (clickDrop + clickDrop).
🟢 [ContentConverter] Lesson menu taken from the unmarked WALT / SC block at the lesson's start (menu.lesson_overview_implicit).
🟢 [ContentConverter] Page 7.0: [end accordion] had no open container — ignored.
🟢 [ContentConverter] Page 7.0: click-and-drop tile row built (6 tiles, panels paired positionally).
🟢 [ContentConverter] Page 7.0: [activity] auto-closed before the next activity.
🟢 [ContentConverter] Page 7.0: bare [activity] re-emphasis merged into the open numbered activity (no new box).
🟢 [ContentConverter] Page 7.0: [activity] auto-closed before the next h2.
🟢 [ContentConverter] Page 7.0: [activity] auto-closed before the next activity.
🟢 [ContentConverter] Page 7.0: [activity] auto-closed before the next activity.
🟢 [ContentConverter] Page 7.0: [activity] auto-closed before the next activity.
🟠 [ContentConverter] Page 7.0: [activity] was never closed — closed at page end.
🟠 [ContentConverter] 1 tile panel(s) could not be paired to an activity box — the tile row and its panels should be checked by hand.
🟢 [ContentConverter] Page 7.0: activity number normalised (page_number_normalise): 7B → 1B.
🟢 [PageAssembler] [TITLE BAR] held only "Hauora Tinana" (no English) — using the front-matter Course "Nourish" as the English title; Te Reo kept as the second title.
🟠 [AcksBuilder] YouTube metadata unavailable for item 1 (stubbed) — possible dead link worth checking: https://www.youtube.com/watch?v=6In-lfiK30s
🟠 [AcksBuilder] YouTube metadata unavailable for item 3 (stubbed) — possible dead link worth checking: https://www.youtube.com/watch?v=fvYQBBX9yRU&t=33s
🟠 [AcksBuilder] YouTube metadata unavailable for item 4 (stubbed) — possible dead link worth checking: https://www.youtube.com/watch?v=E1cBWmy2ohA
🟠 [AcksBuilder] YouTube metadata unavailable for item 5 (stubbed) — possible dead link worth checking: https://www.youtube.com/shorts/SEWqRMuCID4
🟠 [AcksBuilder] YouTube metadata unavailable for item 6 (stubbed) — possible dead link worth checking: https://www.youtube.com/watch?v=WCDRkTDtsFM
🟠 [AcksBuilder] YouTube metadata unavailable for item 7 (stubbed) — possible dead link worth checking: https://www.youtube.com/watch?v=2tM1LFFxeKg
🟠 [AcksBuilder] YouTube metadata unavailable for item 8 (stubbed) — possible dead link worth checking: https://www.youtube.com/watch?v=lnalI7eVQsQ
🟠 [AcksBuilder] YouTube metadata unavailable for item 9 (stubbed) — possible dead link worth checking: https://www.youtube.com/watch?v=SdumITK6-jo)
🟠 [AcksBuilder] YouTube metadata unavailable for item 10 (stubbed) — possible dead link worth checking: https://www.youtube.com/watch?v=EUfCmluK94o
🟠 [AcksBuilder] YouTube metadata unavailable for item 14 (stubbed) — possible dead link worth checking: https://www.youtube.com/watch?v=Cz9dyS0KPiM
🟠 [AcksBuilder] YouTube metadata unavailable for item 15 (stubbed) — possible dead link worth checking: https://www.youtube.com/watch?v=ee3ZSMbOViQ
🟠 [AcksBuilder] YouTube metadata unavailable for item 16 (stubbed) — possible dead link worth checking: https://www.youtube.com/watch?v=9VtxCxtsMAI
🟠 [AcksBuilder] YouTube metadata unavailable for item 17 (stubbed) — possible dead link worth checking: https://www.youtube.com/watch?v=LbC_v90WTn4
🟠 [AcksBuilder] YouTube metadata unavailable for item 20 (stubbed) — possible dead link worth checking: https://www.youtube.com/watch?v=pz6TbZ3lNV8
🟠 [AcksBuilder] YouTube metadata unavailable for item 21 (stubbed) — possible dead link worth checking: https://www.youtube.com/watch?v=UWGduqKL3fQ
🟠 [AcksBuilder] YouTube metadata unavailable for item 22 (stubbed) — possible dead link worth checking: https://youtu.be/t0kACis_dJE?si=M9_IQPTJA4vimFmW
🟠 [AcksBuilder] Unknown media item type "Symbol" (item 23) — used "Symbol" as the prefix; add it to Acks_Formats type_prefix_map.
🟠 [AcksBuilder] Unknown media item type "Sign" (item ) — used "Sign" as the prefix; add it to Acks_Formats type_prefix_map.
🟠 [AcksBuilder] YouTube metadata unavailable for item 31 (stubbed) — possible dead link worth checking: https://www.youtube.com/watch?v=KkuF3hRsRwA
🟠 [AcksBuilder] YouTube metadata unavailable for item 32 (stubbed) — possible dead link worth checking: https://www.youtube.com/watch?v=qifY4mb1FS0
🟠 [AcksBuilder] YouTube metadata unavailable for item 33 (stubbed) — possible dead link worth checking: https://youtube.com/shorts/g9v7t85AqoU?si=Na8MUHx9ITNAtx7L
🟠 [AcksBuilder] YouTube metadata unavailable for item 34 (stubbed) — possible dead link worth checking: https://www.youtube.com/watch?v=Bw_3Q6CRxGA
🟠 [AcksBuilder] YouTube metadata unavailable for item 37 (stubbed) — possible dead link worth checking: https://www.youtube.com/watch?v=b0UaRPM30Kw&rco=1
🟠 [AcksBuilder] YouTube metadata unavailable for item 38 (stubbed) — possible dead link worth checking: https://www.youtube.com/watch?v=OsXEDi_a_Y4
🟠 [AcksBuilder] YouTube metadata unavailable for item 39 (stubbed) — possible dead link worth checking: https://youtu.be/FGY-lQCNl5c?si=GAVUqr1lvvMnCiJm
🟠 [AcksBuilder] YouTube metadata unavailable for item 40 (stubbed) — possible dead link worth checking: https://www.youtube.com/watch?v=tHN-GCSPoKM
🟠 [AcksBuilder] YouTube metadata unavailable for item 41 (stubbed) — possible dead link worth checking: https://youtu.be/RQQcJNJNAjQ?si=imcMVDRTaA5rlYU7
🟠 [AcksBuilder] YouTube metadata unavailable for item 43 (stubbed) — possible dead link worth checking: https://www.youtube.com/watch?v=zKaMtbiQ9Io
🟠 [AcksBuilder] YouTube metadata unavailable for item 44 (stubbed) — possible dead link worth checking: https://www.youtube.com/watch?v=TDY6mLtVaAw
🟠 [AcksBuilder] YouTube metadata unavailable for item 47 (stubbed) — possible dead link worth checking: https://www.youtube.com/watch?v=awELE4a69jw
🟠 [AcksBuilder] YouTube metadata unavailable for item 48 (stubbed) — possible dead link worth checking: https://www.youtube.com/watch?v=R8RW4vMlueo
🟠 [AcksBuilder] YouTube metadata unavailable for item 49 (stubbed) — possible dead link worth checking: https://www.youtube.com/watch?v=Vuf3ArM5B7U
🟠 [AcksBuilder] 12 iStock titles could not be verified (no *istock-acks*.txt was supplied); each is marked ❗ and the acks block carries a designer note.
🟢 [DocxExtractor] Media-list boilerplate dropped: 3 blocks before the media table — the template's own instructions, not content.
🟢 [ConventionResolver] HTML conventions from series XLP (deviation over Leaving to Learn|combo): overview menu flat, lesson menu flat.
🟢 [PageSplitter] [end page] before [MODULE INTRODUCTION] disregarded — the introduction stays on the overview page (AR-1).
🟢 [PageSplitter] Page 3.0: heading says "Lesson 3W" — using the heading's number.
🟢 [InteractiveScanner] clickDrop: additional widget [click drop] absorbed (clickDrop + clickDrop).
🟢 [InteractiveBuilder] Built flipCard #1 from captured data (no placeholder needed).
🟢 [InteractiveBuilder] Built clickDrop #2 from captured data (no placeholder needed).
🟢 [MenuBuilder] Menu heading "Tirohanga Whānui | Overview" is the section label — consumed (the menu scaffolding names it).
🟢 [InteractiveBuilder] Built flipCard #3 from captured data (no placeholder needed).
🟢 [InteractiveBuilder] Built carousel #4 from captured data (no placeholder needed).
🟢 [InteractiveBuilder] Built carousel #5 from captured data (no placeholder needed).
🟢 [InteractiveBuilder] Built carousel #6 from captured data (no placeholder needed).
🟢 [InteractiveBuilder] Built speechBubble #7 from captured data (no placeholder needed).
🟢 [InteractiveBuilder] Built speechBubble #9 from captured data (no placeholder needed).
🟢 [InteractiveBuilder] Built carousel #10 from captured data (no placeholder needed).
🟢 [InteractiveBuilder] Built carousel #12 from captured data (no placeholder needed).
🟢 [InteractiveBuilder] Built carousel #13 from captured data (no placeholder needed).
🟢 [ContentConverter] Lesson menu taken from the unmarked WALT / SC block at the lesson's start (menu.lesson_overview_implicit).
🟢 [InteractiveBuilder] Built carousel #15 from captured data (no placeholder needed).
🟢 [InteractiveBuilder] Built carousel #17 from captured data (no placeholder needed).
🟢 [ContentConverter] Lesson menu taken from the unmarked WALT / SC block at the lesson's start (menu.lesson_overview_implicit).
🟢 [InteractiveBuilder] Built speechBubble #18 from captured data (no placeholder needed).
🟢 [InteractiveBuilder] Built carousel #20 from captured data (no placeholder needed).
🟠 [AcksBuilder] YouTube metadata unavailable for item  (stubbed) — possible dead link worth checking: https://youtu.be/hWLIZTivjwI
🟠 [AcksBuilder] YouTube metadata unavailable for item  (stubbed) — possible dead link worth checking: https://youtu.be/PUl8kD53NQg
🟠 [AcksBuilder] YouTube metadata unavailable for item  (stubbed) — possible dead link worth checking: https://youtu.be/OZ9_gxgEkMs
🟠 [AcksBuilder] YouTube metadata unavailable for item  (stubbed) — possible dead link worth checking: https://youtu.be/7eepKYgO3RA
🟠 [AcksBuilder] YouTube metadata unavailable for item  (stubbed) — possible dead link worth checking: https://youtu.be/Sm1dl3n5U_U
🟠 [AcksBuilder] YouTube metadata unavailable for item  (stubbed) — possible dead link worth checking: https://youtu.be/Tp09qq3_39k
🟠 [AcksBuilder] YouTube metadata unavailable for item  (stubbed) — possible dead link worth checking: https://youtu.be/VFi4rPGLZew
🟠 [AcksBuilder] YouTube metadata unavailable for item  (stubbed) — possible dead link worth checking: https://youtu.be/-QlOGDeADuc
🟠 [AcksBuilder] YouTube metadata unavailable for item  (stubbed) — possible dead link worth checking: https://youtu.be/-QlOGDeADuc
🟠 [AcksBuilder] YouTube metadata unavailable for item  (stubbed) — possible dead link worth checking: https://youtu.be/Tux_nx4SNTs
🟠 [AcksBuilder] YouTube metadata unavailable for item  (stubbed) — possible dead link worth checking: https://youtu.be/f1gtbBp8y18
🟠 [AcksBuilder] YouTube metadata unavailable for item  (stubbed) — possible dead link worth checking: https://www.youtube.com/watch?v=-GSnmRZlgc4
🟠 [AcksBuilder] YouTube metadata unavailable for item  (stubbed) — possible dead link worth checking: https://www.youtube.com/watch?v=TEJH5bzkFwE
🟠 [AcksBuilder] YouTube metadata unavailable for item  (stubbed) — possible dead link worth checking: https://youtu.be/IaeCfs6SB6Y
🟠 [AcksBuilder] YouTube metadata unavailable for item  (stubbed) — possible dead link worth checking: https://youtu.be/Dp680kGcsEY
🟢 [AcksBuilder] Media item  ("Link") is a lesson link — no acknowledgement (scope rule).
🟢 [AcksBuilder] Media item  ("Link") is a lesson link — no acknowledgement (scope rule).
🟠 [AcksBuilder] YouTube metadata unavailable for item  (stubbed) — possible dead link worth checking: https://www.youtube.com/watch?v=5v5zzDaPP1M
🟠 [AcksBuilder] YouTube metadata unavailable for item  (stubbed) — possible dead link worth checking: https://www.youtube.com/watch?v=nJ7FwhJYV-M
🟠 [AcksBuilder] YouTube metadata unavailable for item  (stubbed) — possible dead link worth checking: https://youtu.be/cGOeiQfjYPk
🟠 [AcksBuilder] YouTube metadata unavailable for item  (stubbed) — possible dead link worth checking: https://youtu.be/M40PWfwCWT0
🟠 [AcksBuilder] 30 iStock titles could not be verified (no *istock-acks*.txt was supplied); each is marked ❗ and the acks block carries a designer note.
🟢 [DocxExtractor] Activity-table template adapted (round 425): 5 activity box(es) over 2 page(s), the Overview row as each page's menu, 7 row(s) not emitted (the Quiz / 'I can' self-assessment rows are the D2L quiz, never a page); the reader book's images and matching sentences are not in the document — those widgets ship as hand-off boxes. Env ACTTABLEADAPT_OFF reverts.
🟠 [ModuleResolver] No media list found — acknowledgements will hold the standing items plus per-lesson designer-media check lines only.
🟢 [ConventionResolver] HTML conventions from series XOTPB (deviation over Leaving to Learn|1-3): overview menu tabs, lesson menu two_col_li.
🟢 [PageSplitter] Title-bar-only opening segment folded into lesson 1 as a lesson page — this module has no overview page (round 425).
🟢 [ContentConverter] [alert] spans to an explicit end tag (writer-authored box).
🟢 [ContentConverter] Page 2.0: bare [activity] re-emphasis merged into the open numbered activity (no new box).
🟢 [ContentConverter] Page 2.0: [activity] auto-closed before the next h3.
shard 11 -> 34 modules, 579 records
