AGH1001	2.0	dragAndDrop	8x2	1	0	[Interactive activity: drag and drop – the export 		Primary Product | Export Revenue ($)	Seafood | 2.1 billion	4	[]	7		distinct	6
AGH1004	6.0	dragAndDrop	1x5	0	0	[interactive: flowchart drag and drop]		Milking occurs 1–2 times daily on farms  | Milk is kept in vats that keep it fresh  | Milk tankers collect raw milk and transp | Milk is processed according to strict re | Consumers eat the finished product.		4	[]			distinct	0
AGH1005	3.0	dragAndDrop	7x2	0	0	[interactive: drag and drop]		 | **Cuticle:** waxy protective layer on to	 | **Upper epidermis:** outer protective la	2	[]			distinct	0
AGH1005	5.0	dragAndDrop	7x3	0	0	[interactive: drag and drop]		**Plant Process** |  | **Description**	**Photosynthesis:** / H²O + CO² + Chloro |  | Water travels from the roots to the leav	2	[]		bold0	distinct	0
AGH1005	6.0	dragAndDrop	6x2	0	0	[interactive: drag and drop]		A | **Nitrogen:** Older leaves on the plants	B | **Phosphorus:** Older leaves will turn y	5	[]			distinct	5
AGH1005	7.0	dragAndDrop	5x3	0	0	[interactive: drag and drop]		**Physical Defenses:** |  | **Chemical Defenses:**	 |  | 	12	[]		bold0	distinct	0
AGH1005	8.0	dragAndDrop	4x2	0	0	[interactive: Drag and drop]	Sort each of these statements into the values of m	Manaakitanga (elevate the mana of others | Kaitiakitanga (guardianship or protectio	 | 	10	[]			distinct	0
AGH1006	3.0	dragAndDrop	1x4	0	0	[interactive: drag and drop] This infographic has 	*https://homesteadandchill.com/crop-rotation-benef	Parsley | Kumara | Pumpkin | Edamame beans		5	[]			distinct	0
ANZH105	2.0	dragAndDrop	6x2	0	0	[Interactive: Drag and Drop-Multicategory]		**Past** | **Present**	Riding horses to school. | Taking a car to school.	4	["dragAndDrop"]		bold0	distinct	5
ARFUN02	0.0	dragAndDrop	4x2	6	0	[Interactive drag and drop activity	Example link	**High Pitch** | **Low Pitch**	Nguru: A nose flute [Item 42] / audio] | Tuba [Item 43] /audio]	3	[]	1,2,3	bold0	distinct	3
ARFUN03	0.0	dragAndDrop	4x2	0	0	[Insert MTK Quiz – trigger engagement] [Insert a d		Tempo | The speed you move	tinana parts | The parts of your tinana you use when yo	3	[]			distinct	3
ARFUN03	0.0	dragAndDrop	2x2	0	0	[Insert drag and drop activity – words drop into t		Locomotor | Non-locomotor	Run / Skip / Hop / Walk / Crawl / Roll | Bend / Reach / Push / Twist / Stretch / 	2	[]			distinct	1
ARFUN03	0.0	dragAndDrop	8x2	0	0	[Insert MTK Quiz – trigger engagement] [Insert a d		Locomotor | A movement that travels.	Non-locomotor | A movement that does not travel and stay	4	[]			distinct	7
ARFUN03	0.0	dragAndDrop	10x2	0	0	[Insert MTK Quiz – trigger engagement] [Insert a d		Canon | When one dancer does the movement after 	Curved body shape | When you make a rounded or smoothly bend	4	[]			distinct	9
ARFUN03	0.0	dragAndDrop	6x2	0	0	[Insert MTK Quiz – trigger engagement] [Insert a d		Repetition | When a movement or phrase of movements i	Contrasting movement | When dancers do something quite differen	4	[]			distinct	5
ARFUN05	0.0	dragAndDrop	5x2	0	0	[Insert MTK Quiz – trigger engagement] [Insert a d		Volume | Changing how quiet or loud you are.	Projection | To use your voice in a way that it can r	3	[]			distinct	4
ARFUN05	0.0	dragAndDrop	5x2	0	0	[Insert MTK Quiz – trigger engagement] [Insert a d		Pause | Briefly stopping what you are saying to 	Gestures and actions | An action we make with our bodies that c	4	[]			distinct	4
ARFUN05	0.0	dragAndDrop	7x2	0	0	[Insert MTK Quiz – trigger engagement] [Insert a d		Character | Who the people are in the story.	Focus | The way the space is used to direct the 	4	[]			distinct	6
ARFUN05	0.0	dragAndDrop	8x2	0	0	[Insert MTK Quiz – trigger engagement] [Insert a d		Monologues and soliloquies | When a character speaks out loud so that	Mime | Using your gestures, body and movements 	5	[]			distinct	7
BLL111	1.0	dragAndDrop	7x2	1	0	[Drop and Drag]	Match the capital letter to its lower case letter.	 | Correct answer - can we jumble them up t	a | A	2	[]	0		distinct	6
BLL111	1.0	dragAndDrop	7x3	1	12	[drop and drag]		 | These are the correct images but can be 	p | https://www.istockphoto.com/photo/pig-gm | https://www.istockphoto.com/photo/slice-	2	[]	0		distinct	0
BLL112	1.0	dragAndDrop	7x2	2	6	[Drop and Drag]	Drag the word so it matches the picture.	 | Correct answer - can we jumble them up t	https://www.istockphoto.com/photo/africa | sit	2	[]	0,6		distinct	6
BLL113	2.0	dragAndDrop	10x2	10	10	[drop and drag] Can we muddle up the images in the		https://www.istockphoto.com/photo/young- | https://www.istockphoto.com/photo/yellow	[Audio] cat | [audio] hat	3	[]	1,3,5,7,9		distinct	9
BLL121	1.0	dragAndDrop	8x2	1	0	[Drop and Drag]	Match the capital letter to its lowercase letter.	 | Correct answer - can we jumble them up t	c | C	2	[]	0		distinct	7
BLL121	1.0	dragAndDrop	8x3	1	14	[drop and drag]		 | These are the correct images but can be 	c | https://www.istockphoto.com/photo/cat-in | https://www.istockphoto.com/photo/white-	2	[]	0		distinct	0
BLL122	1.0	dragAndDrop	7x2	1	6	[Drop and Drag]	Drag the word so it matches the picture. Click on 	 | Correct answer - can we jumble them up t	https://www.istockphoto.com/photo/nature | tip	3	[]	0		distinct	6
BLL125	1.0	dragAndDrop	5x2	0	5	[Drag and Drop] Can we make the words draggable pl		https://www.istockphoto.com/photo/10-num | hen	https://www.istockphoto.com/photo/cheese | pack	2	[]			distinct	4
BLL130	0.0	dragAndDrop	6x2	0	6	[drag and drop] Can we jumble the pictures up so t		pots | https://www.istockphoto.com/photo/set-of	dog | https://www.istockphoto.com/photo/a-tric	2	[]			distinct	5
BLL130	0.0	dragAndDrop	7x2	0	7	[drag and drop] Can we jumble up the pictures so t		 | https://www.istockphoto.com/vector/yello	 | https://www.istockphoto.com/photo/forest	2	[]			distinct	0
BLL130	0.0	dragAndDrop	6x2	0	5	[drag and drop]		 | https://www.istockphoto.com/photo/middle	The word ‘fan’ rhymes with the word ‘man	2	[]			distinct	0
BLL131	1.0	dragAndDrop	10x2	1	0	[Drop and Drag]	Match the capital letter to its lowercase letter.	 | Correct answer - can we jumble them up t	a | A	2	[]	0		distinct	9
BLL131	1.0	dragAndDrop	5x2	0	10	[drag and drop] Can we jumble the second column up		https://www.istockphoto.com/photo/green- | https://www.istockphoto.com/photo/small-	https://www.istockphoto.com/photo/wheat- | https://www.istockphoto.com/photo/perfec	2	[]			distinct	4
BLL132	2.0	dragAndDrop	6x5	5	0	[drag and drop]		big | ant | felt | sick | lot	Sant the _____ felt hot.	2	[]	0		distinct	0
BLL134	2.0	dragAndDrop	7x1	0	0	[Drag and drop] Can we mix the order up please?		Ben had a big mug.	He got a drink from a jug.	2	[]			distinct	0
BLL137	1.1	dragAndDrop	4x5	5	0	[drag and drop]		from | black | stuck | mud | get	They saw the _________ pig stuck in the 	2	[]	0		distinct	0
BLL140	0.0	dragAndDrop	6x2	0	10	[Drag and drop] Can we please have the word attach		Short vowels | Long vowels	apple – https://www.istockphoto.com/phot | apron – https://www.istockphoto.com/phot	2	[]			distinct	5
BLL143	1.0	dragAndDrop	8x1	0	0	[Drag and drop] Can we mix the order up please?		A truck is on the road.	Clinton Green has a sack in the back.	2	[]			distinct	0
BLL143	1.0	dragAndDrop	6x2	12	2	[Activity 1E] [Drag and Drop]	Right or wrong?	Thumbs Up / https://www.istockphoto.com/ | Thumbs Down / https://www.istockphoto.co	What can you do? | Where can you do?	10	[]	0,1,2,3,4,5		distinct	5
BLL143	1.1	dragAndDrop	8x6	13	0	[drag and drop]		big | hill | magpie | nest | eggs | tree	A big gum _____ is on a _____. [tree, hi	2	[]	0,1,2,3,4,5,6,7		distinct	0
BLL146	1.0	dragAndDrop	6x2	0	6	[drag and drop] These are matching already, please		sink | https://www.istockphoto.com/photo/young-	see | https://www.istockphoto.com/photo/insect	2	[]			distinct	5
BLL147	1.0	dragAndDrop	2x3	0	0	[Interactive activity – drag and drop] Answers are		Fruits | Vegetables | Other Items	Green apples / Red apples | carrots | Ham / Loaf / Eggs / Jam / Milk / Coffee 	2	[]			distinct	0
BLL150	0.0	dragAndDrop	5x2	0	8	[Drag and Drop] These are already in the correct c		/ oo / (look) | / ōō / (zoo)	book – https://www.istockphoto.com/photo | moon – https://www.istockphoto.com/vecto	2	[]			distinct	4
BLL151	1.0	dragAndDrop	4x3	6	0	[drag and drop]		 |  | 	Words that end in d or t make a /id/ sou | Adding ‘ed’ to words that end in a voice | Adding ‘ed’ to words that end in a voice	4	[]	1,2	bold0	distinct	0
BLL151	2.0	dragAndDrop	7x1	7	0	[drag and drop] Can we make the font a reasonable 		Dad said, “Stand.” Zack stood.	Dad said, “Creep.” Zack crept.	2	[]	0,1,2,3,4,5,6		distinct	0
BLL154	1.0	dragAndDrop	8x1	0	0	[Drag and drop] Can we mix the order up please?		Sant the ant sings a song.	He sings for Dan in the van.	2	[]			distinct	0
BLL157	1.1	dragAndDrop	5x2	0	0	[Drag and Drop] Can we make one column draggable p		I’m | I am	he’s | he is	2	[]			distinct	4
BLL157	1.1	dragAndDrop	6x2	0	0	[Drag and drop] Can we make one column draggable a		cool | pool	look | book	2	[]			distinct	5
BLL160	0.0	dragAndDrop	5x3	0	11	[Drag and Drop] These are already in the correct c		/ y / | / ī / | / ē /	https://www.istockphoto.com/photo/blot-o | https://www.istockphoto.com/photo/blue-s | ttps://www.istockphoto.com/photo/baby-sl	2	[]			distinct	0
BLL160	0.0	dragAndDrop	5x2	0	8	[Drag and Drop] These are already in the correct c		/ th / voiced | / th / voiceless	this – https://www.istockphoto.com/photo | think – https://www.istockphoto.com/phot	2	[]			distinct	4
BLL161	1.0	dragAndDrop	6x2	0	10	[Drag and drop] If this activity is too large for 		Short vowel sound | Long vowel sound	https://www.istockphoto.com/photo/simple | https://www.istockphoto.com/photo/citrus	2	[]			distinct	5
BLL161	1.1	dragAndDrop	7x2	0	7	[Drag and drop] These are in the correct place nex		https://www.istockphoto.com/photo/inland | hiss	https://www.istockphoto.com/photo/playfu | woof	2	[]			distinct	6
BLL162	1.0	dragAndDrop	4x3	6	0	[drag and drop]		 |  | 	Words that end in d or t make a /id/ sou | Adding ‘ed’ to words that end in a voice | Adding ‘ed’ to words that end in a voice	4	[]	1,2	bold0	distinct	0
BLL167	1.1	dragAndDrop	10x2	2	0	[drag and drop]		What am I audios saying the sentences li | Correct answers	I’m a sound often made by an owl. What a | hoot	2	[]	0		distinct	9
BLL170	0.0	dragAndDrop	4x3	0	9	[drag and drop] The images are currently in their 		/ ou / | / oi / | / ue /	https://www.istockphoto.com/vector/red-l | https://www.istockphoto.com/photo/white- | https://www.istockphoto.com/photo/tissue	2	[]			distinct	0
BLL171	2.0	dragAndDrop	4x1	4	0	[drag and drop] Can we make the font a reasonable 		Bump went the bus as it hit the car.	Bump went the car as it hit the lamp.	2	[]	0,1,2,3		distinct	0
BLL173	1.1	dragAndDrop	10x2	11	0	[drag and drop]		What am I audios saying the sentences li | Correct answers	I’m something you do when you no longer  | stop	2	[]	0,1,2,3,4,5,6,7,8,9		distinct	9
BLL174	1.1	dragAndDrop	6x2	6	0	[drag and drop]Correct answers please mix up.		Tinkling | When a bell rings	Collar | Around a dog's neck.	2	[]	0,1,2,3,4,5		distinct	5
BLL175	1.0	dragAndDrop	6x2	6	0	[drag and drop/self check] Correct answers please 		Tinkling | When a bell rings	Collar | Around a dog's neck.	2	[]	0,1,2,3,4,5		distinct	5
BLL210	0.0	dragAndDrop	5x3	0	11	[Drag and Drop] These are already in the correct c		/ y / | / ī / | / ē /	yellow https://www.istockphoto.com/photo | sky https://www.istockphoto.com/photo/bl | baby / ttps://www.istockphoto.com/photo/	2	[]			distinct	0
BLL210	0.0	dragAndDrop	5x2	0	8	[Drag and drop] Can we please have the word attach		Short vowels | Long vowels	axe – https://www.istockphoto.com/photo/ | alien – https://www.istockphoto.com/vect	2	[]			distinct	4
BLL210	0.0	dragAndDrop	4x3	0	9	[drag and drop] Images are in the correct place al		Short vowel ‘u’ – / uh / | Long vowel ‘u’ – / oo / | Long vowel ‘u’ – / ū /	https://www.istockphoto.com/photo/water- | https://www.istockphoto.com/photo/paper- | https://www.istockphoto.com/vector/unico	2	[]			distinct	0
BLL210	0.0	dragAndDrop	10x3	10	10	[Drag and drop] The vowel teams are in the correct		https://www.istockphoto.com/vector/rain- | r__n | ai	https://www.istockphoto.com/vector/sleep | sl__p | ee	2	[]	0,1,2,3,4,5,6,7,8,9		distinct	0
BLL210	0.0	dragAndDrop	6x2	0	0	[drag and drop] the words are currently in the cor		**Can hear the ‘e’** | **Silent ‘e’**	bee | wave	2	[]		bold0	distinct	5
BLL210	0.0	dragAndDrop	6x2	0	6	[drag and drop] The image and word are in the corr		https://www.istockphoto.com/photo/gray-c | concrete	https://www.istockphoto.com/vector/dustb | delete	2	[]			distinct	5
BLL212	1.0	dragAndDrop	1x11	0	0	[drop and drag] Can we make something like this pl		d | k | oo | p | v | sh | a | b | e | l | w		2	[]			distinct	0
BLL215	1.0	dragAndDrop	6x2	6	6	[drag and drop] The correct draggable word is in r		https://www.istockphoto.com/photo/playin | Mum was very unhappy with Sam when he br	https://www.istockphoto.com/photo/boy-pa | On the weekend I had to repaint the play	2	[]	0,1,2,3,4,5		distinct	5
BLL215	1.0	dragAndDrop	5x2	0	0	[drag and drop] These words are currently in the c		**Words with a prefix** | **Words with a suffix**	untidy | spells	2	[]		bold0	distinct	4
BLL216	1.0	dragAndDrop	8x2	0	0	[drag and drop] Are we able to make something like		un | well	un | lucky	2	[]			distinct	7
BLL216	2.0	dragAndDrop	7x2	8	6	[drag and drop] Can we create something like this 		Images and sentences | Draggable punctuation	fullstop | exclamation mark	2	[]	0,1,3,5		distinct	6
BLL217	1.0	dragAndDrop	6x1	6	0	[drag and drop]	Can we please make the words that are in red dragg	Have you seen the remote , April?	I saw Dad take it to the toilet .	2	[]	0,1,2,3,4,5		distinct	0
BLL220	0.0	dragAndDrop	5x2	0	8	[Drag and drop] Can we please have the word attach		oi | oy	https://www.istockphoto.com/photo/stack- | https://www.istockphoto.com/photo/boy-in	3	[]			distinct	4
BLL220	0.0	dragAndDrop	8x3	8	8	[Drag and drop] The letter teams are in the correc		https://www.istockphoto.com/photo/isolat | p__nting | oi	https://www.istockphoto.com/photo/portra | n__sy | oi	2	[]	0,1,2,3,4,5,6,7		distinct	0
BLL220	0.0	dragAndDrop	5x3	0	0	[drag and drop] Can we make the words in each colu		ai | ay | a_e	rain | day | make	2	[]			distinct	0
BLL220	0.0	dragAndDrop	5x3	0	0	[drag and drop] Can we make the words in each colu		ea | ee | ey	beach | tree | key	2	[]			distinct	0
BLL220	0.0	dragAndDrop	7x2	0	7	[drag and drop] The image and word are in the corr		https://www.istockphoto.com/photo/tauran | beach	https://www.istockphoto.com/photo/house- | keys	2	[]			distinct	6
BLL221	1.0	dragAndDrop	6x2	0	8	[Drag and drop] Can we have all the images sitting		Rhymes with ‘pain’ | Does not rhyme with ‘pain’	https://www.istockphoto.com/photo/heavy- | https://www.istockphoto.com/photo/painti	2	[]			distinct	3
BLL222	2.0	dragAndDrop	9x2	0	0	[drag and drop] can we make the question marks and		Sentence | Correct punctuation mark	What is that scraping noise | **?**	2	[]			dupes	8
BLL224	2.0	dragAndDrop	6x2	0	6	[drag and drop] Can we have the names in the readi		https://www.istockphoto.com/photo/thorny | thorny devil	https://www.istockphoto.com/photo/emu-a- | emu	2	[]			distinct	5
BLL225	1.0	dragAndDrop	7x3	9	6	[drag and drop]		Images | ight - in the reading font | Beginning sounds that are draggable	https://www.istockphoto.com/photo/childr | ight | f	2	[]	0,1,2,3,4,5,6		distinct	0
BLL226	1.0	dragAndDrop	7x2	7	7	[drag and drop] The correct draggable word is in r		https://www.istockphoto.com/photo/the-li | The small boy played with his toy blocks	https://www.istockphoto.com/photo/street | The street light shone bright.	2	[]	0,1,2,3,4,5,6		distinct	6
BLL227	2.0	dragAndDrop	7x2	0	0	[drag and drop] These are matching at the moment -		hot | cold	empty | full	2	[]			distinct	6
BLL227	2.0	dragAndDrop	6x1	6	0	[drag and drop] Can we please make the words that 		Millies likes to paint very neatly.	Maggie is messy when she paints.	2	[]	0,1,2,3,4,5		distinct	0
BLL230	0.0	dragAndDrop	7x3	9	6	[drag and drop] Can we please have the audio attac		Audio s | Image | Correct answer	 | https://www.istockphoto.com/vector/chopp | hoe	2	[]	0,1,2,3,4,5,6		distinct	0
BLL230	0.0	dragAndDrop	5x3	0	0	[drag and drop] Can we make the words in the readi		o_o | oa | oe	home | boat | toe	2	[]			distinct	0
BLL230	0.0	dragAndDrop	6x2	0	10	[Drag and drop] Can we please have the word attach		ow / (as in sn**ow)** | ow / (as in c**ow)**	tow – https://www.istockphoto.com/vector | vowel – https://www.istockphoto.com/phot	2	[]			distinct	5
BLL230	0.0	dragAndDrop	5x4	0	0	[drag and drop] Can we make the words in each colu		oo | ew | ui | ue	too | new | bruise | blue	2	[]			distinct	0
BLL230	0.0	dragAndDrop	7x2	0	7	[drag and drop] The image and word are in the corr		https://www.istockphoto.com/photo/young- | blowing	https://www.istockphoto.com/photo/tiny-n | toes	2	[]			distinct	6
BLL230	0.0	dragAndDrop	5x3	0	0	[drag and drop] Can we make the words in each colu		au | aw | al	audio | paw | walk	2	[]			distinct	0
BLL230	0.0	dragAndDrop	7x3	8	6	[drag and drop] Can we please have the audio attac		Audio | Image | Correct answer	 | https://www.istockphoto.com/photo/black- | phone	2	[]	0,1,2,3,4,5,6		distinct	0
BLL230	0.0	dragAndDrop	7x3	8	6	[drag and drop] Can we please have the audio attac		Audio | Image | Correct answer	 | https://www.istockphoto.com/photo/rope-w | knot	2	[]	0,1,2,3,4,5,6		distinct	0
BLL230	0.0	dragAndDrop	7x3	8	6	[drag and drop] Can we please have the audio attac		Audio | Image | Correct answer	 | https://www.istockphoto.com/photo/child- | write	2	[]	0,1,2,3,4,5,6		distinct	0
BLL231	1.0	dragAndDrop	7x2	0	0	[Drag and drop] The correct words are in the corre		Rhymes with ‘neat’ | Does not rhyme with ‘neat’	beat | near	2	[]			distinct	6
BLL231	1.0	dragAndDrop	5x2	5	5	[drag and drop] The correct draggable word is in r		https://www.istockphoto.com/photo/lake-t | The snow covered the mountains.	https://www.istockphoto.com/photo/boy-hu | Simon fell off his bike and bruised his 	2	[]	0,1,2,3,4		distinct	4
BLL232	1.0	dragAndDrop	6x2	6	6	[drag and drop] The correct draggable word is in r		https://www.istockphoto.com/photo/tss-ea | In Queenstown, the old boat chugged acro	https://www.istockphoto.com/photo/beauti | She dipped her toes into the water and m	2	[]	0,1,2,3,4,5		distinct	5
BLL233	1.0	dragAndDrop	8x2	0	8	[drag and drop] The images and sentences are in th		I spy with my little eye… something that | https://www.istockphoto.com/photo/old-wo	I spy with my little eye… a colour that  | https://www.istockphoto.com/vector/color	2	[]			distinct	7
BLL236	1.0	dragAndDrop	9x3	9	9	[drag and drop] The words in the red are in the co		hilarious | https://www.istockphoto.com/photo/positi | funny	cold | https://www.istockphoto.com/photo/latina | chilly	2	[]	0,1,2,3,4,5,6,7,8		distinct	0
BLL237	1.0	dragAndDrop	9x3	9	9	[drag and drop] The words in the red are in the co		alike | https://www.istockphoto.com/photo/sister | same	laugh | https://www.istockphoto.com/photo/laugh- | giggle	2	[]	0,1,2,3,4,5,6,7,8		distinct	0
BLL240	1.1	dragAndDrop	6x3	8	5	[drag and drop – auto check] Can we please have th		[Audio needed] | [Images] | Correct answer	[wrist] | https://media.istockphoto.com/id/9034798 | Wrist	2	[]	0,1,2,3,4,5		distinct	0
BLL240	1.1	dragAndDrop	5x2	7	7	[Drag and Drop – auto check] These are already in 		‘w’ sound with a silent ‘h’ | ‘h’ sound with a silent ‘w’	Whiskers / https://media.istockphoto.com | Whole / https://media.istockphoto.com/id	2	[]	1,2,3,4		distinct	3
BLL240	1.2	dragAndDrop	8x3	9	7	[drag and drop – auto check] Can we please have th		[Audio needed] | [Image] | Correct answer	[patch] | https://www.shutterstock.com/shutterstoc | Patch	2	[]	0,1,2,3,4,5,6,7		distinct	0
BLL240	1.3	dragAndDrop	8x3	8	7	[drag and drop – auto check] Can we please have th		[Audio] | Image | Correct answer	[hedgehog] | https://media.istockphoto.com/id/6113105 | Hedgehog	2	[]	0,1,2,3,4,5,6,7		distinct	0
BLL240	1.4	dragAndDrop	8x3	8	7	[drag and drop - autocheck] Can we please have the		[Audio] | Image | Correct answer	[pair] | https://media.istockphoto.com/id/1504214 | Pair	2	[]	0,1,2,3,4,5,6,7		distinct	0
BLL240	1.5	dragAndDrop	5x3	12	0	[drag and drop – auto check] Words are currently i		ear | air | ur	hear | pear | pearl	2	[]	1,2,3,4		distinct	0
BLL240	1.5	dragAndDrop	9x3	10	8	[drag and drop - autocheck] Can we please have the		[Audio] | [Image] | Correct answer	[Earth] | https://media.istockphoto.com/id/2220413 | Earth	2	[]	0,1,2,3,4,5,6,7,8		distinct	0
BLL240	1.6	dragAndDrop	7x3	7	6	[drag and drop - autocheck] Words are currently in		[Audio] | Image | Correct answer	[here] | https://media.istockphoto.com/id/2245144 | Here	2	[]	0,1,2,3,4,5,6		distinct	0
BLL240	1.7	dragAndDrop	7x3	7	6	[drag and drop – auto check] Words are currently i		[Audio] | Image | Correct answer	[meerkat] | https://media.istockphoto.com/id/2224188 | Meerkat	2	[]	0,1,2,3,4,5,6		distinct	0
BLL242	1.0	dragAndDrop	7x4	4	12	[Drag and drop] Please use the highlighted cells a		[Image] | Text | [Image] | Text	https://media.istockphoto.com/id/1492358 | Where – a word that asks about place. | https://media.istockphoto.com/id/9310554 | Wear – to have clothes on your body.	2	[]	0		distinct	0
BLL244	1.0	dragAndDrop	11x2	2	10	[drag and drop] Please jumble the order		[images to be dragged ] | Sentences	https://media.istockphoto.com/id/1622168 | The grizzly bear is an excellent hunter.	2	[]	0		distinct	10
BLL245	2.0	dragAndDrop	10x3	20	0	[drag and drop + autocheck] Can you please attach 		[audio] | Crew | A group of people or characters working 	[audio] | Beam | Smile in a very happy way.	2	[]	0,1,2,3,4,5,6,7,8,9		distinct	0
BLL251	2.0	dragAndDrop	7x3	7	0	[drag and drop + autocheck] Can you please attach 		[neighbourhood] | neighbourhood | The area where people live near each oth	[arriving] | arriving | Getting to a place.	2	[]	0,1,2,3,4,5,6		distinct	0
BLL252	2.0	dragAndDrop	10x3	10	0	[drag and drop + autocheck] Can you please attach 		[whare] | whare | [house or building]	[waiata] | waiata | [song or music]	2	[]	0,1,2,3,4,5,6,7,8,9		distinct	0
BLL253	1.0	dragAndDrop	9x2	9	9	[drag and drop] Please arrange in three rows of th		https://www.shutterstock.com/image-photo | The [correct] colourful kite flew in the	https://www.shutterstock.com/image-photo | The [correct] playful dolphins jumped ou	2	[]	0,1,2,3,4,5,6,7,8		distinct	8
BLL253	1.0	dragAndDrop	2x3	0	0	[drag and drop]		**Add -ous to these base words** | **Add -y to these base words** | **Add -able to these base words**	poisonous / humourous / dangerous / moun | cloudy / windy / dusty / messy | breakable / readable / washable / playab	2	[]		bold0	distinct	0
BLL253	1.0	dragAndDrop	6x2	6	0	[drag and drop + autocheck]		horrible | [correct] Can be very unpleasant	possible | [correct] Can happen	2	[]	0,1,2,3,4,5		distinct	5
BLL254	1.0	dragAndDrop	8x2	9	8	[drag and drop + autocheck]		https://www.shutterstock.com/image-photo | Mum [correct] bought some fruit at the s	https://www.shutterstock.com/image-photo | The dog [correct] caught the stick.	2	[]	0,1,2,3,4,5,6,7		distinct	7
BLL254	1.0	dragAndDrop	11x3	13	0	[drag and drop + autocheck] Can you please create 		[Audio] | Multi-syllable words | Syllable the box needs to go around to b	[science] | science | sci / [correct] ence	2	[]	0,1,2,3,4,5,6,7,8,9,10		distinct	0
BLL254	2.0	dragAndDrop	13x3	15	0	[drag and drop + autocheck] Can you please attach 		[Audio] | Word | Definition	[gadgets] | gadgets | [correct] Small tools or devices that do	2	[]	0,1,2,3,4,5,6,7,8,9,10,11,12		distinct	0
BLLR201	3.0	dragAndDrop	9x2	1	0	[drag and drop]		**Word** | [correct]	formed | formed	3	[]	0		distinct	8
BLLR201	3.0	dragAndDrop	8x2	8	0	[drag and drop + autocheck]		perform | [correct] Do or carry out.	platform | [correct] A flat shape or surface.	3	[]	0,1,2,3,4,5,6,7		distinct	7
BLLR201	4.0	dragAndDrop	10x2	10	0	[drag and drop + autocheck]		silt | [correct] Fine, wet dirt left behind by 	rescued | [correct] Saved from danger	2	[]	0,1,2,3,4,5,6,7,8,9		distinct	9
BLLR202	1.1	dragAndDrop	4x5	20	0	[drag and drop + radio interactive] Single option 		Q | The text | Clip | Clip | Radio interactive	Q1 | Found at top of the third page | [AV 3] | [AV 4] / [correct] | What makes this the better choice? Selec	3	[]	0,1,2,3		distinct	0
BLLR202	1.2	dragAndDrop	2x3	0	0	[drag and drop] The words are in their correct col		One syllable words | Two syllable words | Three syllable words	break / great / steak / they / grey / pr | obey / survey / convey | disobey	2	[]			distinct	0
BLLR202	2.0	dragAndDrop	9x3	11	8	[drag and drop]		[image] | Word to go below the image | Definition	https://www.istockphoto.com/photo/boy-fo | music + al → musical | [correct] About or connected to music.	4	["speechBubble"]	0,1,2,3,4,5,6,7,8		distinct	0
BLLR202	2.0	dragAndDrop	9x2	1	0	[drag and drop] Please have an oval for each word 		Word | [correct]	accidental | accidental	2	[]	0		distinct	8
BLLR202	4.0	dragAndDrop	2x2	0	0	[drag and drop + autocheck] The sentences are in t		Important events | Taylor is invited to a sleepover at Min’	Less important events | Taylor keeps to herself at first to feel	2	[]			distinct	1
BLLR202	5.1	dragAndDrop	5x2	4	0	[drag and drop]		Idea | Best evidence	Taylor feels worried about the sleepover | [correct] “Taylor’s brain was asking mil	2	[]	1,2,3,4		distinct	4
BLLR203	2.0	dragAndDrop	9x3	11	8	[drag and drop]		[image] | Word to go below the image | Definition	https://www.istockphoto.com/photo/teenag | invent + or | [correct] A person who invents things.	2	[]	0,1,2,3,4,5,6,7,8		distinct	0
BLLR203	2.0	dragAndDrop	9x2	1	0	[drag and drop] Please have an oval for each word 		Word | [correct]	cartoonist | cartoonist	3	[]	0		distinct	8
CEDK101	0.0	dragAndDrop	2x3	0	0	[drop and drag]	Drag the images into the table to show whether the	Heat | Light | Both	 |  | 	3	[]			distinct	0
CEDK101	0.0	dragAndDrop	2x2	0	0	[Drop and Drag]		Reflection | Refraction	 | 	3	[]			distinct	0
CEDK101	0.0	dragAndDrop	3x6	0	0	[drag and drop]		Oldest Newest	 |  |  |  |  | 	4	[]			distinct	0
CEDK102	0.0	dragAndDrop	2x4	8	4	[Drag and drop] Can the images move and be dropped		[Image] / https://www.istockphoto.com/ph | [image] / https://www.istockphoto.com/ph | [Image] / https://www.istockphoto.com/ph | [Image] / https://www.istockphoto.com/ph	[H4] It’s breakfast time! | [H4] Playtime outside. | [H4] Let’s go for a walk. | [H4] Tired after a big day!	4	[]	0,1		distinct	0
CEDK102	0.0	dragAndDrop	5x2	10	5	[Drag and Drop] Could the images remain still and 		[Image] / https://www.istockphoto.com/ph | [Body] Happy birthday!	[Image] / https://www.istockphoto.com/ph | [Body] Off to school.	4	[]	0,1,2,3,4		distinct	4
CEDK102	0.0	dragAndDrop	1x1	0	0	[Drag and drop] Could there please be a blank rect				4	[]		bold0	distinct	0
CEDO102	0.0	dragAndDrop	5x5	0	10	[Drop and Drag]		https://www.istockphoto.com/photo/salmon | https://www.istockphoto.com/photo/starfi | https://www.istockphoto.com/photo/coral- | https://www.istockphoto.com/photo/glowin | https://www.istockphoto.com/vector/water	Fish / (ika) | Starfish / (papatangaroa) | Coral / (kohura) | Jellyfish / (tepetepe) | Octopus (wheke)	3	[]			distinct	0
CEDO102	0.0	dragAndDrop	6x2	0	10	[Drop and Drag]		Coral Image | Other image (correct answer)	https://www.istockphoto.com/photo/underw | https://www.istockphoto.com/photo/caulif	2	[]			distinct	5
CEDO105	2.0	dragAndDrop	10x2	1	9	[Drop and Drag AutoCheck]		under | https://www.istockphoto.com/photo/assaul	over | https://www.istockphoto.com/photo/boy-ju	3	[]	5		distinct	9
CEDO105	4.0	dragAndDrop	8x2	8	0	[Drop and Drag AutoCheck]		1 | Put a foot on a rung of the ladder.	2 | Pull up with you arms.	4	[]	0,1,2,3,4,5,6,7		distinct	7
CEDO105	5.0	dragAndDrop	2x5	10	0	[Insert Drop and Drag AutoCheck]		🔝 | 🔝 | 🔙 | 🔝 | ❌	1 | 2 | 3 | 4 | 5	10	[]	0,1		distinct	0
CEDO301	3.0	dragAndDrop	2x3	6	0	[Drag and drop interactive]	2A Properties of rongoā plants	**Kawakawa** / [Image] Media item 21 / [ | **Rimu** / [Image] Media item 22 / [Plan | **Mānuka** / [Image] Media item 23 / [Pl	**Mahoe** / [Image] Media item 24 / [Pla | **Ngaio** / [Image] Media item 25 / [Pla | **Koromiko** / [Image] Media item 26 / [	4	[]	0,1		distinct	0
CEDO501	2.1	dragAndDrop	1x4	0	0	[Drag and drop]		lowest | highest | more | less		8	[]			distinct	0
CEDO501	3.0	dragAndDrop	2x4	0	0	[Drag and drop]		World Wide Web | internet | pages | search engine	browser | data | network | server	11	[]			distinct	0
CEDO502	3.0	dragAndDrop	6x3	5	0	[Drag and drop true/false quiz].		Fact | True | False	1. Informal loans from whānau or friends | Tick | 	3	[]	1,2,3,4,5		distinct	0
CEDR204	0.0	dragAndDrop	1x8	0	0	[Activity Drag and Drop] Can the images pat, clap,		 |  |  |  |  |  |  | 		3	[]		bold0	distinct	0
CEDR501	4.0	dragAndDrop	6x3	0	0	[Drag and drop]		**Action** | **Positive** | **Negative**	Sitting upright and making eye contact. |  | 	3	[]		bold0	distinct	0
CEDR501	6.0	dragAndDrop	6x2	0	0	[Drag and drop]. Answers: 1–A 2–B 3–C 4–D 5–E		**Interview challenges** | **Remedies**	1. Aria talks very quickly during her in | B. Wait until the interviewer finishes s	2	[]		bold0	distinct	5
CEDT208	0.0	dragAndDrop	8x2	0	0	[Drag and Drop]		Image | Correct Sentence	 | **Mulberry tree bark:** The primary mate	3	[]			distinct	0
CEDT501	6.0	dragAndDrop	4x2	6	0	[Drag and drop]		Formal | Informal	Thank you for your help. | Na, all good.	2	[]	1,2,3		distinct	3
CEDT501	6.1	dragAndDrop	5x2	6	0	[Drag and drop]		Positive language | Negative language	I share your perspective. | I don’t agree.	9	[]	1,2,3,4		distinct	2
CHFUN04	0.0	dragAndDrop	5x3	6	4	[drag and drop][auto mark][randomize the order]	3A Check your understanding	 | [Image] Question | Answer	1 | [media item 13] **https://www.istockphot | good luck, happiness, celebration	3	[]	0,1,2,3,4		distinct	0
CHFUN04	0.0	dragAndDrop	5x3	6	4	[drag and drop] [randomize the order]	2A Check your understanding	 | Question | Answer	1 | [image][media item 27] https://www.istoc | Spring	3	[]	0,1,2,3,4		distinct	0
CHFUN05	0.0	dragAndDrop	5x2	6	4	[drag and drop][randomize the word order]	1A Check your understanding	Image | words	• [image] [media item 39] https://www.is | 狗 **gǒu** *dog* 很**hěn** *very* 大 **dà**	3	[]	0,1,2,3,4		distinct	4
CHFUN05	0.0	dragAndDrop	5x3	6	4	[drag and drop] [randomize sentence order] [autoch	5A Check your understanding	 | Image | Answer Sentence	1. | [photo] [media item 59] https://www.isto | **这些苹果** **zhèxiē píngguǒ**	3	[]	0,1,2,3,4		distinct	0
CHFUN05	0.0	dragAndDrop	3x3	4	2	[drag and drop] [randomise sentence order] [drag s	12A Check your understanding	 | Image | Answer sentence	 | [media item 74] https://www.istockphoto. | 苹果在桌子上 píngguǒ zài zhuōzi shàng	3	[]	0,1,2		distinct	0
CHFUN05	0.0	dragAndDrop	4x2	2	0	[drag and drop]	15A Check your understanding	Question | [answer] [randomise the list]	• From a friend: 请给我(qǐng gěi wǒ) | **苹果** **píngguǒ** / **电脑** **diànnǎo** 	3	[]	0		distinct	3
CHFUN06	0.0	dragAndDrop	4x2	2	0	[drag and drop] [auto mark]	5A Check your understanding	Question | Answer	• Left to right | 好，你	4	[]	0		distinct	3
CHWHA	0.0	dragAndDrop	2x4	8	4	[Activity 1D] [drag and drop] [auto check]	1D Chinese words borrowed from English	[image][media item 19] / https://www.ist | [image][media item 20] / https://www.ist | [image][media item 21] / https://www.ist | [image][media item 22] / https://www.ist	[audio hover trigger] [media item 9] [tr | [audio hover trigger] [media item 9] [tr | [audio hover trigger] [media item 9] [tr | [audio hover trigger] [media item 9] [tr	6	["wordDrag","infoTrigger"]	0,1		distinct	0
COM1002	3.0	dragAndDrop	8x2	0	0	[ACTIVITY DRAG AND DROP]		ADVANTAGES | DISADVANTAGES	 | 	28	[]			distinct	0
COM1005	5.0	dragAndDrop	5x5	0	0	[Please create a drag and drop where ākonga drag e		**Benefits** | **Taxes** | **Subsidies** | **Laws** | **Public goods and Services**	Superannuation | GST | Residential Care | Health & Safety at Work Act | Hospitals	3	[]		bold0	distinct	0
COM1006	2.0	dragAndDrop	3x6	0	0	[Please create a drag and drop where ākonga drag e		**Natural** | **Change in market conditions** | **Change in economic conditions** | **Change in government policies** | **Change in technology** | **Change in overseas factors**	Earthquake | Global pandemic | Onset of recession | Increased GST | Increased use of artificial intelligence | New tariffs (taxes on imports)	2	[]		bold0	distinct	0
COM1006	7.0	dragAndDrop	16x3	15	0	[Create a drag and drop activity. The text in red 		**Terms** |  | **Descriptor**	Awhina Parata |  | An entrepreneur	2	[]	1,2,3,4,5,6,7,8,9,10,11,12,13,14,15	bold0	distinct	0
ENFUN01	0.0	dragAndDrop	5x2	0	0	[Drag and Drop] Correct are the ones that match in		Why was it written? | Book Title	To teach someone to tie their shoes | A Tractor called ‘Rusty’	2	[]			distinct	4
ENFUN01	0.0	dragAndDrop	4x3	8	4	[Drag and Drop with image] Can audio (read aloud) 		I start off as a tiny, green insect but  | [Image] https://www.istockphoto.com/phot | [Audio] / The Very Hungry Caterpillar Au	I am a cool and laid-back animal who lov | [Image use the below screenshot from the | [Audio] / Pete the Cat Audio Clue.m4a / 	2	[]	0,1,2,3		distinct	0
ENFUN01	0.0	dragAndDrop	4x3	2	0	[Drag and Drop Column-AutoCheck]		Purpose [This column is fixed] | Definition | Example	**Persuade** | to convince the reader about something | writing - a speech to convince people to	2	[]	0,2		distinct	0
ENFUN01	0.0	dragAndDrop	3x3	3	2	[Scatter Drag and Drop]		Image |  | 	Link | https://www.shutterstock.com/image-photo | https://www.shutterstock.com/editorial/i	2	[]	0,1,2		distinct	0
ENFUN02	0.0	dragAndDrop	4x4	7	2	[Drag and Drop]		Topic (this coloumn is static) | Simple idea | Elaborated idea | Technique used	[H5] Kiwi musicians / [image] https://en | Kiwi musicians making it on the world st | Auckland-based artist Benee has won mult | Provide evidence	2	[]	0,1,2,3		distinct	0
ENFUN02	0.0	dragAndDrop	7x2	0	7	[DragandDrop]		https://pixabay.com/photos/woman-freedom | Freedom	https://www.istockphoto.com/photo/young- | Friendship	2	[]			distinct	6
ENFUN03	0.0	dragAndDrop	4x2	6	2	[DragAndDrop]		**Subject** | **Verb**	[H6] Nat | [H6] makes pancakes. / [images from h tt	2	[]	1,2,3	bold0	distinct	3
ENFUN03	0.0	dragAndDrop	2x2	0	0	[DragAndDrop]		A complete simple sentence | NOT a complete simple sentence	The horse ran across the field. / Lani d | Jump on swings. / The quiet whisper. / A	2	[]			distinct	1
ENFUN03	0.0	dragAndDrop	5x2	0	0	[DragAndDrop] (currently correct)		While Kailani typed out her story | Janey decided to write hers by hand.	After the huge downpour | the Sun shone all afternoon.	2	[]			distinct	4
ENFUN03	0.0	dragAndDrop	5x2	0	0	[DragAndDrop]		He looked around the empty house, feelin | No one is here.	He stared at the prize in disbelief, una | I won!	2	[]			distinct	4
ENFUN04	0.0	dragAndDrop	5x2	4	4	[Drag and Drop]		**Kupu** | 	Wriggled | [image] https://www.istockphoto.com/vect	2	[]	1,2,3,4	bold0	distinct	4
ENFUN04	0.0	dragAndDrop	10x2	0	0	[drag and drop]		big | enormous	house | home	2	[]			distinct	9
ENFUN04	0.0	dragAndDrop	9x3	3	0	[Drag and Drop Column – Auto Check]		Antonym | Word (this one static) | Synonym	Safe | Scary | Petrifying	2	[]	0		distinct	0
ENFUN04	0.0	dragAndDrop	5x3	0	0	[Drag and Drop Standard – Auto Check]		My parents asked me________ movie I watc | which | witch	Hoihoi penguins have a yellow band acros | their | there	2	[]			distinct	0
ENFUN04	0.0	dragAndDrop	5x2	6	0	[drag and drop]		Blue paint swatch | calm sadness (have each word as a separa	Yellow paint swatch | happiness warmth	2	[]	0,1,2,3,4		distinct	4
ENFUN04	0.0	dragAndDrop	5x2	0	0	[drag and drop]		We need to grind for more XP to level up | We need to put in more effort to gain ex	The project is in the beta phase, and we | The project is in the testing stage, and	2	[]			distinct	4
ENFUN05	0.0	dragAndDrop	8x2	0	0	[drag and drop]		he is | he’s	they are | they’re	2	[]			distinct	7
ENFUN05	0.0	dragAndDrop	6x2	12	0	[drag and drop]		“ Where are you going?” asked Hinemoa. | Where	" The weather is always coldest in winte | “ ,	2	[]	0,1,2,3,4,5		distinct	5
ENFUN05	0.0	dragAndDrop	5x2	2	0	[drag and drop]		Heading (fixed) | Click and drag (currently correct)	To create a pause that builds tension. | The suspense was unbearable ...	2	[]	0		distinct	4
ENFUN07	0.0	dragAndDrop	4x2	1	0	[draganddrop] (have the images be able to be sorte		Group one | Group 2	🐶 (little emojis or find images to suit | 🍎	2	[]	1		distinct	3
ENFUN07	0.0	dragAndDrop	4x2	0	0	[draganddrop]		Animals | Fruits	Dogs like to run. 🐕 | Apples are red. 🍎	2	[]			distinct	3
ENFUN07	0.0	dragAndDrop	5x3	2	0	[drag and drop]		Drag and drop heading | Answers to drag and drop | 	Beginning a new idea | Next, we visited the museum to learn abo | Sarah finally arrived at her new school 	2	[]	0		distinct	0
ENFUN07	0.0	dragAndDrop	6x2	0	0	[draganddrop] (drap and drop to slot into the star		_______________It was the best dessert I | The chocolate cake was delicious and was	______________________. These groups oft | Kapa haka groups perform at competitions	2	[]			distinct	5
ENFUN07	0.0	dragAndDrop	5x2	0	0	[Drag and drop] text into the correct box beside t		 | A scooter is a fun thing to ride, but fi	 | You start by holding onto the handlebars	2	[]			distinct	0
ENFUN07	0.0	dragAndDrop	4x3	0	4	[draganddrop] Creative services: the paragraphs in		Point | https://www.nzherald.co.nz/sport/andrew- | One of the world’s most celebrated athle	Evidence | https://depositphotos.com/stock-photos/o | Dame Valerie has won gold, silver and br	2	[]			distinct	0
ENFUN08	0.0	dragAndDrop	6x3	0	0	[drag and drop] (currently correct- please jumble)		Noun | Verb | Adjective	Cat | Play | Sad	2	[]			distinct	0
ENFUN08	0.0	dragAndDrop	4x2	5	6	[drag and drop scatter]		[image] (like these) | Drag and drop words	https://drive.google.com/file/d/1CJGiuli | happy cat box sat (answer here) https://	2	[]	0,1,2,3		distinct	3
ENFUN08	0.0	dragAndDrop	3x3	5	3	[drag and drop]		[h6] Dog / [Image] / https://unsplash.co | Correct answers / Log / Frog / Jog | Words to click and drag / Cat / Ball / L	[h6] Sun / [image] https://unsplash.com/ | Run / Bun / Fun | Cat / Fun / Rabbit / Run / Bun	2	[]	0,1,2		distinct	0
ENFUN08	0.0	dragAndDrop	7x2	1	0	[draganddrop]		 | Answers	Let the cat out of the bag. | To let out a secret.	2	[]	0		distinct	6
ENFUN08	0.0	dragAndDrop	3x5	0	0	[drag and drop] (same images as from this page	https://tekuradev.desire2learn.com/d2l/le/content/	 |  |  |  | 	Raindrops pattered gently on the rooftop | Brightly coloured flowers in full bloom. | The biting wind cut through your coat, i | The familiar comforting warmth of the ch | The kitchen was filled with the mouthwat	3	[]		bold0	distinct	0
ENFUN09	0.0	dragAndDrop	4x2	4	2	[Drag and Drop]		Image for activity | 	Link | https://drive.google.com/file/d/1uXZ75WL	2	[]	0,1,2,3		distinct	3
ENFUN09	0.0	dragAndDrop	4x4	0	0	[drag and drop] (currently in the correct spaces)		**Main Idea**: What does the writer want | **Audience**: Who is the writing for? | **Purpose**: Is it to entertain, persuad | **Text Type**: What kind of text is it?	The joy of summer when you are young. | Older people thinking about being young. | Entertain | Narrative	2	[]			distinct	0
ENGC101	1.0	dragAndDrop	2x3	3	0	[Interactive activity – drag and drop] Answers are		Written | Spoken | Visual	[Source image] road sign – with writing  | [Source image] people talking in person  | [Source image] someone waving / [Source 	2	[]	1		distinct	0
ENGC102	1.0	dragAndDrop	4x2	0	0	[Drag and drop] Can we make something like these p		**Fiction** | **Nonfiction**	 | 	8	[]		bold0	distinct	0
ENGC102	2.0	dragAndDrop	4x2	0	0	[drag and drop] They are currently matched up, can		Page 5 | How did the old cable cars work?	Page 8 | What was it like to ride on the old cabl	2	[]			distinct	3
ENGC102	2.0	dragAndDrop	4x2	0	0	[drag and drop] They are currently matched up, can		**Bread factories** | Most of the bread we buy is made in a fa	**Moving along** | The earthworm’s body is made up of secti	2	[]			distinct	3
ENGC102	3.0	dragAndDrop	6x1	1	0	[drag and drop] These are already in the correct o		*Red Rattlers* by Phillipa Werry – can t	Why were the cable cars built? ………………………	2	[]	0		distinct	0
ENGC102	4.0	dragAndDrop	6x2	0	10	[drag and drop] The images are in the correct colu		Photograph | Illustration	https://www.istockphoto.com/photo/fantai | https://www.istockphoto.com/vector/hand-	2	[]			distinct	5
ENGC102	7.0	dragAndDrop	1x5	5	0	[drag and drop] The words are currently in the cor		bolt | drill | hammer | nail | screw		2	[]	0		distinct	0
ENGC102	7.0	dragAndDrop	1x5	5	0	[drag and drop] The words are currently in the cor		sat | see | shut | star | sun		2	[]	0		distinct	0
ENGC201	2.0	dragAndDrop	6x2	6	5	[Drag and drop]		[image] / https://drive.google.com/file/ | I am not sure, but I would like to try i	[image] https://drive.google.com/file/d/ | Yes Whaea, and I am ready to share it.	2	[]	0,1,2,3,4,5		distinct	5
ENGC201	6.0	dragAndDrop	2x3	6	6	[drag and drop]		[image] https://drive.google.com/file/d/ | [image] https://drive.google.com/file/d/ | [image] https://drive.google.com/file/d/	[image] https://drive.google.com/file/d/ | [image] https://drive.google.com/file/d/ | [image] https://drive.google.com/file/d/	3	[]	0,1		distinct	0
ENGC202	1.0	dragAndDrop	8x2	0	0	[drag and drop] (currently correct)		Are instructions | Are not instructions	A recipe card. | Storybooks.	2	[]			distinct	7
ENGC202	2.0	dragAndDrop	8x3	0	0	[drag and drop] (currently correct, please mix up)		1 |  | Gather some cardboard, scissors, and glu	2 |  | Using cardboard, cut two car-shaped piec	2	[]			distinct	0
ENGC202	4.0	dragAndDrop	2x7	0	7	[drag and drop] (please mix up the images- current		• Take a flat 10x4 panel. This will be y | • Attach a 6x4 piece to the bottom of th | • Add the wheels to each end of the base | • Flip your car over and attach two yell | • Place the face at the front of the car | • Attach 4 side pieces to the top of the | • Finally, attach the back wing to the r	https://drive.google.com/file/d/1Ne4Dx94 | https://drive.google.com/file/d/1vqR2OuT | https://drive.google.com/file/d/1TuHFe08 | https://drive.google.com/file/d/1cnXTFZU | https://drive.google.com/file/d/1Ykj7Z0P | https://drive.google.com/file/d/1q-GfBrw | https://drive.google.com/file/d/1g0M1hlT	2	[]			distinct	0
ENGC204	2.0	dragAndDrop	4x3	0	0	[Drag and Drop] (currently correct)		Past | Present | Future	You built a model. | Check your work before you finish. | You will design something new.	2	[]			distinct	0
ENGC204	5.0	dragAndDrop	4x4	8	0	[drag and drop - text to be static and images mova	😊	Trace the outline of your wood / or card | Paint the surface of the / wood with bla | Now make your flower shape. | Repeat until you have / four oval petals	[image] Screenshot 2026-06-03 113012 | [image] Screenshot 2026-06-03 113034 | [image] Screenshot 2026-06-03 113034 | [image] Screenshot 2026-06-03 113034	3	[]	1,3		distinct	0
ENGC206	1.0	dragAndDrop	5x2	8	0	[Please create a drag and drop activity with the s		Not Precise | Precise	Mix it. | Stir the mixture gently.	3	[]	1,2,3,4		distinct	4
ENGC206	1.0	dragAndDrop	2x2	4	0	[Drag and drop activity] [Students drag cooking wo		Cooking verbs | Everyday verbs	Mix / Chop / Peel / Grate / Stir / Slice | Walk / Skip / Bike / Laugh / Play / Slee	5	[]	0,1		distinct	1
ENGC301	2.0	dragAndDrop	5x2	0	0	[Drag and Drop FIB Auto Check]		Savour the sweetness of our ____________ | succulent / delicious / tasty	Keep your cool with our________, sophist | quality / sleek / timeless	3	[]			distinct	4
ENGC302	1.0	dragAndDrop	6x2	3	1	[Scatter Drag and drop]		(example of layout for this) / [image] h	Correct - any order | Incorrect	2	[]	0,1		distinct	5
ENGC401	2.0	dragAndDrop	4x3	6	6	[drag and drop]		[image] https://drive.google.com/file/d/ | [image] https://drive.google.com/file/d/ | [image] https://drive.google.com/file/d/	Close Up | Medium Shot | Wide Shot	2	[]	0,2		distinct	0
ENGC401	3.0	dragAndDrop	4x3	1	9	[drag and drop]		High Angle | Eye Level | Low Angle	https://unsplash.com/photos/overview-of- | https://unsplash.com/photos/a-cat-that-i | https://unsplash.com/photos/woman-wearin	2	[]	3		distinct	0
ENGC401	5.0	dragAndDrop	2x2	0	0	[Drag and drop]		Diegetic Sounds | Non-diegetic Sounds	Birds chirping / Water drops / Thunder / | Light piano playing / Violin / Drum beat	2	[]			distinct	1
ENGC401	6.0	dragAndDrop	5x4	0	0	[Drag and Drop Column Auto check]		Character | Dialogue example | Trait | Relationship dynamic between brother and	Nissi | “Well, well, well! It is 3.15pm and Niss | The nickname ‘Golden Child’ shows Nissi  | Nissi’s brother is keen to get his ‘perf	2	[]			distinct	0
ENGC403	2.0	dragAndDrop	4x2	8	0	[insert drag and drop]		[H3] [Q1] Agrees with the statement | [H3][Q2] Disagrees with the statement	[Q1 correct] It allows for **balance and | [Q2 correct] It can **promote sleep loss	2	[]	0,1,2,3		distinct	3
ENGC403	2.0	dragAndDrop	4x2	8	0	[insert drag and drop]		[H3] [Q1] Agrees with the statement | [H3][Q2] Disagrees with the statement	[Q1 correct] **Gives companionship**: Do | [Q2 correct] Takes **cost and time**: Fo	2	[]	0,1,2,3		distinct	3
ENGC403	2.0	dragAndDrop	4x2	8	0	[insert drag and drop]		[H3] [Q1] Agrees with the statement | [H3][Q2] Disagrees with the statement	[Q1 correct] Promotes **cultural traditi | [Q2 correct] Causes **safety risks**: Fi	2	[]	0,1,2,3		distinct	3
ENGC403	3.0	dragAndDrop	3x3	9	0	[insert drag and drop] [shuffle] [autocheck]		[H3] [Q1] Misinformation | [H3] [Q2] Disinformation | [H3] [Q3] Malinformation	[Q1 correct] A student shares on social  | [Q2 correct] A fake account posts a made | [Q3 correct] Someone shares another pers	3	[]	0,1,2		distinct	0
ENGC403	7.0	dragAndDrop	5x1	2	0	[create a drag and drop close multi choice] [shuff		[Q1] So we define the moot **‘that fruit	[Q1 correct] Whole food from plants shou	4	[]	0,1		distinct	0
ENGC403	8.0	dragAndDrop	6x2	12	0	[insert drag and drop] [autocheck] [shuffle]		[H3] Modal verb | [H3] Effect created	[Q1] Should | [Q1 correct] Makes it seem like the best	5	[]	0,1,2,3,4,5		distinct	5
ENGI101	1.0	dragAndDrop	5x3	7	4	[Drag & Drop]		Word | Image | Meaning	Bomb: / “I’m always dreaming of pulling  | [image] https://www.istockphoto.com/phot | A method of diving where a diver jumps i	3	[]	0,1,2,3,4		distinct	0
ENGI101	1.0	dragAndDrop	2x1	0	0	[Drag and Drop]	Drag these adjectives to make these sentences more	The ___________, ____________ water glis	calm hot bumpy smooth fluffy thick black	3	[]			distinct	0
ENGI101	1.1	dragAndDrop	4x3	1	0	[Drag and Drop]		Word | Sentence | Definition (these can be the draggable b	glare | “You wouldn’t get so many wrinkles if yo | To stare in an angry way.	2	[]	0		distinct	0
ENGI103	2.0	dragAndDrop	5x2	0	0	[DragAndDrop]		**Subject** | **Verb**	The boys | paddle the waka.	3	[]		bold0	distinct	4
ENGI103	2.0	dragAndDrop	5x3	0	0	[DragAndDrop] (please make pieces like jigsaws if 		I can jump high | and | I can run fast.	I drew a picture | and | my friend coloured it in.	2	[]			distinct	0
ENGI103	3.0	dragAndDrop	5x2	5	5	[Drag and drop] Please have these emojis that stud	😀😐😢😡	[image] https://drive.google.com/file/d/ | 	[image] https://drive.google.com/file/d/ | 	2	[]	0,1,2,3,4		distinct	0
ENGI103	4.0	dragAndDrop	2x8	8	0	[Drag and Drop/Mix and Match]		Across | Behind | In | On | Under | Over | Next to | Between	 |  |  |  |  |  |  | 	4	[]	0		distinct	0
ENGI103	5.0	dragAndDrop	6x2	0	0	[Drag and Drop/Mix and Match] [Have 4 of each emoj	https://tekura.desire2learn.com/d2l/le/content/184	Paddle | 	Waka | 	5	["dragAndDrop"]			distinct	0
ENGI103	6.0	dragAndDrop	4x2	1	0	[draganddrop] (have the images be able to be sorte		Group one | Group 2	🚗 (little emojis or find images to suit | 🌞	2	[]	1		distinct	3
ENGI103	6.0	dragAndDrop	4x2	0	0	[draganddrop]		Vehicles | Things in the sky	Bikes have two wheels. 🚲 | The Sun is bright. 🌞	2	[]			distinct	3
ENGI201	2.0	dragAndDrop	4x3	0	0	[Interactive Embedded: Drag and Drop]		 | **What is the character like at the star | **Evidence from the story to support you	**Ah Sum** | **A kind-hearted person.** | **Because he saved Jacob from drowning i	4	[]		bold0	distinct	0
ENGI203	1.0	dragAndDrop	1x2	1	0	[scatter drag and drop]		 | (no right and wrong answer for these- pl		3	[]	0		distinct	0
ENGI203	4.0	dragAndDrop	2x2	2	1	[Scatter Drag and Drop – Auto Check]		 | Stand by Me (1961) / Dancing Queen (1976	https://drive.google.com/file/d/15APUBAk | Place the scatter drop at the approximat	2	[]	0,1		distinct	1
ENGI203	4.0	dragAndDrop	3x2	0	0	[drag and drop]		It's the eye of the tiger It's the thril | Determination, strength, not giving up	If you ever find yourself stuck in the m | Support and comfort	2	[]			distinct	2
ENGI203	5.0	dragAndDrop	2x2	2	1	[Scatter Drag and Drop – Auto Check]		 | Geometric patterns (1960s) / Bell-bottom	https://drive.google.com/file/d/1wzRH2YL | Place the scatter drop at the approximat	2	[]	0,1		distinct	1
ENGI203	6.0	dragAndDrop	2x2	2	1	[Scatter Drag and Drop – Auto Check]		 | (1964) Mary Poppins / (1971) Willy Wonka	https://drive.google.com/file/d/1wRhUGO2 | Place the scatter drop at the approximat	2	[]	0,1		distinct	1
ENGI203	6.0	dragAndDrop	3x2	0	0	[drag and drop]		Toy Story | The first movie to be made entirely on a	Back to the Future | The highest-grossing movie in 1985.	2	[]			distinct	2
ENGI203	7.0	dragAndDrop	2x2	2	1	[Scatter Drag and Drop – Auto Check]		 | The First Laser (1960) / Rubik's Cube (1	https://drive.google.com/file/d/1dYAYAf1 | Place the scatter drop at the approximat	2	[]	0,1		distinct	1
ENGI203	7.0	dragAndDrop	3x2	0	0	[drag and drop]		 | Improved medical procedures by making su	 | Transformed communication, allowing us t	2	[]			distinct	0
ENGI203	8.0	dragAndDrop	2x2	2	1	[Scatter Drag and Drop – Auto Check]		 | Sir Peter Snell (1960) / Dame Whina Coop	https://drive.google.com/file/d/1MvS6j4y | Place the scatter drop at the approximat	2	[]	0,1		distinct	1
ENGI203	8.0	dragAndDrop	3x2	0	0	[drag and drop]		 | Supported Māori land rights.	 | Created movies that made people across t	2	[]			distinct	0
ENGI203	9.0	dragAndDrop	1x2	1	1	[scatter drag and drop]		https://drive.google.com/file/d/1446V_A6 | (no right and wrong answer for these – p		2	[]	0		distinct	0
ENGI203	10.0	dragAndDrop	4x3	0	0	[Drag and Drop]		Past | Present | Future	I painted a picture of a flower. | He plays guitar in a band. | He will visit a new country next year.	2	[]			distinct	0
ENGI301	1.0	dragAndDrop	6x2	0	0	[Drag and Drop Standard – Auto Check]		Led New Zealand's rugby team to back-to- | Ritchie McCaw	Holds the record for the most caps in Si | Laura Langman	2	[]			distinct	5
ENGI301	4.0	dragAndDrop	4x2	1	0	[Drag and Drop AutoCheck] (please use colours as s		Topic Sentence | Irene van Dyk is one of South Africa’s, 	Development | She was already notorious after represen	2	[]	3		distinct	3
ENGI301	5.0	dragAndDrop	9x2	2	1	[Drag and Drop]		Link for image https://drive.google.com/ | Drag and drop- place in correct spot bas	 | Sport	2	[]	0		distinct	0
ENGI302	2.0	dragAndDrop	3x7	0	1	[scatter drag and drop] (images to match the corre		https://www.istockphoto.com/vector/world	Snow White | Tiddalik the Frog | Momotaro | The Little Mermaid | Rona and the Moon | Mulan | Pele and the Volcano	2	[]			distinct	0
ENGI302	3.0	dragAndDrop	5x3	0	0	[Drag and drop]		source | Twisted Tale | Traditional Tale	Excerpt 1 | She bellowed ‘Help!’ and ‘Let me out!’ / | Cinderella	2	[]			distinct	0
ENGI302	4.0	dragAndDrop	4x3	0	0	[drag and drop column]		1st person | 2nd person | 3rd person	I found a mysterious lamp in the cave. | You ventured into the sacred Tāne Mahuta | She let down her long hair for the princ	2	[]			distinct	0
ENGI302	6.0	dragAndDrop	5x3	5	1	[scatter drag and drop] (drop to under the heading		https://drive.google.com/file/d/1h3s-NaR | Orientation | Rona and Tamanui-te-rā live in the villa	 | Rising Action | The couple's arguments escalate over the	2	[]	0,1,2,3,4		distinct	0
ENGI303	2.0	dragAndDrop	1x8	0	0	[drag and drop] (can you please have this interact		Eva Skerrett is born in Bluff. | She is recognised for her singing talent | She places second in a national singing  | She adopts the name "Princess Iwa." | She makes her international debut in Aus | In London, she performs for royalty and  | During World War I, she sings for ANZAC  | Eva passes away in London, leaving a leg		2	[]			distinct	0
ENGI400	1.0	dragAndDrop	6x4	7	0			[Activity 1A] [H4] Online activities / [ | [image] Blue Pencil Stock Illustration - |  | When we create something using words we 	Reading | [image] Young Woman Reads A Book Legs Cr |  | When we understand something that has be	1	[]	0,1,2,3,4,5		distinct	0
ENGI401	1.0	dragAndDrop	5x4	8	8	[drag and drop] Table is static, for each, can the		Date | Event | Date | Event	1840 | Signing of the Treaty of Waitangi / [ima | 1968 | Wahine disaster / [image] https://en.wik	2	[]	1,2,3,4		distinct	0
ENGI401	6.0	dragAndDrop	5x2	0	0	[drag and drop Please scramble order]		The whispers of my whenua weep for their | Alliteration	I am like a soldier disqualified to figh | Simile	2	[]			distinct	4
ENGI401	7.0	dragAndDrop	5x2	0	0	[drag and drop]		I’m a human sandwich squeezed between Mu | Metaphor	I scan the sea of faces with my eager ea | Alliteration	2	[]			distinct	4
ENGI401	10.0	dragAndDrop	3x4	0	0	[drag and drop]		Early life | Accomplishments | Personal life | Legacy	Born in 1895. | Led the 1975 Māori Land March. | Deeply connected to her heritage. | Continues to inspire activists and leade	2	[]			distinct	0
ENGI401	11.0	dragAndDrop	5x2	5	0	[drag and drop] Script for recording has been subm	https://docs.google.com/document/d/12l0YPm_pchPj8C	[audio 1] Imagine this. It’s 1975. An el | Tone	[audio 2] The woman’s name was Dame Whin | Intonation	3	[]	0,1,2,3,4		distinct	4
ENGI405	3.0	dragAndDrop	12x2	0	0	[drag and drop- mix up the sentences in the right 		Point | One of the main ideas in this text is …	 | This text demonstrates …	2	[]			distinct	3
ENGI405	5.0	dragAndDrop	2x4	0	0	[interactive activity drag and drop auto checking]		Characters | Setting | Conflict | Language	“As a hobby, Leo Borlock collects porcup | “We moved from Pennsylvania to Arizona.” | “We were all being watched.” / “Did you  | “Scanning the mob.” / “Suddenly Kevin’s 	4	[]			distinct	0
ENGI405	5.0	dragAndDrop	1x2	0	0	[Activity drag and drop sorting]	Formal or informal texts	**Formal Texts** / • Academic essays. /  | **Informal Texts** / • Personal letters.		2	[]			distinct	0
ENGJ102	1.0	dragAndDrop	3x4	8	8	[drag and drop] The correct answers are already in		Place | Person | Animal | Thing	Marae / https://www.istockphoto.com/phot | Ladies / https://www.istockphoto.com/pho | Tui / https://www.istockphoto.com/photo/ | Chair / https://www.istockphoto.com/phot	2	[]	1,2		distinct	0
ENGJ102	1.0	dragAndDrop	6x2	1	4	[drop and drag]	This doesn't need a self check as the ākonga may w	Image | Sentence	https://www.istockphoto.com/photo/flying | The ___________ **dragon** soared high a	3	[]	5		distinct	4
ENGJ102	4.0	dragAndDrop	2x2	0	0	[Drop and drag] As this is an individualised activ		I like | I don’t like	 | 	13	[]			distinct	0
ENGJ102	4.0	dragAndDrop	6x2	0	0	[drop and drag] can we have a mix of contractions 		don’t | do not	I’m | I am	2	[]			distinct	5
ENGJ201	1.0	dragAndDrop	6x4	0	8	[drag and drop]		 |  |  | 	https://www.shutterstock.com/image-vecto | https://www.shutterstock.com/image-vecto | https://www.shutterstock.com/image-vecto | https://www.shutterstock.com/image-vecto	2	[]		bold0	distinct	0
ENGJ202	3.0	dragAndDrop	4x4	0	0	[Drag and Drop Column – Auto Check]		One Syllable | Two Syllables | Three Syllables | Four Syllables	Cat | Robot | Tomato | Watermelon	2	[]			distinct	0
ENGJ202	4.0	dragAndDrop	2x3	0	3	[Drag and Drop] (please jumble up the text so stud		https://unsplash.com/photos/white-sand-w | https://www.istockphoto.com/photo/landma | https://www.istockphoto.com/photo/marae-	This place / Looks like sandy shores wit | **T**his place / Looks like a lonely mou | This place / Looks like an uncle welcomi	2	[]			distinct	0
ENGJ301	1.0	dragAndDrop	8x2	0	0	[Drag and Drop - Auto check] ((currently in their 		At a lively Aotearoa Night Market, four  | Mystery	On Mars, a smart scientist discovers ali | Science Fiction	2	[]			distinct	7
ENGJ402	1.0	dragAndDrop	8x2	0	0	[Drag and drop activity with correct answers. Plea		**Subjectivity** | In *Sonnet 18* by William Shakespeare, t	**Personal Voice** | In Maya Angelou's poem *Still I Rise*, h	4	[]			distinct	7
ENGJ402	3.0	dragAndDrop	5x2	0	0	[drag and drop activity: with correct answers, ple		A sonnet’s themes are usually: | love, beauty, mortality, and the passage	The structure of a sonnet: | Usually has fourteen lines	5	["modal"]			distinct	4
ENGJ403	1.0	dragAndDrop	3x4	7	0	[insert image scatter drag and drop] [force shuffl		[Q1 correct] / Main character Paul and s | [Q2 correct] / The inciting incident is  | [Q3 correct] / Throughout the day, Paul’ | [Q4 correct] / The climax is when Paul f	**ACT ONE** | **ACT TWO** | **ACT THREE**	2	[]	0,2		distinct	0
ENGJ403	2.0	dragAndDrop	5x3	10	0	[insert drag and drop] [Shuffle] [Autocheck]		[H3] Movie |  | [H3] Point of difference	[Q1] *Project Hail Mary* |  | [Q1 correct] / A non-astronaut works tog	2	[]	0,1,2,3,4		distinct	0
ENGJ403	3.0	dragAndDrop	7x3	14	0	[insert Activity 3A drag and drop] [shuffle]	Match the genre to the purpose	[H2] Genre |  | [H2] Purpose	[Q1] Comedy / [Q1 image Man Jumping Insi |  | [correct answer Q1] To make the audience	3	[]	0,1,2,3,4,5,6		distinct	0
ENGR101	4.0	dragAndDrop	3x4	8	2	[drag and drop]		Static | static | Can be dropped (could they be little spe | static	[Image] (flipped) https://www.istockphot | (audio 1 from script) | I felt confused and sad. I was trying to | [Image] (flipped) https://www.istockphot	2	[]	0,1,2		distinct	0
ENGR102	4.0	dragAndDrop	8x2	0	0	[Activity 3A drag and drop]	Is the R bossy?	Bossy | Not Bossy	circle | red	3	[]			distinct	6
ENGR102	5.0	dragAndDrop	2x5	7	0	[Activity 4B drag and drop]	Word builder	[H4] ch / [Image] chick / [Body] chick / | [H4] sh / [Image] shark / [Body] shark / | [H4] th / [Image] thumb / [Body] thumb / | [H4] wh / [Image] whale / [Body] whale / | [H4] ph / [Image] photo / [Body] photo /	[H4]thr / [Image] three / [Body] three / | [H4] shr / [Image] shrimp / [Body] shrim |  |  | 	9	["clickDrop","speechBubble","flipCard","dragAndDrop"]	0,1		distinct	0
ENGR201	2.0	dragAndDrop	2x3	0	0	[Interactive activity – drag and drop] Answers are		Leaders | Followers | Bystanders	Kyle (student, waste management officer) | Other participating students. / Year 4 s | Students who do not participate in the w	2	[]			distinct	0
ENGR201	3.0	dragAndDrop	5x3	1	1	[drag and drop] (mix up)		Fact | (cropped like this) [image] https://www. | Opinion	A year has 12 months. |  | Pizza is the best food ever.	2	[]	0		distinct	0
ENGR202	2.0	dragAndDrop	2x3	3	0	[Drag and drop Activity 2B]	Shape language	 |  | 	Tile This shape has round edges and is s | Tile This shape has straight lines and i | Tile This shape has pointy edges and is 	4	["dragAndDrop"]	1	bold0	distinct	0
ENGR301	1.0	dragAndDrop	3x3	0	0	[drag and drop] Each phrase can be moved, but ther		Agree | Neutral/Not sure | Disagree	 |  | 	2	[]			distinct	0
ENGR301	2.0	dragAndDrop	7x2	3	2	[drag and drop]		[image] https://www.istockphoto.com/phot | [image] (cropped closer) / https://www.i	**Harper** / **Cell phones are essential | **Nikau** / **We are becoming slaves to 	2	[]	0,6		distinct	6
ENGR301	3.0	dragAndDrop	7x2	6	0	[Drag and drop]		Anecdote | Emotion	Struggling with a tech issue during an o | Grateful / Thankful (either answer can b	2	[]	1,2,3,4,5,6		dupes	6
ENGR301	3.0	dragAndDrop	6x3	8	0	[drag and drop]		Whakatauki (static) | Translation (static) | Meaning (drag and drop)	He aha te mea nui o te ao? He tangata, h | What is the most important thing in the  | The importance of relationships and comm	2	[]	0,1,2,3,4,5		distinct	0
ENGR301	6.0	dragAndDrop	4x2	0	0	[drag and drop]		Point | My first point is phones should not be t	Evidence | Joel Maxwell, a journalist for ‘Stuff’ w	2	[]			distinct	3
ENGR302	5.0	dragAndDrop	7x3	12	0	[Activity 5A – drag and drop column auto marking] 		Character | Perspective | Agenda	Mack from *Yertle the Turtle* | This is an unfair situation; our wellbei | To end the unfairness and bring things b	3	[]	1,2,3,4,5,6		distinct	0
ENGR302	7.0	dragAndDrop	7x2	7	0	[Activity 7A – drop and drag auto marking]		*Yertle the Turtle* | The turtles are free from their tyrannic	*The Paperbag Princess* | Realising Prince Ronald is not all he se	3	[]	0,1,2,3,4,5,6		distinct	6
ENGS102	2.0	dragAndDrop	1x2	1	0	[scatter drag and drop]		Snip from book (The Three Cattle Dog’s G | • Long tongue / • Scales / • Sharp teeth		2	[]	0		distinct	0
ENGS102	5.0	dragAndDrop	5x3	13	12	[drag and drop- no correct answer] (include name a		Flightless Kiwi birds / [images can be c | Kiwi settings | Kiwi predators	Pukeko / [image] https://unsplash.com/ph | Tunnel Beach / [image] https://www.istoc | Possum / [image] https://unsplash.com/ph	2	[]	0,1,2,3,4		distinct	0
ENGS102	5.0	dragAndDrop	5x2	0	0	[Drag and drop – scramble order]		Common noun | Proper noun	cat | Waitomo Caves	2	[]			distinct	4
ENGS201	1.0	dragAndDrop	8x2	8	5	[drag and drop]		Figure (please include name and the imag | Origin story	Iron Man / [image] https://pixabay.com/i | Is an inventor who built a powerful suit	2	[]	0,1,2,3,4,5,6,7		distinct	7
ENGS201	3.0	dragAndDrop	4x2	0	0	[drag and drop]		Paragraph | Main idea	He blocks shots at goal. He intercepts p | Winston plays football in the Premier Le	2	[]			distinct	3
ENGS201	4.0	dragAndDrop	5x2	6	4	[Drag and Drop Image – scramble the order when rec	Match the superhero with their origin story.	Origin Story fixed | Superhero drag image	Peter Parker was on a school trip. He wa | [image] https://en.wikipedia.org/wiki/Sp	2	[]	0,1,2,3,4		distinct	4
ENGS301	1.0	dragAndDrop	5x2	5	5	[drag and drop] Images static, descriptions to dra		https://www.youtube.com/watch?v=T08zKvbL | An action-packed thriller where people o	https://www.youtube.com/watch?v=QoeEWPUU | This book is about a boy named Auggie wh	2	[]	0,1,2,3,4		distinct	4
ENGS301	5.0	dragAndDrop	6x2	7	0	[drag and drop]		Blue paint swatch | Calm, sadness (have each word as a separ	Yellow paint swatch | Happiness Warmth	2	[]	0,1,2,3,4,5		distinct	5
ENGS302	1.0	dragAndDrop	11x1	11	0	[Activity 1A drag and drop]	Order the main plot points	Boy kicks soccer ball into neighbour’s n	Neighbour yells at the boy to get him of	4	[]	0,1,2,3,4,5,6,7,8,9,10		distinct	0
ENGS302	2.0	dragAndDrop	2x6	7	0	[drag and drop – can we create a fun looking timel		These are the correct answers in order –	Answer One / Two boys (Romeo and Ed) sit | Answer Two / A second car arrives. Two a | Answer Three / Romeo tries to show off t | Answer Four / Time passes and Romeo trie | Answer Five / Romeo goes and visits Poll | Answer Six / The two become friends and 	3	[]	0,1		distinct	0
ENGS302	3.0	dragAndDrop	5x2	0	0	[Please make a drop and drag activity where the th		**Family**: | Starsky wants to know his father	**Friendship:** | Starsky and Kenny support each other.	3	[]			distinct	4
ENGS302	6.0	dragAndDrop	7x2	14	0	[Create drag and drop with six editing techniques 		Correct Answer | Description	Cut | A transition between two shots.	3	[]	0,1,2,3,4,5,6		distinct	6
ENGS401	2.0	dragAndDrop	4x3	3	3	[drag and drop] in the table, have the image stati		 | Part 1: Bibliographical information | Part 2: Response to text	[image] (from previous lesson) https://w | **Director:** Thomas Carter / **Title:** | I find (title) inspiring because it show	2	[]	1,2,3		distinct	0
ENGS401	3.0	dragAndDrop	6x3	3	0	[drag and drop] Images cropped from	https://www.istockphoto.com/vector/isolated-vector	Image | [SpeechbubbleConversation Layout] | Evidence (this column to drag and drop)	 | Timiona stayed confident, even with all  | “He brought a hand to his mouth and blew	3	[]	0		distinct	0
ENGS401	4.0	dragAndDrop	6x3	1	1	[Drag and drop - currently correct] (layout like t	https://docs.google.com/document/d/179Ql7p8JvRk8Yn	Increases mana | [Image] https://www.istockphoto.com/phot | Decreases mana	Dad is proud of my achievements. |  | Sasha is trying to get something from me	2	[]	0		distinct	0
ENGS404	1.0	dragAndDrop	8x2	9	0	[insert drag and drop on an image	ENGS404 lesson 1 Plot line Picture1.png	Answers | Drag options [shuffle] / [H4] Plot event	[Q1] | Tāwhirimātea was content between his par	3	["dragAndDrop"]	0,1,2,3,4,5,6,7		distinct	7
ENGS404	2.0	dragAndDrop	4x3	2	0	[can we create a reorder or drag and drop that all		[H3] Details shared |  | [H3] Important ideas [autoshuffle]	Her friend Sam needed help moving before |  | Mia and Sam are close friends; he knows 	19	[]	0		distinct	0
ENGS404	3.1	dragAndDrop	5x3	10	0	[drag and drop] [shuffle]		[Q1] Sight / [Q1 image Eye Stock Photo - |  | [correct Q1] The last light of the day b	[Q2] Sound / [Q2 image Closeup View Of B |  | [correct Q2] The floorboards groaned ben	3	[]	0,1,2,3,4		distinct	0
ENGS404	6.1	dragAndDrop	6x3	2	0	[insert activity 6A drag and drop mix and match bo	Trying out interesting characters	[H3] Characters |  | [H3] Motivations	The introverted computer nerd |  | Who dreams of being a court judge.	2	[]	0		distinct	0
ENO2060	1.0	dragAndDrop	4x2	0	0	[insert drag and drop- designer note: can the imag		**Visual and verbal texts** | **Non visual and verbal text**	Short film / Woman Taking Film With Retr | Podcast / Professional Studio Microphone	2	[]		bold0	distinct	3
ENO2060	4.0	dragAndDrop	4x3	3	0	[insert drag and drop- put the right hand column o		Technique used and details of what we se |  | The effect of this on meaning and audien	Colour palette / Use of the colour blue  |  | To create a solemn mood. The dull colour	2	[]	1,2,3		distinct	0
EXBP901	3.0	dragAndDrop	7x2	0	0	[Interactive drag and drop]		LEARNING GOAL | LEARNING INTENTION	My goal is to raise awareness of how to  | I am learning to clearly communicate my 	2	[]			distinct	6
FRFUN06	0.0	dragAndDrop	4x2	0	0	[Drag and drop column autocheck]	3b – **Sort the sounds**	**Sound group - é** | **Sound group è / ê / ai**	clé | aime	4	[]		bold0	distinct	2
FRFUN06	1.0	dragAndDrop	2x2	0	0	[drag and drop column autocheck] please jumble up 		Words contain the **an/am** spelling sou | Words contain the **en/em** spelling sou	**maman dans** / **grand** | Temps / Vent / lent	3	[]			distinct	1
FRFUN06	2.0	dragAndDrop	2x2	0	0	[Drag and drop column autocheck]	**2a Sort the sounds [**	**Soft c sound** | **Strong c sound**	**merci** / **garçon** / **face** | **car cube** / **copie**	4	[]		bold0	distinct	1
FRFUN06	3.0	dragAndDrop	2x2	0	0	[Drag and drop column autocheck] correct answers i		**Contains the ien team sound** | **Does not contain it**	chien bien / rien | rose pied chat	3	[]		bold0	distinct	1
FRFUN06	4.0	dragAndDrop	2x2	0	0	[Drag & Drop column autocheck] correct answers sho		**Final letter heard** | **Final letter quiet**	avec hiver neuf fil | petit grand chat	3	[]		bold0	distinct	1
FRFUN06	9.0	dragAndDrop	2x2	0	0	[Drag and Drop column autocheck ] [correct answers		**Link** | **No Link**	Deux hommes / Trois amis | Deux chats / Trois garçons	3	[]		bold0	distinct	1
FRFUN06	9.0	dragAndDrop	2x2	0	0	[Drag and drop column autocheck] – correct answers		**Linking happens** | **Silent word end ing -ent does not link	Les enfants Trois amis | arrivent avant / parlent beaucoup / entr	3	[]		bold0	distinct	1
FRFUN07	1.0	dragAndDrop	4x2	0	0	[Drag and drop column autocheck] [Title]	– 1A Match the meaning	English meaning | French sentence	I am 12 | J’ai 12 ans	4	[]			distinct	3
FRFUN07	4.0	dragAndDrop	2x4	4	0	[Drag and drop column autocheck ] [Title]	4A Choose the correct version of “you”	Talking to a friend | Talking to a teacher | Talking to two people | Talking to your brother	tu | Vous | vous | tu	5	[]	1		distinct	0
FRNO901	1.0	dragAndDrop	3x2	0	0	[Drag and drop column autocheck]]	**1B** **Sort the greetings**	**Formal** | **Informal**	Bonjour | Salut	4	[]		bold0	distinct	2
FRNO901	2.0	dragAndDrop	3x2	0	0	[Drag and drop autocheck]]	**2B** **Match the nicknames**	**Person** | **Nickname**	Gaspard | Gaspacho	3	[]		bold0	distinct	2
FRNO901	3.0	dragAndDrop	2x3	0	0	[Drag and drop column autocheck]]	**3A** **Sort the feelings**	**Positive** | **Neutral** | **Negative**	Très bien / Ça va bien | Pas mal / Comme ci , comme ça | Ça ne va pas	6	[]		bold0	distinct	0
FRNO901	4.0	dragAndDrop	5x2	0	0	[Drag and drop autocheck]	**4B Match the ages**	French | Number	J’ai douze ans | 12	3	[]			distinct	4
FRNO901	5.0	dragAndDrop	3x2	0	0	[Drag and drop autocheck]	**5A** **Build the conversation**	**Question** | **Answer**	**D’où viens-tu ?** | **Je viens de Nouvelle-Zélande.**	3	[]		bold0	distinct	2
GENO901	1.0	dragAndDrop	9x2	0	0	[Activity 1A Drag and Drop]	1A Greetings and farewells	 | 	**Hallo** | **Kia ora**	10	["dragAndDrop","memoryGame"]		bold0	distinct	8
GENO901	3.3	dragAndDrop	15x7	11	0	[Activity 3C Drag and Drop autocheck]	3C Put the nouns into groups	**Geschirr** Tableware | **Obst und** **Gemüse** / Fruit and vege | **Lebensmittel** / Food items | **Körper-pflege** / Body care | **Tiere** / animals | **Körper-teile** / Parts of the body | **Transport** / transport	[correct] **der Löffel** | [correct] / **die Paprika** | [correct] **der Zucker** | [correct] / **die Crème** | [correct] **der Vogel** | [correct] **das Auge** | [correct] **das U-Boot**	9	[]	1,2,3,4,5		distinct	0
GENO901	4.0	dragAndDrop	5x2	8	0	[Drag and drop with auto check and reset function]	4C Express yourself	Positive 😊 | Negative ☹	[correct] **Toll!** [Hover translation]  | [correct] **Mist!** [Hover translation] 	9	[]	1,2,3,4		distinct	4
GENO901	6.3	dragAndDrop	9x1	9	0	[Drag and drop autocheck]	6F Introductions	• Hallo! Ich heiße Alice. Ich komme aus 	• Bonjour! Ich bin Alexandre. Ich komme 	4	[]	0,1,2,3,4,5,6,7,8		distinct	0
GEO1006	3.0	dragAndDrop	2x2	0	0	[embed interactive drag and drop quiz]	5A Impacts of floods	Natural/Physical impacts | Cultural/Human impacts	Replenished ground aquifers. / Damage to | Bridges destroyed. / Roads blocked. / Da	4	[]			distinct	1
HES1002	5.0	dragAndDrop	9x3	8	0	[Individual activity] [Drag and drop]		Contraceptive | Photo | Definition	Condoms | [Insert media item 14] | The male condom is a fine rubber or synt	3	[]	1,2,3,4,5,6,7,8		distinct	0
HES1006	2.0	dragAndDrop	1x3	0	0	[Drag and drop column] Note to the dev:		Personal strategies | Interpersonal strategies | Societal strategies		9	[]			distinct	0
HIS1002	3.0	dragAndDrop	9x5	4	0	[Can you please make a drag and drop activity some		Perspective |  | Influences |  | Historical Context	[Kiwi image + Label below] / **Aotearoa  |  | location in Te Moana-nui-a-Kiwa |  | responsibility for Niue and the Cook Isl	14	[]	1,3,5,7		distinct	0
HIS1006	2.1	dragAndDrop	6x2	0	0	[Please create a Drag and Drop style activity wher		Concept | How this is demonstrated by the Montgome	Mana | This concept is demonstrated by Martin L	6	[]			distinct	4
HIS1006	6.0	dragAndDrop	6x2	0	0	[please insert a table like this, the students wil		Aspects of Significance | Explanation	Relationships / (Whakapapa) | 	7	[]			distinct	3
HIS1006	7.0	dragAndDrop	3x4	0	0	[please create a drag and drop activity where stud		Discrimination by landlords and employer | Inequality of schools, health care and h | White flight from the inner city to the  | Unprecedented destruction, injury and de	Racism and targeting by law enforcement | July 23rd–27th 1967 Riots broke out in V | Kerner Commission of Inquiry to investig | 3.15am Detroit’s Vice Squad had raided a	4	[]			distinct	0
HIS1008	2.1	dragAndDrop	6x2	0	0	[Please create a Drag and Drop style activity wher		Concept | How this is demonstrated by the Montgome	Mana | This concept is demonstrated by Martin L	7	[]			distinct	4
HIS1008	6.0	dragAndDrop	6x2	0	0	[please insert a table like this, the students wil		Aspects of Significance | Explanation	Relationships / (Whakapapa) | 	7	[]			distinct	3
HIS1008	7.0	dragAndDrop	3x4	12	0	[please create a drag and drop activity where stud		Discrimination by landlords and employer | Inequality of schools, health care and h | White flight from the inner city to the  | Unprecedented destruction, injury and de	Racism and targeting by law enforcement | July 23rd–27th 1967 Riots broke out in V | Kerner Commission of Inquiry to investig | 3.15am Detroit’s Vice Squad had raided a	4	[]	0,1,2		distinct	0
HPFUN302	0.0	dragAndDrop	10x2	0	0	[Drag and drop]		Sport | Best materials to use	Mini soccer | Rolled-up socks, soft foam balls, cardbo	2	[]			distinct	9
HPFUN303	0.0	dragAndDrop	6x3	3	0	[Drag and drop]		Positive change | Challenging change | Neutral change	**You join a new sports team and make ne | Your best friend moves to another school | You start liking different music or game	2	[]	0		distinct	0
HPRE203	1.0	dragAndDrop	6x2	12	0	[drag and drop] DEV: drag and drop the ten stateme	Verbal or non-verbal communication	Verbal communication [Q1] | Non-verbal communication [Q2]	two types – verbal and written [Q1 corre | many types – including body language [Q2	5	["dragAndDrop"]	0,1,2,3,4,5		distinct	5
HPRE203	4.0	dragAndDrop	6x1	6	0	[drag and drop] timeline drag and drop (DEV: use t		Mia is Hari’s friend [correct answer 5 y	Ava became a close friend [correct answe	4	[]	0,1,2,3,4,5		distinct	0
HPRE203	6.0	dragAndDrop	9x2	18	0	[drag and drop]		Ok to share [Q1] | Keep private [Q2]	favourite colour [answer Q1] | full name [answer Q2]	3	[]	0,1,2,3,4,5,6,7,8		distinct	8
MXDB102	1.0	dragAndDrop	2x4	0	0	[Drop and Drag]		Squares | Triangles | Circles | Rectangles	 |  |  | 	4	[]			distinct	0
MXDB102	1.0	dragAndDrop	2x4	1	0	[drop and drag]		Square | Triangle | Circle | Rectangle	Can you please create a selection of dif |  |  | 	2	[]	1		distinct	0
MXDB102	10.0	dragAndDrop	11x4	19	0	[Drop and drag] Can we make the red ones draggable		Picture | Numeral | English word | Te Reo word	 | 1 | one | tahi	3	[]	0,2,3,4,5,6,7,8,9,10		distinct	0
MXDB202	4.0	dragAndDrop	9x2	1	0	[Drop and Drag] Please make the numbers and/or ima		 | Correct answers	642 | 	2	[]	0		distinct	0
MXDB302	1.0	dragAndDrop	10x2	10	0	[Activity 1B – self-marking drag and drop]		8.5m | 850cm	4.06m | 406cm	23	["typing"]	0,1,2,3,4,5,6,7,8,9		distinct	9
MXDB302	2.0	dragAndDrop	5x4	12	0	[Activity 2A – auto self-marking drag and drop]	Which Unit?	Millimetres (mm) | Centimetres (cm) | Metres (m) | Kilometres (km)	Jigsaw puzzle piece | Post-it note | Residential property | City boundaries	4	[]	1,2,3,4		distinct	0
MXDB302	3.0	dragAndDrop	2x2	2	0	[Activity 3A – auto self-marking drag and drop]	Sort Those Shapes	Two-dimensional shape | Three-dimensional shape	(Please find a simple two-dimensional im | [image] Image of ice cubes / [image] Ima	4	[]	1		distinct	1
MXDB302	6.0	dragAndDrop	6x3	10	0	[Activity 6A – self marking drag and drop]		1 × 10 | ten | 10	10 × 10 | hundred | 100	3	[]	1,2,3,4,5		distinct	0
MXDB302	8.0	dragAndDrop	5x2	5	0	[Activity 8F – self-marking drag and drop]		690 ÷ 4 | 172.4	9.9 ÷ 3 | 3.3	3	[]	0,1,2,3,4		distinct	4
MXDI101	1.8	dragAndDrop	4x2	0	0	[Drop and drag]		There are 8 apples that need to be share | 8 ÷ 2 = _____	There are 20 lollies and they have to be | 20 ÷ 5 = _____	2	[]			distinct	3
MXDI102	2.0	dragAndDrop	1x2	0	0	[drop and drag]		 | 		2	[]		bold0	distinct	0
MXDI102	2.0	dragAndDrop	2x5	1	0	[drop and drag]		The whole group of 20 | Divide the group into quarters	Can we split the boys and girls into 2 s |  |  |  | 	6	[]	1		distinct	0
MXDI102	3.0	dragAndDrop	1x2	2	2	[drop and drag]		https://www.istockphoto.com/photo/mushro | https://www.istockphoto.com/photo/vegeta		4	[]	0		distinct	0
MXDI102	3.0	dragAndDrop	1x2	2	2	[drop and drag]		https://www.istockphoto.com/photo/sweet- | https://www.istockphoto.com/photo/high-a		5	[]	0		distinct	0
MXDI103	2.0	dragAndDrop	2x10	10	0	[Drop and drag] Can we make the red ones draggable		11 | 12 | 13 | 14 | 15 | 16 | 17 | 18 | 19 | 20	eleven | twelve | thirteen | fourteen | fifteen | sixteen | seventeen | eighteen | nineteen | twenty	2	[]	0,1		distinct	0
MXDI103	3.0	dragAndDrop	2x8	8	0	[Drop and drag]	Drag these numbers into the correct column to show	One digit numbers | Two digit numbers	3 | 7 | 8 | 1 | 10 | 14 | 19 | 13	3	[]	1		distinct	0
MXDI103	3.0	dragAndDrop	1x5	0	0	[Drop and Drag] Can we make the tens blocks and th		 |  |  |  | 		3	[]		bold0	distinct	0
MXDI103	5.0	dragAndDrop	2x10	10	0	[Drop and drag] Can we make the red ones draggable		*ten* | twenty | thirty | *forty* | *fifty* | sixty | *seventy* | eighty | *ninety* | *one hundred*	10 | *20* | *30* | 40 | 50 | *60* | 70 | *80* | 90 | 100	2	[]	0,1		distinct	0
MXDI103	6.0	dragAndDrop	1x5	0	0	[Drop and Drag] Can we make the hundreds blocks, t		 |  |  |  | 		3	[]		bold0	distinct	0
MXEO201	6.0	dragAndDrop	6x2	0	0	[Drag and Drop]		**4 x 3 = 12** | 3 + 3 + 3 + 3	**3 x 2 = 6** | 2 + 2 + 2	3	[]			distinct	5
MXEO301	4.0	dragAndDrop	4x4	8	0	[Activity 4D – self-marking drag and drop]	Practising the rules	6 + – 4 | 6 – 4 | 4 + -8 | 4 – 8	-7 + -2 | -7 -2 | -7 – -6 | 7 + 6	18	["typing","accordion"]	0,1,2,3		distinct	0
MXEO301	5.0	dragAndDrop	4x4	8	0	[Activity 5C – self marking drop and drag]	Match up	*y* + *y* + *y* + *y* + *y* | 5y | 3*y* + 6*y* | 9y	*a* + *a* + *a* | 3a | 10*g* – 4*g* | 6g	3	[]	0,1,2,3		distinct	0
MXEO401	1.0	dragAndDrop	8x3	0	0	[Drag and drop]	Now try this matching activity. Drag the correct a	**Size** | **Chest (cm)** | **Waist (cm)**	XXS (6) | 72–78 | 54–62	21	["tabs","typing","typing"]		bold0	distinct	0
MXEO401	3.0	dragAndDrop	5x2	2	0	[Drag and drop]	Have a go at dragging the lines of best fit into a	**Scatter graph – showing correlation** | ANSWER: Line of best fit placed	 | 	4	[]	0,4		distinct	0
MXEX202	5.0	dragAndDrop	2x3	0	0	[Drag and Drop]		1 gram | 500 grams | 1 kilogram	• $10 note / • A drawing pin / • A piece | • Bottle of shampoo / • 4 bananas / • A  | • A pineapple / • A pair of adult shoes 	21	[]			distinct	0
MXEX301	1.0	dragAndDrop	5x2	1	0	[Activity 2A-Drag and Drop Activity]	**Identifying Māori Measurements**	What is the most suitable Māori measurem | Answers	• Find the length of half of the footbal | 	3	[]	0		distinct	0
MXEX301	4.0	dragAndDrop	7x2	1	0	[Drag and Drop Activity]	**Activity 4A Matching Prefixes**	**Measurement Prefix** | Answers	Hecto- | 100	3	[]	0		distinct	6
MXEX301	4.0	dragAndDrop	7x3	0	0	[Drag and Drop Activity]	**Activity 4B Matching Measurement Units**	**Measurement Unit** | **Original Measurement** | **Converted Measurement**	Length | 3 metres | 300 cm	5	[]		bold0	distinct	0
MXEX301	6.0	dragAndDrop	4x2	2	0	[Drag and Drop Activity]	**Activity 6B Identifying plan-view drawings**	Figure | Answers	 | 	5	[]	0		distinct	0
MXFL101	1.0	dragAndDrop	1x6	0	0	[Drag and Drop]		 |  |  |  |  | 		2	[]		bold0	distinct	0
MXFL101	3.4	dragAndDrop	2x5	0	0	[Drag and drop]		 |  |  |  | 	 |  |  |  | 	6	[]		bold0	distinct	0
MXFL102	1.0	dragAndDrop	2x2	0	0	[drag and drop]		Day | Night	 | 	2	[]			distinct	0
MXFL102	3.0	dragAndDrop	8x2	0	0	[drag and drop]		 | 	11 o’clock | 2 o’clock	4	[]		bold0	distinct	3
MXFL102	3.0	dragAndDrop	8x2	6	0	[drag and drop]		11 o’clock | 2 o’clock	Tekau ma tahi karaka | Rua karaka	3	[]	0,3,6		distinct	5
MXFL102	4.0	dragAndDrop	8x2	0	0	[drag and drop]		 | 	1 o’clock | 12 o’clock	4	[]		bold0	distinct	3
MXFL103	1.1	dragAndDrop	5x2	0	0	[Drop and drag]		Diurnal | Nocturnal	 | 	3	[]			distinct	0
MXFL103	1.1	dragAndDrop	4x2	0	0	[Drag and drop]		Te Reo Greeting | Correct answer	Ata mārie | Good morning	2	[]			distinct	3
MXFL103	1.2	dragAndDrop	6x3	5	0	[Drop and Drag]		 |  | 	Quarter past 11 | Quarter past 7 | Quarter past 6	3	[]	1,3,5	bold0	distinct	0
MXFL103	1.3	dragAndDrop	6x3	5	0	[Drop and Drag]		 |  | 	Quarter to 12 | Quarter to 10 | Quarter to 4	3	[]	1,3,5	bold0	distinct	0
MXFL104	3.0	dragAndDrop	4x2	0	0	[Interactive: Drag and Drop] Correct answers shown		 | **Half past 4**	 | **Half past 3**	2	[]		bold0	distinct	0
MXFL202	2.0	dragAndDrop	3x5	10	0	Activity 3A [Drag and Drop with Check]	Identifying statements in the PPDAC cycle	**PROBLEM** | **PLAN** | **DATA** | **ANALYSIS** | **CONCLUSION**	What pet is easiest to look after? | I will interview five people who have bi | I will record the costs involved for dif | Data shows that guinea pigs need more ti | I'll get a dog because data gathered sho	3	[]	1,2	bold0	distinct	0
MXFL202	4.0	dragAndDrop	6x2	10	0	[Drag and drop]		Numerical | Categorical	Puppy weight. | Colour of a dog.	2	[]	1,2,3,4,5		distinct	5
MXFL202	6.0	dragAndDrop	4x2	6	0	[Drag and Drop]		 | 	Number of pets owned by each person. | Length of a kitten as it grows in months	2	[]	1,2,3	bold0	distinct	3
MXFL301	3.0	dragAndDrop	5x3	5	0	[Activity 3F – self-marking drag and drop]	Finding the total	20 % of people enjoy shopping in the Afr |  | 200	25 % of people did not enjoy riding a ca |  | 220	3	[]	0,1,2,3,4		distinct	0
MXFL301	4.0	dragAndDrop	5x4	10	0	[Activity 4C – self-marking drag and drop]	Calculating airfares	• Japan – Economy $2,767 × 5 | $13,835 | • Hawaii – Premium $4,847 × 5 | $24,235	• Japan – Premium $3,995 × 5 | $19,975 | • Orlando – Economy $2,796 × 5 | $13,980	11	["multiChoiceQuiz"]	0,1,2,3,4		distinct	0
MXFL301	7.0	dragAndDrop	6x4	8	0	[Activity 7F – self-marking drag and drop]	How much time has elapsed?	First event | Second event | Elapsed hours | Elapsed minutes	**6.20 am** | **9.50 am** | **3** | **30**	17	["dropDown"]	2,3,4,5		distinct	0
MXFL302	3.0	dragAndDrop	4x4	0	0	[Activity 3A – self-marking drag and drop]	What’s the chance?	Rolling a dice and getting a 3. | 1/6 or 17% | Tossing coin and getting a ‘tail’. | 0.5 or 50%	Drawing a diamond from a deck of cards. | 13/52 or 25% | Landing on the red segment of a five col | 1/5 or 0.2 or 20%	13	["memoryGame"]			distinct	0
MXFL302	5.0	dragAndDrop	5x2	5	0	[Activity 5A – self-marking drop and drag]	Making the right connections	¾ + 1/8 | 6/8 + 1/8 = 7/8	2/5 + 3/10 | 4/10 + 3/10 = 7/10	3	[]	0,1,2,3,4		distinct	4
MXFL302	5.0	dragAndDrop	5x4	10	0	[Activity 5C – self-marking drag and drop]	Practice the butterfly method	1/3 + 2/5 | 11/15 | 7/8 - 1/4 | 5/8	4/7 + 1/3 | 19/21 | 1/9 + 2/5 | 23/45	3	[]	0,1,2,3,4		distinct	0
MXFL302	5.1.0	dragAndDrop	5x4	10	0	[Activity 5.1A – self-marking drag and drop]	Connecting improper fractions and mixed numbers	7 6/10 | 76/10 | 17/5 | 3 2/5	8 1/6 | 49/6 | 24/7 | 3 3/7	8	["typing"]	0,1,2,3,4		distinct	0
MXFL302	6.0	dragAndDrop	5x4	10	0	[Activity 6A – self-marking drag and drop]	Match up challenge	1/3 × 2/5 | 2/15 | 6 × ¾ | 4 ½	¾ × 1/8 | 3/32 | 7/10 × 4/5 | 14/25	15	["dropDown"]	0,1,2,3,4		distinct	0
MXFL302	7.0	dragAndDrop	5x2	5	0	[Activity 7A – self marking, drag and drop]	Matching descriptions and ratios	A recipe calls for 2 cups of sugar and 5 | 2 : 5	There are 7 red marbles and 9 blue marbl | 7 : 9	3	[]	0,1,2,3,4		distinct	4
MXFL302	7.0	dragAndDrop	8x2	8	0	[Activity 7B – self marking, drag and drop]	Simplifying ratios	If there are 3 apples and 6 oranges, wha | 1 : 2	There are 8 red marbles and 12 blue marb | 2 : 3	3	[]	0,1,2,3,4,5,6,7		distinct	7
MXFL302	8.0	dragAndDrop	9x3	17	0	[Activity 8E – self marking drag and drop] (please		5/6 ÷ 1/3 | 5/6 × 1/3 | 5/18	7/9 ÷ 1/2 | 7/9 × 1/2 | 7/18	3	[]	0,1,2,3,4,5,6,7,8		distinct	0
MXFL401	1.0	dragAndDrop	6x2	5	3	[Drag and drop]		**Small business owners:** | **Mathematics skills used:**	**Builder/sole trader.** / [image 17] /  | Working out angles and spacings, measuri	4	[]	1,2,3,4,5	bold0	distinct	5
MXFU301	7.0	dragAndDrop	7x3	9	0	[Activity 6A – self-marking, drag and drop]	Match the equivalents	**FRACTION** | **DECIMAL** | **PERCENTAGE**	1/2 | 0.5 | 50%	3	[]	1,2,3,4,5,6	bold0	distinct	0
MXFU302	9.0	dragAndDrop	4x2	0	0	[Activity 9A - Drag and Drop]	**Finding the Gradient of the Line**	 | **Answers** / 257	 | 258	3	[]			distinct	0
MXFU302	9.0	dragAndDrop	4x2	1	0	[Activity 9B-Drag and Drop]	**Finding the Negative Slope of the Line**	 | Answers / **-3**	 | 260	3	[]	0		distinct	0
MXFU402	1.0	dragAndDrop	3x5	7	0	[drag and drop]		Impossible | Unlikely | Even chance | Likely | Certain	The party will be on February 30th. | A cat steals the sausages from the BBQ. | A popped party balloon lands on the left | Someone will take photos or videos. | Time will pass during the party.	2	[]	1,2		distinct	0
MXFU402	1.0	dragAndDrop	4x4	0	0	[Drag and drop]		In a deck of cards, I will pull out a di | I will flip a coin, and it will land on  | My opponent will use ‘scissors’ in a gam | I will roll an even number on a 6-sided 	or |  |  | 	2	[]			distinct	0
MXFUN01	3.0	dragAndDrop	4x2	2	0	[Drag and drop]	Drag and drop the place value blocks to make the n	Number to be on house | Answer	46 | 	5	[]	0		distinct	0
MXFUN01	5.0	dragAndDrop	7x2	0	0	[Drag and drop]		• 1 / one whole | 	• 1/2 / one half | 	7	[]			distinct	0
MXFUN01	5.0	dragAndDrop	9x2	9	0	[Drag and drop] Could the images in this please be		Question | Answer – is it possible to have these on	A. / ¼ + 2/4 | 	4	[]	0,2,3,4,5,6,7,8		distinct	7
MXFUN01	6.2	dragAndDrop	11x2	2	0	[Drag and Drop] Please could the words be statione		Question | Answer	• One thousand three hundred and thirty  | 1,332	4	[]	0		distinct	10
MXFUN01	6.4	dragAndDrop	2x2	4	0	[Drag and drop] Can this please be created with th		+ / sum / total / increase / more than / | - / subtract / less than / take away / m	X / Group product square times multiply  | ÷ / Quotient divide share	5	[]	0,1		distinct	1
MXFUN01	6.5	dragAndDrop	7x2	8	0	[Drag and Drop] Could this please be created so th		Question | Answer	15/20 | 3/4	4	[]	0,1,2,3,4,5,6		distinct	6
MXFUN02	0.0	dragAndDrop	2x5	0	0	[Interactive drag and drop] - please create someth		 |  |  |  | 	First step | Second step | Third step | Fourth step | Fifth step	4	[]		bold0	distinct	0
MXFUN02	0.0	dragAndDrop	5x2	1	0	[Drag and drop]	Match the rule with the mathematical equation.	Equation | Rules Drag the rules	3 + 4 = 7 | Adding a positive number goes up	4	[]	0		distinct	4
MXFUN03	0.0	dragAndDrop	2x2	4	2	[Drag and drop] could this please be recreated. I 		[Body] Heavy | [Body] Light	[Image] https://www.istockphoto.com/vect | [Image] https://www.istockphoto.com/vect	4	[]	0,1		distinct	1
MXFUN03	0.0	dragAndDrop	6x2	11	0	[Drag and drop] Can this please be recreated. Corr		 | Answers	[Image] / [H4] My drink is **half full.* | [Image]	7	[]	0,1,2,3,4,5		dupes	5
MXFUN03	0.0	dragAndDrop	4x4	16	12	[Drag and drop] Could this please be recreated, th		Beach image | [Image] Could the images be on little ti | [Image] / https://www.istockphoto.com/ph | [Image] / https://www.istockphoto.com/ph	Daffodil image | [Image] / https://www.istockphoto.com/ph | [Image] / https://www.istockphoto.com/ph | [Image] / https://www.istockphoto.com/ph	9	[]	0,1,2,3		distinct	0
MXFUN03	0.0	dragAndDrop	4x4	1	1	[Drag and Drop] Is it possible to use this as a dr		[Image] https://www.twinkl.co.nz/resourc | 3 o’clock | half past 4 | quarter past 2	 | half past 10 | 7 o’clock | quarter to 7	4	[]	0		distinct	0
MXFUN03	0.0	dragAndDrop	2x2	4	0	[Drag and drop] Please could these be recreated. I		Answer: | Answer:	Answer: | Answer:	4	[]	0,1		distinct	1
MXFUN03	0.0	dragAndDrop	7x2	7	6	[Drag and drop]		 | Answers to be dragged and dropped	[Image] https://www.istockphoto.com/phot | 37m	5	[]	0,1,2,3,4,5,6		distinct	6
MXFUN03	0.0	dragAndDrop	5x2	5	4	[Drag and Drop] Could this please be created, imag		 | Answer	[Image] https://www.istockphoto.com/phot | 5 L	4	[]	0,1,2,3,4		distinct	4
MXFUN03	0.0	dragAndDrop	3x3	7	0	[Drag and drop] Can I get this recreated so that t		Answers:	• acute | • right | • obtuse	4	[]	0,1,2		distinct	0
MXS1004	1.0	dragAndDrop	12x3	0	0	[Drag and drop task] Drag items into the correct c		**Population** | **Sample** | **Census**	**All Students in Your School** | **Askin**g **10 of my friends about buyi | **Surveying Every Student in Your School	2	[]		bold0	distinct	0
MXS1004	1.0	dragAndDrop	4x2	6	0	[Drag and drop] Note to designer Drag each of the 		**Random** | **Bias**	Drawing Names from a hat | Asking your friends	2	[]	1,2,3	bold0	distinct	3
MXS1004	2.0	dragAndDrop	2x2	0	0	[Drag and drop images] accurate measurements.		Reliable and Repeatable | Poor Measurement	 | 	9	[]			distinct	0
MXS1004	2.0	dragAndDrop	5x4	4	0	[Drag and drop]	Match the question with what is wrong with the que	**Question Type** | **Survey Question** | **Response** | **Reason for Being Poor**	Multiple Choice | "Do you like pizza or hamburgers?" | [ ] Pizza / [ ] Hamburger | This question is too simplistic and does	2	[]	1,2,3,4	bold0	distinct	0
MXS1004	4.0	dragAndDrop	5x2	5	0	[drag and drop match] self-check.		[Item 48] DBM 10.png | 25-15 =10 The difference between medians	[Item 49] DBM 2.png | 7-5 =2 The difference between medians (D	4	[]	0,1,2,3,4		distinct	4
MXS1004	7.0	dragAndDrop	5x3	8	0	[Activity drag and drop]	Is it Negative or Positive?	Display | Positive | Negative	[Item 67] strong negative 2.png |  | Correct	2	[]	1,2,3,4		distinct	0
OSAH301	1.0	dragAndDrop	7x2	5	1	[drag and drop]		[image] https://www.istockphoto.com/phot | Empty box	Draggable content:	2	[]	0,1,2		distinct	5
OSAH401	2.0	dragAndDrop	9x3	4	1	[drag and drop]		Scenarios to drag | *Yes image | *No image	Someone shares an embarrassing photo of  | Someone shares an embarrassing photo of  | A classmate makes a joke about your shoe	6	[]	0,5		distinct	1
OSAH501	5.0	dragAndDrop	6x3	6	0	[drag and drop column][autocheck]		[H4] Victim | [H4] Offender | [H4] Whānau, friends and workmates.	Mental and emotional wellbeing disrupted | School disciplinary action and consequen | Emotional stress from supporting someone	2	[]	0,5		distinct	0
OSAI101	1.0	dragAndDrop	7x2	3	2	[drag and drop column autocheck] They are currentl		Image https://www.istockphoto.com/photo/ | Image https://www.istockphoto.com/photo/	**AI Can** [static heading] | **AI Can’t**	2	[]	0,1		dupes	6
OSAI201	1.0	dragAndDrop	6x2	1	0	[drag and drop column autocheck] They are currentl		**AI can** [static heading] | **AI can’t**	**S**ort information. | Understand feelings.	2	[]	0		distinct	5
OSAI201	2.0	dragAndDrop	7x2	3	0	[drag and drop autocheck]		Static Heading: **Reasons** | Correct answers. Heading: **Good prompt 	It gives clear details (colour, size, se | Draw a fluffy brown puppy wearing a blue	3	[]	0,5		distinct	4
OSAI201	3.0	dragAndDrop	5x2	3	2	[Drag and drop standard with image – mix up the or		[title] When to use and not use AI?	[image – thumbs up to be dragged] https: | [image – thumbs down to be dragged] http	2	[]	0,1		distinct	4
OSAI301	1.0	dragAndDrop	6x2	1	0	[drag and drop column autocheck] They are currentl		**AI Can** [static heading] | **AI Can’t**	**A**nalyse and interpret data. | Experience emotions.	2	[]	0		distinct	5
OSAI301	3.0	dragAndDrop	5x2	3	2	[Drag and drop standard with image – mix up the or		[title] When to use and not use AI?	[image – thumbs up to be dragged] https: | [image – thumbs down to be dragged] http	2	[]	0,1		distinct	4
OSAI501	1.0	dragAndDrop	6x2	2	1	[drag and drop autocheck] CS – Single column. More		**AI Abilities** [static heading] / [ima | Incorrect Answers	Analyse and interpret large sets of data | Experience emotions or feelings.	2	[]	0		distinct	5
OSAI501	3.0	dragAndDrop	6x2	2	0	[drag and drop]		[H5] DO | [H5] DO NOT	Verify information using trusted sources | Share your full name, birthday, address,	2	[]	0		distinct	5
OSBY101	1.0	dragAndDrop	5x3	2	0	[Scatter Drag and drop]		correct | incorrect | 	Remember, I’m going to tell everyone you | Oops! I forgot to invite you. | 	10	[]	0		distinct	0
OSBY101	2.0	dragAndDrop	3x6	1	1	[Drag and drop]		[image] this is static like a background	Mum | Dad | Grandmother | Grandfather | Aunty | Uncle	2	[]	0		distinct	0
OSBY101	3.0	dragAndDrop	6x2	3	1	[scatter drag and drop]		[image] https://www.istockphoto.com/vect	Correct draggable tiles | Incorrect draggable tiles	2	[]	0,1		distinct	5
OSBY201	1.0	dragAndDrop	2x6	11	1	[scatter drag and drop]		Image / https://www.istockphoto.com/vect | Correct / Sending mean messages and name | Correct / Repeated unwanted online conta | Correct / Spreading rumours or lies. | Correct / Sharing embarrassing pictures  | Correct / Creating fake profiles to impe	 | Incorrect / Silly jokes between mates. | Incorrect / Arguing about turns in a gam | Incorrect / Forgetting to invite someone | Incorrect / Sending the wrong emoji once | Incorrect / Forgetting to reply to a mes	3	[]	0,1		distinct	0
OSBY201	3.0	dragAndDrop	10x3	7	1	[drag and drop autocheck]		Static |  | [image] https://www.istockphoto.com/vect	I love that colour. Great choice! | correct | 	3	[]	0,1,2,4,6,8		distinct	0
OSBY301	1.0	dragAndDrop	7x2	4	2	[drag and drop]		Bullying is: | Bullying is not:	[image] https://www.istockphoto.com/vect | [image] https://www.istockphoto.com/vect	2	[]	0,1		distinct	6
OSBY401	1.0	dragAndDrop	7x2	2	0	[drag and drop column autocheck]		[column heading] Online bullying | [column heading] Not online bullying	Someone shares a private photo of a clas | A classmate leaves a group chat without 	2	[]	0		distinct	6
OSBY501	2.0	dragAndDrop	15x4	17	12	[drag and drop autocheck] CS there are two drag an		 | Scenario | [drag and drop column] | [show answer]	[image] https://www.istockphoto.com/vect | Ella uses a strong password and two-fact | Be proactive! | Be proactive! Use strong passwords and c	2	[]	0,1,2,3,4,5,6,7,8,9,10,11,12,13,14		distinct	0
OSGM101	2.0	dragAndDrop	5x2	0	0	[Drag and drop]		❤️Kind game chat | 💔Unkind game chat	You’re doing great – keep going! | You’re too slow!	4	[]			distinct	4
OSGM301	2.0	dragAndDrop	5x3	6	4	[drag and drop]		 | Positive for Hauora (Wellbeing) / [image | Negative for Hauora (Wellbeing) / [image	**Taha wairua** – spiritual wellbeing /  | Games can reflect personal values and cr | Playing inappropriate games that go agai	4	[]	0,1,2,3,4		distinct	0
OSGM401	1.0	dragAndDrop	7x2	12	1	[drag and drop][autocheck] CS – drag and drop answ		[image] https://www.istockphoto.com/vect	[H4] Benefits | [H4] Risks	2	[]	0,1,2,3,4,5,6		distinct	5
OSGM401	3.0	dragAndDrop	5x2	10	5	[drag and drop] autoCheck		[image] https://www.istockphoto.com/vect | Send a kind message to support the new p	[image] https://www.istockphoto.com/vect | Mute the player and continue playing cal	2	[]	0,1,2,3,4		distinct	4
OSGM401	4.0	dragAndDrop	6x2	2	0	[Drag and Drop] CS match Gaming features to Dopami		[H4] Description of dopamine trigger | [H4] Gaming feature	Gaining XP and reaching new levels feels | Levelling up, progress bars and mileston	2	[]	0		distinct	5
OSGM501	1.0	dragAndDrop	7x2	12	1	[drag and drop][autocheck] CS – drag and drop answ		[image] https://www.istockphoto.com/vect	[H4] Benefits | [H4] Risks	2	[]	0,1,2,3,4,5,6		distinct	5
OSGM501	5.0	dragAndDrop	5x3	14	4	[drag and drop]		 | Positive impact on hauora / [image] Plea | Negative impact on hauora / [image] Plea	**Taha wairua** – spiritual wellbeing /  | A game where you can help others and sol | An age restricted violent game that incl	2	[]	0,1,2,3,4		distinct	0
OSOH101	1.0	dragAndDrop	5x3	3	1	[scatter drag and drop autocheck]		[Image] static / https://www.istockphoto | Correct drag | Incorrect drag	 | Sunshine$Tree92 | abc123	2	[]	0		distinct	0
OSOH201	2.0	dragAndDrop	6x3	4	2	[drag and drop]		[drag and drop static] | [image] https://www.istockphoto.com/vect | [image] https://www.istockphoto.com/vect	[move] | Keep it clean – use a soft cloth to gent | Eat or drink near your device – spills c	2	[]	0,1		distinct	0
OSOH301	2.0	dragAndDrop	7x3	5	2			[body] How to physically look after your	[drag and drop static] | [image] https://www.istockphoto.com/phot | [image] https://www.istockphoto.com/phot	1	[]	0,1,2		distinct	0
OSOH401	1.0	dragAndDrop	9x2	3	2	[drag and drop]		Image static is it possible to add a wat | Image static / https://www.istockphoto.c	moveable tiles – they are in the correct	3	[]	0,1		distinct	7
OSOH401	1.0	dragAndDrop	15x2	1	0	[drag and drop]	Plan one learning day by dragging the tiles into t	📅Learning at home day planner	30-minute time slots (9 am – 3 pm) | 	3	[]	9		distinct	5
OSSM301	1.0	dragAndDrop	2x10	0	0	[drag and drop] have a static timeline (see highli	https://www.istockphoto.com/vector/project-managem	1997-2001 | 2002-2019 | 2002-present | 2003 -present | 2004 -present | 2005 -present | 2006 -present | 2010 -present | 2011-present | 2016 -present	Six Degrees | Friendster | Linked In | My space | Facebook | You Tube | Twitter | Instagram | Snapchat | Tik Tok	2	[]			distinct	0
OSSM301	2.0	dragAndDrop	3x6	3	1	[scatter drag and drop autocheck] CS: each picture		[image] *https://www.istockphoto.com/vec	Top row | *Messaging friends.* | *Seeing what family and friends are shar | *Making friends.* | *Posting positive comments.* | *Supporting other people's messages or p	2	[]	0,1,2		distinct	0
OSSM301	4.0	dragAndDrop	6x2	0	0	[drag and drop Reorder]		Clause | Description	Users shall not engage in any activity t | Don’t do anything that could mess up the	2	[]			distinct	5
OSSM401	2.0	dragAndDrop	3x4	4	0	[drag and drop]		[static] Scenario 1 | Scenario 2 | Scenario 3 | Scenario 4	Josh spends most of his weekend gaming a | Sofia posts a selfie on Instagram. Later | Hemi stays up watching TikTok videos unt | Amelia spends hours scrolling Instagram 	2	[]	0		distinct	0
OSSM401	4.0	dragAndDrop	6x2	1	0	[drag and drop Reorder]		Clause [static] | Description	Users shall not engage in any activity t | Don’t do anything that could mess up the	2	[]	0		distinct	5
PHE1004	1.0	dragAndDrop	13x2	0	0	[Drag and drop activity - item 2]	1004 Mix and Match Activity	**Applied Strategy** | **Definition**	Tuākana/Tēina | A reciprocal learning relationship. Ofte	3	[]		bold0	distinct	12
PHE1005	1.0	dragAndDrop	5x3	2	0	[activity - drag and drop] Text to introduce activ	Complete the following drag-and-drop activity to t	**Health Model** | **Place of Origin** | **Description**	Te Whare Tapa Whā | Aotearoa New Zealand | Uses the idea of a wharenui (rollover de	2	[]	1,2	bold0	distinct	0
PHE1005	2.0	dragAndDrop	4x2	0	0	[activity - drag and drop] Text to introduce activ	Match the Māori with the English:	Taha whānau | Social	Taha tinana | Physical	2	[]			distinct	3
PHE1008	2.0	dragAndDrop	10x2	0	0	[self marked] [Drag and drop] Activity: match the 		 | 	Aroha | Affection, sympathy, charity, compassion	2	[]		bold0	distinct	9
PNR102	2.0	dragAndDrop	1x1	1	0			[Embedded] [Drag and Drop] Please place 		1	[]	0		distinct	0
PWY1001	1.2.0	dragAndDrop	4x2	1	0			[Drag and drop] 1D: Sort the responses / | **Informal language**	“Could you please help me with this task | “Can you help me with this?”	1	[]	0		distinct	3
PWY1007	3.0	dragAndDrop	6x4	4	0	[[drag and drop] [column]]	1E: Types of information	[Column 1] / **Identity information** | [Column 2] / **Education/employment info | [Column 3] / **Health information** | [Column 4] / **Financial information**	IRD number (your tax number in New Zeala | Name of your school | Medications you take | Bank account number	3	[]	0		distinct	0
SCBI301	6.0	dragAndDrop	5x2	5	0	[drag and drop interactive autocheck]		tiny building blocks | [cells]	groups of cells | [tissues]	5	["dragAndDrop"]	0,1,2,3,4		distinct	4
SCBI301	6.0	dragAndDrop	5x2	0	5	[drag and drop standard. autocheck. Images to be d		Cell | https://www.istockphoto.com/vector/icon-	Tissue | https://www.istockphoto.com/vector/smoot	4	[]			distinct	4
SCBI301	7.0	dragAndDrop	4x2	4	0	[drag and drop interactive]	Drag and drop these organisms into place to show w	Biggest | [amoeba proteus]	Second biggest | [Paramecium]	5	["dragAndDrop"]	0,1,2,3		distinct	3
SCBI301	8.0	dragAndDrop	4x2	3	0	[drag and drop interactive – correct answers shown		**Adaptation** | **How it helps them survive**	Eyespot for sensing light. | [It helps them find light for photosynth	2	[]	1,2,3	bold0	distinct	3
SCCH301	1.0	dragAndDrop	5x2	8	0	[activity 1A. Drag and drop interactive]	Matter	**Matter** | **Not matter**	[phone] | [light]	7	["dragAndDrop"]	1,2,3,4	bold0	distinct	4
SCCH301	1.0	dragAndDrop	3x3	6	6	[drag and drop interactive. Images to be dragged a		**Solids** | **Liquids** | **Gas**	[image] https://media.istockphoto.com/id | [image] https://www.istockphoto.com/phot | [image] https://www.istockphoto.com/phot	5	[]	1,2	bold0	distinct	0
SCES201	1.0	dragAndDrop	5x2	10	0	[Activity 1c] [download then drag and drop activit		[title 1] Maramataka phase | [title 2] Activity	[phase 1] Whiro | [answer 1] Rest and read a book.	14	["dragAndDrop"]	0,1,2,3,4		distinct	4
SCES201	2.0	dragAndDrop	6x2	12	0	[Drag and drop]		[title] Word | [title] Meaning	[Q1] Astronomer | [Q1 answer] A scientist who studies the 	3	[]	0,1,2,3,4,5		distinct	5
SCES201	3.0	dragAndDrop	8x2	2	0	[drag and drop column] [self check]		[column title] Te reo Māori | [column title] English	Matariki | The Pleiades	3	[]	0		distinct	7
SCES201	3.0	dragAndDrop	6x2	12	0	[activity 3c][drag and drop][auto check]		[column 1 title] Civilisation | [column 2 title] Name for Matariki	[Q1] Japan | [Q1 answer] Subaru	4	[]	0,1,2,3,4,5		distinct	5
SCPH301	4.0	dragAndDrop	3x3	0	0	[Drag and drop interactive]		**Conduction** | **Convection** | **Radiation**	 |  | 	18	[]		bold0	distinct	0
SCPH301	5.0	dragAndDrop	4x2	0	0	[interactive drag and drop]		**High thermal conductivity (thermal con | **Low thermal conductivity (thermal insu	 | 	17	[]		bold0	distinct	0
SSCI205	3.0	dragAndDrop	4x2	8	0	[Drag and drop]		[H4] Places | [H4] What happened there	[Image] please use agora image from abov | (Correct) / [Body] People shopped and ta	3	["typing"]	0,1,2,3		distinct	3
SSCI205	3.0	dragAndDrop	6x2	12	0	[Drag and drop]		[H4] People of ancient Athens | [H4] Rights, roles, responsibilities	[Image] please use image from above / [B | (Correct) / [Body] Could vote and help m	3	["typing"]	0,1,2,3,4,5		distinct	5
SSCI205	5.0	dragAndDrop	4x2	8	0	[Drag and Drop]		[H4] Athens / [Image] to be created | [H4] Sparta / [Image] to be created	[Body] (correct Athens) Democracy / [Ima | [Body] (correct Athens) D discipline / [	3	[]	0,1,2,3		distinct	3
SSCI205	6.0	dragAndDrop	3x2	6	0	[Drag and drop]	Can these work like puzzle pieces that join togeth	[Image] please use image that was create | (answer correct) / [Body] Working togeth	[Image] please use image that was create | (answer correct) / [Body] Teamwork and c	2	[]	0,1,2		distinct	2
SSCI205	8.0	dragAndDrop	4x2	8	0	[Drag and drop] Can these please be like puzzle pi		[Image] Can a storybook illustration ima | (Correct) / [Image] please use image use	[Image] Can a storybook illustration ima | (Correct) / [Image] please use image use	3	[]	0,1,2,3		distinct	3
SSFUN01	0.0	dragAndDrop	3x2	3	2	[Insert drag and drop self-check activity] Table a		Empathetic or Active Listening	Looks like … / [Insert image] / Active l | Sounds like … / [Insert image] Group of 	2	[]	0,1		distinct	1
SSFUN01	0.0	dragAndDrop	2x2	2	0	[Insert quiz button – or would this be better as a		Good choices | Not so good choices	 | 	14	["typing"]	0		distinct	0
SSOG101	1.0	dragAndDrop	3x4	0	0	[Activity: drag and drop]	Activity 1B: Who do I call?	Image of Firefighters | Image of police | Image of paramedics | Police	 |  |  | Fire	5	[]			distinct	0
SSOG103	4.0	dragAndDrop	4x3	12	4	[Drag and Drop] images to drag to correct text and		[Image] https://www.istockphoto.com/phot | [Body] We are remembering someone or som | [Audio] to be created / We are rememberi	[Image] https://www.istockphoto.com/phot | [Body] This place belongs to New Zealand | [Audio] to be created / This place belon	2	[]	0,1,2,3		distinct	0
SSOG301	3.0	dragAndDrop	9x2	0	0	[insert an embedded Drag and Drop Quiz] [H3]	Activity 3A **Who leads how?** Drag the leader to 	**Leadership Style** | **Leader**	Authoritarian | Kim Jong-un exercises complete control o	6	[]		bold0	distinct	8
SSOG301	4.0	dragAndDrop	11x2	0	0	[insert an embedded Drag and Drop Quiz] [H3]	Activity 4A **Global political leaders** Drag the 	**Political leader** | **Country they led/lead**	Barack Obama | United States	6	[]		bold0	distinct	10
SSOG301	4.0	dragAndDrop	4x3	0	0	[insert an embedded Drag and Drop Quiz] [H3]	Activity 5A **Branches of government** Place the t	**Legislative** | **Executive** | **Judicial**	Make suggestions and promises to the pub | Do the job of Ministers, looking after d | Decide when someone has broken the law a	6	[]		bold0	distinct	0
SSOG301	4.0	dragAndDrop	3x3	0	0	[insert an embedded Drag and Drop Quiz] [H3]	Activity 5C **Separation of Power**	**Legislative** | **Executive** | **Judicial**	Spend tax money. | Pass a law without at least 51 percent ( | Choose to ignore a law because they don’	7	[]		bold0	distinct	0
SSOG301	6.0	dragAndDrop	4x2	0	0	[insert an embedded Drag and Drop Quiz] [H3]	Activity 6B **General elections**	**INCLUDE** | **EXCLUDE**	People with convictions living in their  | In prison for more than three years	7	[]		bold0	distinct	3
SSOG301	6.0	dragAndDrop	7x2	1	0	[insert an embedded Drag and Drop Quiz] [H3]	Activity 6D **Equal Access**	**Barrier** | **Solution**	Living far away from a voting place. | You can request a postal vote.	8	[]	3	bold0	distinct	6
TEDC401	1.0	dragAndDrop	4x2	1	0			[Activity] 1A / [H3] **What went wrong?* | Permissions / Organisation / Responsibil	A kaiako accidentally deletes shared wor | 	1	[]	0		distinct	0
TEDC401	1.0	dragAndDrop	4x4	10	0	[drag and drop]		[H3] **Fix the files – sort it out!** /  | ❌ **Bad Naming** / **Is it confusing?** | 🔒 **Permission Issue** / **Who can acce | 🌿 **Kaitiakitanga** / **Is it respectfu	Space to drag and drop | Space to drag and drop | Space to drag and drop | Space to drag and drop	6	["hint"]	0,1,2,3		distinct	0
TEDC401	1.0	dragAndDrop	5x2	1	0	[drag and drop]		Match the metadata to what it tells you: | **What it tells you**	File name | What the file is	3	[]	0		distinct	4
TEDC401	2.0	dragAndDrop	4x6	5	0	[Activity Box Wide (For Interactives) with a drag 		I’d like to use a screenshot of the Te K | Add blank spaces onto the image for the 	[Drag and drop] *can ākonga click the la	5	["speechBubble","carousel"]	0,1,2,3		distinct	0
TEDC401	3.0	dragAndDrop	2x4	1	0	[Drag and drop (as a self-marking quiz)]		Students get a list of twelve words and  | **Accessibility** | **Performance** | **Connectivity**	 |  |  | 	30	["speechBubble"]	0		distinct	0
TEDC401	4.0	dragAndDrop	6x4	7	0	[drag and drop-matching, please mix them up	)	Match licence → what it means: / **Licen | Space for Student answer | Correct (fyi: CS) | **‘What it means’ choices for drag and d	CC0 |  | Free to use | Not for commercial use / Free to use / Y	6	["speechBubble"]	0,1,2,3,4,5		distinct	0
TEDC402	2.0	dragAndDrop	5x3	3	0			Activity] **1C** [drag and drop] / [H3]  | **Visualisation option** | Options for drag and drop	Showing how your screen time changed ove |  | **Table** / **Bar chart** / **Line chart	1	[]	0,1		distinct	0
TEDC402	2.0	dragAndDrop	3x3	5	0			Activity] **1F** / [H3] **Sort it out**  | **Data story** | **Misleading or unclear**	[Correct] 42 students were present today | [Correct] Attendance has improved since  | • [Correct] The line goes up so everythi	1	[]	0,1,2		distinct	0
TEDC402	3.0	dragAndDrop	1x2	2	1	[drag and drop matching]		[Image] ‘avatar’ ‘Tina’ standing with bi | [image: https://media.istockphoto.com/id		15	["dragAndDrop"]	0		distinct	0
TEDC402	4.0	dragAndDrop	3x2	4	0			[H3] **1. Which settings keeps you safe? | [Image] avatar Tina standing hand in poc	[H3] **2. Improve security** [multi-choi | 	1	[]	0,1,2		distinct	0
TEDC402	7.0	dragAndDrop	2x3	3	0	[radio quiz + drag and drop]		Part A / **Put an algorithm in order** | [drag and drop sequence] / [Body] Reorde	Part B / **Algorithm words** | [drag and drop - matching] / [Body] Befo | MEANINGS / Sequence correct Steps in the	7	[]	0,1		distinct	0
TEFUN01	0.0	dragAndDrop	8x3	3	0	[Activity: interactive: Drag and drop]	Matching game	Student [Image] | Thinking bubble [Thought bubble LHS posi | [Image] Match	Children faces (column 1, row 1) | My favourite colour is red. | Red Balloon / Balloon	3	[]	0		distinct	0
TEFUN04	0.0	dragAndDrop	2x4	4	0	[Activity: interactive: Drag and drop]	The Design Process	[Image] Girl thinking with thought bubbl | [Image] Make cupcake | [Image] Eating cupcakes | [Image] Fancy cupcake	Imagine it | Make it | Test it | Improve it	3	[]	0		distinct	0
TEFUN04	0.0	dragAndDrop	8x2	0	0	[Interactive: drag and drop]	Desired Outcomes	Low Cost | The product should be affordable, so as 	Portable | It should be easy to carry and use in a 	3	[]			distinct	7
TEFUN04	0.0	dragAndDrop	5x2	0	0	[Interactive: Drag and Drop]	Can you match the technology terms to their defini	Design Process | The series of steps technologists follow	end user | The person, people or community the prod	2	[]			distinct	4
TEFUN04	0.0	dragAndDrop	5x2	0	0	[Interactive: Drag and Drop]	Can you match these new technology terms to their 	Empathise and Define | To understand what the end user needs by	Ideate | Come up with lots of different ideas and	3	[]			distinct	4
TEFUN05	0.0	dragAndDrop	7x2	7	6	[Embed Drop and Drag AutoCheck Activity]		Image | [developer please put each of these in a	[Insert image yellow hat with thought bu | Will Koro’s day be better when I give hi	3	[]	0,1,2,3,5,6		distinct	6
TEFUN05	0.0	dragAndDrop	4x2	0	0	[Embed Drop and Drag AutoCheck Activity] [trigger 		Cost | Cover the toy in strong solid gold.	Time | Have someone sent to the owner's home to	5	[]			distinct	3
TEFUN06	0.0	dragAndDrop	4x2	4	4	[Activity 2A][Interactive – drag and drop captions		[Image 15] https://www.istockphoto.com/p | A stronger board might make it last long	[Image 16] https://www.istockphoto.com/p | Stronger stitching might make it last lo	2	[]	0,1,2,3		distinct	3
TEFUN06	0.0	dragAndDrop	5x2	0	0	[Drag and drop interactive. Please scramble charac		**Easy to recycle** | **Hard to recycle**	Few materials. | Many different materials.	3	[]		bold0	distinct	4
TEFUN07	0.0	dragAndDrop	4x3	9	3	[Drag and Drop] Please keep the scenarios with ima		Scenario | Cultural misappropriation | More respectful practice	A drug company finds out about a traditi | [Draggable tile] They patent the medicin | [Draggable tile] They consult with cultu	4	[]	1,2,3		distinct	0
TEFUN08	0.0	dragAndDrop	6x2	5	5	[Drag and Drop the items in the outputs column to 		**Inputs** | **Outputs**	The driver turns on the key. / [Image 3] | The car motor starts.	3	[]	1,2,3,4,5	bold0	distinct	5
TRR102	2.0	dragAndDrop	3x4	5	0			[Activity Embedded] [Drag and Drop]	[H3] **Instructions:** | [H3] **Ngā** **tohutohu hei mahi** |  | 	1	[]	0,1,2		distinct	0
TRR102	5.0	dragAndDrop	4x4	5	0			[Activity:Embedded] [Scatter Drag and Dr	[H3] **Instructions:** | [H3] **Ngā** **tohutohu hei mahi** |  | 	1	[]	0,1,2		distinct	0
TRR102	5.0	dragAndDrop	3x4	5	0			[Activity:Embedded] [Drag and Drop with 	[H3] **Instructions:** | [H3] **Ngā** **tohutohu hei mahi** |  | 	1	[]	0,1,2		distinct	0
TRR106	2.0	dragAndDrop	3x4	5	0			[Activity Embedded] [Drag and Drop]	[ H3] **Activity** **Instructions:** | [H3] **Ngā** **Tohutohu Hei Mahi** |  | 	1	[]	0,1,2		distinct	0
TRR107	2.0	dragAndDrop	6x2	5	0	[Drag and drop. The table shows correct answers, p		Consonant | Consonant Image	Hh | Image of Hh / [Item 25] [Image] Hīkoi	2	[]	1,2,3,4,5		distinct	5
TRR107	3.0	dragAndDrop	6x2	0	0	[Drag and drop. The table shows correct answers, p		Consonant | Consonant Image	Hh | Image of Hh	3	[]			distinct	5
TRR114	2.0	dragAndDrop	11x2	0	0	[The student, will then have a cluster of letters 		 | 	ha | Audio of - ha	3	[]		bold0	distinct	10
TWHA902	0.0	dragAndDrop	5x3	0	0	[Interactive: Drag and drop]Activity 1A: Speaking 		Image |  | Description	two teenagers talking |  | 1. Speak at a steady pace	3	[]			distinct	0
TWHA904	0.0	dragAndDrop	2x4	0	0	[Activity 1A: Drag and drop] Dev when creating sca		Think like a Social Scientist | Think like a Scientist | Think like a Mathematician | Think like an Innovator	• How does transport help people? / • Do | • What is the impact of pollution on te  | • How does New Zealand’s air quality lev | • Can I design a transport solution that	2	[]			distinct	0
TWHA905	0.0	dragAndDrop	2x4	0	0	[Activity 1A Drag and drop] Dev when creating scat		Think like a social scientist | Think like a scientist | Think like a mathematician | Think like an innovator	What are the social and economic impacts | What observations can I make about defor | How can I measure pollution? / How can I | How can I solve the problem of food prod	2	[]			distinct	0
TWHK901	0.0	dragAndDrop	9x2	0	0	[Interactive Activity 1A: Drag and Drop. Title: Re		Renewable | Non-Renewable	 | 	9	[]			distinct	0
TWHK903	0.0	dragAndDrop	5x2	0	0	[interactive: drag and drop]	young man thinking bubbles	Positive Comments | Cyberbullying	Wow! You look so amazing in that photo.” | “Your hair looks like a woolly monster h	6	[]			distinct	4
WJFUN105	0.0	dragAndDrop	4x3	0	0	[drag and drop] [autocheck]		The dog | runs | fast.	Sam | plays | soccer.	6	[]			distinct	0
WJFUN106	0.0	dragAndDrop	7x2	2	0	[drag and drop standard]		[Image Column] | [Sentences to drag column-currently corr	 | The boy is playing soccer.	7	["typing"]	0		distinct	0
WJFUN107	0.0	dragAndDrop	2x5	0	0	[Drag and Drop FIB] [Reset]		We | Sam | walked | sat | I	noise | whanau | fun | liked | train	17	["speechBubble"]			distinct	0
WJFUN107	0.0	dragAndDrop	1x5	0	0	[drag and drop]		and | because | so | or | but		12	[]			distinct	0
WJFUN108	0.0	dragAndDrop	3x4	2	0	[drag and drop]		Static Row | Simple | Compound | Complex	Pictures are currently in the correct pl |  |  | 	7	["dragAndDrop"]	0,1		distinct	0
WJFUN109	0.0	dragAndDrop	3x3	6	0	[drag and drop]		Entertain | Inform | Persuade	MScopilot 365 with the prompt - Make a c | MScopilot 365 with the prompt - Make a c | MScopilot 365 with the prompt - Make a c	5	[]	1,2		distinct	0
WJFUN110	0.0	dragAndDrop	5x4	2	0	[Activity 2B][drag and drop][self check]		Audience [static row] | [Drag and drops] currently correct	Parents | A Mother’s Day card | The Te Kura newsletter | Overdue library notice	2	[]	0		distinct	0
WJFUN110	0.0	dragAndDrop	2x2	2	0	[Activity 2C][drag and drop]		Kea image as above - Formal | Kea image as above - Informal	• To Mr/Mrs Kea, / I would like to tell  | • Hi Kea, / You should come to Queenstow	3	[]	0		distinct	1
WJFUN112	0.0	dragAndDrop	4x3	0	0	[Drag and drop]		Persuade | Inform | Entertain	 |  | 	30	[]			distinct	0
WJFUN113	0.0	dragAndDrop	8x2	2	0	[drag and drop]		Images – static | Words – drag and drop currently correct	 | Hat	4	[]	0		distinct	0
WJFUN113	0.0	dragAndDrop	5x2	0	0	[reorder or drag and drop][self check]		 | 	 | 	6	["speechBubble","speechBubble"]		bold0	distinct	0
WJFUN115	0.0	dragAndDrop	7x3	6	0	[Drag and drop] [auto check] [reset]		Noun |  | Adjectives	river |  | [Correct answer] winding	3	[]	1,2,3,4,5,6		distinct	0
WJFUN115	0.0	dragAndDrop	4x3	8	0	[Drag and drop]		Broken Wine Glass Shattering Into Transp | Balloon Toy Childhood Celebration Fiesta | Cute Grey Kitten Isolated On White Backg	[correct answer] smash | [correct answer] pop | [correct answer] meow	11	[]	0,1,2,3		distinct	0
WJFUN116	0.0	dragAndDrop	4x4	0	0	[Drag and drop. Answers are in the right columns -		**happy** | **large** | **bright** | **sunny**	cheerful | gigantic | glowing | sunlit	4	[]		bold0	distinct	0
WJFUN116	0.0	dragAndDrop	5x2	4	0	[Drag and drop][Type] [check] [reset]		**Word** | **What picture does it create?**	[correct answer walked ] | Normal walking	7	[]	1,2,3,4	bold0	distinct	4
WJFUN116	0.0	dragAndDrop	6x3	6	0	[Drag and drop] [auto mark] [reset]		The cyclist sped down the hill. |  | [correct answer whoosh ]	The kererū called from a tree. |  | [correct answer chirp ]	10	[]	0,1,2,3,4,5		distinct	0
WJFUN205	0.0	dragAndDrop	4x3	0	0	[Drag and Drop] [3 Columns – Auto check embedded –		Simple Sentences | Compound Sentences | Complex Sentences	Rotorua is a geothermal area. | In Rotorua people can enjoy a range of a | Although Rotorua attracts many tourists,	3	[]			distinct	0
WJFUN205	0.0	dragAndDrop	5x2	2	0	[Interactive: Drag and Drop]		Phrases: (static column) | Sentences: (drag and drops- in correct p	Through the clouds of steam, | the tourists followed the path.	3	[]	0		distinct	4
WJFUN206	0.0	dragAndDrop	2x3	3	0	[Drag and Drop]		[Bold] **Impact (short, strong, dramatic | [Bold] **Detail (adds description)** | [Bold] **Explanation (tells why)**	 |  | 	3	[]	0		distinct	0
WJFUN206	0.0	dragAndDrop	2x3	0	0	[Activity 2B – Drag and Drop Matching]	Which phrase is it?	**Adverbial** | **Adjectival** | **Appositive**	 |  | 	3	[]		bold0	distinct	0
WJFUN210	0.0	dragAndDrop	4x2	5	0	[Activity 2B] [drag and drop] [Self Check]		Sentences | Draggable words – currently in correct p	The start of a story about a family head | crisp	7	[]	0,1,2,3		distinct	3
WJFUN211	0.0	dragAndDrop	7x2	2	0	[Activity 1A] [Drag and drop]		Language feature [static] | Definition [movable] [correct answers sh	Simile | Compares two things using *like* or *as.	2	[]	0		distinct	6
WJFUN212	0.0	dragAndDrop	4x2	4	0	[Activity 2B] [drag and drop] [Self Check]		 | Draggable words – currently in correct p	The start of a story about a family head | humid	3	[]	0,1,2,3		distinct	3
WJFUN305	0.0	dragAndDrop	7x2	2	0	[Activity 1B] [Drag and Drop] [H3]	Matching the Audience Reaction	Message (Static) | Audience (Draggable)	Discover the fascinating stories of Tham | People interested in history	4	[]	0		dupes	6
WJFUN305	0.0	dragAndDrop	7x4	4	0	[Activity 2B] [Drag and Drop] [Table currently in 		Text Example [Static] | Form [Draggable] | Genre [Draggable] | Style [Draggable]	Plan your perfect Thames getaway. Discov | Brochure | Travel writing | Persuasive	25	[]	0		distinct	0
XDLS908	1.0	dragAndDrop	2x3	3	3	[Interactive activity – drag and drop] Answers are		Writing | Speaking | Visual Communication	[Image] Texting (https://www.istockphoto | [Image] People talking in person (https: | [Image] Dog training with hand signs (ht	2	[]	1		distinct	0
XDLS908	2.0	dragAndDrop	2x3	3	3	[Interactive activity – drag and drop] Answers are		Reading | Listening | Visual Communication	[Image] Reading aloud (https://www.istoc | [Image] Listening to music (https://www. | [Image] Walking road light (https://www.	2	[]	1		distinct	0
XDLS908	5.0	dragAndDrop	11x5	46	9	[Drag and drop column Images activity. The first 3		First, you think about who has the probl | Then you think about what they were doin | What are they doing it to? / [Green Back | Where? [Blue background] | When? [Brown Background]	[Image] ? next to person (https://www.is | [Image] Stick figure jumping https://www | [Image] Person looking at gift wondering | [Image] Directions cartoon sketch (https | [Image] Hand-drawn sketch of clock and c	2	[]	0,1,2,3,4,5,6,7,8,9,10		distinct	0
XDLS908	5.0	dragAndDrop	4x2	6	6	[Drag and Drop Side by side images auto correct – 		Pros ➕ | Cons ➖	[Image] Celebration cake (https://www.is | [Image] Increased chance of getting ill 	2	[]	1,2,3		distinct	3
XDLS912	2.0	dragAndDrop	3x6	8	0	[insert drag and drop]		[Image] library | [Image] steep rocks and ocean | [Image] park space | [Image] busy road | [Image] supermarket | [image] excavator	Safe | Unsafe	2	[]	0,1		distinct	1
XDLS912	4.0	dragAndDrop	5x2	6	0	[Insert drag and drop] [dev team please put body i		1. [Image] t-s hirt | [Image] male female body	2. [Image] pants | 	2	[]	0,1,2,3,4		distinct	0
XGF9001	2.0	dragAndDrop	2x3	3	0	[Insert drag and drop]		Great [Colour 1] | Could be both! (Depends on the situation | Gripe [Colour 3]	 |  | 	24	["dragAndDrop"]	0		distinct	0
XGF9001	2.0	dragAndDrop	4x4	16	0	[Cards / images for the drag and drop. Images are 		Someone who listens to me. / [Image] | Someone who shares my interests. / [Imag | Someone who challenges me. / [Image] | Someone who makes me laugh. / [Image]	Someone who encourages me when things ge | Someone who helps me when things get har | Someone who helps me learn new things. / | Someone I trust with my big ideas. / [Im	2	[]	0,1,2,3		distinct	0
XGF9001	2.0	dragAndDrop	2x5	10	10	[Insert drag and drop with small vector images]		**Loves Science** / [Image] https://www. | **Creative Thinker** / [Image] https://w | **Enjoys Teamwork** / [Image] https://ww | **Deep Thinker** / [Image] https://www.i | **Loves Reading** / [Image] https://www.	**Problem Solver** / [Image] https://www | **Nature Explorer** / [Image] https://ww | **Music and Movement** / [Image] https:/ | **Sport and Movement** / [Image] https:/ | **Cultural Explorer** / [Image] https://	45	["dragAndDrop"]	0,1		distinct	0
XGF9001	3.0	dragAndDrop	10x2	11	2	[drag and drop]		Learning Challenge [Image – thumbnail] h | Matching Solution [Image – thumbnail] ht	• I get easily distracted when working. | Ask for help, watch a video, or try expl	2	[]	0,1,2,3,4,5,6,7,8,9		distinct	9
XGF9001	4.0	dragAndDrop	2x5	10	10	[Images for drag and drop tile choices]		[H3] Breathe it out / [Image] https://ww | [H3] Move your body / [Image] https://ww | [H3] Mindfulness minute / [Image] https: | [H3] Sound reset / [Image] https://www.i | [H3] Create to cope / [Image] https://ww	[H3] Sensory reset / [Image] https://www | [H3] Gratitude check / [Image] https://w | [H3] Nature reset / [Image] https://www. | [H3] Visualisation / [ Image] https://ww | [H3] Positive self-talk / [Image] https:	2	[]	0,1		distinct	0
XGF9001	5.0	dragAndDrop	2x5	10	0	[Insert drag and drop. CS, is it possible to creat	https://www.twinkl.co.nz/resource/t2-p-024-the-whe	[H3] Creative flow / Drawing, writing st | [H3] Big Questions / Wondering about spa | [H3] Helping oOthers / Kindness projects | [H3] Nature connection / Exploring outsi | [H3] Tech and tinkering / Coding, gaming	[H3] Movement and energy / Dancing, spor | [H3] Learning aventures / Reading about  | [H3] Sensory joy / Textures, smells, col | [H3] Passion projects / Something you lo | [H3] People who inspire me / Family, tea	3	[]	0,1		distinct	0
XGF9001	5.0	dragAndDrop	9x1	9	0	[Insert drag and drop]		Why this project matters to me [9] / “Wh	Check in for safety [6] / “Do I need adu	3	[]	0,1,2,3,4,5,6,7,8		distinct	0
XGF9002	2.0	dragAndDrop	6x2	7	0	[Insert drag and drop, self-checking – correct ans		[H3] Behaviour | [H3] Meaning	• “My child feels upset when others are  | • This shows emotional over-responsibili	3	[]	0,1,2,3,4,5		distinct	5
XGF9002	3.0	dragAndDrop	7x2	2	0	[Insert drag and drop – correct answers in red]		[H3] Parent Response | [H3] Impact	• “Let’s break it into smaller steps.” | 	15	["dragAndDrop"]	0		distinct	0
XGF9002	5.0	dragAndDrop	2x2	2	0	[Insert interactive drag and drop. Correct answers		[H3] Provides structure | [H3] Provides fFreedom	 | 	24	[]	0		distinct	0
XGF9002	6.0	dragAndDrop	2x2	2	2	[Insert drag and drop.]		[Image as thumbnail – could we please ha | [Image as thumbnail] https://www.istockp	 | 	23	["dragAndDrop"]	0		distinct	0
XGF9002	7.0	dragAndDrop	2x2	2	0	[Insert interactive drag and drop. Correct answers		[H3] Builds resilience | [H3] Increases pressure	 | 	21	[]	0		distinct	0
XGF9003	1.0	dragAndDrop	12x2	0	0	[Insert drag and drop – CS, please randomise times		Activity | Time of day	Wake up. | 7 am	2	[]			distinct	11
XGF9003	1.0	dragAndDrop	2x6	12	0	[Insert drag and drop – CS, could you please creat		12.00pm [analogue clock] | 6,00pm | 9.00am | 10.00am | 1.30pm | 4.30pm	8.30am | 12.45pm | 5.45pm | 2.45pm | 9.15am | 8.15am	3	["dragAndDrop"]	0,1		distinct	0
XGF9003	1.0	dragAndDrop	2x2	0	0	[Insert drag and drop] Dev can you create a 4 grid		Do this now: / Dance rehearsal. / Intern | Do this later: / Reading books. / Medita	Delegate this: / Helping your sibling mo | Delete or schedule for later: / Watching	2	[]			distinct	1
XGF9003	1.0	dragAndDrop	11x2	0	0	[Insert drag and drop]		Problems: | Solutions:	Task seems overwhelming | Break the task down into manageable chun	2	[]			distinct	10
XGF9003	1.2	dragAndDrop	6x3	3	0	[Insert drag and drop]		[H3] Tip or trick | [H3] What it means | [H3] Try This	Stop and take a breath. | Pause before reacting to a problem. | 	13	["dragAndDrop"]	0		distinct	0
XGF9003	1.2	dragAndDrop	6x3	3	0	[Insert drag and drop]		[H2] Tip or trick | [H2] What it means | [H2] Try this	 | There’s often more than one way to solve | “What are two or three ways I could try?	13	["dragAndDrop"]	0		distinct	0
XGF9003	1.2	dragAndDrop	1x1	1	0			[Options for drag and drop, correct one 		1	[]	0		distinct	0
XGF9003	1.3	dragAndDrop	5x4	5	0	[Insert drag and drop] [CS – instructions added in		**Decision time!** | **Option A** | **Option B** | These are the pop-outs when they get the	You have five minutes before an online l | Watch a quick YouTube video. | Check your lesson link and materials. [C | "Great! Being ready helps you start stro	6	[]	0,1,2,3,4		distinct	0
XGF9004	2.0	dragAndDrop	2x2	2	2	[Insert drag and drop]		[Image] https://www.istockphoto.com/phot | [Image] https://www.istockphoto.com/phot	 | 	19	["dragAndDrop"]	0		distinct	0
XGF9004	4.0	dragAndDrop	2x2	4	4	[Insert drag and drop]		[Image – use blue crayon] https://www.is | [Image – use pink crayon] https://www.is	[Image – use purple crayon] https://www. | [Image – use red crayon] https://www.ist	9	["dragAndDrop"]	0,1		distinct	1
XGF9004	5.0	dragAndDrop	6x2	7	0	[Insert drag and drop]		[H3] The animals | [H3] Their perspectives – how they saw t	The fox | … saw the cat as a friendly playmate to 	2	[]	0,1,2,3,4,5		distinct	5
XGF9004	10.0	dragAndDrop	2x3	3	3	[Insert drag and drop. Answers in red by statement		[Image] https://www.istockphoto.com/vect | [Image] https://www.istockphoto.com/vect | [Image] https://www.istockphoto.com/vect	 |  | 	2	[]	0		distinct	0
XGF9004	11.0	dragAndDrop	9x2	2	0	[Insert interactive – drag and drop – correct pair		[H3] Situations | [H3] Reaction Pairs	1. A test is postponed. | 	2	[]	0		distinct	0
XGF9004	11.0	dragAndDrop	9x2	10	0	[Insert drag and drop – correct answers in red]		[H3] Person | [H3] Likely perspective	Farmer | “This rule helps protect health.” [Docto	3	[]	0,1,2,3,4,5,6,7,8		distinct	8
XGF9004	13.0	dragAndDrop	2x2	2	0	[Insert drag and drop, answers in red, with pop-ou		[H3] Need | [H3] Want	 | 	4	[]	0		distinct	0
XGF9004	13.0	dragAndDrop	2x3	3	0	[Insert drag and drop]		[H3] Needs | [H3] Wants | [H3] Flourishing	 |  | 	27	[]	0		distinct	0
XGF9004	14.0	dragAndDrop	2x2	2	0	[Interactive – drag and drop] [H3]	Honest or Not?	[H3] Honest | [H3] Not honest	 | 	17	["modal","modal","modal","modal","modal","modal"]	0		distinct	0
XGF9004	14.0	dragAndDrop	2x2	2	0	[Interactive – Sorting drag and drop] [H3]	Gains and Losses	[H3] Gained | [H3] Lost	 | 	20	["dragAndDrop"]	0		distinct	0
XGF9006	1.0	dragAndDrop	2x2	2	2	[Insert drag and drop. CS – answers are in bracket		[Insert image] https://www.istockphoto.c | [Insert image] https://www.istockphoto.c	 | 	4	[]	0		distinct	0
XGF9006	3.0	dragAndDrop	2x3	3	0	[Insert drag and drop]		[H3] Starters | [H3] Action/thinking prompts | [H3] Your topic / These are ideas to spa	 |  | 	2	[]	0		distinct	0
XGF9006	4.0	dragAndDrop	2x2	2	2	[Insert interactive – drag and drop – correct answ		[Image] https://www.istockphoto.com/vect | [Image] https://www.istockphoto.com/vect	 | 	2	[]	0		distinct	0
XGF9006	6.0	dragAndDrop	5x2	10	4	[Insert drag and drop checklist]	Do you have everything you need so that you can co	[H3] Skill | [H3] Example	[thumbnail] https://www.istockphoto.com/ | “I look at my audience, or in their dire	4	[]	0,1,2,3,4		distinct	4
XGF9006	6.0	dragAndDrop	7x3	9	2	[Insert drag and drop – correct answer in brackets		[H3] Feedback examples | [Image] https://www.istockphoto.com/vect | [Image] https://www.istockphoto.com/vect	“I loved how colourful your poster was a |  | 	2	[]	0,1,2,3,4,5,6		distinct	0
XLP03	1.0	dragAndDrop	10x2	9	0	[insert drag and drop]		**Image** | **Behaviours**	[image] / matching socks lined up | **Matching –** Recognising that two obje	2	[]	1,2,3,4,5,6,7,8,9	bold0	distinct	9
XLP03	5.0	dragAndDrop	4x3	8	0	[insert drag and drop to match colours]		Yellow | Green	 | 	2	[]	0,2,3		distinct	0
XMES101	4.0	dragAndDrop	4x3	12	0	[drag and drop] These images can be dragged into Y		[image] man cooking / Cooking | [image] dancing animation / Dancing | [image] dressing up / Dressing up	[image] dog / Dogs | [image] cat / Cats | [image] horse / Horses	2	[]	0,1,2,3		distinct	0
XMES101	7.0	dragAndDrop	3x4	4	0	[drag and drop]		[image] man looking sad | [image] woman with freckles smiling | [image] woman smiling | [image] boy looking happy	Happy | Sad	2	[]	0		distinct	1
XMES103	2.0	dragAndDrop	2x6	6	0	[insert drag and drop]		[image] tuatara | [image] kereru | [image] weta | [image] Eel/Tuna | [image] kiwi | [image] Matariki	**1** | **2** | **3** | **4** | **5** | **6**	2	[]	0		distinct	0
XMES103	2.0	dragAndDrop	2x8	6	0	[insert drag and drop]		[image] tuatara | [image] kereru | [image] weta | [image] Eel/Tuna | [image] kiwi | [image] Matariki	**Shortest** |  |  |  |  |  |  | **Tallest**	2	[]	0		distinct	0
XMES201	2.0	dragAndDrop	2x8	12	0	[insert drag and drop] [Dev team, mix up the order		[image] Malti poodle pup | [image] horse white background | [image] Rabbit white background | [image] parrot white background	[image] / collar | [image] / leash | [image] / halter | [image] / horse cover | [image] / hutch | [image] / water dispenser | [image] / bird cage | [image] / parrot on perch	3	[]	0,1		distinct	0
XMES201	3.0	dragAndDrop	7x3	0	0	[insert drag and drop with images and words] [Dev 		Sentence starter | Words | Images	A baby cat is called a | kitten. | grey kitten	2	[]			distinct	0
XMES203	3.0	dragAndDrop	15x3	17	0	[insert drag and drop picture cards with words]		Picture | Letter sound | Word	[image] sleep emoji | /s/ | sleep	4	[]	0,1,2,3,4,5,6,7,8,9,10,11,12,13,14		distinct	0
XTAS101	1.0	dragAndDrop	3x2	3	0	[insert drag and drop]		[image] orange astronaut | **Same**	[image] white astronaut | 	2	[]	0,1,2		distinct	0
XTAS101	2.0	dragAndDrop	3x2	3	0	[insert drag and drop]		Gaming | [image] horses	Planes | [image] gaming	2	[]	0,1,2		distinct	2
XTAS101	3.0	dragAndDrop	11x4	0	0	[Drag and drop the star icon to represent the numb		Number of times in 10 seconds | Special interest action 1 | Special interest action 2 | Special interest action 3	10 |  |  | 	11	[]			distinct	0
XTAS102	2.0	dragAndDrop	1x6	6	0	[inset sequence drag and drop] [Dev team: ākonga m	please insert sounds on hover over images]	[image] New Zealand beach | [image 1] young people at the beach / I  | [image 2] / driving to beach / We drive  | [image 3] / young woman putting on sunsc | [image 4] / man getting in car / I get i | [image 5] / young man w seatbelt on / I 		2	[]	0		distinct	0
XTAS102	2.0	dragAndDrop	3x2	1	0	[insert drag and drop] {Dev team allow numbers to 		1 | [image] pool steps / 1 / 2 / 3	2 | 	5	[]	0		distinct	0
XTAS102	2.0	dragAndDrop	2x3	6	0	[insert drag and drop]		[image] library | [image] gym | [image] marae	[image] wahine in marae | [image] man reading book | [image] man in gym	2	[]	0,1		distinct	0
XTAS102	2.0	dragAndDrop	2x4	8	0	[insert drag and drop] {Dev team – cut each image 		[image] two phones | [image] pair of socks | [image] Pair of gumboots | [image] a pair of aces	[image] a pair of aces | [image] Pair of gumboots | [image] two phones | [image] pair of socks	2	[]	0,1		distinct	0
XTAS102	2.0	dragAndDrop	2x3	6	0	[insert drag and drop]		[image] 1 kiwi | [image] 2 tui birds | [image] 3 paua shells	2 | 3 | 1	2	[]	0,1		distinct	0
