AGH1001	1.0	interactive	3x7	0	0	[Interactive]		Beef | Lamb | Potatoes | Apples | Wine | Kiwifruit | Carpet	Bananas | Woolen hats | Leather | Milk | Butter | Cheese | Wool	4	[]
AGH1001	1.0	interactive	10x2	0	0	[Interactive]		**Agricultural Production** | **Horticultural Production**	Dairy | Pip fruit	3	[]
AGH1001	2.0	unclassified	1x1	1	0			[Alert solid: Summary] / Key points from		1	[]
AGH1001	4.0	interactive	2x4	0	0	[Interactive]		**Takura** | **Koanga** | **Raumati** | **Ngahuru**	Coldest season / Matariki celebration of | Warmer weather / Plant growth is restart | Ploughing and cultivation of land / Ripe | Harvesting of crops / Storage of food / 	10	["interactive"]
AGH1001	5.0	unclassified	5x2	0	0	[Activity: Embedded]		 | Calving usually happens at the end of wi	 | Grapes are pruned during winter when the	17	[]
AGH1003	2.0	unclassified	11x2	0	0	[Activity: Embedded]		Temperature | 	Water holding capacity | 	7	[]
AGH1003	3.0	unclassified	5x3	0	0			Image | Description | Production Systems	Topdressing | Topdressing planes apply fertiliser over | Sheep and Beef Farms / Deer Farms	1	[]
AGH1003	4.0	unclassified	5x3	0	0	[Activity: Embedded][Mix and match]		**Method** | **Description** | **Image**	Green Manure | Growing crops and then putting them back | 	3	[]
AGH1004	2.0	unclassified	4x2	0	0	[interactive embedded activity]		 | Mountains and high country	 | Rolling hills and slopes	5	[]
AGH1007	2.0	unclassified	5x4	0	0	[Activity:Embedded]		**Ruminant** | **Monogastric**	Cattle |  | Pig | 	8	[]
AGH1007	3.0	unclassified	10x2	0	0	[Activity: Embedded]		**Organ** | **Function**	Teeth | Physical digestion of food through chewi	10	[]
AGH1007	4.0	unclassified	11x3	23	0	[Activity: Embedded]		Image | Feed Name | Pasture Based? Answers	 | Silage | YES	5	[]
AGH1007	5.0	unclassified	6x2	1	0	[Activity: Embedded]		 | Ewe pregnant with twins	 | Ewe pregnant with singles	11	[]
AGH1007	8.0	unclassified	3x2	0	0	[Activity: Embedded]		Pathogen has entered the body | Neutrophils answer signal	Skin and mucous act as first layer of de | Neutrophils destroy pathogens	14	[]
AGH1007	9.0	unclassified	6x3	12	0	[Activity: Embedded]		Fly strike | Parasite | 	Facial Eczema | Fungi | 	3	[]
AGH1008	2.0	unclassified	4x4	0	0	[Activity: Embedded] Mix and Match		PROTEIN | Usually measured in crude protein and as | Especially important in young animals. B | Chicks that are fed food with a protein 	ENERGY | Measured in MJ of ME/kg/DM. Excess energ | Used for production – milk, meat, wool e | Dairy cows which are producing feed need	3	[]
AGH1008	3.0	unclassified	5x1	0	0	[Activity: Embedded]		1.	2.	10	[]
AGH1008	3.0	unclassified	2x2	0	0	[Activity: Embedded] Brainstorm		Farmer | Livestock	 | 	5	[]
AGH1008	3.0	unclassified	4x2	0	0			Rotational Grazing | Cows, or sheep, are kept in one big grou	Set Stocking | Cows, or sheep, are divided into mobs an	1	[]
AGH1008	4.0	unclassified	8x2	0	0	[Activity: Embedded]		**Term** | **Definition**	Chromosomes | the allele that is always shown if prese	15	[]
AGH1009	7.0	unclassified	3x3	0	0	[Activity: Embedded]		**Riparian Planting** | **Fencing Waterways**	**Different** | **The Same** | **Different**	4	[]
ANZH104	1.0	unclassified	2x2	0	0	[Activity- embedded] Drag and Drop		Wants | Needs	Toys / Games / Movies / Travel / TV | Food / Water / Shelter / Medicine / Clot	3	[]
ANZH104	3.0	unclassified	2x5	0	0			Shirt | Socks | Pants | Skirt | Dress	Jersey | Shoes | Coat | Scarf | Shorts	1	[]
ANZH104	6.0	unclassified	4x3	0	0			Sea and beaches | Forests and grasslands | Lake, rivers and swamps	tarakihi | kererū | Eel	1	[]
ANZH105	5.0	interactive	6x2	0	0	[Interactive	Flip Cards	Front of card | Back of card	What is it? | Helmet	3	[]
ANZH203	4.0	unclassified	5x2	10	0	[Interactive] Please create a drag and drop for th		Reasons why people might not want the st | Reasons why people might want the statue	While in New Zealand, Cook and his crew  | Cook and his story is an important part 	3	[]
ANZH205	1.0	unclassified	9x2	0	0			Kupu | Definition	Rangatira | Leader or chief.	21	["infoTrigger","infoTrigger","infoTrigger","infoTrigger","infoTrigger","infoTrigger","infoTrigger"]
ANZH301	3.0	unclassified	10x2	0	0	[Interactive] Please create a drag and drop activi		HOPES | REALITIES	Better job opportunities | Unskilled manual work	3	[]
ANZH302	3.0	unclassified	10x2	0	0	[Interactive] Please create a drag and drop activi		HOPES | REALITIES	Better job opportunities | Unskilled manual work	3	[]
ANZH303	3.0	unclassified	4x2	0	0	[Interactive] Drag and drop activity- correct answ		Mana Atua | Sacred power of the Gods given to those 	Mana Tupuna | Inherited and unseen power from the mana	2	[]
ANZH303	3.0	unclassified	5x3	0	0	[Interactive] Create a true/false activity for the		Statement | True | False	Mana in Te ao Māori is interconnected to | ✓ | 	2	[]
ANZH304	3.0	unclassified	2x4	0	5			William Hobson https://timelessmoon.geta | **Text:** January 1840, Hobson arrived i | William Williams / https://teara.govt.nz | **Text:** The Treaty was quickly written	**Text:** The Treaty had to be translate | Henry Williams / https://www.karuwha.org | James Busby https://en.wikipedia.org/wik | Queen Victoria / https://en.wikipedia.or	1	[]
ANZH304	3.0	unclassified	2x3	0	0	[Interactive] Please create a drag and drop Venn d		English version of the Treaty | Possible reasons for confusion | Māori version of te Tiriti	The Crown was going to take complete con | An honest mistake. / Non-expert translat | The Crown and Māori were going to have s	5	[]
ANZH304	4.0	unclassified	6x2	0	0	[Interactive] Please create a drag and drop task h		Who? | The New Zealand Company employees (surve	Where? | Wairau Valley, South Island.	2	[]
ANZH404	3.0	unclassified	4x3	0	4	[Interactive] Please create a drag and drop. The t		The 1860 Kohimarama conference | Image: https://teara.govt.nz/en/photogra | Text: A national conference of chiefs th	The 1889/90 Kauhanganui parliament | Image: https://teara.govt.nz/en/document | Text: The Kīngitanga created their own p	3	[]
ANZHFUN05	0.0	unclassified	1x2	0	0	[Activity: independent]	Read the source:	*This part of the sentence states* / *so | *This part of the sentence uses informat		8	[]
ANZHFUN05	0.0	unclassified	3x3	3	3	[Activity]	Read and consider these three modern perspectives	[ Image Link] https://www.stuff.co.nz/na | [ Image Link] / https://www.rnz.co.nz/ne | [ Image Link] / https://www.stuff.co.nz/	**Keep the Statue** | **Remove the Statue** | **Add to the Statue**	2	[]
ANZHFUN05	0.0	unclassified	2x2	0	0	[Activity]	History arithmetic – this is a way to think critic	• Why was the monument erected? / • What | ÷ What were the original perspectives? /	• Is it appropriate to remove - why? / • | x Are there any new perspectives to add?	3	[]
ARFUN02	0.0	unclassified	3x3	6	0			**Fast Tempo:** | **Medium Tempo:** | **Slow Tempo:**	**Comparison** [Item 35] / It’s like run | **Comparison:** [Item 36] / It’s like wa | **Comparison:** [Item 37] / It’s like a 	1	[]
ARFUN04	0.0	unclassified	8x2	0	0	[create mix and match activity]		**Terms** | **Terms**	1. Pattern | A decorative effect achieved by repeatin	3	[]
ARFUN04	0.0	unclassified	4x3	0	0			**Types of balance** | **Descriptions** | **Examples**	1. Symmetrical balance | Both sides appear identical, resembling  | A butterfly’s wings.	1	[]
BLL110	0.0	unclassified	3x3	0	9			https://www.istockphoto.com/vector/carto | https://www.istockphoto.com/vector/cute- | https://www.istockphoto.com/vector/retro	https://www.istockphoto.com/vector/illus | https://www.istockphoto.com/vector/chris | https://www.istockphoto.com/vector/apple	1	[]
BLL110	0.0	unclassified	4x2	0	4			 | 	https://www.istockphoto.com/vector/smili | https://www.istockphoto.com/vector/axe-i	1	[]
BLL110	0.0	unclassified	3x3	0	9			https://www.istockphoto.com/vector/denta | https://www.istockphoto.com/vector/carto | https://www.istockphoto.com/photo/brown-	https://www.istockphoto.com/vector/illus | https://www.istockphoto.com/photo/tiger- | https://www.istockphoto.com/vector/apple	1	[]
BLL110	0.0	unclassified	3x3	0	9			https://www.istockphoto.com/photo/slice- | https://www.istockphoto.com/photo/high-a | https://www.istockphoto.com/vector/denta	https://www.istockphoto.com/photo/a-pain | https://www.istockphoto.com/photo/tiger- | https://www.istockphoto.com/vector/carto	1	[]
BLL110	0.0	unclassified	4x2	0	4			 | 	https://www.istockphoto.com/vector/happy | https://www.istockphoto.com/photo/drip-g	1	[]
BLL110	0.0	unclassified	3x3	2	9			https://www.istockphoto.com/photo/empty- | https://www.istockphoto.com/photo/flat-h | https://www.istockphoto.com/vector/carto	https://www.istockphoto.com/vector/blue- | https://www.istockphoto.com/photo/slice- | https://www.istockphoto.com/vector/map-o	1	[]
BLL111	1.0	unclassified	1x6	0	0			at | an | is | in | as | it		1	[]
BLL111	2.0	unclassified	2x3	0	0			in | it | at	an | is | as	1	[]
BLL111	2.0	unclassified	1x6	0	0			sat | pip | tin | pin | ant | pan		1	[]
BLL112	1.0	unclassified	1x6	0	0			sit | sap | tip | pat | pin | pan		1	[]
BLL112	2.0	unclassified	4x3	0	0			sat | tap | in	an | pan | at	1	[]
BLL112	2.0	unclassified	3x3	0	0			sat | tap | tin	pan | spin | pip	1	[]
BLL113	1.0	unclassified	3x5	0	0			in | at | sat | pin | ant	 | pan | sit |  | spin	1	[]
BLL114	1.0	unclassified	1x6	2	0			P | S | I | A | T | N		2	[]
BLL114	2.0	unclassified	3x5	0	0			spin |  | pants | tin | ant	tap | pan | snap |  | sits	1	[]
BLL114	2.0	unclassified	4x4	0	0			spin | Audio of spin s/p/i/n | tap | Audio of tap t/a/p	ants | Audio of a/n/t/s | snap | Audio of snap s/n/a/p	3	[]
BLL115	1.0	unclassified	3x5	1	0			ant | pins | spin | nap | pips	spat | pats | snaps | tip | at	2	[]
BLL116	1.0	unclassified	3x5	0	0			spins |  | Nat | tins | sip	Pat | pant | snaps |  | ants	1	[]
BLL117	1.0	unclassified	3x5	0	0			it | spins | Nat | tins | 	Pat | pants | snaps |  | ants	1	[]
BLL117	2.0	unclassified	4x4	0	8			sit | https://www.istockphoto.com/photo/africa | taps | https://www.istockphoto.com/photo/check-	ants | https://www.istockphoto.com/photo/marchi | tins | https://www.istockphoto.com/vector/vecto	1	[]
BLL120	0.0	unclassified	2x3	0	6	[Activity]	Where is the /k/ Sound?	https://www.istockphoto.com/vector/red-c | https://www.istockphoto.com/vector/sciss | https://www.istockphoto.com/vector/retro	https://www.istockphoto.com/vector/baby- | https://www.istockphoto.com/vector/set-o | https://www.istockphoto.com/photo/cute-g	13	[]
BLL120	0.0	unclassified	5x3	0	0			 |  | 	e | p | t	2	[]
BLL120	0.0	unclassified	3x3	0	9			https://www.istockphoto.com/vector/fedor | https://www.istockphoto.com/photo/young- | https://www.istockphoto.com/photo/hen-gm	https://www.istockphoto.com/photo/modern | https://www.istockphoto.com/photo/rainbo | https://www.istockphoto.com/vector/carto	7	["flipCard"]
BLL120	0.0	unclassified	2x3	6	6			https://www.istockphoto.com/vector/walki | https://www.istockphoto.com/vector/4-num | https://www.istockphoto.com/photo/cut-or	https://www.istockphoto.com/photo/marath | https://www.istockphoto.com/photo/home-c | https://www.istockphoto.com/photo/summer	11	["flipCard"]
BLL120	0.0	unclassified	5x3	0	0			 |  | 	t | p | t	2	[]
BLL120	0.0	unclassified	3x3	0	9			https://www.istockphoto.com/vector/fedor | https://www.istockphoto.com/vector/moon- | https://www.istockphoto.com/vector/cheer	https://www.istockphoto.com/photo/cleani | https://www.istockphoto.com/photo/rainbo | https://www.istockphoto.com/vector/carto	7	["flipCard"]
BLL120	0.0	unclassified	3x3	9	9			https://www.istockphoto.com/vector/fathe | https://www.istockphoto.com/vector/angry | https://www.istockphoto.com/vector/rubbe	https://www.istockphoto.com/photo/happy- | https://www.istockphoto.com/vector/4-num | https://www.istockphoto.com/photo/wooden	1	[]
BLL121	2.0	unclassified	2x4	0	0			hat | in | sand | Rick	cap | kicks | mat | track	1	[]
BLL122	1.0	unclassified	1x5	0	0			the | on | a | is | he		1	[]
BLL125	1.0	unclassified	4x5	0	0			s | P | T | S | n	p | a | i | c | A	1	[]
BLL125	2.0	unclassified	3x5	0	0			mad | not | kick | sack | ant	end | dad | hiss | ant | sits	1	[]
BLL126	1.0	unclassified	3x3	0	0			red | sick | not	has | dent | stand	1	[]
BLL126	2.0	unclassified	2x4	0	0			was | the | his | of	he | not | on | has	1	[]
BLL126	2.0	unclassified	7x9	0	0			1 d | r | i | 2 p |  |  |  |  | 	 |  |  | e |  | 3 c | a | 4 t | s	16	[]
BLL127	1.0	unclassified	4x4	0	0			did | tack | was | stamp	track | stamp | did | track	1	[]
BLL127	2.0	unclassified	3x5	0	0			out | says | did | sack | stamp	spin | kick | rest | stand | sits	1	[]
BLL127	2.0	unclassified	6x3	7	1			Simon sat and had a rest. | https://www.istockphoto.com/photo/3d-ill | Correct answer: Thumbs down	The kids did a tap. |  | Correct answer: Thumbs up	1	[]
BLL130	0.0	unclassified	3x3	4	9			https://www.istockphoto.com/vector/chris | https://www.istockphoto.com/vector/cute- | https://www.istockphoto.com/vector/apple	https://www.istockphoto.com/photo/ripe-r | https://www.istockphoto.com/photo/whole- | https://www.istockphoto.com/photo/close-	1	[]
BLL130	0.0	unclassified	5x4	0	10			Hats | https://www.istockphoto.com/vector/hat-s | Neck | https://www.istockphoto.com/photo/ive-ne	Pack | https://www.istockphoto.com/photo/croppe | Sack | https://www.istockphoto.com/photo/burlap	1	[]
BLL131	1.0	unclassified	2x4	0	0			and | on | I | he	is | to | the | a	1	[]
BLL131	2.0	unclassified	1x6	0	0			the | sick | nap | lot | Dad | Mum		1	[]
BLL132	1.0	unclassified	3x4	0	0			and | on | I | he	is | to | the | a	1	[]
BLL133	1.0	unclassified	3x5	0	0			spins | was | Dad | plum | laptop	sick | pants | snack | his | desk	1	[]
BLL133	1.0	unclassified	2x4	0	0			frog | man | snap | and	plum | was | drip | snack	5	[]
BLL133	2.0	unclassified	6x3	5	6			https://www.istockphoto.com/photo/sacred | Is it a cup, a cat, a cot? | It is a	https://www.istockphoto.com/photo/safety | Is it a pin, a pen, a pan? | It is a / pin / pen / pan	1	[]
BLL134	1.0	unclassified	6x6	1	1			https://www.istockphoto.com/vector/game-	list | nut | silk | mug | sip | luck	1	[]
BLL135	1.0	unclassified	2x4	0	0			grub | miss | snap | and	runs | was | legs | stack	6	[]
BLL135	1.1	unclassified	1x2	2	1			A b u g w a s i n th e r u g. / Th e b u | [image] Please place next to the text. /		2	[]
BLL135	1.1	unclassified	3x2	0	1			Open syllables | Closed Syllables	Door image - https://www.istockphoto.com	1	[]
BLL136	1.0	unclassified	6x6	1	1			https://www.istockphoto.com/vector/game-	desk | ant | silk | snack | drink | what	1	[]
BLL136	1.0	unclassified	3x4	0	0			and | no | says | he	what | you | the | have	1	[]
BLL136	1.0	unclassified	6x5	0	0			was | have | They | some | out	Can I have __________ cups?	1	[]
BLL136	1.0	unclassified	3x5	0	0			and | drink | of | pack | crept	nest | nuts | picnic | not | stamp	1	[]
BLL137	1.0	unclassified	2x2	0	1			Open syllables / he / no | Closed Syllables / cat / hat / dog	Door image - https://www.istockphoto.com	1	[]
BLL137	1.0	unclassified	2x3	2	0			**b** | **d** | Can we make these draggable	 |  | Can we have a collection of 8 ‘b’ and 8’	1	[]
BLL137	1.1	unclassified	4x4	0	0			luckx | laptop | luck | land	lack | landx | letx | laptop	1	[]
BLL137	1.1	unclassified	2x4	0	0			was | no | what | they	the | some | are | is	4	[]
BLL140	0.0	unclassified	5x2	5	5			https://www.istockphoto.com/photo/warm-j | jacket	https://www.istockphoto.com/vector/straw | jam	1	[]
BLL140	0.0	unclassified	3x3	0	0			rain | snail | paint	nail | paid | tail	1	[]
BLL140	0.0	unclassified	3x3	0	0			goat | float | toast	croak | road | loaf	1	[]
BLL140	0.0	unclassified	3x3	0	0			tie | flies | cries	fried | die | dries	1	[]
BLL140	0.0	unclassified	3x3	0	0			see | free | green	tree | eel | feet	1	[]
BLL140	0.0	unclassified	3x3	0	0			forx | fork | stormx	acornx | torn | portx	1	[]
BLL141	1.0	unclassified	4x3	4	2			Can we add the audio to the word, or bes |  | 	Ruru [audio] | https://www.istockphoto.com/photo/a-kiwi | A ruru is sometimes known as a morepork.	1	[]
BLL141	1.0	unclassified	2x4	0	0			grub | drink | see | feel	saw | train | they | cannot	3	[]
BLL141	2.0	unclassified	6x6	1	1			https://www.istockphoto.com/vector/game-	feel | pain | float | for | dress | seem	1	[]
BLL141	2.0	unclassified	6x1	0	0			Jim has a bun with red jam in it.	He bit into the bun.	1	[]
BLL142	1.1	unclassified	6x4	0	0			in | or | up | see	run | sack | log | rat	1	[]
BLL144	1.0	unclassified	6x6	1	1			https://www.istockphoto.com/vector/game-	need | for | bed | jam | tie | soap	1	[]
BLL144	1.0	unclassified	6x7	6	0			Audio | Beginning sounds | Middle sound | End sound | Type the word here / [self check] |  | Click the slider to hide the words and t	[audio ] soap | s f p | ai oa ie | s f p |  |  | 	1	[]
BLL144	1.1	unclassified	5x2	5	5			https://www.istockphoto.com/photo/two-bl | swag	https://www.istockphoto.com/photo/tennis | tennis	1	[]
BLL146	1.0	unclassified	5x3	1	12			https://www.istockphoto.com/photo/toast- | https://www.istockphoto.com/photo/red-ta | https://www.istockphoto.com/photo/a-blue	https://www.istockphoto.com/photo/woman- | https://www.istockphoto.com/vector/truck | https://www.istockphoto.com/photo/snail-	1	[]
BLL146	1.0	unclassified	3x4	0	0			out | the | what | of	saw | come | you | some	1	[]
BLL146	1.0	unclassified	7x1	7	0			Where is the red dress?	Is there a cat on the mat?	1	[]
BLL146	2.0	unclassified	6x3	7	1			Jon and Lee lend Allan the jeep. | https://www.istockphoto.com/photo/3d-ill | Correct answer: Thumbs down	There are deep ruts in the road. |  | Correct answer: Thumbs up	1	[]
BLL146	2.0	unclassified	7x2	0	0			 | Can we make these letters draggable so t	j _ _ p | ee	1	[]
BLL147	1.0	unclassified	3x4	0	0			forgot | coffee | jacket | pocket	list | drop | send | cross	7	[]
BLL150	0.0	unclassified	2x3	4	6			https://www.istockphoto.com/vector/zoo-m | https://www.istockphoto.com/photo/acoust | https://www.istockphoto.com/photo/zebra-	https://www.istockphoto.com/photo/ripe-r | https://www.istockphoto.com/vector/set-o | https://www.istockphoto.com/photo/fresh-	1	[]
BLL150	0.0	unclassified	3x3	5	9			https://www.istockphoto.com/photo/water- | https://www.istockphoto.com/photo/wind-t | https://www.istockphoto.com/photo/orange	https://www.istockphoto.com/vector/vecto | https://www.istockphoto.com/photo/bald-e | https://www.istockphoto.com/photo/howlin	1	[]
BLL150	0.0	unclassified	3x3	5	9			https://www.istockphoto.com/photo/orange | https://www.istockphoto.com/photo/vacuum | https://www.istockphoto.com/photo/vowels	https://www.istockphoto.com/vector/incom | https://www.istockphoto.com/photo/elderl | https://www.istockphoto.com/photo/zebra-	1	[]
BLL150	0.0	unclassified	3x3	0	0			tongs | fang | king	sing | long | mailing	1	[]
BLL150	0.0	unclassified	4x3	0	0			good | moon | stood	roof | took | food	1	[]
BLL151	1.0	unclassified	6x3	0	0			**Root word** | **Suffix ‘s’** | **Suffix ‘ing’**	jump | jumps | jumping	1	[]
BLL151	2.0	unclassified	3x4	0	0			said | creep | stood | looked	run | waited | crept | sing	1	[]
BLL152	1.0	unclassified	2x4	0	0	[add a stopwatch to this activity please]		tap | Jaz | sing | gong	clang | strums | strings | Kevin	4	[]
BLL152	1.0	unclassified	5x6	1	1			https://www.istockphoto.com/vector/game-	in | on | can | not | tap | get	1	[]
BLL152	1.1	unclassified	7x2	14	0			[source image]Look for images of string  | strings	[source image]Search for images of woode | sticks	1	[]
BLL153	1.0	unclassified	1x2	0	0	[allow students to drag the letters in and out of 		 | and		5	[]
BLL153	1.1	unclassified	2x2	0	0			Now | In the past	Kevin bangs the drum. / Gavin taps the g | Kevin banged the drum. / Gavin tapped th	1	[]
BLL154	1.1	unclassified	7x4	0	0			at | up | us | too	big | top | had | puff	2	[]
BLL154	1.1	unclassified	4x2	3	0	[mulitple choice] can you create a check all the a		Using commas in sentences | List	Kevin banged the drum, tapped the gong,  | What 3 things did Kevin do? / • Banged t	2	[]
BLL155	1.0	unclassified	3x4	0	0			wet | wags | smell | jumps	good | waits | Pookee | stands	4	[]
BLL156	1.0	unclassified	6x4	0	0			jet | dad | fun | job	sees | wood | roof | tail	1	[]
BLL157	1.0	unclassified	4x5	10	0			g | j | ng | l | f	Audios	1	[]
BLL160	0.0	unclassified	3x3	5	9			https://www.istockphoto.com/photo/flying | https://www.istockphoto.com/photo/beauti | https://www.istockphoto.com/photo/open-b	https://www.istockphoto.com/photo/acoust | https://www.istockphoto.com/photo/small- | https://www.istockphoto.com/photo/questi	1	[]
BLL160	0.0	unclassified	4x5	10	0			z | j | ng | a | u	Audios	1	[]
BLL160	0.0	unclassified	3x3	0	0			fish | shut | wash	sheets | mash | shot	1	[]
BLL160	0.0	unclassified	3x3	0	0			catch | chat | such	bench | munch | chick	1	[]
BLL160	0.0	unclassified	4x3	0	0			this | them | that	bath | thanks | three	1	[]
BLL161	1.0	unclassified	7x3	8	0			[Audio] stack | st__ck | a / e / i / o / u	[Audio] stick | st__ck | 	1	[]
BLL161	1.0	unclassified	3x4	0	0			raining | tasty | think | chips	crush | boxed | smash | sky	3	[]
BLL162	1.0	unclassified	4x5	0	0			said | thanks | fried | chops | think	floss | you | there | what | tried	1	[]
BLL163	1.0	unclassified	3x4	0	0			chomp | spotted | lunch | thick	next | best | with | dish	4	[]
BLL164	1.1	unclassified	6x6	1	1			https://www.istockphoto.com/vector/game-	am | bin | not | can | had | will	1	[]
BLL164	1.1	unclassified	2x5	5	0			Water [source image] | Animals [source image] | Air [source image] | Collisions [source image] | Voices [source image]	Drip / Splash | Cheep / Hiss | Swoosh / Swish | Thud / Smash | Chat / Gasp	1	[]
BLL165	1.0	unclassified	4x5	0	0			she | of | all | likes | some	 | to | my |  | puts	2	[]
BLL166	1.1	unclassified	5x3	0	0			ash | flash | trash	crash | mash | hash	1	[]
BLL166	1.1	unclassified	4x2	4	0			 | Nikisha is The [ Flick / Flash / Smash ]	 | [Woof! / Yap! / Moo!] “What is that ?” t	1	[]
BLL167	1.1	unclassified	6x6	1	1			https://www.istockphoto.com/vector/game-	teeth | roast | lunch | fatty | porch | sitting	1	[]
BLL167	1.1	unclassified	7x2	2	6			Can we include the text (name of the bir | Can we make these images draggable so th	tui | https://www.istockphoto.com/photo/prosth	1	[]
BLL170	0.0	unclassified	4x5	10	0			qu | sh | ng | ch | p	Audios	1	[]
BLL170	0.0	unclassified	3x3	0	0			out | pound | shout	loud | scout | count	1	[]
BLL170	0.0	unclassified	3x3	0	0			oil | join | coins	spoil | point | noisy	1	[]
BLL170	0.0	unclassified	3x3	0	0			due | glue | issue	tissue | statue | duet	1	[]
BLL170	0.0	unclassified	3x3	0	0			her | paper | ever	offer | enter | spider	1	[]
BLL170	0.0	unclassified	3x3	0	0			car | farm | mark	yarn | garlic | wizard	1	[]
BLL171	1.0	unclassified	5x3	2	12			https://www.istockphoto.com/vector/house | https://www.istockphoto.com/photo/hammer | https://www.istockphoto.com/photo/lion-p	https://www.istockphoto.com/photo/fern-w | https://www.istockphoto.com/photo/male-h | https://www.istockphoto.com/vector/king-	1	[]
BLL171	1.0	unclassified	5x4	0	0			outer | roof | bumpy | little	buzz | quiz | you | down	1	[]
BLL171	1.0	unclassified	3x3	0	0			boil | rain | coin	bait | foil | nail	3	[]
BLL172	1.0	unclassified	7x2	9	0			t ea ch | er	con | t ai n	1	[]
BLL172	1.0	unclassified	5x4	0	0			the | little | was | put	into | most | down | I’m	1	[]
BLL172	2.0	unclassified	5x4	0	0			clap | shout | good | grin	ground | sound | pound | hound	1	[]
BLL173	1.1	unclassified	4x3	0	0			yuck | truck | luck	tuck | chuck | buck	1	[]
BLL174	1.0	unclassified	9x3	18	0			forklift | [source image of forklift] | form	grub | [source image of an insect grub] | grab	1	[]
BLL174	1.0	unclassified	3x4	0	0			drooping | sweeps | rescue | tinkling	clouds | soaking | thinks | enters	4	[]
BLL175	1.0	unclassified	6x4	0	0			arm | yes | her | wind	shout | yells | start | proud	1	[]
BLL176	1.0	unclassified	6x2	0	0			**Now** | **In the past**	She pumps her arms and legs. | She pumped her arms and legs.	1	[]
BLL176	1.1	unclassified	5x4	0	0			the | you | to | do	they | are | does | what	1	[]
BLL177	1.0	unclassified	11x7	0	50			https://www.istockphoto.com/photo/black- | https://www.istockphoto.com/vector/traff | https://www.istockphoto.com/vector/man-s | https://www.istockphoto.com/photo/azalea	https://www.istockphoto.com/vector/man-s | https://www.istockphoto.com/vector/black | https://www.istockphoto.com/photo/black- | https://www.istockphoto.com/photo/crab-g | https://www.istockphoto.com/photo/azalea | https://www.istockphoto.com/photo/racing | https://www.istockphoto.com/vect or/traf	1	[]
BLL177	2.0	unclassified	5x4	0	0			goes | put | into | the	said | of | you | most	1	[]
BLL210	0.0	unclassified	4x4	0	0			**/ y /** | **/ i /** | **/ ī /** | **/ ē /**	yum | gym | my | happy	1	[]
BLL210	0.0	unclassified	3x3	0	0			gym | hurry | yard	by | snappy | happy	1	[]
BLL210	0.0	unclassified	5x3	0	0			beep | rail | tried	cried | coach | lie	1	[]
BLL210	0.0	unclassified	4x2	0	8			tap https://www.istockphoto.com/photo/is | tape https://www.istockphoto.com/photo/c	man https://www.istockphoto.com/photo/jo | mane https://www.istockphoto.com/photo/l	1	[]
BLL210	0.0	unclassified	4x3	0	0			cake | tale | brake	face | state | quake	1	[]
BLL210	0.0	unclassified	3x3	0	0			eve | scene | these	theme | delete | Chinese	1	[]
BLL210	0.0	unclassified	4x2	0	8			kit https://www.istockphoto.com/vector/f | kite https://www.istockphoto.com/vector/	pin https://www.istockphoto.com/photo/sa | pine https://www.istockphoto.com/photo/c	1	[]
BLL210	0.0	unclassified	4x3	0	0			slime | bike | wide	fine | decide | bride	1	[]
BLL210	0.0	unclassified	4x2	0	8			rob https://www.istockphoto.com/vector/t | robe https://www.istockphoto.com/vector/	not https://www.istockphoto.com/vector/n | note https://www.istockphoto.com/photo/s	1	[]
BLL210	0.0	unclassified	4x3	0	0			chose | hole | code	drove | decode | froze	1	[]
BLL210	0.0	unclassified	4x2	0	8			cut https://www.istockphoto.com/photo/ha | cute https://www.istockphoto.com/photo/c	hug https://www.istockphoto.com/vector/m | huge https://www.istockphoto.com/vector/	1	[]
BLL210	0.0	unclassified	4x3	0	0			flute | cute | excuse	reduce | use | include	1	[]
BLL211	1.0	unclassified	4x4	0	0			cap | spin | cap | hug	spine | hug | note | not	1	[]
BLL211	2.0	unclassified	4x4	0	0			have | lot | things | like	bake | singing | ride | cake	1	[]
BLL213	2.0	unclassified	7x4	0	0			got | wet | out | log	cool | feet | took | late	1	[]
BLL215	1.0	unclassified	4x4	0	0			hug | brave | luck | dog	brain | sky | take | shape	1	[]
BLL215	1.0	unclassified	5x4	8	8			Prefix | Meaning | Base word | Prefix + base word	un | Means ‘not’ or ‘opposite’ | [image] https://www.istockphoto.com/phot | [image] https://www.istockphoto.com/phot	1	[]
BLL215	2.0	unclassified	3x3	0	0			gym | hurry | yard	by | snappy | happy	1	[]
BLL215	2.0	unclassified	5x4	0	0			the | little | most | want	likes | they | where | why	1	[]
BLL216	1.0	unclassified	5x3	1	12			https://www.istockphoto.com/photo/new-mo | https://www.istockphoto.com/photo/cupcak | https://www.istockphoto.com/vector/bench	https://www.istockphoto.com/vector/cube- | https://www.istockphoto.com/photo/perfec | https://www.istockphoto.com/photo/juicy-	1	[]
BLL216	2.0	unclassified	3x3	0	3			https://www.istockphoto.com/vector/excla | A full stop shows the end of a sentence  | *I like going to the shops***.** / *I am	https://www.istockphoto.com/vector/excla | A question mark tells us that someone is | *What did you have for lunch today***?**	12	["carousel"]
BLL217	2.0	unclassified	6x2	7	0			Audio | Sentence options - the correct sentence 	Audio 1 | We get onto the bus and drive the long r	1	[]
BLL220	0.0	unclassified	4x3	0	0			boy | royal | enjoy	coy | toys | ahoy	1	[]
BLL220	0.0	unclassified	4x3	0	0			loyal | boys | toy	joy | ahoy | annoy	1	[]
BLL220	0.0	unclassified	3x2	0	0			oi | oy	The vowel team ‘oi’ is used at the begin | The letter team is used at the end of a 	1	[]
BLL220	0.0	unclassified	4x3	0	0			voice | boiling | enjoying	coin | choice | boys	1	[]
BLL220	0.0	unclassified	4x3	0	0			ate | gain | brake	raining | tail | came	1	[]
BLL220	0.0	unclassified	5x3	0	0			money | beach | key	cheeks | leaf | keep	1	[]
BLL220	0.0	unclassified	4x3	0	0			July | might | cry	rise | bike | bright	1	[]
BLL221	1.0	unclassified	4x4	0	0			boy | beans | boy | five	might | mates | creek | tea	1	[]
BLL221	2.0	unclassified	7x3	9	6			Images | eam - in the reading font | Beginning sounds that are draggable	https://www.istockphoto.com/photo/abstra | eam | b	1	[]
BLL222	1.0	unclassified	7x2	0	7			 | https://www.istockphoto.com/photo/witche	 | https://www.istockphoto.com/vector/volca	1	[]
BLL222	2.0	unclassified	5x4	0	0			says | you | also | because	they | brother | does | what	1	[]
BLL223	1.0	unclassified	7x5	0	0			1st sound | 2nd sound | 3rd sound | Last sound | 	s | n | ai | l | snail	1	[]
BLL223	2.0	unclassified	11x12	0	0			 |  | n | o | i | s | y |  |  |  |  | 	 |  | i |  |  |  |  |  |  |  |  | 	28	[]
BLL223	2.0	unclassified	4x4	0	0			spy | small | beak | hatch	boy | the | lays | toy	1	[]
BLL224	1.0	unclassified	4x4	0	0			buzzing | under | mistake | remind	they | what | pointed | unlucky	1	[]
BLL225	2.0	unclassified	4x4	0	0			traffic | are | where | everyone	light | cars | here | slowly	1	[]
BLL226	1.0	unclassified	3x3	0	0			eating | hurry | boiled	playing | steeper | happy	1	[]
BLL226	2.0	unclassified	10x3	15	10			https://www.istockphoto.com/photo/basket | https://www.istockphoto.com/photo/a-shin | basketball	basket | ball | 	1	[]
BLL227	1.0	unclassified	5x3	1	12			https://www.istockphoto.com/photo/coins- | https://www.istockphoto.com/photo/glass- | https://www.istockphoto.com/photo/toys-g	https://www.istockphoto.com/vector/two-m | https://www.istockphoto.com/photo/ripe-r | https://www.istockphoto.com/vector/small	1	[]
BLL230	0.0	unclassified	4x3	0	0			toast | hope | nose	toes | bone | oboe	1	[]
BLL230	0.0	unclassified	5x4	0	0			List 1 – ‘ow’ as in snow | List 2 – ‘ow’ as in cow	grow | low | wow | howl	1	[]
BLL230	0.0	unclassified	8x2	0	0			**ir words** | **ur words**	girl | hurt	2	[]
BLL230	0.0	unclassified	4x3	0	0			girl | curve | first	hurt | third | nurse	1	[]
BLL230	0.0	unclassified	8x2	0	8			https://www.istockphoto.com/photo/screw- | screw	https://www.istockphoto.com/photo/abstra | blue	1	[]
BLL230	0.0	unclassified	5x3	0	0			drew | clue | bruise	moon | chew | true	1	[]
BLL230	0.0	unclassified	9x2	0	9			https://www.istockphoto.com/photo/female | walking	https://www.istockphoto.com/photo/cheerf | audience	1	[]
BLL230	0.0	unclassified	4x3	0	0			saw | August | jigsaw	taller | cause | talking	1	[]
BLL230	0.0	unclassified	4x3	0	0			nephew | phone | photo	graph | pharmacy | trophy	1	[]
BLL230	0.0	unclassified	4x3	0	0			write | know | wreck	knee | wrapper | knew	1	[]
BLL231	1.0	unclassified	5x4	0	0			goes | snow | nurse | crowd	shirt | crowd | goes | floating	1	[]
BLL232	1.0	unclassified	5x7	22	35			https://www.istockphoto.com/photo/yellow | https://www.istockphoto.com/vector/yello | https://www.istockphoto.com/photo/green- | https://www.istockphoto.com/photo/medium | https://www.istockphoto.com/photo/small- | https://www.istockphoto.com/photo/side-v | https://www.istockphoto.com/photo/french	https://www.istockphoto.com/photo/yellow | https://www.istockphoto.com/vector/yello | https://www.istockphoto.com/photo/green- | https://www.istockphoto.com/photo/medium | https://www.istockphoto.com/photo/small- | https://www.istockphoto.com/photo/side-v | https://www.istockphoto.com/photo/french	1	[]
BLL232	2.0	unclassified	6x3	0	0			Sentences: | correct | incorrect	“I love fish and chips!” said James exci | correct | 	1	[]
BLL233	1.0	unclassified	3x4	0	0			dolphin | knees | phone | knife	knight | phonics | knot | photo	1	[]
BLL234	1.0	unclassified	2x5	0	0			happy | sad | angry | surprised | scared	excited | proud | interested | love | bored	1	[]
BLL234	1.0	unclassified	5x4	2	0			play | slow | talk | kind	brightness | tall | help | slower	1	[]
BLL235	1.0	unclassified	6x6	1	1			https://www.istockphoto.com/vector/game-	played | half | lasted | quarter | outside | helpful	1	[]
BLL235	1.0	unclassified	6x2	6	0			[hintslider 1] | James played with Sam outside.	[hintslider 2] | My gran cooks dinner every Sunday night.	1	[]
BLL236	2.0	unclassified	4x4	4	3			word | image | meaning | Audios being created by CS	hōhā | https://www.istockphoto.com/photo/is-thi | Definition: hōhā means being bored, tire | 	1	[]
BLL236	2.0	unclassified	10x1	1	0			“Look out!” _________ Dad.	Megan _________, “This is boring, do I h	1	[]
BLL237	1.0	unclassified	3x4	0	0			wreck | destroy | beaches | phone	know | fault | toes | talking	3	[]
BLL244	1.0	unclassified	3x5	0	0			baked beans | apples | cheese | lettuce | bread	chocolate bar | jam | toilet paper | eggs | crackers	1	[]
BLL244	2.0	unclassified	4x3	4	0			Why do Zack and Kev make a great pair? | Can you please insert just the picture o | Zack and Kev make a great pair **because	Why did Kev jump high in the air? | Can you please insert just the picture o | Kev jumped high in the air **so** he cou	1	[]
BLL245	1.0	unclassified	6x6	1	1			https://www.istockphoto.com/vector/game-	what | catch | edge | year | fudge | watch	1	[]
BLL246	2.0	unclassified	6x5	0	0			the | dancing | town | to | dog	cheers | is | next | queen | look	1	[]
BLL251	1.0	unclassified	6x6	1	1			https://www.istockphoto.com/vector/game-	comb | cough | because | thought | thumb | always	1	[]
BLL253	1.0	unclassified	5x3	0	0			**Suffix** | **Meaning** | **Examples**	-ous | Full of | • dangerous / • famous / • curious	1	[]
BLLR201	2.0	unclassified	5x3	10	0			Ending with *have* | Ending with *would* | Ending with *will*	[correct] I’ve | [correct] I’d | [correct] I’ll	1	[]
CBI1009	2.0	unclassified	10x3	0	0			Aqueous solution | Ions present in the aqueous solution | Ions	K2O | K+ O2- | K+ HCO3-	2	[]
CBI1009	2.0	unclassified	33x2	4	0			Rule 2: All nitrates NO3- are soluble.	*Potassium nitrate* | *Soluble*	1	[]
CEDK101	0.0	unclassified	3x6	0	6	[Interactive activity]	“Drag and drop”	Oldest Newest	https://www.istockphoto.com/photo/candle | **https://www.istockphoto.com/search/2/i | https://www.istockphoto.com/photo/antiqu | https://www.istockphoto.com/photo/incand | https://www.istockphoto.com/photo/long-f | https://www.istockphoto.com/photo/led-li	4	[]
CEDK501	6.1	unclassified	1x1	0	0			**You must:** / • Communicate and respon		1	[]
CEDO102	0.0	unclassified	2x2	0	0			Ingredients: / • 1 tsp borax powder / •  | Supplies: / • Mixing bowls / • Measuring	Instructions: / • Mix the borax powder w	2	[]
CEDO202	0.0	unclassified	1x3	0	0			Jump off two feet and land on two. / Jum | Jump from one foot to the other. / Hop t | Leap forward. / Hop to the side. / Jump 		3	[]
CEDO204	0.0	unclassified	5x2	9	7	[Inline interactive Activity]	Building nests	**Nest** | **Bird** [images in this column to be dr	[image] https://www.istockphoto.com/phot | [image] https://www.istockphoto.com/phot	5	[]
CEDO204	0.0	unclassified	3x3	0	0			**Subject** | **Rule for the verb** | **Example**	Only one subject (he, she, it, beaver, o | Add an ‘s’ to the verb. | She likes animals. / The beaver swims. /	19	["interactive","dropDown","dropDown","dropDown","dropDown","dropDown","dropDown"]
CEDO204	0.0	unclassified	5x2	5	4			**Animal** | **Group name** [to be dragged and droppe	Birds / [image] https://www.istockphoto. | Flock	3	[]
CEDO502	1.1	unclassified	6x2	0	0	[Create an activity like the one here – correct an		**Example** | **Is credit used?**	• Wiremu buys a hoodie with cash. | ☐ Yes / ☐ No	3	[]
CEDO502	1.1	unclassified	5x3	0	0	[correct answers in yellow]		**Statement** | **Manageable** | **Unmanageable**	I can afford repayments and still have m | ☐ | ☐	2	[]
CEDO502	4.0	unclassified	5x2	3	0	[Tick box activity]		[Correct answer] | credit card interest	 | I want to	3	[]
CEDO502	4.0	unclassified	1x1	1	0			[Multichoice or tick box] / **1. Which s		1	[]
CEDO502	5.0	unclassified	1x1	1	1			[body] Fold a piece of paper in half and		1	[]
CEDR501	4.0	unclassified	1x1	1	1			Image: iStock: promoting sustainable fas		1	[]
CEDT101	0.0	unclassified	4x1	0	0	[Workbook Activity]				3	[]
CEDT101	0.0	unclassified	6x1	0	0	[Workbook Activity]		Who lives at your house?	How many people are in your whānau / fam	2	[]
CEDT208	0.0	unclassified	4x4	0	0			 |  |  | 	 |  |  | 	3	[]
CEDT301	6.0	unclassified	7x2	0	0	[Journal Activity]		Brief description: | Camera shot and angle	Who: Write a short paragraph on a story  | Wide angle lens: Using a wide angle lens	4	[]
CEDT501	2.0	unclassified	1x1	1	0			[quiz] self-marking / **1. What percenta		1	[]
CEDT501	6.1	unclassified	6x3	0	0			Open | Closed | Pātai (Questions)	✓ |  | What’s one goal that really matters to y	1	[]
CEDW101	0.0	unclassified	3x4	0	0			 |  |  | 	Correct answers: | Correct answers: | Correct answers: | Correct answers:	1	[]
CEDW501	3.0	unclassified	5x2	0	0	[Finish merged/imported activity.]		**Tēnā koe** | Hello (to one person).	**Tēnā kōrua** | Hello (to two people).	5	[]
CEDW501	3.0	unclassified	2x4	0	0			**Tūpuna/tīpuna** / *An ancestor, someon | **Kuia** / *Respected elderly woman, gra | **Koroua** / *Respected older man, often | **Karanipā** / *Male elder*	**Taua** / *A respected elder who is a w | **Rūruhi** / *An elderly woman.* | **Poua** / *An elderly man or grandfathe | **Koroheke** / *An elderly man.*	1	[]
CEDW501	3.0	unclassified	2x4	0	0			**Matua** / *Father, uncle or male elder | **Whaea/Kōka** / *Mother, aunt or female | **Māmā whakaangi** / *Step-mother or a p | **Pāpā whakaangi** / *Step-father or a p	**Wahine** / *A woman, female* / *or wif | **Tāne** / *A man, male or husband.* | **Hungarei** / *Father-in-law or mother- | **Ingoa whānau** / *Family name or surna	1	[]
CEDW501	3.0	unclassified	1x1	1	1			[image] https://www.istockphoto.com/phot		11	["dropDown","dropDown","dropDown","dropDown","dropDown"]
CEDW501	3.0	unclassified	3x5	0	0			**Tamaiti** / *A child (singular) or sma | **Tamāhine** / *Daughter* | **Tuākana** / *Older sibling or cousin o | **Teina** / *Younger sibling or cousin o | **Irāmutu** / *Niece or nephew*	**Tuahine** / *Sister of a male (used wh | **Tungāne** / *Brother of a female (used | **Mātāmua** / *First-born child, son or  | **Pōtiki** / *Youngest or* / *last-born  | **Taokete** / *Brother-in-law or sister-	1	[]
CHFUN08	0.0	unclassified	1x1	1	0			[First Source merged item 2][please make		1	[]
COM1002	4.0	unclassified	3x2	0	1	[Activity] This can be a slider activity or flipca		 | The main board lists all the publicly li	 | Today's price is $0.665 for Air New Zeal	5	[]
COM1005	6.0	unclassified	1x1	1	1	[Add these questions to the learning journal, crea		[H2] WHAT TO DO NEXT? I have used the [H		10	[]
DAN1003	6.0	unclassified	2x5	0	0	[interactive activity]		Sound or music | Props | Set | Lighting | Costumes	 |  |  |  | 	11	[]
ENFUN01	0.0	unclassified	2x8	8	0			Front | Back | Front | Back | Front | Back | Front | Back	😀 | Your story made me feel **happy** becaus | 😢 | Your story made me feel **sad** because  | 😱 | Your story made me feel **scared** becau | 😡 | Your story made me feel **angry** becaus	1	[]
ENFUN01	0.0	unclassified	5x4	3	5	[Activity]		 | Drop here | https://www.youtube.com/watch?v=dPaU4Gym | **Entertain:** / The writer uses a ‘hook	 | Drop here | **Different doesn’t mean wrong.** / Exce | **Entertain:** / The writer uses a ‘hook	3	[]
ENFUN02	0.0	unclassified	7x2	2	1			[image] / https://www.istockphoto.com/ve | [hintslider] keep open when clicked / Go	Playing with a bucket and spade in the s	1	[]
ENFUN03	0.0	unclassified	1x3	3	3			[image] https://www.istockphoto.com/phot | [image] https://unsplash.com/photos/a-gr | [image] https://unsplash.com/photos/a-br		1	[]
ENFUN03	0.0	unclassified	6x4	12	5			[Image] | Sentence | Fast pace | Slow pace	[Image] https://unsplash.com/photos/conc | [body] She sprinted through the dark all |  | 	1	[]
ENFUN04	0.0	unclassified	4x5	10	10			[image] https://pixabay.com/vectors/whea | [image] https://pixabay.com/vectors/flow | [image] https://pixabay.com/vectors/man- | [image] https://pixabay.com/vectors/frui | [image] https://pixabay.com/vectors/woma	flour | flower | pair | pear | hair	1	[]
ENFUN05	0.0	unclassified	9x3	0	0			yes | no | 	 |  | The big red ball, bounced across the yar	1	[]
ENFUN05	0.0	unclassified	10x3	0	0			 | Correct | Incorrect	The dog’s collar is red. |  | 	1	[]
ENFUN05	0.0	unclassified	9x3	0	0			yes | no | 	 |  | The Chronicles Of Narnia	1	[]
ENFUN05	0.0	unclassified	1x2	2	1			The text below is from the first page of | [Image] https://www.istockphoto.com/phot		5	[]
ENFUN07	0.0	unclassified	1x3	0	3			https://pixabay.com/illustrations/ai-gen | https://pixabay.com/illustrations/prehis | https://pixabay.com/illustrations/ai-gen		1	[]
ENFUN07	0.0	unclassified	1x3	3	3			[image] https://pixabay.com/illustration | [image] https://pixabay.com/photos/cat-k | [image] https://pixabay.com/photos/baske		1	[]
ENFUN08	0.0	unclassified	1x3	3	3			[image] / https://unsplash.com/photos/pe | [image] / https://unsplash.com/photos/be | [image] / https://unsplash.com/photos/si		1	[]
ENFUN08	0.0	unclassified	1x1	1	0			These to pop up when clicked / • Raining		1	[]
ENFUN08	0.0	unclassified	5x2	0	0			His bedroom is a ____________ | pig sty	The night sky is a __________ | blanket	1	[]
ENFUN08	0.0	unclassified	5x2	0	0			Once upon a midnight dreary, / While I p | weary / happy / tired	Up above the world so high, / Like a dia | ground / day / sky	1	[]
ENFUN09	0.0	unclassified	1x2	2	1			[body] Now that you have planned your id | [image] / https://www.istockphoto.com/ve		4	[]
ENFUN09	0.0	unclassified	1x2	1	1			https://www.istockphoto.com/vector/black | I played in the __________ treehouse. / 		1	[]
ENFUN09	0.0	unclassified	1x2	2	0			[body] When you have written your senten | [supervisor button] [body] Support your 		1	[]
ENFUN09	0.0	unclassified	1x2	2	1			[body] Tino pai, well done for completin | [image] https://www.istockphoto.com/vect		1	[]
ENGC101	3.0	unclassified	5x2	0	0	[Activity – interactive] Mix the sentences below –		**Statement** | **Question**	Apples are good for you. | What is your favourite food?	3	[]
ENGC102	1.0	unclassified	4x2	0	0			**Fiction** | **Non-Fiction**	 | 	6	[]
ENGC102	4.0	unclassified	5x2	0	4			**Image** | **Matching caption**	https://www.istockphoto.com/photo/planet | Earth is the 3rd planet from the sun.	1	[]
ENGC102	6.0	unclassified	7x3	7	0			Tokelau is a very large country. |  | False	Electricity can be made from coconut tre | True | 	1	[]
ENGC201	6.0	unclassified	6x2	12	12			[image] / https://www.shutterstock.com/i | [image] https://www.shutterstock.com/ima	[image] / https://www.shutterstock.com/i | [image] / https://www.shutterstock.com/i	1	[]
ENGC202	3.0	unclassified	7x3	3	0			Static column | Drag and drop words- have at the bottom  | Static column	1. | Cut | the car body from a block of wood, shapi	1	[]
ENGC202	4.0	unclassified	2x3	6	6			[h5] Contestant one / [image] https://ww | [h5] Contestant two / [image] https://ww | [h5] Contestant three / [image] https://	When clicked modal to an image like- the | When clicked modal to an image like- the | When clicked modal to an image like- the	1	[]
ENGC202	8.0	unclassified	1x2	2	1			[Activity Heading] Planning and drafting | [image] https://drive.google.com/file/d/		1	[]
ENGC202	8.0	unclassified	2x4	1	0			[Body] How do you feel about your final 	I can do better. | Almost there. | Just right. | I love it!	1	[]
ENGC204	1.0	unclassified	2x3	3	3			[image] https://www.istockphoto.com/phot | [image] https://www.istockphoto.com/phot | [image] https://www.istockphoto.com/phot	On the back of your favourite food packe | In a gaming manual. | In a recipe book.	11	[]
ENGC204	2.0	unclassified	1x2	2	1			[body] The following sentences are not w | [alert] / [H5] Justin Case quick tip! / 		1	[]
ENGC301	3.0	unclassified	5x3	7	2			[H6] Weet-Bix 1962 | [H6] Weet-Bix 2020	[AudioImage] https://www.youtube.com/wat | [AudioImage] / (audio) https://drive.goo	1	[]
ENGC301	4.0	unclassified	1x2	2	2			[H6] Honey Puffs 1982 / [video] https:// | [H6] Honey Puffs 2021 / [video] https://		1	[]
ENGC301	5.0	unclassified	1x2	2	2			[image] https://drive.google.com/file/d/ | [image] https://drive.google.com/file/d/		1	[]
ENGC301	6.0	unclassified	9x2	3	0			Slogan example | Company that matches	Just do it | Nike / Can these company’s logos be adde	1	[]
ENGC301	6.0	unclassified	4x2	0	0			Brand/Company | I think this slogan is effective because	2Degrees | This slogan is effective because it take	1	[]
ENGC302	1.0	unclassified	1x2	2	1			[body] Kahu is excited to get a reply fr | [image] https://drive.google.com/file/d/		3	[]
ENGC401	3.0	unclassified	1x2	2	2			[image] https://drive.google.com/file/d/ | [image] https://drive.google.com/file/d/		2	[]
ENGC403	1.0	unclassified	2x5	5	0			[H3] The way I think | [H3] The way I communicate | [H3] Social strengths | [H3] Hobbies and interests | [H3] Personal traits	• **I stand up for what’s fair** – I car | • **I talk things through with friends/f | • **I respect others** – disagreeing wit | • **I play sports –** so I understand te | • **Confidence** – I can back myself. / 	1	[]
ENGC403	5.0	unclassified	1x1	0	0			Kia ora, my name is … my student ID is …		1	[]
ENGC403	13.0	unclassified	1x1	0	0			Kia ora, my name is …, my student ID is 		1	[]
ENGI101	1.1	unclassified	2x3	0	0			 |  | 	 |  | 	1	[]
ENGI101	1.2	unclassified	1x5	0	0			 |  |  |  | 		1	[]
ENGI102	4.0	unclassified	3x3	9	0			Jack swapped his cow for some magic bean | Jack’s mother was not happy. She threw t | The beans grew into an enormous beanstal	Jack climbed up the beanstalk and found  | Inside the castle, Jack saw a sleeping g | Jack snatched the goose and ran back to 	2	[]
ENGI102	8.0	unclassified	5x2	0	0			• What was Mariri looking for in a new p | A place that was less crowded, with more	• The new island was called Enuamanu, wh | Island of birds and creatures.	2	[]
ENGI102	8.0	unclassified	5x2	0	0			• How did Naua discover the cave where h | He found it while hunting turtles.	• What was in the canoe Naua used to hel | Food and water supplies.	2	[]
ENGI102	8.0	unclassified	6x2	0	0			• Which island did Rat live on? | The small island.	• Which island did Rat want to go to? | The big island.	2	[]
ENGI102	10.0	unclassified	5x2	0	0			• Why did the Lion say he would not let  | He was annoyed that the Mouse had woken 	• Why did the Lion laugh when the Mouse  | Because he was King of the jungle and di	2	[]
ENGI102	10.0	unclassified	6x2	0	0			• Why did Monkey decide he wanted to cro | To get some mangoes to eat.	• Why did Crocodile offer to help Monkey | He was trying to trick Monkey, because h	2	[]
ENGI102	10.0	unclassified	5x2	0	0			• What made the very loud noise? | A small yellow frog.	• What did the frog tell the tiger he at | A tiger.	2	[]
ENGI102	10.0	unclassified	9x2	2	0			Question | Answer	• What was the name of a clever storytel | Aesop	1	[]
ENGI103	1.0	unclassified	1x2	2	1			[important text] ' What do I think this  | [Supervisor button] Ask your student que		3	[]
ENGI103	2.0	unclassified	1x2	1	0			Think of two questions you would like to | [supervisor button] / You may like to wr		2	[]
ENGI103	3.0	unclassified	1x2	2	0			[body] Write at least two sentences abou | [supervisor button] Some prompts you may		1	[]
ENGI103	5.0	unclassified	6x2	0	0			Paddle | Means to use something to push you throu	Waka | Is the Māori word for canoe. As in ‘the 	1	[]
ENGI103	6.0	unclassified	2x2	4	2			[image] https://www.istockphoto.com/phot | [body] If you chose **family dinners**, 	[image] https://www.istockphoto.com/phot | [body] If you chose a **cultural dance**	7	[]
ENGI103	6.0	unclassified	2x4	1	0			[Body] How do you feel about your final 	I can do better | Almost there | Just right | I love it!	2	[]
ENGI202	1.0	unclassified	1x1	1	0			[Thought bubble] / [H4] Whaitake / [Body		1	[]
ENGI202	2.0	unclassified	1x1	1	0			[Thought bubble] / [H4] Kotahitanga / [B		70	["clickDrop","clickDrop","dropDown","dropDown","modal","clickDrop","dropDown","modal","clickDrop","dropDown","modal","clickDrop","dropDown","dropDown","modal","clickDrop","dropDown","modal"]
ENGI202	4.0	unclassified	1x1	1	0			[Thought bubble] / [H4 Bold] Whakawhanau		1	[]
ENGI302	4.0	unclassified	1x2	1	1			https://www.istockphoto.com/vector/the-t | [.selfCheck] (students can type here wit		1	[]
ENGI302	5.0	unclassified	2x3	0	3			 |  | 	https://www.shutterstock.com/image-photo | https://www.shutterstock.com/image-photo | https://www.shutterstock.com/image-photo	3	[]
ENGI303	2.0	unclassified	1x2	2	1			[image] / https://drive.google.com/file/ | [body] In your journal, answer the follo		2	[]
ENGI303	3.0	unclassified	3x2	3	3			[image] https://www.istockphoto.com/phot | My room was a mess. / Don’t use **mess**	[image] https://www.istockphoto.com/phot | The food was delicious. / Don’t use **de	2	[]
ENGI303	5.0	unclassified	5x3	0	0			Height 1 | Height 2 | Difference (in cm)	4.35 m | 4.45 m | 	5	[]
ENGI400	3.0	unclassified	6x2	11	0			[Activity 3A] Our compulsory modules / [ | [title] **ENO Study written texts**	[image] Political Debates Of Speakers On | [image] Teenage Boy At Home Stock Photo 	1	[]
ENGI401	4.0	unclassified	1x2	2	1			[body] Create your own fact file about t | [image] https://www.istockphoto.com/vect		1	[]
ENGJ101	3.0	unclassified	2x4	0	0			First | Next | Then | Last	• To start with / • To begin / • One day | • Secondly / • After a while / • Suddenl | • Next / • All of a sudden / • Also / •  | • v	1	[]
ENGJ102	2.0	unclassified	2x2	0	0			Example one is using a boy's name, ‘Samu | Example two is using ‘Aotearoa’ as the c	**S**uper smart / **A**dventurous / **M* | **A**wakening to the tūī song / **O**ver	1	[]
ENGJ102	3.0	unclassified	2x2	0	2			Example one – Tigers | Example two – Pacific Islands	https://www.istockphoto.com/photo/tiger- | https://www.istockphoto.com/photo/empty-	1	[]
ENGJ102	4.0	unclassified	2x2	0	0			Example 1 | Example 2	I like playing games, but I don't like l | I like rainy days, but I don't like sogg	1	[]
ENGJ301	4.0	unclassified	1x2	2	0			(Can you please get rid of the numbering | Kupe discovers a giant octopus stealing 		2	[]
ENGJ301	5.0	unclassified	2x2	0	0			First person point of view | Third person point of view	I didn’t know which way to turn; I just  | Mahi stood in front of the mirror and in	1	[]
ENGJ301	5.0	unclassified	1x2	0	0			“I can teach you how to skateboard,” sai | Remaining punctuation / Comma: 6 / Open 		1	[]
ENGJ302	3.0	unclassified	2x5	5	0			One syllable | Two syllables | Three syllables | Four syllables | Five syllables	dog / horse / cat / cow / sheep | panda / tiger / peacock / lion / leopard | porcupine / elephant / buffalo / antelop | capybara / rhinoceros | hippopotamus	1	[]
ENGJ302	4.0	unclassified	6x2	0	0			**Simile** | **Metaphor**	The cheetah is as fast as a bullet. | The cheetah is a bullet.	1	[]
ENGJ302	5.0	unclassified	8x2	0	0			**broken** twig | Introduces a sense of something being fr	**perched** at the end | Suggests a delicate balance.	1	[]
ENGJ302	7.0	unclassified	6x5	0	0			Hungarian puli dog | Echidna | Saiga antelope | Frilled-neck lizard | Okapi	Link for photo | Link for photo | Link for photo | Link for photo | Link for photo	2	[]
ENGJ302	8.0	unclassified	6x2	0	0			In murky swamps, the alligators lurk, | With eyes that gleam and jaws that work.	In the jungle, a monkey named Lou, / Swu | He’d swing tit for tat, / In his canopy 	1	[]
ENGJ402	6.0	unclassified	8x2	0	0			**Question** | **True or false**	• **Contemporary** lyric poems follow a  | True/**False**	3	[]
ENGR101	2.0	unclassified	1x3	3	1			[image] https://pixabay.com/photos/butte | [body] Retell the news story to your sup | [Supervisor button] Ask your ākonga to r		1	[]
ENGR101	2.0	unclassified	1x2	2	1			[body] Take the quiz to show what you kn | [image] https://pixabay.com/vectors/anim		1	[]
ENGR101	4.0	unclassified	3x4	6	4			[Activity Heading] Writing a question /  | [Supervisor button] / You can support yo	Horse | Iguana | Dog | Red Panda	1	[]
ENGR101	6.0	unclassified	1x3	3	3			[body] It is your turn to write your own | [Image] https://pixabay.com/photos/pengu | [Image] https://pixabay.com/photos/humpb		1	[]
ENGR102	2.0	unclassified	3x4	0	0			volume (vol-ume) | inside (in-side) | take | space	rope | slide | make | name	1	[]
ENGR102	3.0	unclassified	4x4	0	0			sneetch | plain | really | three	beach | roast | toast | bean	1	[]
ENGR102	4.0	unclassified	2x4	0	0			for | sure | fork | tower	perfect (per-fect) | stars | far | started (star-ted)	1	[]
ENGR102	6.0	unclassified	2x2	2	0			Right | Wrong	Make each word its own tile: bell pip ca | Make each word its own tile: wel fus buz	1	[]
ENGR102	6.0	unclassified	6x4	0	0			chill | all | toss | ball	tallest (tall-est) | smell | grill | fizz	1	[]
ENGR201	1.0	unclassified	9x5	11	1			[body] Look at each topic listed in the  | [image] https://unsplash.com/photos/man-	Static column | These ones like a radio quiz | These dropdown quiz	1	[]
ENGR201	3.0	unclassified	1x5	5	5			School lunches / [image] / https://unspl | Pets / [image] https://pixabay.com/photo | The beach / [image] https://pixabay.com/ | A sport / [image] https://pixabay.com/ph | Gaming / [image] / https://pixabay.com/p		2	[]
ENGR201	4.0	unclassified	2x2	0	0			Paragraph One | Eating insects helps to protect our envi	Paragraph Two | There are loads of insects all over the 	2	[]
ENGR201	5.0	unclassified	1x2	2	1			(cropped like this) [image] https://www. | [body] Amazing! You have made it through		1	[]
ENGR201	6.0	unclassified	2x3	0	0			Is it uncommon? | Does it affect many people? | Is it new?	 |  | 	7	[]
ENGR201	6.0	unclassified	1x2	2	1			[Activity Heading] Planning / [body] In  | [image] https://drive.google.com/file/d/		4	["modal"]
ENGR201	6.0	unclassified	1x2	2	1			[body] Time to write! We want to see you | [image] https://drive.google.com/file/d/		1	[]
ENGR201	6.0	unclassified	1x2	2	1			[body] Editing is when you read over you | [image] https://drive.google.com/file/d/		3	[]
ENGR201	6.0	unclassified	2x4	1	0			[Body] How do you feel about your final 	I can do better | Almost there | Just right | I love it!	1	[]
ENGR202	1.0	unclassified	17x3	0	0			**Word** | **Big** | **Small**	Puny |  | x	8	["clickDrop","speechBubble","dragAndDrop"]
ENGR202	5.0	unclassified	6x2	5	0			Headline | Image	Adélie Penguin Release delayed in Wellin | [Image] Penguin	1	[]
ENGR301	4.0	unclassified	7x3	3	1			https://www.istockphoto.com/photo/happy- | [body] Nikau asked his Huinga Ako group 	Length of time on a cellphone | Tally can you please make these tally ma | Frequency	1	[]
ENGR301	8.0	unclassified	1x2	2	1			Remember to ensure your final piece is b | [alert] / [h5] Run-on sentence example: 		2	[]
ENGR302	1.0	unclassified	3x4	0	0			Link to image | Parents and children | Link for image | Coach and players	Link for image | Older sibling and younger sibling | Link to image | Employer and employees	1	[]
ENGR302	1.0	unclassified	8x2	0	0			Max | The Wild Things	Harry Potter | The Dursleys	1	[]
ENGR302	1.0	unclassified	10x2	0	0			Authority | In ‘Charlotte’s Web’ by E. B. White, Far	Intellectual | In *Matilda* by Roald Dahl, Miss Honey c	1	[]
ENGS102	1.0	unclassified	5x4	4	0			[Activity Heading] What traditional tale | checkbox | Story | checkbox	*Little Red Riding Hood* |  | *The Tortoise and the Hare* | 	1	[]
ENGS102	1.0	unclassified	5x3	6	4			Character | Looks | Personality	[h5] Little Billy Goat / [image] https:/ | small | smart / brave (ie correct with whichever	1	[]
ENGS102	2.0	unclassified	4x3	0	0	(goat)		*The Three Billy Goats Gruff* | *Both* | *The Three Cattle Dogs Gruff*	Goats. | Bridge. | Dogs.	5	[]
ENGS102	3.0	unclassified	3x3	5	2			Please cut out a range of the images sep | (settings) [carousel] / [image] https:// | [alert] / **To screenshot your Kiwiana s	[h5] Animals |  | 	2	[]
ENGS102	4.0	unclassified	6x3	0	0	Venn images	https://www.istockphoto.com/vector/hen-is-hatching	*The Little Blue Duck* | *Both* | *The Little Red Hen*	Make a pavlova | Cooking | Make a cake	6	[]
ENGS102	4.0	unclassified	3x5	3	0			Collecting the eggs. |  | Making the pavlova. |  | Eating the pavlova.	(clock image showing half past 11) |  | (clock image showing 3 o’clock) |  | (clock image showing 5 o’clock)	2	[]
ENGS102	5.0	unclassified	1x2	2	1			[body] It is your turn to make a new cha | [image] https://drive.google.com/file/d/		1	[]
ENGS102	6.0	unclassified	1x2	2	1			[body] Plan your ideas for your story us | [alert] Printable story planners / (add 		1	[]
ENGS102	6.0	unclassified	1x2	2	1			[Activity Heading] Writing a draft / [bo | [image] https://www.istockphoto.com/phot		1	[]
ENGS102	6.0	unclassified	1x2	2	0			[body] When you have written your story, | [supervisor button] Support your student		1	[]
ENGS102	6.0	unclassified	1x2	2	0			[body] Tino pai, well done for completin | [Alert] / If you would like to voice typ		2	[]
ENGS201	1.0	unclassified	2x2	2	2			[image] https://www.istockphoto.com/vect | [Body] It is time to have a go at writin	 | 	1	[]
ENGS201	4.0	unclassified	2x3	1	1			**Option 1** / **Write a what if scenari |  | [image] https://www.istockphoto.com/vect	**Option 2** / **Imagine you are a super |  | 	2	[]
ENGS201	7.0	unclassified	1x2	2	1			[body] When we write, our first version  | [image] https://drive.google.com/file/d/		2	[]
ENGS201	8.0	unclassified	1x2	2	1			[body] When we write, our first version  | [image] https://drive.google.com/file/d/		2	[]
ENGS202	1.0	unclassified	2x2	0	0			Landmark | Why this is special to me	Waitomo glowworm caves | I love looking at the twinkling lights f	2	[]
ENGS202	1.0	unclassified	3x4	10	9			(same as first image) | [body] There are landmarks all over the  | [Button] Great Wall of China – China / [ | [Button] Statue of Liberty – USA / [vide	[Button] Pyramids of Giza – Egypt / [vid | [Button] Taj Mahal – India / [video in m | [Button] Uluru – Australia / [video in m	1	[]
ENGS202	2.0	unclassified	2x4	0	0			Landmark | Noun | Verb | Sentence	Auckland Sky Tower | Superman | Stomped | The **Sky Tower** was created when **Sup	2	[]
ENGS202	6.0	unclassified	6x3	0	0			**Setting** / Where does your story take | 	**Story Idea** / What is the main advent | 	2	[]
ENGS202	6.0	unclassified	3x2	4	3			[image] https://unsplash.com/photos/macb | **Option 1** / Write your story. / Use t	[image] https://unsplash.com/photos/pers | **Option 2** / Draw your setting. Make s	2	[]
ENGS301	1.0	unclassified	1x2	2	2			[image] / https://drive.google.com/file/ | [body] When you look at this cover, what		1	[]
ENGS301	5.0	unclassified	2x4	4	4			[image] https://drive.google.com/file/d/ | [image] https://drive.google.com/file/d/ | [image] https://drive.google.com/file/d/ | [image] https://drive.google.com/file/d/	This is the original colouring of the st | The grey and black create a feeling of s |  | 	2	[]
ENGS301	6.0	unclassified	2x3	0	0			Feature | Opinion | Evidence	Illustrations	15	[]
ENGS301	6.0	unclassified	1x2	2	1			[Body] Now that you’ve explored *Kōwhai  | [image] https://www.istockphoto.com/phot		1	[]
ENGS302	2.0	unclassified	4x5	19	0	[create a clipart style image of Romeo, Polly and 		 | Correct answer | Correct answer | Correct answer | Correct answer	Romeo | Tries to show off and get attention. | Is easily upset by other’s insults. | Obviously wants to be friends and intera | Tries to act like a big man, even though	3	[]
ENGS302	4.0	unclassified	4x4	16	0	[Create clipart style images with six cinematograp		Correct Answer | Correct Answer | Correct Answer | Correct Answer	Shot Types | Different ways the camera captures the s | Camera Angles | The position of the camera in relation t	3	[]
ENGS302	5.0	unclassified	20x2	40	0			Can 1 (Top of the stack) | Bean 1: Cows mooing in the paddock by th	Can 2 | Bean 2: Car tyres spinning as car takes 	6	[]
ENGS302	5.0	unclassified	8x3	0	0			Scene | What kind of music has been chosen? Desc | What mood/atmosphere does this music hel	Beginning of movie, when Max’s dad picks | *e.g. An upbeat song is playing on the r | *The music is happy with a good beat, gi	1	[]
ENGS401	1.0	unclassified	2x5	10	5			[h5] Save the Last Dance | [h5] Step Up | [h5] Let’s Dance | [h5] Work It | [H5] The Fate of the Furious	https://www.youtube.com/watch?v=db4ajZlf | https://www.youtube.com/watch?v=HXsiR9F0 | https://www.youtube.com/watch?v=ipNU37J3 | https://www.youtube.com/watch?v=Jn2Jk0hh | https://www.youtube.com/watch?v=7L7l_R6S	6	[]
ENGS401	3.0	unclassified	1x2	2	2			[Activity Heading] Identifying strong an | [image] https://www.istockphoto.com/vect		1	[]
ENGS401	6.0	unclassified	2x2	4	2			[body] / • Using the text you have selec | [image] https://www.istockphoto.com/vect	[speechbubble] You’ve put in the work, a | [image] https://www.istockphoto.com/vect	1	[]
ENGS404	4.0	unclassified	4x4	16	0			[Q1] w ent | [Q1 correct] s trode | [Q5] ran | [Q5 correct] sprinted	[Q2] said | [Q2 correct] murmured | [Q6] ate | [Q6 correct] devoured	1	[]
GENO901	2.0	unclassified	3x3	6	0			1 | Wie geht’s? [correct] (audio track 2) | [media list item 33 Audio track 1 or rep	2 | Wie geht es Ihnen? [correct] (audio trac | [media list item 33 Audio track 2] / [Pl	1	[]
GENO901	2.1	unclassified	7x2	14	0	[Box containing the emojis for dragging – same emo		[speech bubbles containing body text – e | [Autocheck answers] / Answers shown in t	[Body text 1.] / [question speech bubble | [correct] / **Emoji 2 bad** [media list 	5	[]
HES1003	2.0	unclassified	4x2	0	0			Incidental decisions | Everyday decisions that you don’t need t	Simple decision | Minor, everyday sort of decisions that h	1	[]
HES1004	2.0	unclassified	4x3	9	0			**Food and nutrition** | **Mental health** | **Relationships and sexuality**	Healthy or a hoax? / How do I know wheth | Digital digestion. / How do I regulate m | Break up. / How do I leave an intimate r	1	[]
HIS1002	3.0	unclassified	1x3	0	0	[Two important or modal boxes side by side across 		“A 1974 test … dumped 500 times the maxi |  | More than half a million French citizens		4	[]
HIS1003	1.0	unclassified	8x3	0	0	[Interactive] Please create a True/False quiz for 		**Aim or Organ** | **True** | **False**	The United Nations Organisation was form | √ | 	4	[]
HIS1003	6.0	unclassified	6x2	6	0	[Interactive] Please create a drag and drop activi		When? | 	What? | 	4	[]
HIS1003	6.0	interactive	5x1	0	0	[Interactive] Please include the visual symbol for	https://docs.google.com/presentation/d/1y6dzBchl1Z	**Whakapapa: What authority does the sou	Mana: What authority does the author/cre	6	[]
HIS1004	6.0	unclassified	1x1	0	1			*“In 1968 the United Nations called for 		1	[]
HIS1004	8.0	interactive	4x4	1	0	[Interactive] Please clip above video from: 20:56-		Perspective summary points | Anti**-tour groups** | Prime Minister Robert Muldoon | The New Zealand Rugby Football Union	Factors influencing their perspective (p |  |  | 	5	[]
HIS1006	6.0	unclassified	6x2	0	0	[please create something interactive like this, wh		Tests designed to frustrate and humiliat | • O 2. O 3. O 4. O	Only opening the registration office two | • O 2. O 3. O 4. O	3	[]
HIS1006	6.0	unclassified	6x3	0	0	[link]	https://www.youtube.com/watch?v=DRwnXUbJdfg	 | Not Useful | Useful	John Lewis, Chairman of the SNCC civil r | * | 	7	[]
HIS1008	6.0	unclassified	6x2	6	0	[please create something interactive like this, wh		Tests designed to frustrate and humiliat | • O 2. O 3. O 4. O	Only opening the registration office two | • O 2. O 3. O 4. O	3	[]
HIS1008	6.0	unclassified	6x3	7	0	[link]	https://www.youtube.com/watch?v=DRwnXUbJdfg	 | Not Useful | Useful	John Lewis, Chairman of the SNCC civil r | * | 	7	[]
HPFUN101	0.0	unclassified	2x2	0	0	[Interactive] Drag and drop, drop the statements i		**Blue zone** / Sad, bored, tired, sick | **Green zone** / Happy, focused, calm, p	**Yellow zone** / Worried, frustrated, s | **Red zone** / Overjoyed, panicked, angr	10	[]
HPFUN101	0.0	unclassified	11x3	10	10	[interactive] sliders??		 |  | 	[insert media item 18] https://media.ist | Baking or cooking | 	2	[]
HPFUN101	0.0	unclassified	3x4	0	0	[Activity]	My circle of trust	Mum | Dad | Brother | Sister	Aunty | Grandfather | Grandmother | Cousin	8	[]
HPFUN101	0.0	unclassified	3x4	0	0	[interactive activity] drag and drop images into c		Mum | Dad | Brother | Sister	Aunty | Grandfather | Grandmother | Cousin	6	[]
HPFUN102	0.0	unclassified	7x3	21	7	[interactive activity] tick correct box		[h5] Hopscotch / [insert media item] htt | Toss a small object onto a numbered squa | Don't hop on the numbers. / (false)	[h5] Tag / [insert media item] / https:/ | Everyone runs away. / (false) | One person is "it" and tries to tag othe	2	[]
HPFUN102	0.0	unclassified	6x2	2	0	[interactive activity] drop down options		Questions | Drop down options (no wrong answers)	• Is your game a team game? | Yes/No	3	[]
HPFUN103	0.0	unclassified	9x3	9	9			• [insert media item #12] https://media. | A girl in Poppy’s football team keeps ca | No	• [insert media item #13] https://media. | Authur’s stepdad listened carefully to a | Yes	11	[]
HPFUN103	0.0	unclassified	7x2	7	7			[Insert media item 24] https://www.istoc | Happy	[Insert media item 25] https://www.istoc | Angry	1	[]
HPFUN201	0.0	unclassified	8x2	8	8	[Interactive Activity] Memory activity. Match the 		[h4] brushing teeth [insert media item 9 | 2 minutes	[h4] sleep / [insert media item 10] http | 10 to 12 hours	3	[]
HPFUN201	0.0	unclassified	12x4	0	0	[interactive activity] quiz/ multi-choice for each		• I brush my teeth twice a day. | never | sometimes | always	• I wash my hands. | never | sometimes | always	2	[]
HPFUN201	0.0	unclassified	10x3	18	7	[Interactive tool] drag and drop DEV match the ima		 | **Situation** | **Strategy**	[insert media item 19] https://media.ist | Hēmi wants to go for a swim. He is not v | Wait until there is a lifeguard or an ad	3	[]
HPFUN201	0.0	unclassified	11x2	2	0	[interactive activity] crossword DEV create a cros		Crossword clues | Answers	• *Being safe means feeling s----- in yo | *secure*	3	[]
HPFUN201	0.0	interactive	10x2	10	9	[Interactive]		 | Tick box or drop-down menu – Yes, Someti	[Insert media item 39] https://www.istoc | 	2	[]
HPFUN202	0.0	unclassified	8x3	8	7	[interactive activity] cross out – please black ou		• [insert media item] crop to only use c | I am frustrated that I still can’t hit t | I am proud of how much I have improved m	• [insert media item] https://media.isto | I feel delighted that I made some great  | I am annoyed that / I missed an easy pas	3	[]
HPFUN202	0.0	unclassified	2x3	6	5	[interactive tool] 6 flip cards with title and ima		Facing: Keep it up / [insert media item] | Facing: Marshmallow and spaghetti tower  | Facing: Airplane / [insert media item] /	Facing: Beach ball lift / [insert media  | Facing: Three-legged race / [insert medi | Facing: LEGO Copycat / [insert media ite	2	[]
HPFUN202	0.0	unclassified	9x2	18	9	[interactive tool] 9 flip cards. Name and photo on		Facing: Sonny Bill Williams [insert medi | Reverse: “Success isn’t just about winni	Facing: Lisa Carrington [insert media it | Reverse: “ It is about doing your best a	2	[]
HPFUN203	0.0	unclassified	9x3	9	0	[interactive activity] drag and drop the coloured 		Emotion | Crayon/ drag and drop crayon image | Behaviour	tired | Red and grey | working harder than everyone else	6	[]
HPFUN301	0.0	unclassified	6x3	11	5	[interactive activity] tick boxes		 |  | Answers	[insert media item] https://media.istock | Sami is looking down, with his hoodie ov | no	3	[]
HPFUN301	0.0	unclassified	10x2	4	0	[Interactive activity] drag and drop DEV drag and 		Answers | 	What I can control | What I can’t control	6	[]
HPFUN302	0.0	unclassified	9x4	0	0	[interactive activity]multiple choice answer / tic		**Sports challenges** | **a** | **b** | **c**	• Tennis serves | Some of my serves went super far – I did | I find it frustrating having to serve in | I followed the instructions and eventual	11	[]
HPFUN302	0.0	unclassified	4x2	8	4	[interactive tool] 6 flipcards DEV for each flip c		1 | [h3] Frankie Adams Actress and amateur b	2 | [h3] Stan Walker Musician / [insert medi	3	[]
HPFUN302	0.0	unclassified	10x6	6	0	[interactive activity] tick box options activity D		 | DEV the following are the tick box optio	 | I didn’t try. | I gave up quickly. | I set myself a goal and felt happy with  | I challenged myself and I did better. th | I knew how to do the activity already an	3	[]
HPFUN302	0.0	unclassified	7x2	8	0	[interactive activity] drag and drop DEV: drop the		country | Image to be drag and dropped onto map. O	• New Zealand | ti Rākau.png	3	[]
HPFUN303	0.0	unclassified	11x1	0	0	[interactive activity] order from most safe to lea		Someone stops you to ask for directions.	You are at the swimming pool and there a	3	[]
HPFUN401	0.0	unclassified	6x2	12	6	[interactive tool] flip cards – image and title fa		[insert media item] facing https://media | Reverse Harry has missed his bus. The ne	[Insert media item] facing https://media | Reverse / Hemi was meant to meet his fri	3	[]
HPFUN402	0.0	unclassified	6x2	6	2	[interactive activity] Yes / no tick box. DEV – th		• [insert media item] girl surfing.png | I enjoy surfing. It is time that I can s	• [insert media item] teenager hiking in | I went on a three-day hike. It was tough	3	[]
HPFUN402	0.0	unclassified	6x6	5	5	[interactive activity] slider/ bar graph activity		all of the time |  |  |  |  | 	 |  |  |  |  | 	4	[]
HPFUN402	0.0	unclassified	7x2	6	6	[interactive tool] click drop. Ensure that akonga 		 | 	[h4] Lydia Ko [h5] Golf [insert media it | Lydia Ko was born in Seoul, South Korea 	3	[]
HPFUN402	0.0	unclassified	3x4	12	0	[interactive activity] drag or drop reasons onto t		[insert media item] / kiwi bird swimming | [insert media item] / kiwi bird rugby.pn | [insert media item] / kiwi bird basketba | [insert media item] / Kiwi sailing.png	[insert media item] / Kiwi gymnastics.pn | [insert media item] / kiwi bird athletic | [insert media item] / kiwi bird playing  | [insert media item] / kiwi bird dance.pn	21	[]
HPFUN403	0.0	unclassified	7x2	1	0			Relationship Issues: [Drop down options] | 	Miscommunication | You misheard what someone said and got u	1	[]
HPFUN403	0.0	unclassified	6x3	0	0	[interactive activity] drag and drop DEV drag and 		I am a settler to New Zealand | I am a sports person | I am an over achiever	I have felt discriminated against someth | I am a New Zealander | I support those who are gender diverse	4	[]
HPFUN901	0.0	unclassified	8x2	8	8	[interactive tool] flip cards x8 – picture on fron		Facing [insert media item #6] https://me | If a rug is loose then it could become s	Facing [insert media item #7] https://me | Sharp corners on tables and other furnit	3	[]
HPFUN901	0.0	unclassified	6x2	10	10	[interactive activity] drag and drop images. DEV –		good choice | unsafe	[image #14] https://media.istockphoto.co | [image #19] https://media.istockphoto.co	4	[]
HPFUN901	0.0	unclassified	2x3	6	2	[interactive tool] flip cards x2 colour code cards		Phase 1 and 2 | Facing: toy organisation / [image #25] h | Reverse: Organise your toys so that they	Phase 3 and 4 | Facing: home improvements / [image #26]  | Reverse: Choose an area of your living r	2	[]
HPFUN901	0.0	unclassified	7x2	7	0	[interactive activity] re order the sentences. / m		Long hair | should be tied up.	Avoid wearing lose clothing and | accessories.	6	[]
HPFUN901	0.0	unclassified	2x3	6	2	[interactive tool] flip cards		Phase 1 and 2 | Facing: Kitchen rules / [insert media it | Reverse: / Write a list of safety rules 	Phase 3 and 4 | Facing: Hazard map / [insert media #34]  | Reverse: Draw a map of your kitchen and 	2	[]
HPFUN901	0.0	unclassified	6x2	12	6	[interactive tool] flip cards		Facing: BBQ [image #47] https://media.is | Reverse: A BBQ can be harmful because it	Chemicals [image #48] https://media.isto | Reverse: Sometimes chemicals like weed k	4	[]
HPFUN901	0.0	unclassified	2x2	4	0	[interactive tool] accordion – DEV place these int		Accordion 1 | Colour code for phase 1 and 2 / [h4] Spo	Accordion 2 | DEV: colour code this activity for phase	2	[]
HPFUN901	0.0	unclassified	3x1	3	3	[interactive tool] click drop		[click drop 1] / [body text] We have a v	[click drop 2] / [body text] We love pla	5	[]
HPFUN901	0.0	unclassified	6x2	0	0	[interactive activity] tick/ cross DEV answers wil		I know where it is safe for me to play. | 	I know where I cannot play. | 	2	[]
HPFUN901	0.0	unclassified	4x3	10	4	[interactive tool] flip cards DEV colour code to p		Phase 1-2 | Facing: Chalk safe zones / [image #60] h | Reverse: Go on a walk with your supervis	Phase 1-2 | Facing: Toy car simulation / [image #61] | Reverse: Use toy cars to demonstrate tra	2	[]
HPFUN902	0.0	unclassified	2x2	2	0	[Activity]		Phase 1 & 2 | Phase 3 & 4	Multichoice questions: / [H3] Beach Safe | Multichoice questions: / [H3] Beach Safe	2	[]
HPFUN902	0.0	unclassified	2x2	4	0	[Activity]		Phase 1 & 2 | Phase 3 & 4	[H3] Pool word search / [Body] Find word | [H3] Pool crossword / [Body] Use your kn	2	[]
HPFUN903	0.0	unclassified	2x2	4	2	[interactive tool] accordion DEV colour code for p		Accordion 1 phase one and two | [insert media item #8]video: https://you	Accordion 2 / Phases three and four | [h4] Seatbelt experiment / [image #9] ht	3	[]
HPFUN903	0.0	unclassified	8x4	7	7	[interactive Activity] multiple choice quiz		 | **a** | **b** | **c**	• When we need to stop our scooter we sh | Crash into a tree. | Use the brakes. | Jump off and roll.	4	[]
HPFUN903	0.0	unclassified	6x2	12	1	[interactive tool] flip cards x6		Facing: Tires / [insert media item #21]  | Reverse: It is important for your bike t	Facing: Brakes / [insert media item #21] | Reverse: It is important that your bike 	2	[]
HPFUN903	0.0	unclassified	2x2	4	0	[interactive tool] accordion x2		Phase 1 and 2 | [h4] Fitting a bike helmet / [body text]	Phase 3 and 4 | [h4] How do bike helmets keep us safe? /	2	[]
HPFUN903	0.0	unclassified	7x2	7	7	[interactive tool] slide show x 8 DEV on each slid		1 | [h4] Remote location / [image #35] https	2 | [h4] Rivers and water safety [image #36]	2	[]
HPFUN903	0.0	unclassified	8x2	0	0	[interactive activity] drag and drop – DEV: drag a		**Playground safety** | **Possible Hazards**	Slides on the hill | Misuse of the swings	5	[]
HPFUN903	0.0	unclassified	2x2	4	1	[interactive tool] accordion x 2 DEV colour code s		phase one and two | [h4] Beach side playground / [body text]	Phase three and four | [h4] Flying fox / [insert image #56] htt	2	[]
HPFUN903	0.0	unclassified	7x2	14	7	[interactive tool] 6 flip cards with title and ima		Facing: Wet surface / [insert media item | Reverse / Wet weather can affect how saf	Facing: Broken equipment / [insert media | Reverse : If you find broken equipment t	5	[]
HPFUN903	0.0	unclassified	9x3	0	8	[interactive activity] tick box quiz/ safe to appr		 | Safe to approach | Unsafe to approach	https://media.istockphoto.com/id/6140529 |  | 	3	[]
HPFUN903	0.0	unclassified	8x2	0	0	[Activity]	Approaching unfamiliar dogs	**Good choices** | **Unsafe moves**	ask owner first | dogs tied up	7	[]
HPFUN903	0.0	unclassified	2x2	4	2	[interactive tool] flip cards x 2 DEV colour code 		Phase one and two | Facing: Friendly dog picture / [insert m	Phase three and four | Facing: how to approach an unfamiliar do	4	[]
HPFUN903	0.0	unclassified	6x2	12	0	[interactive tool] flip cards x6		Facing: **Registration** | Reverse: Every dog must be registered wi	Facing: **Control in Public** | Reverse: Dogs need to be always kept und	4	[]
HPRE203	1.0	unclassified	3x4	12	0	[interactive tool] flip cards x 12 – DEV: image fa		[back] shocked, amazed, surprised | [back] angry, annoyed, sceptical, uncert | [back] upset, disappointed, regretful, s | [back] confused, unsure, puzzled, questi	[back] silly, playful, teasing, cheeky | [back] embarrassed, awkward, shocked, ma | [back] impatient, anticipating, eager, h | [back] pleased, content, calm, amused	4	[]
HPRE203	2.0	unclassified	3x2	6	0			Slide 1 | [h4] Hugging friends / [imageLeilaph2 an	Slide 2 | [h4] Borrowed belongings / [imageAlexph2	1	[]
HPRE203	3.0	unclassified	3x2	3	0			Slide 1 | [imageSuraPh2] / [body text] Yesterday w	Slide 2 | [imageAfiPh2] / [body text] Last night I	1	[]
HPRE203	5.0	unclassified	20x2	0	0			Football | 6,000 boys	 | 4,000 girls	1	[]
JPN1004	2.0	unclassified	10x7	0	0	[Activity embedded]	: Activity 2E わたし の じかんわり My Timetable/Schedule	時間め / （じかんめ） | 時間 / （じかん） | 月 | 火 | 水 | 木 | 金	 |  |  |  |  |  | 	22	[]
JPN1004	2.0	unclassified	2x2	0	0	[Activity embedded]	: Activity 2F おなじですか？ちがいますか？Same? Different?	**おなじ の こと Main similarities** | **ちがう こと Main differences**	 | 	8	[]
JPN1004	3.0	unclassified	7x4	4	6			Image | [Image] | Sentence | English Meaning	 | https://www.istockphoto.com/photo/japane | **おくれて** be late は / いけません。 | You are not allowed to be late.	1	[]
JPN1004	4.0	unclassified	9x2	0	0	[Activity embedded]:	Activity 4A あわせて ください。 Match activity	**REASON** | **RESULT**	あした は やすみ です**から** | 学校（がっこう) に 行きません（いきません）。	4	[]
JPN1004	5.0	unclassified	6x2	0	0	[Activity embedded]	: Activity 5C はなしましょう！ Let's talk！	**Question 1** | **Question 2**	Object は どこ に あります か。 (non-living) | Object は どこ です か。	4	[]
JPN1004	6.0	unclassified	13x2	0	0	[Activity embedded]	: Activity 6A だれ です か。Who is it?	• Sit in the front seat. | Sora	• Sit in a back seat. | Takao	3	[]
JPN1004	6.0	unclassified	7x2	2	0	[Activity embedded]	: Activity 6C あわせて ください。Please match.	English Meaning | Japanese Sentence	• I don’t want to play this game. | この ゲーム を したくない です。	5	[]
JPN1004	9.0	unclassified	3x2	3	3	[Activity embedded]	Activity 9A なに を きて います か。What are they wearing?	[Image] https://www.istockphoto.com/phot | １．二人（ふたり） は しろい シャツ を きて＿、ネイビーと ライトブルー の	[Image] https://www.istockphoto.com/phot | ２．ともえさん は ピアス と ネックレス を つけて 、 くろい セーターを 	6	[]
JPN1004	9.0	unclassified	4x2	0	0	[Journal Activity]		• **Welcome to my school** | • **Trip report**	Task: Write an introduction passage abou | Task: Write about a trip you recently we	6	[]
MXDB102	4.0	unclassified	1x5	0	5			https://www.istockphoto.com/photo/slate- | https://www.istockphoto.com/photo/cyclis | https://www.istockphoto.com/photo/sliced | https://www.istockphoto.com/photo/3d-ren | https://www.istockphoto.com/vector/carto		2	[]
MXDB102	5.0	unclassified	1x5	0	5			https://www.istockphoto.com/photo/breaki | https://www.istockphoto.com/photo/image- | https://www.istockphoto.com/photo/puff-p | https://www.istockphoto.com/photo/sandwi | https://www.istockphoto.com/photo/vegeta		2	[]
MXDB102	5.0	unclassified	1x5	0	5			https://www.istockphoto.com/photo/mid-ce | https://www.istockphoto.com/photo/black- | https://www.istockphoto.com/photo/closed | https://www.istockphoto.com/photo/hay-st | https://www.mychillybin.co.nz/NZPhotoIma		2	[]
MXDB102	6.0	unclassified	2x3	0	0			**PENTAGON** | **HEXAGON** | **OCTAGON**	This is a pentagon. / A pentagon has 5 v | This is a hexagon. / A hexagon has 6 ver | This is an octagon. / A pentagon has 8 v	1	[]
MXDB102	6.0	unclassified	6x3	0	0			1 curved side |  | Circle	4 equal sides |  | Square	1	[]
MXDB102	8.0	unclassified	1x5	0	5			https://www.istockphoto.com/photo/honeyc | https://www.istockphoto.com/photo/honeyc | https://www.istockphoto.com/photo/hexago | https://www.istockphoto.com/photo/red-ri | https://www.istockphoto.com/photo/steel-		1	[]
MXDB102	10.0	unclassified	7x3	1	0			Add images of each shape please | circle | porowhita	 | triangle | tapatoru	1	[]
MXDB201	2.0	unclassified	10x14	0	0			 |  |  |  |  |  |  |  |  |  |  |  |  | 	 | **A** |  |  |  |  | **B** |  |  | **C** |  |  |  | 	1	[]
MXDB201	3.0	unclassified	4x2	3	1			https://www.istockphoto.com/photo/empty-	*“I know to find the area of a shape I n | *“I know to find the area of a shape I n	2	[]
MXDB201	3.0	unclassified	3x4	0	1			https://www.istockphoto.com/photo/plasti |  |  | 	1 litre paint | 2 litre paint | 5 litre paint | 10 litre paint	14	[]
MXDB201	4.0	unclassified	10x14	0	0			 |  |  |  |  |  |  |  |  |  |  |  |  | 	 | **A** |  |  |  |  | **B** |  |  | **C** |  |  |  | 	1	[]
MXDB201	5.0	unclassified	2x2	2	2			*“I have never grown plants before so I  | *“I’ve always wondered how a seed turns 	Watch this video that Shelley selected a | Watch this video that Whaimutu selected 	2	[]
MXDB201	6.0	unclassified	4x5	0	10			 |  |  |  | 	https://www.istockphoto.com/photo/red-wa | https://www.istockphoto.com/photo/work-g | https://www.istockphoto.com/photo/garden | https://www.istockphoto.com/photo/coiled | https://www.istockphoto.com/photo/garden	2	[]
MXDB202	1.0	unclassified	2x10	0	0			I | II | III | IV | V | VI | VII | VIII | IX | X	giggle | giggle / giggle | giggle / giggle / giggle | giggle / wiggle | wiggle | wiggle giggle | wiggle giggle giggle | wiggle giggle giggle giggle | giggle squiggle | squiggle	1	[]
MXDB202	3.0	unclassified	4x3	4	4			Ahu Tongariki | [image] https://www.istockphoto.com/phot | This ahu is the biggest and has the high	Ahu Akivi | [image] https://www.istockphoto.com/phot | This ahu is unique because it is inland 	11	["dropDown"]
MXDB202	3.0	unclassified	2x2	0	0			Metric System | Imperial System	Millimetre / Centimetre / Metre / Kilome | Inch / Feet / Yard / Mile	1	[]
MXDB202	4.0	unclassified	6x2	0	6			**CUBE** | **SPHERE**	This is a cube. / A cube has: / • 6 face | This is a sphere. / A sphere has: / • 1 	16	["multiChoiceQuiz"]
MXDB202	5.0	unclassified	2x6	4	3			Can we make or source a silhouette of th | https://www.istockphoto.com/vector/eiffe | https://www.istockphoto.com/vector/sky-t | Can we make or source a silhouette of th | https://www.istockphoto.com/vector/highl | Can we make or source a silhouette of th	Great Pyramid of Giza 146 metres | Eiffel Tower / 324 metres | Sky Tower / 328 metres | Landmark 81 Vietnam / 461 metres | One World Trade Centre / 541 metres | Burj Khalifa / 828 metres	2	[]
MXDB202	5.0	unclassified	2x6	4	3			Can we make or source a silhouette of th | https://www.istockphoto.com/vector/eiffe | https://www.istockphoto.com/vector/sky-t | Can we make or source a silhouette of th | https://www.istockphoto.com/vector/highl | Can we make or source a silhouette of th	Great Pyramid of Giza / 146 metres | Eiffel Tower / 324 metres | Sky Tower / 328 metres | Landmark 81 / 461 metres | One World Trade Centre / 541 metres | Burj Khalifa / 828 metres	11	["selfCheck"]
MXDB301	1.0	unclassified	5x2	4	0	[Interactive Activity] Activity 1A- Multi-choice C		1. Buying a 100-gram box of crackers is  | True / False	2. You could reduce waste if you buy a M | True / False	7	[]
MXDB301	2.0	unclassified	18x6	5	0	[Interactive Activity] Activity 2B- Drag and Drop]		**Cracker Packaging** | Product / Cardboard / Plastic	**Percentage** | **100** |  |  |  | 	18	[]
MXDI101	1.2	unclassified	10x10	0	0			**1** | **2** | **3** | **4** | **5** | **6** | **7** | **8** | **9** | **10**	**11** | **12** | **13** | **14** | **15** | **16** | **17** | **18** | **19** | **20**	2	[]
MXDI101	1.3	unclassified	10x10	0	0			**1** | **2** | **3** | **4** | **5** | **6** | **7** | **8** | **9** | **10**	**11** | **12** | **13** | **14** | **15** | **16** | **17** | **18** | **19** | **20**	2	[]
MXDI101	1.4	unclassified	10x10	0	0			**1** | **2** | **3** | **4** | **5** | **6** | **7** | **8** | **9** | **10**	**11** | **12** | **13** | **14** | **15** | **16** | **17** | **18** | **19** | **20**	2	[]
MXDI101	1.5	unclassified	4x2	7	0			Array | Array	Groups | Groups	1	[]
MXDI101	1.7	unclassified	10x2	0	0			1 x 2 = 2 | 	2 x 2 = 4 | 	3	[]
MXDI101	1.7	unclassified	10x2	0	0			1 x 5 = 5 | 	2 x 5 = 10 | 	3	[]
MXDI101	1.7	unclassified	10x2	0	0			1 x 10 = 10 | 	2 x 10 = 20 | 	3	[]
MXDI101	1.9	unclassified	2x2	0	0			 | 2 x 5 = ___ / __ x 2 = 10 / 10 ÷ 2 = __ 	 | 6 x 10 = ___ / 10 x ___ = 60 / ___ ÷ 6 =	2	[]
MXDI102	3.0	unclassified	4x4	0	0			1 whole	57 | 58	4	[]
MXDI103	2.0	unclassified	9x13	51	0			a | **f** | t | **f** | **o** | **u** | **r** | **t** | **e** | **e** | **n** | **t** | r	t | **i** | h | d | e | e | n | **w** | c | t | o | **h** | o	2	[]
MXDI103	5.0	unclassified	5x2	0	0			thirty six | 	twenty | 	1	[]
MXDI103	6.0	unclassified	5x2	1	0			 | 4 tens and 3 ones / 40 + 3 = 43	 | ____ tens and _____ ones / ____ + ___ = 	23	["selfCheck"]
MXDI103	7.0	unclassified	7x2	0	0			One hundred and thirty six | 	Eight hundred and nine | 	2	[]
MXDI201	1.0	unclassified	1x1	0	0	[interactive activity] drop down selection/ choose		• 245 / • 503 / • 459 / • 582 / • 452 / 		5	[]
MXDI201	1.0	unclassified	6x3	6	6	[interactive activity] drop down choices (for each		[image][item #8] https://mytekuraschool- | 2 hundred + 9 tens + 6 ones | 296	• [image][item #9] https://mytekuraschoo | ___ hundred + ___ tens + _____ ones | 	7	[]
MXDI201	1.0	unclassified	7x2	0	0	[interactive activity] drag and drop		• Three hundred and ninety-four | 394	• Six hundred and twenty-seven | 627	3	[]
MXDI201	1.0	unclassified	5x2	0	0	[interactive activity] memory match, match the fol		216 | Two hundred and sixteen	621 | Six hundred and twenty-one	2	[]
MXDI201	2.0	unclassified	5x3	4	4	[interactive activity] type and check		 |  | Type and check	[image] [item #23] https://mytekuraschoo | 1616 | 1616	4	[]
MXDI201	2.0	unclassified	7x2	7	0	[interactive activity] type and check		3,000 + 400 + 70 + 2 | 3472	4,000 + 500 + 90 + 3 | 4593	3	[]
MXDI201	3.0	unclassified	6x5	4	0	[interactive activity] drop down numbers to be sel		Question | Drop down options for each number in thi | Drop down options for each number in thi | Drop down options for each number in thi | 	• 81 + 41 |  | 80 + ___ = 120 | 1 + ___ = 2 | 120 + ___ = __	4	[]
MXDI201	3.0	unclassified	4x3	0	0	[interactive activity] complete the place value ad		• 341 + 253 | 300 + 200 = ___ 40 + 50 = ____ 1 + 3 = _ | 500 + ____ + ____ = _____	• 412 + 857 | 400 + 800 = ___ 10 + 50 = ____ 2 + 7 = _ | _____ + 60 + _____ = ______	4	[]
MXDI201	4.0	unclassified	8x3	0	0	[interactive activity] complete the gaps/ type and		• 39 + 25 | 39 + 1 = 40 / 25 – 1 = 24 | 40 + 24 = 64	• 15 + 19 | 19 + 1 = ___ / 15 – 1 = ___ | 20 + ___ = ___	20	[]
MXDI201	4.0	unclassified	8x3	0	0	[interactive activity] D	rag and drop answers	• 44 + 129 | 129 + 1 = 130 44 + -1 = 43 | 130+ ___ = 173	• 99 + 75 | 99 + 1 = 100 / 75 – 1 = 74 | 100+ ___ = ___	21	[]
MXDI201	5.0	unclassified	10x2	10	0	[interactive activity]	Drag and drop to make the statements	1 | Number of birthday’s each person has in 	2 | Number of wheels on a bicycle	2	[]
MXDI201	5.0	unclassified	6x6	0	0	[interactive activity]	Select all the correct answers for each of these s	**9** | 2 + 7 | 1 + 8 | 4 + 5 | 6 + 3 | 2 + 8	**3** | 2 + 2 | 2 + 1 | 5 + 3 | 9 + 1 | 2 + 7	4	[]
MXDI201	5.0	unclassified	10x1	0	0	[interactive activity] drag and drop the four digi		2156	1211	3	[]
MXDI201	5.0	unclassified	10x1	0	0	[interactive activity] drag and drop the five digi		22166	11309	4	[]
MXDI201	6.0	unclassified	8x2	0	0	[interactive activity] Memory match	Match the twodigit number with the number if will 	11 | 110	23 | 230	19	[]
MXDI201	6.0	unclassified	5x2	0	0	[interactive activity] drag and drop answers		• 1200 ÷ 10 = | • 1200 ÷ 100	• 3400 ÷ 10 = | • 3400 ÷ 100	4	[]
MXDI201	6.0	unclassified	6x3	0	0			15 ✖️ 10 |  | 250	2500 ➗ 10 |  | 999,000	2	[]
MXDI201	7.0	unclassified	2x1	0	0			Factors of 12 are 1, 2, 3, 4, 6 and 12	Factors of 30 are 1, 2, 3, 5, 6, 10, 15 	7	[]
MXDI201	7.0	unclassified	10x5	0	0	[interactive activity] drag and drop correct numbe		😀 / 😀 / 😀 / 😀 | 1 x 4 = ___ | 4 x __ = 4 | 4 ÷ 1 = __ | __ ÷ 4 = 1	🏉🏉 / 🏉🏉 🏉🏉 / 🏉🏉 | 2 x 4 = ___ | 4 x __ = 8 | 8 ÷ 2 = __ | __ ÷ 4 = 2	4	[]
MXDI201	7.0	unclassified	5x3	0	0			 |  | 	 |  | 	1	[]
MXDI201	9.0	unclassified	8x2	0	0	[interactive activity] match the numbers to words		Number in digits | Number in words	1,346,301 | One million, three hundred and forty-six	2	[]
MXDI202	1.0	unclassified	9x2	9	0	[interactive activity] drag and drop/ drag the cor		• How many weeks in one year? | 52	• How many weeks in a fortnight? | 2	4	[]
MXDI202	1.0	unclassified	6x2	0	0	[interactive activity] drag and drop		• The year New Zealand became the first  | 1893	• The year Ernest Rutherford was awarded | 1908	4	[]
MXDI202	1.0	unclassified	9x1	0	0			Women voting in 1893.	1 800 hobbit feet.	2	[]
MXDI202	3.0	unclassified	3x4	0	0	[interactive activity] memory game. Match the pict		Right angle |  | Straight angle | 	Obtuse angle |  | Reflex angle | 	4	[]
MXDI202	3.0	unclassified	2x1	2	1	[interactive activity] drag and drop		[image] https://media.istockphoto.com/id	Answers: a. less than, b. less than, c. 	4	[]
MXDI202	3.0	unclassified	2x2	0	0			 | 	 | 	2	[]
MXDI202	3.0	unclassified	5x2	2	1			[image] https://media.istockphoto.com/id	1. | 2.	3	[]
MXDI202	3.0	unclassified	7x2	0	0	[interactive activity] drag and drop order the str		• Baldwin Street (Dunedin, New Zealand) | 19 degrees	• Ffordd Pen Llech (Wales) | 16 degrees	4	[]
MXDI202	3.0	unclassified	3x4	0	0	[interactive activity] tick box		 | Eldred Street 18 | Vale Street / 12 | Wiapi’o Valley Road / 14	 | Baldwin Street 19 | Baxtor Street / 17.7 | Vale Street / 12	4	[]
MXDI202	4.0	unclassified	11x4	0	0			Date | Metres | Group or individual | Country	4 April 2009 | 210.31 m | Jelle Bakker | Netherlands	1	[]
MXDI202	4.0	unclassified	10x2	10	0	[interactive activity] drag and drop (match the me		210 m | 0.210 km	216 m | 0.216 km	4	[]
MXDI202	4.0	unclassified	11x2	11	0			 | Round to the nearest 10	210.31 m | 210	3	[]
MXDI202	4.0	unclassified	11x2	11	0			 | Round to the nearest 100	210 m | 200	3	[]
MXDI202	6.0	unclassified	6x2	6	5	[interactive activity] drag and drop/ name the gra		[image] https://www.istockphoto.com/phot | 	[image] https://www.google.com/imgres?q= | 	4	[]
MXDI202	6.0	unclassified	6x3	0	0			 | When to Use: | Example:	Bar chart: | To compare different categories or group | Comparing sales figures for different pr	1	[]
MXDI202	6.0	unclassified	6x5	0	0	[interactive activity] tick boxes		 | Bar Chart | Pictogram | Line Graph | Pie Chart	Favourite types of ice cream. | ü | ü |  | 	4	[]
MXDI202	6.0	unclassified	12x2	0	0	[link]	https://youtu.be/pAXxkcVvzV4	Coin flip | Distance (cm)	1st | 	11	[]
MXDI202	6.0	unclassified	6x2	0	0	[interactive activity] memory match Total to the t		 | 44	 | 17	2	[]
MXDI202	6.0	unclassified	5x2	5	0	[interactive activity] type and check		 | 5	 | 17	5	[]
MXDI202	6.0	unclassified	4x3	0	0			Name of person | Number of forward rolls in 1 minute | Total	Ashley |  | 75	4	[]
MXDI202	6.0	unclassified	5x3	0	0			**Record** | **Tally marks** | 	Most Forward roll Front flips in one min |  | 17	1	[]
MXDI202	7.0	unclassified	6x2	0	0	[embedded link]	Classroom Timer | Free Countdown Timer | Toy Theat	Name of people/ team | Number of leapfrog jumps in one minute	Muhammad Abubka and Muhammad Norman | 58	3	[]
MXDI202	8.0	unclassified	8x2	8	0	[interactive activity] type and check		grams | Answers (kilograms)	1 000 g | 1 kg	4	[]
MXDI202	8.0	unclassified	8x2	8	0	[interactive activity] type and check/ convert kil		kilograms | Answers (grams)	1 kg | 1 000 g	4	[]
MXDI202	8.0	unclassified	5x2	5	0	[interactive activity] drag and drop/ match the st		Shrek was found in | 2004	Shrek ran away in | 1998	4	[]
MXDI202	8.0	unclassified	6x3	15	0	[interactive tool] Venn diagram/ drag and drop sta		Shrek | Both | Chris	27kg fleece | Merino | 40kg fleece	7	[]
MXDI202	8.0	unclassified	10x2	0	0			 | Half (÷2)	0.5kg | 0.25kg	1	[]
MXDI202	8.0	unclassified	7x3	10	0	[interactive activity] type and check		 | Half (÷2) | Double (x2)	40 kg | 20 kg | 80 kg	4	[]
MXDI202	9.0	unclassified	4x3	0	0	[interactive activity]	Drag line to match word to definition.	• Face |  | Each corner, where three faces meet	• Vertex |  | More than one vertex	5	[]
MXDI202	9.0	unclassified	6x3	5	5	[interactive tool] flip cards to reveal properties		Image | Name | attributes	[image] / https://www.istockphoto.com/ph | Cube | Faces: 6 / Edges: 12 / Vertices: 8	4	[]
MXDI202	9.0	unclassified	4x2	3	3	[interactive activity] click to reveal 1 clue at a		clues | answer	• I have six faces / I have two squares  | A cuboid / [image] https://www.istockpho	2	[]
MXDI202	9.0	unclassified	6x4	0	0			 | Number of Faces | Number of Edges | Number of Vertices	• Cube |  |  | 	6	[]
MXDI202	9.0	unclassified	8x3	0	0			 | Tally marks | Total	**Cube** |  | 	2	[]
MXDI202	9.0	unclassified	6x2	11	5	[interactive activity] select answer from drop dow		 | Answer:	[image] https://media.istockphoto.com/id | Square based pyramid	4	[]
MXDI202	9.0	unclassified	9x3	16	0	[interactive activity]	type and check/ rounding	 | Round to nearest 10 | Round to nearest 100	93 people | 90 | 100	4	[]
MXDI202	10.0	unclassified	8x4	18	0	[interactive activity] type and check		 | Broken by 1 | Broken by 10 | Broken by 100	15 | 16 | 25 | 115	4	[]
MXDI202	10.0	unclassified	6x2	0	0			On a unicycle. | 302	Underwater. | 15	4	[]
MXDI202	11.0	unclassified	8x2	8	0	[interactive activity] drop down options length/we		• Largest fruit salad | Weight	• Longest sushi roll | Length	4	[]
MXDI202	11.0	unclassified	6x3	2	0	[interactive activity] type and check		 | Metres | Kilometres	Longest noodle |  | 3.084	4	[]
MXDI202	11.0	unclassified	5x3	0	0			 | **Half** | double	5kg Sugar | • ÷ 2 = | 75 x 2 =	194	[]
MXDI301	1.0	unclassified	6x2	6	0			• Which of the following is **NOT a** wh | 5, 0, ¾ *answer in red	2. Which of these is **NOT TRUE** about  | *There is a 10-to-1 relationship between	1	[]
MXDI301	3.0	unclassified	6x5	3	0	[Interactive Activity- Hover triggers with Clickab		**Term 1** / **Term 3** / **Term 2**	• **Which pattern is shown by the terms  | Increasing number of squares / **Decreas	8	[]
MXEO201	2.0	unclassified	6x3	0	0			**Millimetres (mm)** | **Centimetres (cm)** | **Metres (m)**	**300** | **30** | **3**	1	[]
MXEO201	6.0	unclassified	2x4	0	0			 |  |  | 	**2 + 2 + 2 = 6** / **3 x 2 = 6** | **5 + 5 + 5 + 5 + 5 =** 25 / **5 x** 5 * | 6 **+** 6 **=** 12 / **2 x** 6 **=** 12 | 4 **+** 4 **+** 4 **+** 4 **=** 16 / 4 *	1	[]
MXEO201	6.0	unclassified	4x2	0	0			 | **3 rows of 8 makes** / **3 x 8 = 3 x 5 	 | **4 rows of 7 makes** / **4 x 7 =** 4 **	1	[]
MXEO201	6.0	unclassified	4x2	0	0	[Check box]		Factors of 15 | 2 **3** 6 **5** / **1** **15** 7 10	Factors of 20 | **2** **4** 6 **5** / **20** 15 **1** **	3	[]
MXEO201	6.0	unclassified	6x2	0	0			4 x 3 = 12 so 3 x 4 = 12 | 2 x 10 = 20 so **10** x **2** = **20**	3 x 8 = 24 so **8** x **3** = **24** | 5 x 11 = 55 so **11** x **5** = **55**	1	[]
MXEO202	3.0	unclassified	3x6	0	0			Classified by length of sides: | Classified by size of angle:	Equilateral triangle | Isosceles triangle | Scalene triangle | Right angle triangle | Obtuse triangle | Acute triangle	2	[]
MXEO401	1.0	unclassified	1x2	1	0			6 | **1 Height:** / **2 Chest circumference:		2	[]
MXEO401	2.0	unclassified	6x2	6	0			The height of a standard internal doorwa | 2 metres	The length of a fork | 20 centimetres	1	[]
MXEO401	3.0	unclassified	4x2	3	0			**Variable A vs Variable B:** | **Variable A is ...** (Dependent or inde	The time it takes a student to get to sc | Dependent (explanatory)	1	[]
MXEX101	1.0	unclassified	12x2	0	0	[Activity embedded]	**Activity 1A**	Task: Do this activity by typing the num	This space is blank to establish zero/nu | 	2	[]
MXEX101	2.0	unclassified	4x3	0	0	[Activity embedded]		**To the Supervisor: Create patterns for	Teaching Patterns using Natural Material	3	[]
MXEX101	6.0	unclassified	6x2	0	0	[Activity embedded]	**Activity 1A**	**Questions** | **Type your answers below**	1.What are the different materials gathe | 	3	[]
MXEX101	6.0	unclassified	6x2	0	0	[Activity embedded]	**Activity 1B**	**Questions** | **Type your answers below**	1.What were the different colour of leav | 	7	[]
MXEX302	4.0	unclassified	5x5	0	0			Aria 45 | Lucas 50 | Ava 46 | Mason 30 | Charlotte 59	Tama 22 | Manaia 47 | Ethan 50 | Aroha 43 | Hemi 39	1	[]
MXEX302	5.0	unclassified	4x2	4	0			• 20, 6, 18, 4 | Answer / 12	• 45, 46, 47 ,50, 57 | Answer / 49	3	[]
MXEX302	5.0	unclassified	4x2	4	0			• 22, 14, 17, 13, 2, 33 | Range = 31	• 123, 148, 55, 89, 94, 131 | Range = 93	3	[]
MXEX302	5.0	unclassified	4x2	4	0			• **Number of Goals Scored by Football T | Mode = 15	• **Lap Times in a Cycling Race (minutes | Mode = 18	3	[]
MXEX302	6.0	unclassified	11x3	0	0			Game number | Auckland Eagles points | Wellington Warriors points	1 | 98 | 102	1	[]
MXFL101	2.0	unclassified	2x5	0	0			 |  |  |  | 	 |  |  |  | 	2	[]
MXFL101	2.1	unclassified	5x5	0	0			3 | 7 | 4 | 3 | 9	1 | 3 | 2 | 3 | 0	1	[]
MXFL101	3.0	unclassified	4x4	0	0			**four** |  |  | **wha**	 | 4 |  | 	2	[]
MXFL101	3.3	unclassified	4x5	0	0			Example:	 | **+** |  | **=** | **7**	2	[]
MXFL101	3.5	unclassified	10x4	4	0			Make this column fixed | Drag and drop | Drag and drop | Drag and drop	 | 1 | one | tahi	2	[]
MXFL101	3.6	unclassified	4x5	0	0			Example:	 | **+** |  | **=** | **10**	1	[]
MXFL102	1.0	unclassified	2x4	0	0			1 | 2 | 3 | 4	5 | 6 | 7 | 8	11	[]
MXFL102	5.0	unclassified	6x2	0	0			 | 	Half past 3 | 9:30	2	[]
MXFL103	1.5	unclassified	2x20	10	0			Leap Year |  |  |  | Leap Year |  |  |  | Leap Year |  |  |  | Leap Year |  |  |  | Leap Year |  |  | 	2012 | 2013 | 2014 | 2015 | 2016 | 2017 | 2018 | 2019 | 2020 | 2021 | 2022 | 2023 | 2024 | 2025 | 2026 | 2027 | 2028 | 2029 | 2030 | 2031	1	[]
MXFL103	1.6	unclassified	5x3	0	0			Image | Months of the Year | Correct Answer	 | December / January / February | Summer	1	[]
MXFL104	1.0	unclassified	5x2	5	5	[Interactive] Drag and Drop Matching Activity		[Image] https://media.istockphoto.com/id | **5 full glasses of water**	[Image] https://media.istockphoto.com/id | **Half empty or half full**	3	[]
MXFL104	1.0	unclassified	2x4	4	4	[Interactive] Drag and drop activity (correct answ		**Full** | **Half Full** | **Quarter Full** | **Empty**	[Image] https://media.istockphoto.com/id | [Image] https://media.istockphoto.com/id | [Image] https://media.istockphoto.com/id | [Image] https://media.istockphoto.com/id	2	[]
MXFL104	4.0	unclassified	1x1	0	0					5	[]
MXFL104	4.0	unclassified	5x3	0	0	[Interactive] Tally chart. Answers are given in th		**Activity** | **Tally** / **Double click this photo to | **Total Number**	Table Tennis |  | 3	2	[]
MXFL104	4.0	unclassified	7x4	0	0	[Interactive] Picture graph. Answers are given in 		 |  |  | 	 |  |  | 	7	[]
MXFL201	1.0	unclassified	12x3	10	0			 |  | answer	Christchurch to Nelson |  | 417km	1	[]
MXFL201	2.0	unclassified	8x3	18	8	[interactive activity]	Match the regional Māori tourist activities to the	Waka Abel Tasman | $105 per adult | https://www.nelsontasman.nz/assets/Produ	Tāne Mahuta | Free | https://live.staticflickr.com/7071/ 1389	3	[]
MXFL201	4.0	unclassified	4x6	0	0			 | Waitangi | Marlborough | Auckland | Stewart Island | Taupo	Accommodation | **Beachside holiday park** / $18 per nig | **Lochmara Lodge** / $125 per night per  | **Movenpick Hotel** / $130 per night per | **Stewart Island backpackers** / $35 per | **Gables Lakefront motel** / $100 per pe	13	[]
MXFL201	5.0	unclassified	5x5	0	4	[embedded activity]		 | Solo traveller | Family of 4 | 2 friends | Grandad and Grandson	 | https://www.shutterstock.com/shutterstoc | https://www.shutterstock.com/shutterstoc | https://www.shutterstock.com/shutterstoc | https://www.shutterstock.com/shutterstoc	2	[]
MXFL201	5.0	unclassified	4x6	0	0	[interactive activity] multi-choice click and chec		Solo traveler | Waitangi | Marlborough | Auckland | Stewart Island | Taupo	Family of 4 | Waitangi | Marlborough | Auckland | Stewart Island | Taupo	2	[]
MXFL201	6.0	unclassified	3x4	0	8	[interactive activity] flip cards, first side name		**Tāhuna** / Queenstown adventure holida | **Rotorua** / Cultural discoveries | **Aotea**Great barrier island camping ex | **Te Whanganui-a-Tara**Wellington capita	https://www.istockphoto.com/photo/skylin | https://www.istockphoto.com/photo/geothe | https://www.google.com/search?q=great%20 | https://www.istockphoto.com/photo/wellin	2	[]
MXFL201	7.0	unclassified	7x4	0	12	[interactive activity]	accordion?	**Tāhuna** / Queenstown adventure holida | **Te Whanganui-a-Tara**Wellington capita | **Rotorua** cultural discoveries | **Aotea,** Great Barrier Island camping 	Camping ground | Wellington backpacker | Motel with geothermal pool | Camping ground	3	[]
MXFL202	2.0	unclassified	3x3	0	0			**CAT FOOD**	 |  | 	1	[]
MXFL202	4.0	unclassified	6x2	1	0	[Matching Activity]		**Questions** | Answers	• Do you have a pet? | 	3	[]
MXFL202	4.0	unclassified	4x2	0	0	[Matching Activity]		**Situation** | **Graph and Answers**	This graph shows the pet food costs in a | 	2	[]
MXFL203	1.0	unclassified	10x2	0	0	[interactive activity] timeline – please drag and 		1822 | Edinburgh’s first show	1842 | New Zealand’s first A&P show	2	[]
MXFL203	1.0	unclassified	10x2	1	0	[interactive activity] ākonga will need to match t		 | Answers	______ years after covid disruption | 2 years	2	[]
MXFL203	2.0	unclassified	9x2	9	9	[interactive tool] picture slide show		[image][item #16] / https://media.istock | 	[image][item #17] / https://media.istock | 	2	[]
MXFL203	2.0	unclassified	12x2	13	0	[interactive activity] crossword. Please create a 		Questions | Answers	• What is the first month of the year? | January	2	[]
MXFL203	2.0	unclassified	4x2	4	0			[image][item #27] January.jpg | 	[image][item #28] February.jpg | 	1	[]
MXFL203	3.0	unclassified	7x2	0	0	[interactive activity] flip tiles to see definitio		Denominator | The bottom number in a fraction.	Numerator | The top number in a fraction.	4	[]
MXFL203	3.0	unclassified	6x3	6	6			[image] [item #37] https://images.unspla |  | 	[image] [item #38] https://unsplash.com/ |  | 	1	[]
MXFL203	3.0	unclassified	2x2	0	0	[interactive activity] drag and drop, drop the fra		Less than half | Greater than half	1/3 / 1/5 / 2/5 / ¼ / 3/10 / 5/12 | ¾ / 4/6 / 9/10 / 6/10 / 3/5 / 11/12	2	[]
MXFL203	4.0	unclassified	7x4	21	0	[interactive activity] multiple choice questions		 | A | B | c	• Aroha won first prize for her chocolat | 1/3 | 2/3 | 1/6	7	[]
MXFL203	4.0	unclassified	5x2	0	0	[interactive activity] Memory game – match the equ		1/2 | 3/6	6/8 | 3/4	2	[]
MXFL203	5.0	unclassified	6x2	0	0	[interactive activity] Match the correct whole num		 | 1/1	 | 2/1	2	[]
MXFL203	5.0	unclassified	10x3	9	8	[interactive tool] flip cards		 | Attraction | Numbers	[image][item #55] / https://mytekurascho | Giant Slide | • 30 metres of nonstop bumpy fun / 3 lan	3	[]
MXFL203	6.0	unclassified	6x2	0	0	[interactive activity] memory game – match the fra		½ | 0.5	¼ | 0.25	2	[]
MXFL203	7.0	unclassified	10x3	0	0	[interactive activity] Sort the fractions and perc		1/10 | 10/100 | 10%	2/10 | 20/100 | 20%	2	[]
MXFL203	8.0	unclassified	6x2	0	0	[interactive activity] Students will match the mea		1 tsp | 5 ml	1 tbsp | 15 ml	2	[]
MXFL203	8.0	unclassified	9x4	0	0	[coloured box]	Millilitres (ml) to Litres (l)	Millilitre / (ml) | Decimal / (Litres) | Fraction | Spoons and cups	1 mL | 0.001 L |  | 	3	[]
MXFL203	9.0	unclassified	9x3	9	9			 | [image] [item #88] https://www.mychillyb | 	 | [image] [item #89] / https://www.mychill | 	2	["carousel"]
MXFL203	10.0	unclassified	11x4	0	0			Name of Rider | Name of Horse | Total score | Percentage	Ahorangi | Saint | 55/100 | 55%	2	[]
MXFL203	10.0	unclassified	16x3	0	0	[coloured box]	Time	**Open Final 12 sheep**	**Name** | **Time** | **Points**	8	[]
MXFL203	10.0	unclassified	13x2	12	0	[link][item #111]	Math Antics - Rounding (youtube.com)	 | Nearest whole number	**41.73** | 42	4	[]
MXFL203	10.0	unclassified	7x3	14	7			[image][item #112] https://www.mychillyb |  | Hemi’s pumpkin weighs 8.2 kg	[image] [item #113] https://media.istock |  | Tui’s pumpkin weighs 5.2kg	1	[]
MXFL203	10.0	unclassified	8x2	8	0			 | Doubled weight answers	• 8.2kg | 16.4	1	[]
MXFL204	1.0	unclassified	4x5	5	5	[interactive activity] drag and drop – statements 		[h4] Problem / [image] https://media.ist | [h4] Plan / [image] / https://media.isto | [h4] Data / [image] / https://media.isto | [h4] Analysis / [image] https://media.is | [h4] Conclusion / [image] / https://medi	What is the most common animal in my com | Ask people from my community what animal | Record the total number of animals and t | Create a bar chart to show the different | Decide what the most common animal in my	2	[]
MXFL204	1.0	unclassified	5x3	0	0			Problem |  | Information gathered	Plan |  | Ask an investigative question.	2	[]
MXFL204	2.0	unclassified	6x1	6	6			[image] https://media.istockphoto.com/id	[image] https://media.istockphoto.com/id	1	[]
MXFL204	2.0	unclassified	6x2	6	6	[interactive activity] drag and drop		• [image] https://media.istockphoto.com/ | How many cows are there in Northland?	• [image] https://media.istockphoto.com/ | What is the most popular pet?	3	[]
MXFL204	2.0	unclassified	2x6	2	5	[interactive tool] flip cards		front | https://www.istockphoto.com/photo/young- | https://media.istockphoto.com/id/5472056 | https://media.istockphoto.com/id/1163829 | https://media.istockphoto.com/id/5381863 | https://media.istockphoto.com/id/1409910	back | Dylan told Taj that there were some calv | Archer explained that he didn’t like cow | Millie said that her dad works on a dair | Paige said she thought that there were t | Olive said that she wasn’t interested in	3	[]
MXFL204	2.0	unclassified	7x2	2	0	[interactive activity] drag and drop/ drop followi		Questions that would provide information | Questions that would not give informatio	How many dairy cows do you have? | What time do you get up to do the milkin	3	[]
MXFL204	2.0	unclassified	6x4	0	0	[interactive activity] multiple choice		 | a | b | c	• What is the correct investigative ques | Will I have more free time if I get a ca | How many of the 20 different dogs requir | What breed of dog is best to own?	8	[]
MXFL204	2.0	unclassified	8x2	8	0	[interactive activity] yes/ no tick boxes		Survey members of her community by sendi | Yes	Film how many people visit a pet shop | no	4	[]
MXFL204	3.0	unclassified	2x2	0	0	[interactive activity] drag and drop – into boxes 		Primary data | Secondary data	Complete a survey among pet owners about | Read about the impact of climate change 	3	[]
MXFL204	3.0	unclassified	11x4	0	0	[definition](Department of Conservation)	she discovered that there are researchers recordin	Bird | Age | Female or Male | Weight	A | 12 | Female | 1.0 kg	6	[]
MXFL204	3.0	unclassified	10x1	0	0			• When did the NZ bird of the year compe	• How many years has the competition bee	2	[]
MXFL204	3.1	unclassified	10x1	0	0	[interactive activity] drag and drop		• The cat sleeping survey will record __	• The dog breeds survey will discover wh	7	[]
MXFL204	5.0	unclassified	9x3	0	0	[interactive activity] type and check		Animal | Tally marks | total	• Dog |  | 	4	[]
MXFL204	7.0	unclassified	9x3	0	0	[interactive activity] type and check – type total		Animal | Tally marks | total	• Lion |  | 	4	[]
MXFL204	7.0	unclassified	9x2	0	0			Animal | total	• Lion | 35	1	[]
MXFL204	7.0	unclassified	9x3	8	8	[interactive activity] drag and drop? Or click (I 		**Animal** |  | **total**	• [image] https://www.istockphoto.com/ph |  | 35	8	[]
MXFL204	8.0	unclassified	6x2	6	0	[interactive activity]		[graph] Number of dairy cows in regions  | Number of cattle in New Zealand regions	[graph] total number of dairy cattle in  | Total number of Dairy cattle between 197	3	[]
MXFL204	8.0	unclassified	8x3	0	0			Dog name | Dog breed | Daily exercise	Coco | Chihuahua | 20 minutes	1	[]
MXFL204	8.0	unclassified	8x4	9	9	[interactive tool] flip cards		front | Saint Bernard / [image] https://media.is | Cavalier King Charles Spaniel / [image]  | German Shepherd / [image] https://media.	Back | Large size / Low energy / Calm and good- | Small size / Moderate energy / Gentle, a | large / Very high energy / Extremely act	3	[]
MXFL204	9.0	unclassified	7x4	0	0	[interactive activity] tick box		 | reliable | Partially reliable | unreliable	• Taj |  |  | 	4	[]
MXFL204	9.0	unclassified	2x2	4	0	[interactive tool] flip cards		Daily exercise for dogs / [graph] daily  | Favourite pets / [graph] Favourite pets.	People watching African animals at the z | Kakapo population / [graph] Kakapo numbe	2	[]
MXFL204	9.0	unclassified	5x4	0	0	[interactive activity] multiple choice		 | Does not have a title | Does not have labels | Scale is not consistent	• Daily exercise for dogs |  |  | 	4	[]
MXFL204	9.0	unclassified	6x2	6	6	[interactive activity] memory match. Match the cat		Lion / [image] https://media.istockphoto | 20 hours	Tigers / [image] https://media.istockpho | 18 hours	3	[]
MXFL302	6.0	unclassified	4x4	0	0			2000g | 2kg | 6500g | 6.5kg	750g | 0.75g | 3750g | 3.75g	1	[]
MXFU201	1.0	unclassified	6x2	0	0	[interactive activity] memory game/flip 2 cards ov		1 day | 24 hours	½ a day | 12 hours	2	[]
MXFU201	1.0	unclassified	4x4	0	0	[interactive activity] drag and drop correct digit		 |  |  | 	2.00 | 3.00 | 5.00 | 7.00	4	[]
MXFU201	1.0	unclassified	4x4	0	0	[interactive activity]	Drag and drop the correct time.	A | B | C | d	2 o’clock | 5 o’clock | 7 o’clock | 9 o’clock	4	[]
MXFU201	1.0	unclassified	4x4	0	0	[interactive activity] match the digital times to 		A | b | c | d	1:30pm | 2:30am | 6:30am | 4:30pm	4	[]
MXFU201	1.0	unclassified	8x2	16	0	[interactive activity] match the clocks with time 		9:00 | 9:30	4:15 | 4:45	6	[]
MXFU201	1.0	unclassified	8x2	13	0	[interactivity activity] match the times		 | Adjust image to 5:30	 | 	6	[]
MXFU201	1.0	unclassified	8x2	16	0	[interactive activity] Type and check		1:00 | 1:15	2:15 | 2:30	6	[]
MXFU201	1.0	unclassified	8x2	16	0	[interactive activity] Type and check		1:00 | 1:15	2:15 | 2:30	6	[]
MXFU201	2.0	unclassified	5x2	0	0	[interactive activity] memory match		five past one | 	twenty past seven | 	6	[]
MXFU201	2.0	unclassified	6x2	0	0	[interactive activity] Memory match		five to one | 	twenty to seven | 	6	[]
MXFU201	2.0	unclassified	8x4	0	0	[interactive activity] Multiple choice/tick the co		What is 10 minutes more than: | A | B | C	• 5:00 PM | 5:10 PM | 10:50 PM | 5:10 AM	5	[]
MXFU201	2.0	unclassified	8x4	0	0	[interactive activity] multiple choice/tick box		What is 10 minutes more than: | A | B | C	• 6:00 PM | 5:10 PM | 6:20 PM | 7:10 AM	5	[]
MXFU201	3.0	unclassified	8x1	0	0	[interactive activity]	Drag and drop	• 01:00	• 17:00	5	[]
MXFU201	3.0	unclassified	8x3	0	0	[interactive activity] tick box AM/PM		 | AM | PM	• 08:50 |  | 	5	[]
MXFU201	3.0	unclassified	6x2	0	0	[interactive activity] Memory match		• 10:30 | 	• 05:15 | 	6	[]
MXFU201	3.0	unclassified	6x2	0	0	[interactive activity] drag and drop/ match the st		Kora’s piano lesson started at 15:30. | 3:30pm	Charli organsied to play video games wit | 6:00 pm	4	[]
MXFU201	3.0	unclassified	4x4	8	8	[interactive activity] drag and drop pictures to t		07:00 | 09:00 | 12:30 | 13:30	[image] https://media.istockphoto.com/id | [image] / https://www.istockphoto.com/ph | [image] / https://www.istockphoto.com/ph | [image] / https://www.istockphoto.com/ph	4	[]
MXFU201	4.0	unclassified	5x2	5	1	[interactive activity] Type and check		• 08:10 to 08:25 | [image] 08.10-08.25 numberline.png	• 09:35 to 09:50 | [image] 09.35 to 09.50 number line.png	5	[]
MXFU201	4.0	unclassified	3x2	3	0	[interactive activity]		• 07:15 to 08:30 | [image] 07.15 to 08.30 timeline.png	• 09:15 to 10:40 | [image] 09.15 to 10.40 timeline.png	5	[]
MXFU201	4.0	unclassified	6x1	0	0	[interactive activity] drag and drop		• Jono leaves his house at 08:30 and arr	• Jono’s bus should arrive at 08:50 but 	5	[]
MXFU201	4.0	unclassified	6x4	0	0	[interactive activity] tick box		 | a | b | C	• 04:35 to 05:10 | 35 minutes | 30 minutes | 40 minutes	5	[]
MXFU201	4.0	unclassified	7x6	0	0	[interactive activity]	Drag and drop	 | Minutes + 1 hour *(60 minutes)* | Ending hour – 1 hour / *(take away 1 hou | Answer	04:35 to 06:20 | 20+60 = 80 | 80 – 35 = 45 minutes | 6 – 1 = 5 hours | 5 – 4 = 1 hour | 1 hour and 45 minutes	9	[]
MXFU201	4.0	unclassified	6x1	0	0	[interactive activity] drag and drop		• Marama leaves her house at 07:30 and a	• Marama walks to the train station. She	5	[]
MXFU201	4.0	unclassified	9x1	0	0	[interactive activity] drag and drop cards will ne			**This is the first card.** / Find the e	2	[]
MXFU201	5.0	unclassified	2x5	0	0			 | Estimation | Attempt 1 | Attempt 2 | Attempt 3	½ cup |  |  |  | 	2	[]
MXFU201	5.0	unclassified	12x2	0	0			 | Number of millilitres	0 seconds | 0 ml	2	[]
MXFU201	6.0	unclassified	2x5	0	0			 |  |  |  | 	1–2pm | 2–3pm | 3–4pm | 4–5pm | 5–6pm	1	[]
MXFU201	6.0	unclassified	5x3	1	1	[interactive activity] Tick and cross		[image] https://media.istockphoto.com/id	• Charlie said if you add the first 2 ho | b. Anna thinks that the reason Kora sold | c. Sonny noticed that the 3 middle hours	10	[]
MXFU201	6.0	unclassified	8x1	0	0	[interactive activity] Drag and drop		• 10/100	• 25/100	5	[]
MXFU201	6.0	unclassified	8x2	0	0	[interactive activity] memory match. Flip 2 cards 		½ | 50/100	¼ | 25/100	2	[]
MXFU201	6.0	unclassified	8x2	0	0	[interactive activity] memory match. Flip 2 cards 		½ | 50%	¼ | 25%	2	[]
MXFU201	6.0	unclassified	7x1	0	0			Sleeping	Breakfast	6	[]
MXFU201	7.0	unclassified	4x5	4	0	[interactive activity] Type and check		 |  |  |  | 	 | • Mason | • Marama | • Oliver | • Kora	7	[]
MXFU201	7.0	unclassified	4x5	1	1			[image] https://media.istockphoto.com/id	 |  |  |  | 	1	[]
MXFU201	7.0	unclassified	18x6	1	1	[interactive activity] bar chart – complete the ba		 |  |  |  |  | 	70 |  |  |  |  | 	5	[]
MXFU201	7.0	unclassified	4x5	5	1			[image] https://media.istockphoto.com/id	 | • Mason | • Marama | • Sonny | d. Kora	1	[]
MXFU201	7.0	unclassified	7x1	0	0	[interactive activity] True of False		• Over 65s watch the most TV.	• 0–5-year-olds watch the least amount o	5	[]
MXFU201	7.0	unclassified	12x2	0	0			**Question:** / How long do you normally	Person | Length of time	2	[]
MXFU201	8.0	unclassified	6x2	1	0	[interactive activity] tick box		 | [image] dice probability line.jpg	A: You roll a 6-sided dice, and you roll | 	5	[]
MXFU201	8.0	unclassified	3x1	0	0	[interactive activity] drop down options – will ar		• Charlie suggests departing at 9 am.	• Kora suggests departing at 6 am.	10	[]
MXFU201	8.0	unclassified	6x5	0	0			 | **0’clock** | **Quarter past** | **Half past** | **Quarter to**	**6:00–7:00 am** | 25 | 21 | 28 | 30	1	[]
MXFU201	8.0	unclassified	6x4	0	0	[interactive activity] multiple choice		 | A | B | C	• The average number of cars recorded be |  |  | 	5	[]
MXFU201	8.0	unclassified	5x2	0	0	[Interactive Activity] match the statements/ drag 		The morning with the most traffic is | Thursday	The morning with the least traffic is | Sunday	4	[]
MXFU201	9.0	unclassified	1x1	0	0	[interactive activity] drop down options (for each		What was the temperature at: / • 4:00 am		5	[]
MXFU201	9.0	unclassified	8x1	0	0	[interactive activity]	Type and check	Look at the temperature in the Timaru li	What was the difference in temperature b	5	[]
MXFU202	1.0	unclassified	7x3	18	0	[interactive activity] drag and drop sports to the		Ancient Olympics | Ancient and Modern Olympics | Modern Olympics	Chariot racing | Short distance running | Rock Climbing	5	[]
MXFU202	2.0	unclassified	3x3	0	0	[interactive activity] drag and drop greater than 		42 events | < | 339 events	11,429 competitors | > | 250 competitors	4	[]
MXFU202	2.0	unclassified	8x4	14	0	[interactive activity] drag and drop year		• Beijing | 2008 |  | 	b. Melbourne | 1956 |  | 	4	[]
MXFU202	2.0	unclassified	13x6	0	0	[interactive activity] drag and drop city names in		Europe | North America | South America | Asia | Oceania/Australia | Africa	Athens | St Louis | Rio de Janeiro | Seoul | Melbourne | 	3	[]
MXFU202	2.0	unclassified	4x3	0	0	[interactive activity] Match the city to the count		Rio de Janeiro, Brazil | Sydney, Australia | Los Angeles, United States	London, United Kingdom | Tokyo, Japan | Moscow, Russia	5	[]
MXFU202	4.0	unclassified	7x2	0	0	[interactive activity] drag and drop		• Number of athletes | 10,000 athletes	• Spectators throughout the games | 100,000s	3	[]
MXFU202	4.0	unclassified	4x2	8	4	[interactive tool] flip cards – picture on front/t		[image] / https://commons.wikimedia.org/ | [image] https://commons.wikimedia.org/wi	[text] 2024 Paris Olympic Stadium | [text] 1936 Summer Olympics	5	[]
MXFU202	4.0	unclassified	5x5	4	4	[interactive activity] multiple choice answers		 | a | b | c | d	• [image] https://media.istockphoto.com/ | 250 x 24 = 6000 | 24 ÷ 12 = 2 | 300 ÷ 25 = 12 | 290 ÷ 2 = 145	3	[]
MXFU202	5.0	unclassified	7x4	6	0	[interactive activity] drag and drop		 |  | Total points scored in pool matches | Score rounded to nearest 10	Rio 2016 | Men’s Rugby 7s | 59 | 60	4	[]
MXFU202	5.0	unclassified	6x3	6	0	[interactive activity] complete the following calc		How many more points did the New Zealand | 117 – 88 = | [image] 117 -88.jpg	How many more points did the New Zealand | 117 – 71 = | [image] 117 - 71.jpg	4	[]
MXFU202	5.0	unclassified	10x2	0	0	[coloured box]	What are kilograms and kilometres?	 | Weight lifted	Kanah Andrews-Nahu | 211kg	8	[]
MXFU202	5.0	unclassified	7x4	0	6	[interactive tool] flip cards. place picture and n		 |  | **New Zealand record** | **Olympic record**	**Shot Put** | https://www.istockphoto.com/photo/athlet | 22.90m set by Tom Walsh in 2019 | 23.33m set in 2020	2	[]
MXFU202	5.0	unclassified	8x2	0	0	[interactivity activity] memory match		Eight metres and five centimetres | 8.05m	Two metres and 36 centimetres | 2.36m	2	[]
MXFU202	5.0	unclassified	7x2	7	0	[interactive activity] drag and drop the image rep		8.05m | [image] 8.05m.jpeg	2.39m | [image] 2.39m.jpeg	3	[]
MXFU202	5.0	unclassified	7x2	7	0	[interactive activity] type and check		**New Zealand records** | Record rounded to the nearest whole numb	22.90 m | 23m	3	[]
MXFU202	5.0	unclassified	7x2	7	0	[interactive activity] type and check		**World record** | Record rounded to the nearest tenth	23.33 m | 23.30 or 23.3	3	[]
MXFU202	6.0	unclassified	8x5	0	0	[interactive activity] multiple choice/select the 		 | a | b | c | D	• 3+3 | 4 | 5 | 6 | 7	5	[]
MXFU202	6.0	unclassified	4x3	4	4	[interactive activity] dropdown options		a. Women’s first Olympic boxing tourname | 2012 + ____ = 2024 | 10 / 12 / 24 / 28	b. In 2024, the USA had won a total of 1 | 4 + _____ = 117 | 113 / 114 / 116 / 117	5	[]
MXFU202	7.0	unclassified	7x2	7	0	[interactive activity] drop down options		• There were 10 rowing doubles teams. Ho | Dropdown options 9/15/20	• There were 8 beach volleyball teams. H | Dropdown options 8/16/24	4	[]
MXFU202	7.0	unclassified	4x10	0	0	[interactive activity] highlight (or splat if poss	Paint the Squares - Interactive Number Charts	1 | 2 | 3 | 4 | 5 | 6 | 7 | 8 | 9 | 10	11 | 12 | 13 | 14 | 15 | 16 | 17 | 18 | 19 | 20	6	[]
MXFU202	7.0	unclassified	6x10	0	0			1 | 2 | 3 | 4 | 5 | 6 | 7 | 8 | 9 | 10	11 | 12 | 13 | 14 | 15 | 16 | 17 | 18 | 19 | 20	4	[]
MXFU202	7.0	unclassified	3x2	0	0			 | • How many players are there on 2 courts	 | • How many players are on 4 courts?	2	[]
MXFU202	7.0	unclassified	11x2	10	2	[interactive activity]	Type and check	**How many rowers are there in each race	[image] crop image/ remove title and bac | 1 x 4 =	5	[]
MXFU202	7.0	unclassified	11x2	10	1	[interactive activity]	Type and check	How many rowers are there in each race?	[image] https://media.istockphoto.com/id | 8 x 1 =	5	[]
MXFU202	8.0	unclassified	6x5	0	0			 | Bars | Beam | Floor | Vault	Susan | 13 | 24 | 27 | 49	1	[]
MXFU202	8.0	unclassified	5x5	0	0	[interactive activity]		 | Multiple choice answers	• Each bouldering route has 15 holds and | 60 / G | 50 / A | 40 / P | 30 / S	4	[]
MXFU202	8.0	unclassified	4x5	0	0	[interactive activity] Multiple choice		 | Multiple choice answers	• If a climber practices 5 different rou | 18 / E | 20 / A | 22 / U | 24 / I	4	[]
MXFU202	8.0	unclassified	8x5	0	0	[interactive activity] multiple choice		 | Multiple choice answers	• If a competition has 9 rounds and each | 160 / K | 170 / M | 152 / J | 162 / C	4	[]
MXFU202	8.0	unclassified	1x16	14	0	[interactive activity] type and check		G | R | I | P |  | A | N | D |  | C | O | N | Q | U | E | R		7	[]
MXFU202	9.0	unclassified	1x3	0	0	[interactive activity] drag and drop the number fr		• If there are 36 cyclists competing in  | • The cyclist completes 20 laps in a tra | • There are 28 cyclists. Each relay team		9	[]
MXFU202	9.0	unclassified	6x2	0	0	[interactive activity] drag and drop – drag follow		• There were 31 swimmers competing in th | 	• There were 19 swimmers competing in th | 	11	[]
MXFU202	9.0	unclassified	4x1	0	0			53 athletes from 1 country were divided 	78 athletes from 1 country were divided 	3	[]
MXFU202	10.0	unclassified	5x2	7	5	[interactive tool] flip cards		Athlete research / [image] https://media | Choose a past or upcoming Olympic athlet	Logo design / [image] https://en.wikiped | Each Olympic Games design their own logo	4	[]
MXFU302	2.0	unclassified	2x4	0	1			Merged item number | Section/URL | Content to be used (module/lesson) | Comments	Merged item number 1 | https://tekura.desire2learn.com/d2l/le/c | Lesson 1 Match the words activity | Activity 1A Only	1	[]
MXFU302	4.0.0	unclassified	6x3	0	0			 |  | Answer	**+ 5 = 25** | **=** | 20	1	[]
MXFU302	7.0	unclassified	5x4	3	0			Point | *x* | *y* | Coordinates (*x*, *y*)	A | 1 | 2 | (1, 2)	1	[]
MXFU302	7.0	unclassified	6x2	0	0			**Game** | **Points Scored**	1 | 5	2	[]
MXFU401	5.0	unclassified	9x6	0	0			**Shape** | **Polygon** | **No. of Sides** | **Sum of the exterior angles** / **(degr | **Measure of one exterior angle (degrees | **Measure of one interior angle (degrees	 | **Triangle** | **3** | **360** | **120** | **60**	5	[]
MXFU402	2.0	unclassified	1x2	2	2			[Body] Your turn to test out some experi | [Image] / https://www.iStockphoto.com/ve		1	[]
MXFU402	3.0	unclassified	6x7	11	0			 |  | **Player One** | [alert] / • First number = Player One’s 	 | Action | 1 | 2 | 3 | 4 | 	2	[]
MXFU402	3.0	unclassified	5x6	11	0			 |  | Player One | [alert] / • First number = Player One’s 	 | Action | P | S | R | 	11	[]
MXFU402	3.0	unclassified	6x2	2	0			[drag and drop] / Question | Drag and drop answer	= | 	1	[]
MXFU402	3.0	unclassified	6x2	7	0			[body] Find the theoretical probability  | 1/27	P (1 win, one loss out of 2 games) | 2/9	2	[]
MXFU402	3.0	unclassified	1x2	2	1			https://www.iStockphoto.com/photo/extrem | [speechbubble] Before we hit the next le		1	[]
MXFU402	4.0	unclassified	5x2	0	0			P (LH and blue) | 	P (RH and yellow) | 	1	[]
MXFU402	4.0	unclassified	1x2	2	1			[body] Are you hungry? Let’s pause the g | [image RHS] https://www.iStockphoto.com/		1	[]
MXFU402	5.0	unclassified	9x3	0	0			 | Independant | Dependent	Rolling a dice twice |  | 	1	[]
MXFU402	5.0	unclassified	1x2	1	1			https://www.iStockphoto.com/photo/selfis | [speechbubble] You’re doing an awesome j		2	[]
MXFUN01	3.0	unclassified	6x3	6	0			• 356 |  | Answer / 50	• 435 |  | 400	1	[]
MXFUN01	3.0	unclassified	6x2	7	0	[Type and check] Could this please be recreated, t		Question | Answers	• 19 | 109	4	[]
MXFUN01	5.0	unclassified	6x3	12	3			Question number | Question | Answers to be typed have been shown in r	1. | [Image] https://www.istockphoto.com/vect | 	3	[]
MXFUN01	6.2	unclassified	4x2	5	1			1 x 24 = 24 / [Image] https://www.istock	2 x 12 = 24	3	[]
MXFUN01	6.2	unclassified	6x4	12	0	[Type and check]		**Number** | **Nearest 10** | **Nearest 100** | **Nearest 1000**	567 | 570 | 600 | 1 000	4	[]
MXFUN01	6.3	unclassified	6x8	29	0	[Type and Check] I couldn’t type the numbers in th		 | 	23 / 456 |  |  | 2 | 3 | 4 | 5 | 6	4	[]
MXFUN01	6.3	unclassified	6x5	20	0	[Type and check] Can this please be created. Answe		 | **x10** | **x100** | **÷10** | **÷100**	507 | 5070 | 50700 | 50.7 | 5.07	4	[]
MXFUN01	6.4	unclassified	6x2	7	0	[Type and check] Answer shown in red.		Question | Answer	• 6 + 3 x 2 | 12	4	[]
MXFUN01	6.5	unclassified	5x2	7	0	[Type and check]	Could the images please be recreated, coloured in 	3 / 6 2 / 4 | 2 / 5 4 / 10	4 / 10 2 / 5 | 1 / 4 2 / 8	4	[]
MXFUN01	6.5	unclassified	8x3	15	0			**Mixed number** | Images to be recreated please | **Improper Fraction**	1 3/4 |  | 7/4	3	[]
MXFUN01	6.5	unclassified	5x6	12	0	[Type and check] Can this table and the images ple		**Percentage** | **50%** | **25%** | **10%** | **75%** | **20%**	**Hundredths** | **50/100** | 25/100 | 10/100 | 75/100 | 20/100	4	[]
MXFUN01	6.5	unclassified	6x2	7	0	[Type and check] Answers have been given in red		Questions | Answers	• 25 % of 28 = | 7	4	[]
MXFUN02	0.0	unclassified	3x10	0	0	[Type and check] Teacher marked, trigger MTK engag		**1** | **2** | **3** | **4** | **5** | **6** | **7** | **8** | **9** | **10**	**11** | **12** | **13** | **14** | **15** | **16** | **17** | **18** | **19** | **20**	6	[]
MXFUN02	0.0	unclassified	2x3	6	0	[Type and check] Can these please be recreated, ha		Answer: 4 | Answer: 3 | Answer: 6	Answer: 18 | Answer: 30 | Answer: 10	3	[]
MXFUN02	0.0	unclassified	4x6	0	0			😁😁😁😁😁😁 | 🐸🐸🐸🐸🐸🐸🐸🐸 | 🔑🔑🔑🔑🔑🔑🔑🔑🔑🔑🔑🔑🔑🔑🔑 | 🐌🐌🐌 / 🐌🐌🐌 / 🐌🐌🐌 / 🐌🐌🐌 | 🏀🏀🏀🏀🏀🏀🏀🏀🏀🏀🏀🏀🏀🏀🏀 | 🌈🌈🌈🌈 / 🌈🌈 / 🌈🌈 / 🌈🌈 / 🌈🌈 / �	__ x__ = 6 | 2 x__ = __ | __ x 5 = | __ x__ =12 | __ x__ = 15 | 20 ÷ __ = 2	1	[]
MXFUN02	0.0	unclassified	7x2	7	0			8 x 5 < 7 x 6 | T /F	5 x 4 > 5 + 14 | T/ F	1	[]
MXFUN02	0.0	unclassified	1x4	4	0	[Typed answer]		[Click drop image] / [H4] Generalising n | [Click drop image] / [H4] Equations and  | [Click drop image] / [H4] Patterns and r | [Click drop image] / [H4] Algorithmic th		20	[]
MXFUN03	0.0	unclassified	4x2	8	1	[Type and Check] Could this please be created? Sor		Question | Answer	[Image] https://www.istockphoto.com/phot | 7 cm	4	[]
MXFUN03	0.0	unclassified	2x2	4	0	[Type and check] I have given the answers in red. 		1. / 2cm + 8cm + 2cm + 8cm = 20 cm | 2. / 6cm + 8cm + 6cm + 8cm = 28 cm	3. / 5cm + 5cm + 5cm = 15 cm | 4. / 2cm + 2cm + 2cm + 2cm + 2cm +2cm = 	4	[]
MXFUN03	0.0	unclassified	2x2	4	0	[Type and check] Could the images please be recrea		3 cubes | 2. / 7 cubes	8 cubes | 10 cubes	4	[]
MXFUN03	0.0	unclassified	5x1	5	0	[Type and check] Answers are in red.		• 1 250 grams = 1 kg 250 g	• 3 500 grams = 3 kg 500 g	4	[]
MXFUN03	0.0	unclassified	2x4	8	4	[Type and check] I have shown the answer to be typ		[Image] / https://www.shutterstock.com/i | [Image] / https://www.shutterstock.com/i | [Image] / https://www.istockphoto.com/ph | [Image] / https://www.shutterstock.com/i	[Body] / Answer 8 kg | [Body] / Answer 16 kg | [Body] / Answer 14 kg | [Body] / Answer 28 kg	4	[]
MXFUN03	0.0	unclassified	4x3	10	0	[Type and check] Could this please be created as a		Answers	• 5 | • 2 | • 3	4	[]
MXFUN03	0.0	unclassified	3x4	12	0			[Image] | Answer / 85 ° | [Image] | Answer / 25 °	[Image] | Answer / 90 ° | [Image] | Answer / 165 °	3	[]
MXS1004	4.0	unclassified	4x2	8	0	[Activity] Is it over lapped Drop down options all		A right shifted.png [Item 40] | A middle 50% is shifted to the right	overlap wide.png [Item 41] | Middle 50%s are overlapped	2	[]
MXS1004	7.0	unclassified	2x2	1	0	[Activity sort]	Sort these pairs of variables into correct for rel	Suitable for Relationship | Not Suitable	Height (cm) and weight (kg) (Suitible) / | 	5	[]
MXS1004	7.0	unclassified	5x3	4	0	[Activity]radio quiz	Linear or Nonlinear	Display | Linear | Nonlinear	 | tick | 	2	[]
MXS1004	8.0	unclassified	8x3	0	0	[Activity]		 | Dairy | Oat	Min | 2.6 | 2.93	4	[]
OSAH501	3.0	unclassified	11x3	2	0			Online scenarios | [multichoice] mcqSomeSelected autoCheck | [show answer]	A fake social media profile is created u | • Harmful Digital Communications Act 201 | Creating a fake profile and posting offe	1	[]
OSAI301	2.0	unclassified	6x4	3	0			Scenario | Benefit / [Reorder]Column | Risk / [Reorder]Column | [show answer] CS show this question afte	An AI system helps doctors diagnose dise | Speeds up diagnosis and helps detect iss | May misdiagnose due to biased or incompl | Who is responsible if the AI makes a mis	1	[]
OSBY101	1.0	unclassified	1x1	0	0	[activity choice – single multi]	Activity 1A	Susie is at a Girl Guide activity at the		6	[]
OSBY101	3.0	unclassified	6x3	7	5			static |  | Matching Sticker (can be either one of t	[image] https://www.istockphoto.com/vect |  | Super. / Awesome.	1	[]
OSOH201	1.0	unclassified	3x1	3	1			[interactive stopwatch mins and secs onl	[sketcher] https://www.istockphoto.com/v	1	[]
PES1001	2.0	unclassified	6x3	0	0			**Description** | **True** | **False**	The geosphere includes everything on Ear |  | 	2	[]
PES1001	2.0	unclassified	4x2	0	3			**Landform** | **Formed by**	Volcano / https://commons.wikimedia.org/ | • Upward pressure from the squashing of 	1	[]
PES1001	3.0	unclassified	2x2	0	1			sedimentary rock / igneous or volcanic r | Image: https://commons.wikimedia.org/wik	(answers: 1 magma, 2 cooling and crystal	1	[]
PES1001	9.0	unclassified	5x3	0	0			**Sphere affected** |  | **Impact of eruption**	**Geosphere:** |  | Volcanic eruptions release magma, gases,	1	[]
PES1002	5.0	unclassified	2x2	1	0			What impacts on the Earth system were de | • Rainfall swells streams. / • Sea level	What were some of the actions different  | • Make plans and policies to make it eas	2	[]
PES1002	6.0	unclassified	8x5	0	0			**Forests can:** | **Hydrosphere** | **Geosphere** | **Biosphere** | **Atmosphere**	Provide animals with shelter and a place |  |  | Y | 	2	[]
PES1004	7.0	unclassified	4x3	0	0	[Fill the gaps Activity]		made at right-angles | at the same place | 	 | trend-line | reliable	12	[]
PES1007	1.0	unclassified	3x7	2	0			Kinetic | Potential | Mechanical | Thermal | Electrical | Chemical | Nuclear	 |  | remove answer! | remove answer! |  |  | 	1	[]
PES1008	5.0	unclassified	8x2	2	0	[Activity mix and match type for this graph ]		Questions (mix these up ) | Answers (mix up, these are correct)	What is the melting point of the solid? | 70℃	3	[]
PHE1005	3.0	unclassified	9x2	9	0	[activity] memory card game with images and words 		te whānau | [item 7]	waiora | [item 8]	5	[]
PHE1006	1.0	unclassified	8x2	8	0	[activity]	In this activity, match the image with the name of	Poi rakau | Item 2	ki-o-rahi | Item 3	9	[]
SCFUN01	0.0	interactive	5x3	8	0	[interactive]		 | **Objective** | **Subjective**	Wētā are ugly. | [check box] | [check box] [Answer: yes]	3	[]
SSOG301	1.0	unclassified	10x2	0	0			Vision | A clear and inspiring picture of the fut	Empowerment | Providing individuals, the authority, re	4	[]
SSOG301	1.0	unclassified	4x4	0	0			Whina Cooper | Sir Apirana Ngata | Martin Luther King Jr | Mother Teresa	**Dame Whina Cooper** Advocating for Māo | **Sir Apirana Ngata** Significant contri | **Martin Luther King Jr** Known for his  | **Mother Teresa** Compassionate leadersh	9	["infoTrigger"]
SSOG301	6.0	unclassified	4x3	0	0			**MMP only** | **FPP only** | **Both systems**	Voters have two votes. | Voters have one vote. | Can result in a stable government.	4	[]
TEDC401	1.0	unclassified	3x1	3	0			[Checkbox] / Which one sounds most like 	[Slider] / How confident do you feel wit	1	[]
TEDC401	5.0	unclassified	5x4	1	0			[H3] **Refine your prototype** / [Body]  | **Evidence (chart/comment)** | **Change made** | **Why it helps**	Text too small | 4 testers struggled | Increased to 18pt | Easier to read	5	["speechBubble"]
TEDC402	5.0	unclassified	1x2	2	0	[Activity]	**4E**	[H3] **Clean a dataset** / [Body] Choose | [Alert RHS] **Need help getting started?		3	[]
TEFUN03	0.0	unclassified	6x3	2	0			Items CS can you please display the belo | Mash-up [Flipcards]	spoon / spoon | fork / fork | shutter stock spork / spork	1	[]
TEFUN03	0.0	unclassified	5x5	1	0			Flip cards only turn in pairs- when 2 ar	teddy / a toy | book / a book | scooter / a scooter | playground (top left only) / a playgroun | camera / a camera	1	[]
TEFUN03	0.0	unclassified	8x2	14	0			Flipcard front | Flipcard back	[Body] S / Substitute / What different m | [Body] Instead of air, **substitute** th	1	[]
TRR109	1.0	unclassified	2x2	4	0	[Activity: Embedded] wordfind	Note to CS – please only use vowel pairs e.g. ai u	[H3] **Find the ‘ao’** | [H3] **Rapua ngā ‘ao’**	[Body] Find all the oropuare pūrua **ao* | [Body] Kimihia nga oropuare pūrua **ao**	2	[]
TRR109	2.0	unclassified	2x2	4	0	[Activity: Embedded] Word Select		[H3] **Words that use ‘ae’** | [H3] **Ngā kupu ‘ae’**	[Body] Look at the sentences. / Click on | [Body] Titiro ki ēnei rerenga kōrero kei	2	[]
TRR109	3.0	unclassified	6x4	19	0	[Interactive] Carousel note to cs – please include		Slide number | First letter / [AudioHover] | 2 chunk / [AudioHover] | final word / [AudioHover]	1 | **k** / [Item 125] [Audio] k | **ai** / [Item 126] [Audio] ai | **kai** / [Item 127] [Audio] kai	3	[]
TRR109	3.0	interactive	3x2	6	0			[H1] **3.5** | [H1] **3.5**	[H2] **Silly Sentences** | [H2] **Rerenga Rorirori**	1	[]
TRR109	3.0	unclassified	2x2	4	0	[Activity: Embedded] Radio Quiz with audio		[H3] **Find all the ‘ai’** | [H3] **Rapua ngā ‘ai’**	[Body] Listen to each sentence. / Click  | [Body] Whakarongo ki ia rerenga kōrero. 	2	[]
TRR116	6.0	interactive	13x4	23	0			[Activity: Embedded] Word Select	[H3] **Activity** **Instructions:** | [H3] **Ngā** **Tohutohu:**	1	[]
TRR116	8.0	interactive	13x4	23	0			[Activity: Embedded] Word Select	[H3] **Activity** **Instructions:** | [H3] **Ngā** **Tohutohu:**	1	[]
TWHA906	0.0	unclassified	2x2	4	0	[interactive tool] Flip cards x4 - DEV: use this i		Facing: Reverse: People with a strong vi | Facing: / Reverse: People with a strong 	Facing: / Reverse: People with a strong  | Facing: / Reverse People with a strong k	3	[]
TWHA906	0.0	unclassified	4x3	8	4	[interactive activity] drag and drop DEV: ākonga w		• [insert media item #5]image https://up | Sonny Bill Williams appears to learn bes | Kinaesthetic	• [insert media item #6] image https://u | Lorde can easily hear melody and rhythms | Auditory	8	[]
TWHA906	0.0	unclassified	12x6	0	0	[interactive activity] quiz multiple choice option		1. | When learning a new computer or board ga | Look at clues from diagrams. | Listen to somebody explain it and asking | Read the instructions. | Watching others.	2. | If you had been asked to create a presen | Make diagrams or get graphs to help expl | Write down a few key words and say them  | Write out my speech and learn it by read | Gather examples and stories to make it r	6	[]
TWHA906	0.0	unclassified	3x2	3	0	[interactive tool] timeline DEV: create a personal		Introvert | Introverts will look calm, thoughtful, a	Ambivert | An ambivert is a person who sometimes li	2	[]
TWHA906	0.0	unclassified	5x3	4	0	[interactive tool] drag and drop DEV: allow for st		Introvert | Extrovert | Ambivert	A lone time. | Being with others. | Enjoy being alone and with others.	3	[]
TWHA906	0.0	unclassified	4x4	12	1	[interactive tool] flip cards x4 (colour code to p		Phase 2 |  | Facing: / Drawing / [insert media item # | Reverse: Draw a picture of where you fee	Phase 2 |  | Facing: role play / [insert media item # | Reverse: With your whānau or friends, ro	2	[]
TWHA906	0.0	unclassified	4x3	12	4	[interactive activity] flip cards – colour code th		Phase 2 | Facing: Collage / [insert media item #25 | Reverse: Create a collage to show one of	Phase 2 | Facing: Recording [insert media item #26 | Reverse: Explain how you are going to tr	2	[]
TWHA906	0.0	unclassified	4x2	4	4	[interactive Activity] Memory game DEV: ākonga wil		[insert media activity #31] image https: | Healthy food	[insert media item #32] https://media.is | Sleep	2	[]
TWHA906	0.0	unclassified	4x2	8	0	[interactive tool] flip cards x 4 (2 for phase 2 a		DEV: Colour code for phase 2: / Facing:  | Reverse: / Go for a walk in your communi	DEV: colour code for phase 2: / Facing:  | Reverse: Draw a picture of one of the me	2	[]
TWHA906	0.0	unclassified	11x2	0	0	[interactive activity] cross word DEV: include the		Clues | Crossword words	Creamy and cool dairy snack often eaten  | Yoghurt	2	[]
TWHA906	0.0	unclassified	4x3	12	4	[interactive tool] flip cards x2 DEV colour code t		Phase 2 | Facing: E moji sleep chart / [insert med | Reverse: Create a weekly chart to record	Phase 2 | Facing: Sleep sanctuary model / [insert  | Reverse: Create your own sleep sanctuary	2	[]
TWHA906	0.0	unclassified	4x2	7	4	[interactive tool] flip cards x4		Facing: J.K. Rowling / [image #57] https | Reverse: Before J.K. Rowling became famo	Facing: Taylor Swift / [image #58] https | Reverse: Taylor Swift started writing so	3	[]
TWHK901	0.0	unclassified	4x3	0	0			Environment | Social | Economic	Conservation | Education accessibility | Responsible business	2	[]
TWHK901	0.0	unclassified	2x3	3	0			Activity 1D: Title: Kakapo Pao | Activity 1E: Title: Fidgit Power | Activity 1F: Title: A Day in the Life	Help save the kakapo, one of our most en | Help generate electricity through wind t | Find out how each of our daily items is 	1	[]
TWHK901	0.0	unclassified	6x2	0	0			Principle: | Strategy:	1. Leadership: | a. Riparian planting and testing of wate	3	[]
TWHK903	0.0	unclassified	5x2	4	0			Key Aspects of a Digital Diet: | Definition	• **Time Spent Online**: | A . Whether digital use supports persona	2	[]
WJFUN107	0.0	unclassified	8x3	2	0			 | [Multichoice quiz, Auto correct] | [Correct Answer]	We planned to walked to the top of Mount | Correct / Incorrect | Incorrect	2	["speechBubble"]
WJFUN109	0.0	unclassified	4x3	3	0			Static Column images / [H4] Picture | [drag and drops] currently correct [H4]  | [drag and drops] currently correct / [H4	Queenstown Police Emergency Lights Stock | Why Drivers Should Never Speed | Persuade	2	[]
WJFUN116	0.0	unclassified	5x2	5	0	[The activity doesn’t need to be in a table but th		Busy bicycles buzzed beside the Maitai R | [correct answer B or b ]	Fantastic fantails flitted through the f | [correct answer F or f ]	3	[]
WJFUN211	0.0	unclassified	1x1	0	0			My chosen audience is __________________		1	[]
WJFUN212	0.0	unclassified	5x2	1	0			Synonyms for jumped | Meaning	Leapt | Take off high	4	[]
WJFUN305	0.0	unclassified	7x2	2	0			Message (Static) | Intended Reaction (Draggable)	Visit Thames and experience its rich gol | Want to visit	2	[]
XDLS908	3.0	unclassified	5x2	0	0	[Activity – interactive]	3H	**Statement** | **Question**	New Zealand does not have enough trains! | Are you finding this too loud?	5	[]
XDLS909	2.0	unclassified	4x3	0	0			**Ko** |  | **taku ingoa.**	*My name is* |  | *.*	3	["clickDrop"]
XFUN02	2.0	unclassified	3x10	15	0			Monday | Tuesday | Wednesday | Thursday | Friday	Number of hours sleep | □ | Number of hours sleep | □ | Number of hours sleep | □ | Number of hours sleep | □ | Number of hours sleep | □	8	["slider"]
XFUN02	2.0	unclassified	8x2	7	0			Bedtime routine | Possible icons	 | [image] toothbrush and toothpaste	1	[]
XFUN02	3.0	unclassified	6x2	6	0			[image] thermometer | Keep it cool. Aim for a room that is 18º	[image] light dimmer | Turn off bright light. Dim lights when g	1	[]
XFUN02	5.0	unclassified	5x2	5	0			[images] smartphone alarm | **On a Phone or Tablet:** / • Open the C	[images] digital clock | **On a Digital Alarm Clock** / • Plug it	1	[]
XFUN02	6.0	unclassified	4x2	4	0			[images] feet under duvet | Activity 1: **Relax your body moves** / 	[images] child tucked up in duvet | Activity 2: **Comfort routine without ge	1	[]
XGF9002	1.0	unclassified	24x2	0	2			https://www.istockphoto.com/vector/cross | https://www.istockphoto.com/vector/green	strong willed | spirited	7	["carousel"]
XGF9003	1.3	unclassified	8x2	16	14			This.... | Matches with this	[Image] https://www.istockphoto.com/vect | [Image] https://www.istockphoto.com/phot	1	[]
XGF9004	4.0	unclassified	2x2	2	2			[H3] Moana https://www.istockphoto.com/v | [H3] Wiremu https://www.istockphoto.com/	 | 	1	[]
XGF9004	6.0	unclassified	1x3	3	3			[Image] https://www.istockphoto.com/phot | [Image] https://www.istockphoto.com/vect | [Image] https://www.istockphoto.com/vect		1	[]
XGF9004	7.0	unclassified	1x1	1	1			[Three animals across the page with name		1	[]
XGF9004	9.0	unclassified	2x3	3	3			[Image] https://www.istockphoto.com/phot | [Image] https://www.istockphoto.com/phot | [Image] https://www.istockphoto.com/phot	 |  | 	4	["dragAndDrop"]
XGF9004	14.0	interactive	2x2	2	0	[Interactive]		[H3] True | [H3] False	 | 	6	[]
XGF9006	6.0	unclassified	2x4	8	8			[Card 1] / [Image for front] https://www | [Card 2] / [Image for front] https://www | [Card 3] / [Image for front] https://www | [Card 4] / [Image for front] https://www	[Card 5] / [Image for front] https://www | [Card 6] / [Image for front] https://www | [Card 7] / [Image for front] https://www | [Card 8] / [Image for front] https://www	1	[]
XLP03	4.0	unclassified	2x3	0	0			 |  | 	**2** | **1** | **3**	1	[]
XLP03	4.0	unclassified	1x5	0	0			 |  |  |  | 		7	["clickDrop","clickDrop"]
XMES101	1.0	unclassified	2x4	8	0			Movement 1. Clap your hands. | Movement 2. Stamp your feet. | Movement 3. Pat your chest. Left and Rig | Movement 4. Rest. No Movement.	Te reo: Paki paki / Te Reo sound clips | Takahia | Pakia tou uma | Okioki	1	[]
XMES101	4.0	unclassified	6x3	6	0			Apple/aporo / [image] red apple | Muesli bar/pae muesli / [image] muesli b	• Choose **one** of the items. Say your 	1	[]
XMES101	4.0	unclassified	1x2	2	0			[image] grey sweatshirt | [image] r ed hoodie		2	[]
XMES101	5.0	unclassified	2x3	6	0			Movement 1. Clap your hands. | Movement 2. Stamp your feet. | Movement 3. Pat your chest. Left and rig	Te reo: Paki paki [insert audio] | Takahia [insert audio] | Pakia tou uma [insert audio]	1	[]
XMES101	6.0	unclassified	4x2	4	0			Take a selfie photo of yourself or find  | [click drop image 1] Girl in a wheelchai	Hold the photo up and say your name. For | [click drop image 2] image of girl with 	2	[]
XMES101	6.0	unclassified	1x8	0	0			G | r | a | c | e |  |  | 		2	[]
XMES101	7.0	unclassified	2x3	3	0			 |  | 	Not fun. Too Hard. | Ok. I had to work hard to do this. | Loved it! Easy and fun.	1	[]
XMES101	8.0	unclassified	5x3	0	0			Day | Month | Year	*For example: 06* | *For example: July* | *For example: 2010*	6	[]
XMES101	8.0	unclassified	3x2	2	0			Image | Instructions	[image] man with cape | Take a scarf or small piece of fabric an	2	[]
XMES102	1.0	unclassified	3x3	0	0			aero plane | bird singing | hairdryer	car horn | helicopter | police car	2	[]
XMES102	4.0	unclassified	4x2	3	0			Images | Name	bedroom 3D | [Audio animation] Bedroom: This is where	2	[]
XMES102	4.0	unclassified	3x2	1	0			 | 	**Total:** | **Total:**	3	[]
XMES103	1.0	unclassified	1x6	0	0			Mum/NanaInsert Name | Dad/PopInsert Name | You Insert Name | Carer 1 Insert Name | Carer 2Insert Name | Brother/SisterInsert Name		2	[]
XMES103	1.0	unclassified	2x3	0	0			 |  | 	Not fun. Too Hard. | Ok. I had to work hard to do this. | Loved it! Easy and fun.	1	[]
XMES103	2.0	unclassified	2x3	2	0			House count | Our hands | Our feet	How many people are in your house? Count | Who has the longest hands? / Who has the | Who has the longest foot? / [image] foot	2	[]
XMES103	2.0	unclassified	2x3	0	0			 |  | 	Not fun. Too Hard. | Ok. I had to work hard to do this. | Loved it! Easy and fun.	1	[]
XMES103	3.0	unclassified	2x3	0	0			 |  | 	Not fun. Too Hard. | Ok. I had to work hard to do this. | Loved it! Easy and fun.	1	[]
XMES103	4.0	unclassified	2x3	0	0			 |  | 	Not fun. Too Hard. | Ok. I had to work hard to do this. | Loved it! Easy and fun.	1	[]
XMES103	5.0	unclassified	4x2	3	0			Image | Caption	[image] water play | • Water play.	2	[]
XMES103	5.0	unclassified	2x3	0	0			 |  | 	Not fun. Too Hard. | Ok. I had to work hard to do this. | Loved it! Easy and fun.	1	[]
XMES201	2.0	unclassified	4x2	6	0			Questions | Description {drop click select}	Here is a small dog. / [image] Terrier / | small, medium, large small medium large 	1	[]
XMES201	3.0	unclassified	5x3	0	0			Day 1 – What I saw | Day 2 – What I saw | Day 3 – What I saw	Time: 8.30 am / Example: My dog was slee | Time: 10 am / Example: My cat was sittin | Time: 5.30 pm / Example: My horse was ea	2	[]
XMES201	3.0	unclassified	2x6	12	0			baby | milk | born | grow | chick | adult	puppy | kitten | foal | sprat | juvenile | cycle	2	[]
XMES203	2.0	unclassified	2x3	2	0			 |  | 	I | feel | XMES203 sign language clips Activity 2B	2	[]
XMES203	3.0	unclassified	12x2	11	0	[insert tick/select box]		**Bedtime routines to help you wind down | Tick those you do ✔	• **Set a regular bedtime** – try to go  | □	6	[]
XMES203	3.0	unclassified	8x2	0	0			**Word** | **First Sound**	**Bed** | /b/ audio clips	1	[]
XMES203	3.0	unclassified	11x2	10	0	[insert tick/select box]		**Morning routines to help you wake up a | Tick those you do ✔	**1. Get up at the same time each day**  | □	6	[]
XMES203	4.0	unclassified	5x2	8	0			Countries **awake** when we are | Countries **asleep** when we are awake	[Insert text box] | [Insert text box]	11	[]
XMES203	4.0	unclassified	2x2	2	0			[image] balloon shaped like earth | **You will need:** / • A balloon or ball	[image] torch shining on ball | **What to do:** / 1. Blow the balloon up	2	[]
XMES203	4.0	unclassified	4x2	4	0			[image] beach sundial | **You will need:** / • An outdoor space 	[image] man standing in car park w shado | **What to do:** / **Morning sun:** / • G	1	[]
XTAS101	1.0	unclassified	2x5	0	0			Red items | Blue items | Green items | Yellow or white items | Black items	 |  |  |  | 	1	[]
XTAS101	1.0	unclassified	1x2	2	0			[image] girl holding bouquet purple dres | [image] girl holding bouquet red dress		2	[]
XTAS102	2.0	unclassified	1x4	0	0			Horse jump 1 | Horse jump 2 | Horse jump 3 | Horse jump 4		5	[]
XTAS102	2.0	unclassified	7x2	14	0			[image] putting towel into bag | Step 1. We get changed into our togs and	[image] snacks into bag | Step 2. We might put some snacks and a d	6	[]
XTAS102	4.0	unclassified	3x4	1	0			 |  |  | 	 |  |  | 	7	[]
XTAS102	5.0	unclassified	1x2	2	1			[insert button] https://wordart.com/crea | [insert button] ABCya Word cloud		3	[]
