🟢 [DocxExtractor] Media-list boilerplate dropped: 3 blocks before the media table — the template's own instructions, not content.
🟢 [ConventionResolver] HTML conventions from group ANZH|1-3: overview menu two_col_li, lesson menu flat.
🟢 [PageSplitter] [end page] before [MODULE INTRODUCTION] disregarded — the introduction stays on the overview page (AR-1).
🟢 [PageSplitter] Implicit page break: content continues after [end page] without a [LESSON] tag — opened page 2.0 ("How Times have Changed").
🟢 [PageSplitter] Implicit page break: content continues after [end page] without a [LESSON] tag — opened page 3.0 ("Connecting to our Origins").
🟢 [PageSplitter] Implicit page break: content continues after [end page] without a [LESSON] tag — opened page 4.0 ("Sharing Stories").
🟢 [PageSplitter] Implicit page break: content continues after [end page] without a [LESSON] tag — opened page 5.0 ("Wearing and sharing items and artefacts.").
🟢 [PageSplitter] Implicit page break: content continues after [end page] without a [LESSON] tag — opened page 6.0 ("Sharing Knowledge").
🟢 [PageSplitter] Implicit page break: content continues after [end page] without a [LESSON] tag — opened page 7.0 ("Celebrations and Traditions").
🟢 [MenuBuilder] Menu heading "Tirohanga Whānui | Overview" is the section label — consumed (the menu scaffolding names it).
🟢 [InteractiveScanner] Page 1.0: 1 id-carrying heading(s) re-tagged as [Activity N] openers (opener_rule.id_heading_opener).
🟢 [InteractiveBuilder] Built accordion #2 from captured data (no placeholder needed).
🟢 [InteractiveScanner] Page 2.0: 1 id-carrying heading(s) re-tagged as [Activity N] openers (opener_rule.id_heading_opener).
🟢 [InteractiveScanner] dragAndDrop: additional widget [drag and drop] absorbed (dragAndDrop + dragAndDrop).
🟢 [ContentConverter] Page 2.0: layout-note [activity] opener merged into the adjacent numbered activity (no empty box).
🟢 [ContentConverter] Page 2.0: [activity] auto-closed before the next alert.
🟢 [ContentConverter] [alert] right-hand box → the activity sidebar (alertActivity) side column paired with the preceding activity row (positional_side_alert).
🟢 [InteractiveScanner] Page 4.0: 2 id-carrying heading(s) re-tagged as [Activity N] openers (opener_rule.id_heading_opener).
🟢 [ContentConverter] Page 4.0: mode [activity] opener suppressed — the numbered activity after it is owned by its widget bundle (round 379, no empty box).
🟢 [ContentConverter] Page 4.0: layout-note [activity] opener merged into the adjacent numbered activity (no empty box).
🟠 [ContentConverter] Page 4.0: [activity] was never closed — closed at page end.
🟢 [InteractiveScanner] Page 5.0: 2 id-carrying heading(s) re-tagged as [Activity N] openers (opener_rule.id_heading_opener).
🟢 [ContentConverter] Page 5.0: mode [activity] opener suppressed — the numbered activity after it is owned by its widget bundle (round 379, no empty box).
🟢 [ContentConverter] Page 5.0: mode [activity] opener suppressed — the numbered activity after it is owned by its widget bundle (round 379, no empty box).
🟢 [InteractiveScanner] Page 6.0: 1 id-carrying heading(s) re-tagged as [Activity N] openers (opener_rule.id_heading_opener).
🟢 [ContentConverter] Page 6.0: layout-note [activity] opener merged into the adjacent numbered activity (no empty box).
🟠 [ContentConverter] Page 6.0: [activity] was never closed — closed at page end.
🟢 [InteractiveScanner] Page 7.0: 1 id-carrying heading(s) re-tagged as [Activity N] openers (opener_rule.id_heading_opener).
🟠 [AcksBuilder] YouTube metadata unavailable for item  (stubbed) — possible dead link worth checking: https://www.youtube.com/watch?v=VorENrY3rr4
🟠 [AcksBuilder] YouTube metadata unavailable for item  (stubbed) — possible dead link worth checking: https://www.youtube.com/watch?v=yo02BHpscm8
🟠 [AcksBuilder] Unknown media item type "Reader and Audio" (item ) — used "Reader and audio" as the prefix; add it to Acks_Formats type_prefix_map.
🟠 [AcksBuilder] Unknown media item type "Image for drag and drop" (item 7) — used "Image for drag and drop" as the prefix; add it to Acks_Formats type_prefix_map.
🟠 [AcksBuilder] Unknown media item type "Image for drag and drop" (item 8) — used "Image for drag and drop" as the prefix; add it to Acks_Formats type_prefix_map.
🟠 [AcksBuilder] Unknown media item type "Image for drag and drop" (item 9) — used "Image for drag and drop" as the prefix; add it to Acks_Formats type_prefix_map.
🟠 [AcksBuilder] Unknown media item type "Image for drag and drop" (item 10) — used "Image for drag and drop" as the prefix; add it to Acks_Formats type_prefix_map.
🟠 [AcksBuilder] Unknown media item type "Image for drag and drop" (item 11) — used "Image for drag and drop" as the prefix; add it to Acks_Formats type_prefix_map.
🟠 [AcksBuilder] Unknown media item type "Image for drag and drop" (item 12) — used "Image for drag and drop" as the prefix; add it to Acks_Formats type_prefix_map.
🟠 [AcksBuilder] Unknown media item type "Image for drag and drop" (item 13) — used "Image for drag and drop" as the prefix; add it to Acks_Formats type_prefix_map.
🟠 [AcksBuilder] Unknown media item type "Image for drag and drop" (item 14) — used "Image for drag and drop" as the prefix; add it to Acks_Formats type_prefix_map.
🟠 [AcksBuilder] Unknown media item type "Image for drag and drop" (item 15) — used "Image for drag and drop" as the prefix; add it to Acks_Formats type_prefix_map.
🟠 [AcksBuilder] Unknown media item type "Image for drag and drop" (item 16) — used "Image for drag and drop" as the prefix; add it to Acks_Formats type_prefix_map.
🟢 [AcksBuilder] Media item 17 ("link") is a lesson link — no acknowledgement (scope rule).
🟠 [AcksBuilder] Unknown media item type "Google Slide" (item 18) — used "Google slide" as the prefix; add it to Acks_Formats type_prefix_map.
🟢 [AcksBuilder] Media item 19 ("Link") is a lesson link — no acknowledgement (scope rule).
🟠 [AcksBuilder] Unknown media item type "Images for brainstorm" (item 20) — used "Images for brainstorm" as the prefix; add it to Acks_Formats type_prefix_map.
🟠 [AcksBuilder] Unknown media item type "images for brainstorm" (item 21) — used "Images for brainstorm" as the prefix; add it to Acks_Formats type_prefix_map.
🟠 [AcksBuilder] Unknown media item type "Reader and Audio" (item 23) — used "Reader and audio" as the prefix; add it to Acks_Formats type_prefix_map.
🟠 [AcksBuilder] Unknown media item type "Reader and Audio" (item 24) — used "Reader and audio" as the prefix; add it to Acks_Formats type_prefix_map.
🟠 [AcksBuilder] Unknown media item type "Reader and Audio" (item 27) — used "Reader and audio" as the prefix; add it to Acks_Formats type_prefix_map.
🟠 [AcksBuilder] Unknown media item type "Reader and Audio" (item 28) — used "Reader and audio" as the prefix; add it to Acks_Formats type_prefix_map.
🟠 [AcksBuilder] Unknown media item type "Reader and Audio" (item 30) — used "Reader and audio" as the prefix; add it to Acks_Formats type_prefix_map.
🟠 [AcksBuilder] Unknown media item type "Reader and Audio" (item 31) — used "Reader and audio" as the prefix; add it to Acks_Formats type_prefix_map.
🟠 [AcksBuilder] Unknown media item type "Reader and Audio" (item 32) — used "Reader and audio" as the prefix; add it to Acks_Formats type_prefix_map.
🟠 [AcksBuilder] Unknown media item type "Reader and Audio" (item 33) — used "Reader and audio" as the prefix; add it to Acks_Formats type_prefix_map.
🟠 [AcksBuilder] YouTube metadata unavailable for item 38 (stubbed) — possible dead link worth checking: https://www.youtube.com/watch?v=ifN0-A8Zo_0
🟠 [AcksBuilder] YouTube metadata unavailable for item 41 (stubbed) — possible dead link worth checking: https://www.youtube.com/watch?v=iL9eDZptX4I
🟠 [AcksBuilder] YouTube metadata unavailable for item 43 (stubbed) — possible dead link worth checking: https://www.youtube.com/watch?v=IhSaLpkRqHo
🟠 [AcksBuilder] Unknown media item type "Reader and Audio" (item 44) — used "Reader and audio" as the prefix; add it to Acks_Formats type_prefix_map.
🟠 [AcksBuilder] Unknown media item type "Reader and Audio" (item 45) — used "Reader and audio" as the prefix; add it to Acks_Formats type_prefix_map.
🟠 [AcksBuilder] Unknown media item type "Reader and Audio" (item 46) — used "Reader and audio" as the prefix; add it to Acks_Formats type_prefix_map.
🟠 [AcksBuilder] Unknown media item type "Reader and Audio" (item 47) — used "Reader and audio" as the prefix; add it to Acks_Formats type_prefix_map.
🟠 [AcksBuilder] Unknown media item type "Reader and Audio" (item 48) — used "Reader and audio" as the prefix; add it to Acks_Formats type_prefix_map.
🟠 [AcksBuilder] 17 iStock titles could not be verified (no *istock-acks*.txt was supplied); each is marked ❗ and the acks block carries a designer note.
🟠 [ModuleResolver] Multiple module-code candidates found (ART1003, AR1000) — using ART1003 from filename "ART1003 Writers Template + Media List.docx".
🟢 [DocxExtractor] Media-list boilerplate dropped: 2 blocks before the media table and 15 blocks after it (the submission checklist) — the template's own instructions, not content.
🟢 [ConventionResolver] HTML conventions from series ART (deviation over NCEA1|NCEA): overview menu tabs, lesson menu flat.
🟢 [PageSplitter] [end page] before [MODULE INTRODUCTION] disregarded — the introduction stays on the overview page (AR-1).
🟢 [InteractiveScanner] Page 0.0: 15 id-carrying heading(s) re-tagged as [Activity N] openers (opener_rule.id_heading_opener).
🟢 [ContentConverter] Page 0.0: [activity] auto-closed before the next activity.
🟢 [ContentConverter] Page 0.0: [activity] auto-closed before the next activity.
🟢 [ContentConverter] Page 0.0: [activity] auto-closed before the next activity.
🟢 [ContentConverter] Page 0.0: [activity] auto-closed before the next activity.
🟢 [ContentConverter] Page 0.0: [activity] auto-closed before the next h3.
🟢 [ContentConverter] Page 0.0: [activity] auto-closed before the next activity.
🟢 [ContentConverter] Page 0.0: [activity] auto-closed before the next h2.
🟢 [ContentConverter] Page 0.0: [activity] auto-closed before the next activity.
🟢 [ContentConverter] Page 0.0: [activity] auto-closed before the next activity.
🟢 [ContentConverter] Page 0.0: [activity] auto-closed before the next activity.
🟢 [ContentConverter] Page 0.0: [activity] auto-closed before the next h2.
🟢 [ContentConverter] Page 0.0: [activity] auto-closed before the next activity.
🟢 [InteractiveBuilder] Built carousel #3 from captured data (no placeholder needed).
🟢 [MenuBuilder] Menu heading "Tirohanga Whānui | Overview" is the section label — consumed (the menu scaffolding names it).
🟠 [AcksBuilder] YouTube metadata unavailable for item  (stubbed) — possible dead link worth checking: https://youtu.be/KFIFqg16sXM
🟠 [AcksBuilder] Unknown media item type "Word Document" (item ) — used "Word document" as the prefix; add it to Acks_Formats type_prefix_map.
🟠 [AcksBuilder] Unknown media item type "PNG file" (item ) — used "Png file" as the prefix; add it to Acks_Formats type_prefix_map.
🟠 [AcksBuilder] Unknown media item type "A series of PDF files" (item ) — used "A series of pdf files" as the prefix; add it to Acks_Formats type_prefix_map.
🟠 [AcksBuilder] Unknown media item type "JPG" (item ) — used "Jpg" as the prefix; add it to Acks_Formats type_prefix_map.
🟠 [AcksBuilder] Unknown media item type "JPG" (item ) — used "Jpg" as the prefix; add it to Acks_Formats type_prefix_map.
🟠 [AcksBuilder] Unknown media item type "JPG" (item ) — used "Jpg" as the prefix; add it to Acks_Formats type_prefix_map.
🟠 [AcksBuilder] Unknown media item type "PPT" (item ) — used "Ppt" as the prefix; add it to Acks_Formats type_prefix_map.
🟠 [AcksBuilder] Unknown media item type "JPEG" (item ) — used "Jpeg" as the prefix; add it to Acks_Formats type_prefix_map.
🟠 [AcksBuilder] Unknown media item type "PDF" (item ) — used "Pdf" as the prefix; add it to Acks_Formats type_prefix_map.
🟠 [AcksBuilder] Unknown media item type "JPG" (item ) — used "Jpg" as the prefix; add it to Acks_Formats type_prefix_map.
🟠 [AcksBuilder] Unknown media item type "Document" (item ) — used "Document" as the prefix; add it to Acks_Formats type_prefix_map.
🟠 [AcksBuilder] Media item  could not be mapped to a lesson — placed in the first group (0.0); verify.
🟠 [AcksBuilder] Media item  could not be mapped to a lesson — placed in the first group (0.0); verify.
🟠 [AcksBuilder] Media item  could not be mapped to a lesson — placed in the first group (0.0); verify.
🟠 [AcksBuilder] Media item  could not be mapped to a lesson — placed in the first group (0.0); verify.
🟠 [AcksBuilder] Media item  could not be mapped to a lesson — placed in the first group (0.0); verify.
🟠 [AcksBuilder] Media item  could not be mapped to a lesson — placed in the first group (0.0); verify.
🟠 [AcksBuilder] Media item  could not be mapped to a lesson — placed in the first group (0.0); verify.
🟠 [AcksBuilder] Media item  could not be mapped to a lesson — placed in the first group (0.0); verify.
🟠 [AcksBuilder] Media item  could not be mapped to a lesson — placed in the first group (0.0); verify.
🟠 [AcksBuilder] Media item  could not be mapped to a lesson — placed in the first group (0.0); verify.
🟠 [AcksBuilder] Media item  could not be mapped to a lesson — placed in the first group (0.0); verify.
🟠 [AcksBuilder] Media item  could not be mapped to a lesson — placed in the first group (0.0); verify.
🟠 [AcksBuilder] Media item  could not be mapped to a lesson — placed in the first group (0.0); verify.
🟠 [AcksBuilder] Media item  could not be mapped to a lesson — placed in the first group (0.0); verify.
🟠 [AcksBuilder] Media item  could not be mapped to a lesson — placed in the first group (0.0); verify.
🟢 [DocxExtractor] Media-list boilerplate dropped: 3 blocks before the media table — the template's own instructions, not content.
🟢 [ConventionResolver] HTML conventions from group 1-10 Blended Literacy|1-3: overview menu two_col_li, lesson menu two_col_li.
🟢 [PageSplitter] Second [TITLE BAR] is a same-text duplicate of the previous one — kept in-page, not a sub-document.
🟢 [PageSplitter] [end page] on the overview disregarded — an introduction-cluster marker follows ([Title]/[Introduction]/[supervisor note]; AR-1 generalised).
🟢 [ContentConverter] Page 0.0: supervisor note swapped after its section heading (BLL pairing pre-pass).
🟢 [ContentConverter] Page 0.0: supervisor note paired with its section paragraph (BLL family convention).
🟢 [MenuBuilder] Menu heading "Tirohanga Whānui | Overview" is the section label — consumed (the menu scaffolding names it).
🟢 [ContentConverter] Page 1.0: activity box kept open for its trailing upload box (round 314).
🟢 [InteractiveBuilder] Built dropDown #2 from captured data (no placeholder needed).
🟢 [ContentConverter] Page 1.0: [activity] auto-closed before the next activity.
🟢 [ContentConverter] Page 1.0: the standalone dragAndDrop widget renders inside the open [activity] box — no synthetic box of its own (inside_open_activity).
🟢 [ContentConverter] Page 1.0: the standalone selfCheck widget renders inside the open [activity] box — no synthetic box of its own (inside_open_activity).
🟢 [ContentConverter] Page 1.0: [activity] auto-closed before the next activity.
🟢 [ContentConverter] Page 1.0: activity box kept open for its trailing upload box (round 314).
🟢 [ContentConverter] Page 1.0: [end other] had no open container — ignored.
🟢 [ContentConverter] Page 1.0: [end other] had no open container — ignored.
🟢 [InteractiveBuilder] Built dropDown #8 from captured data (no placeholder needed).
🟠 [ContentConverter] Page 1.0: [activity] was never closed — closed at page end.
🟢 [InteractiveScanner] Activity 2A: additional widget [typing quiz] absorbed (unclassified + selfCheck).
🟢 [InteractiveBuilder] Built dropDown #10 from captured data (no placeholder needed).
🟢 [ContentConverter] Page 2.0: [activity] auto-closed before the next activity.
🟢 [ContentConverter] Page 2.0: [activity] auto-closed before the next activity.
🟢 [ContentConverter] Page 2.0: activity box kept open for its trailing upload box (round 314).
🟢 [InteractiveBuilder] Built dropDown #14 from captured data (no placeholder needed).
🟢 [ContentConverter] Page 2.0: activity box closed after its upload box — the button is the box's last child (round 376).
🟠 [AcksBuilder] Unknown media item type "Embedded text" (item ) — used "Embedded text" as the prefix; add it to Acks_Formats type_prefix_map.
🟠 [AcksBuilder] YouTube metadata unavailable for item 10. (stubbed) — possible dead link worth checking: https://www.youtube.com/watch?v=yakEk2VT9nQ
🟠 [AcksBuilder] YouTube metadata unavailable for item 11. (stubbed) — possible dead link worth checking: https://www.youtube.com/watch?v=OxB5Fn6x44g
🟠 [AcksBuilder] Unknown media item type "Embedded text" (item 17.) — used "Embedded text" as the prefix; add it to Acks_Formats type_prefix_map.
🟠 [AcksBuilder] 13 iStock titles could not be verified (no *istock-acks*.txt was supplied); each is marked ❗ and the acks block carries a designer note.
🟢 [SkeletonBuilder] footer_links "final" value "—" is not a footer pattern (the registry's no-evidence marker) — the KB's final-page form "prev+home" applied (footer.kb_position_defaults).
🟢 [DocxExtractor] Media-list boilerplate dropped: 3 blocks before the media table — the template's own instructions, not content.
🟢 [ConventionResolver] HTML conventions from group 1-10 Blended Literacy|1-3: overview menu two_col_li, lesson menu two_col_li.
🟢 [PageSplitter] [end page] on the overview disregarded — an introduction-cluster marker follows ([Title]/[Introduction]/[supervisor note]; AR-1 generalised).
🟢 [PageSplitter] Implicit page break: content continues after [end page] without a [LESSON] tag — opened page 1.0.
🟢 [ContentConverter] Page 0.0: supervisor note swapped after its section heading (BLL pairing pre-pass).
🟢 [ContentConverter] Page 0.0: supervisor note paired with its section paragraph (BLL family convention).
🟢 [MenuBuilder] Menu heading "Tirohanga Whānui | Overview" is the section label — consumed (the menu scaffolding names it).
🟢 [InteractiveScanner] Activity 1A: additional widget [typing quiz] absorbed (dragAndDrop + selfCheck).
🟢 [ContentConverter] Page 1.0: the lead paragraph after [ [Activity 1A] [Fill in the blanks drag and drop]   ] renders free inside the box (lead_free_after_tag).
🟢 [InteractiveBuilder] Built dropDown #2 from captured data (no placeholder needed).
🟢 [ContentConverter] Page 1.0: the standalone dragAndDrop widget renders inside the open [activity] box — no synthetic box of its own (inside_open_activity).
🟠 [ContentConverter] Page 1.0: [activity] was never closed — closed at page end.
🟢 [ContentConverter] Page 1.1: [activity] auto-closed before the next activity.
🟢 [ContentConverter] Page 1.1: [activity] auto-closed before the next activity.
🟢 [InteractiveBuilder] Built carousel #9 from captured data (no placeholder needed).
🟢 [ContentConverter] Page 1.1: [end other] had no open container — ignored.
🟠 [AcksBuilder] Unknown media item type "text" (item 1) — used "Text" as the prefix; add it to Acks_Formats type_prefix_map.
🟠 [AcksBuilder] YouTube metadata unavailable for item 4 (stubbed) — possible dead link worth checking: https://www.youtube.com/watch?v=d1HWaT6494w
🟠 [AcksBuilder] Unknown media item type "Embedded text" (item 10) — used "Embedded text" as the prefix; add it to Acks_Formats type_prefix_map.
🟠 [AcksBuilder] YouTube metadata unavailable for item 11 (stubbed) — possible dead link worth checking: https://www.youtube.com/watch?v=cRwrrGmj9Hk
🟠 [AcksBuilder] YouTube metadata unavailable for item 12 (stubbed) — possible dead link worth checking: https://www.youtube.com/watch?v=uE5YkzIKfKs
🟠 [AcksBuilder] YouTube metadata unavailable for item 13 (stubbed) — possible dead link worth checking: https://www.youtube.com/watch?v=W66TAqCT4hc
🟠 [AcksBuilder] 7 iStock titles could not be verified (no *istock-acks*.txt was supplied); each is marked ❗ and the acks block carries a designer note.
🟢 [SkeletonBuilder] footer_links "final" value "—" is not a footer pattern (the registry's no-evidence marker) — the KB's final-page form "prev+home" applied (footer.kb_position_defaults).
🟢 [DocxExtractor] Media-list boilerplate dropped: 3 blocks before the media table — the template's own instructions, not content.
🟢 [ConventionResolver] HTML conventions from group 1-10 Blended Literacy|1-3: overview menu two_col_li, lesson menu two_col_li.
🟢 [PageSplitter] [end page] on the overview disregarded — an introduction-cluster marker follows ([Title]/[Introduction]/[supervisor note]; AR-1 generalised).
🟢 [PageSplitter] Implicit page break: content continues after [end page] without a [LESSON] tag — opened page 1.0.
🟢 [ContentConverter] Page 0.0: supervisor note swapped after its section heading (BLL pairing pre-pass).
🟢 [ContentConverter] Page 0.0: supervisor note paired with its section paragraph (BLL family convention).
🟢 [MenuBuilder] Menu heading "Tirohanga Whānui | Overview" is the section label — consumed (the menu scaffolding names it).
🟢 [InteractiveBuilder] Built accordion #2 from captured data (no placeholder needed).
🟢 [InteractiveBuilder] Built dropDown #3 from captured data (no placeholder needed).
🟢 [InteractiveBuilder] Built dropDown #5 from captured data (no placeholder needed).
🟢 [InteractiveBuilder] Built accordion #7 from captured data (no placeholder needed).
🟢 [InteractiveScanner] Activity 2D: additional widget [dropdown] absorbed (carousel + dropDown).
🟢 [InteractiveBuilder] Built accordion #12 from captured data (no placeholder needed).
🟢 [ContentConverter] Page 1.1: activity box kept open for its trailing upload box (round 314).
🟢 [InteractiveBuilder] Built dropDown #13 from captured data (no placeholder needed).
🟢 [ContentConverter] Page 1.1: activity box closed after its upload box — the button is the box's last child (round 376).
🟢 [ContentConverter] Page 1.1: [end other] had no open container — ignored.
🟠 [AcksBuilder] Unknown media item type "Embedded text" (item 1) — used "Embedded text" as the prefix; add it to Acks_Formats type_prefix_map.
🟠 [AcksBuilder] Unknown media item type "Embedded text" (item 2) — used "Embedded text" as the prefix; add it to Acks_Formats type_prefix_map.
🟠 [AcksBuilder] 1 iStock title could not be verified (no *istock-acks*.txt was supplied); each is marked ❗ and the acks block carries a designer note.
🟢 [SkeletonBuilder] footer_links "final" value "—" is not a footer pattern (the registry's no-evidence marker) — the KB's final-page form "prev+home" applied (footer.kb_position_defaults).
🟠 [ModuleResolver] Multiple module-code candidates found (BLL214, BLL184) — using BLL214 from filename "BLL214 Writers Template + Media List.docx".
🟢 [DocxExtractor] Media-list boilerplate dropped: 3 blocks before the media table — the template's own instructions, not content.
🟢 [ConventionResolver] HTML conventions from group 1-10 Blended Literacy|1-3: overview menu two_col_li, lesson menu two_col_li.
🟢 [ContentConverter] Page 0.0: supervisor note swapped after its section heading (BLL pairing pre-pass).
🟢 [ContentConverter] Page 0.0: supervisor note paired with its section paragraph (BLL family convention).
🟢 [MenuBuilder] Menu heading "Tirohanga Whānui | Overview" is the section label — consumed (the menu scaffolding names it).
🟢 [InteractiveBuilder] Built dropDown #2 from captured data (no placeholder needed).
🟢 [ContentConverter] Page 1.0: [activity] auto-closed before the next activity.
🟢 [ContentConverter] Page 1.0: [activity] auto-closed before the next activity.
🟢 [InteractiveBuilder] Built dropDown #5 from captured data (no placeholder needed).
🟢 [InteractiveBuilder] Built accordion #8 from captured data (no placeholder needed).
🟢 [ContentConverter] Page 2.0: [activity] auto-closed before the next activity.
🟢 [ContentConverter] Page 2.0: activity box closed after its upload button — the button is the box's last child (round 376).
🟠 [AcksBuilder] Unknown media item type "Embedded text" (item 1) — used "Embedded text" as the prefix; add it to Acks_Formats type_prefix_map.
🟠 [AcksBuilder] Unknown media item type "Embedded text" (item 2) — used "Embedded text" as the prefix; add it to Acks_Formats type_prefix_map.
🟠 [AcksBuilder] Unknown media item type "Embedded text" (item 3) — used "Embedded text" as the prefix; add it to Acks_Formats type_prefix_map.
🟢 [ConventionResolver] HTML conventions from group 1-10 Blended Literacy|1-3: overview menu two_col_li, lesson menu two_col_li.
🟢 [MenuBuilder] Menu heading "Tirohanga Whānui | Overview" is the section label — consumed (the menu scaffolding names it).
🟢 [ContentConverter] Page 1.0: [activity] auto-closed before the next activity.
🟢 [ContentConverter] Page 1.0: [activity] auto-closed before the next activity.
🟢 [ContentConverter] Page 1.0: activity box kept open for the prose after its data table (round 378).
🟢 [ContentConverter] Page 1.0: [activity] auto-closed before the next activity.
🟢 [InteractiveBuilder] Built accordion #2 from captured data (no placeholder needed).
🟢 [ContentConverter] Page 1.0: [end accordion] had no open container — ignored.
🟢 [ContentConverter] Page 2.0: [activity] auto-closed before the next alert.
🟢 [InteractiveBuilder] Built carousel #4 from captured data (no placeholder needed).
🟢 [ContentConverter] Page 2.0: [activity] auto-closed before the next activity.
🟢 [ContentConverter] Page 2.0: [activity] auto-closed before the next alert.
🟢 [InteractiveBuilder] Built carousel #6 from captured data (no placeholder needed).
🟢 [ContentConverter] Page 2.0: [end activity] had no open container — ignored.
🟠 [AcksBuilder] YouTube metadata unavailable for item  (stubbed) — possible dead link worth checking: https://www.youtube.com/watch?v=QljtKt6hZ2E&t=28s
🟠 [AcksBuilder] YouTube metadata unavailable for item  (stubbed) — possible dead link worth checking: https://www.youtube.com/watch?v=xfT9T9gW32c
🟠 [AcksBuilder] YouTube metadata unavailable for item  (stubbed) — possible dead link worth checking: https://www.youtube.com/watch?v=I_EmsguJMic
🟠 [AcksBuilder] YouTube metadata unavailable for item  (stubbed) — possible dead link worth checking: https://www.youtube.com/watch?v=Hrgqs4MmK3U
🟠 [AcksBuilder] Unknown media item type "Embedded text" (item ) — used "Embedded text" as the prefix; add it to Acks_Formats type_prefix_map.
🟠 [AcksBuilder] YouTube metadata unavailable for item  (stubbed) — possible dead link worth checking: https://www.youtube.com/watch?v=5zOOzBnVRcQ
🟠 [AcksBuilder] YouTube metadata unavailable for item  (stubbed) — possible dead link worth checking: https://www.youtube.com/watch?v=xiRqC-aM5xM
🟠 [AcksBuilder] YouTube metadata unavailable for item  (stubbed) — possible dead link worth checking: https://www.youtube.com/watch?v=xiRqC-aM5xM
🟠 [AcksBuilder] YouTube metadata unavailable for item  (stubbed) — possible dead link worth checking: https://www.youtube.com/watch?v=2a2zA36jTAE
🟠 [AcksBuilder] Unknown media item type "Embed worksheet" (item ) — used "Embed worksheet" as the prefix; add it to Acks_Formats type_prefix_map.
🟢 [AcksBuilder] Media item  placed in lesson 2.0 by neighbour interpolation — verify its group.
🟠 [AcksBuilder] 1 iStock title could not be verified (no *istock-acks*.txt was supplied); each is marked ❗ and the acks block carries a designer note.
🟢 [ConventionResolver] HTML conventions from group 1-10 Blended Literacy|1-3: overview menu two_col_li, lesson menu two_col_li.
🟢 [PageSplitter] [end page] before [MODULE INTRODUCTION] disregarded — the introduction stays on the overview page (AR-1).
🟢 [ContentConverter] Page 0.0: supervisor note swapped after its section heading (BLL pairing pre-pass).
🟢 [ContentConverter] Page 0.0: supervisor note paired with its section paragraph (BLL family convention).
🟢 [MenuBuilder] Menu heading "Tirohanga Whānui | Overview" is the section label — consumed (the menu scaffolding names it).
🟢 [InteractiveScanner] Activity 1A: additional widget [typing quiz] absorbed (carousel + typing).
🟢 [InteractiveScanner] Activity 1B: additional widget [click drop] absorbed (clickDrop + clickDrop).
🟢 [InteractiveScanner] Activity 1E: additional widget [flip card] absorbed (flipCard + flipCard).
🟢 [InteractiveScanner] Activity 1E: additional widget [flip card] absorbed (flipCard + flipCard).
🟢 [InteractiveScanner] Activity 1E: additional widget [flip card] absorbed (flipCard + flipCard).
🟢 [InteractiveScanner] Activity 1E: additional widget [flip card] absorbed (flipCard + flipCard).
🟢 [InteractiveScanner] Activity 1E: additional widget [flip card] absorbed (flipCard + flipCard).
🟢 [InteractiveScanner] Activity 1E: additional widget [flip card] absorbed (flipCard + flipCard).
🟢 [InteractiveScanner] Activity 1E: additional widget [flip card] absorbed (flipCard + flipCard).
🟢 [InteractiveScanner] Activity 1E: additional widget [flip card] absorbed (flipCard + flipCard).
🟢 [InteractiveScanner] Activity 1E: additional widget [flip card] absorbed (flipCard + flipCard).
🟢 [InteractiveBuilder] Built clickDrop #2 from captured data (no placeholder needed).
🟢 [ContentConverter] Page 1.0: [activity] auto-closed before the next activity.
🟢 [InteractiveScanner] Activity 2E: additional widget [click drop] absorbed (clickDrop + clickDrop).
🟢 [ContentConverter] Page 2.0: [activity] auto-closed before the next side alert.
🟢 [ContentConverter] Page 2.0: [activity] auto-closed before the next alert.
🟢 [ContentConverter] [alert] spans to an explicit end tag (writer-authored box).
🟢 [InteractiveBuilder] Built clickDrop #8 from captured data (no placeholder needed).
🟢 [ModuleResolver] BLL275 is not in the registry members — inherited from its level BLL2 (sibling rule).
🟢 [ConventionResolver] HTML conventions from group 1-10 Blended Literacy|1-3: overview menu two_col_li, lesson menu two_col_li.
🟢 [PageSplitter] [end page] before [MODULE INTRODUCTION] disregarded — the introduction stays on the overview page (AR-1).
🟢 [ContentConverter] [supervisor note] spans to an explicit end tag (writer-authored box).
🟢 [ContentConverter] Page 0.0: [supervisor note] spans to its explicit closer — the panel holds everything between (round 390).
🟢 [MenuBuilder] Menu heading "Tirohanga Whānui | Overview" is the section label — consumed (the menu scaffolding names it).
🟢 [InteractiveScanner] clickDrop: additional widget [click drop] absorbed (clickDrop + clickDrop).
🟢 [InteractiveBuilder] Built clickDrop #1 from captured data (no placeholder needed).
🟢 [InteractiveBuilder] Built clickDrop #2 from captured data (no placeholder needed).
🟢 [ContentConverter] Page 1.0: the standalone dragAndDrop widget renders inside the open [activity] box — no synthetic box of its own (inside_open_activity).
🟢 [ContentConverter] Page 1.0: [activity] auto-closed before the next activity.
🟢 [InteractiveBuilder] Built dropDown #6 from captured data (no placeholder needed).
🟢 [ContentConverter] Page 1.0: [activity] auto-closed before the next activity.
🟢 [ContentConverter] Page 1.0: activity box closed after its upload button — the button is the box's last child (round 376).
🟢 [InteractiveScanner] accordion: additional widget [accordion] absorbed (accordion + accordion).
🟢 [InteractiveScanner] Activity 2E: additional widget [click drop] absorbed (clickDrop + clickDrop).
🟢 [InteractiveScanner] Activity 2E: additional widget [click drop] absorbed (clickDrop + clickDrop).
🟢 [InteractiveScanner] Activity 2E: additional widget [click drop] absorbed (clickDrop + clickDrop).
🟢 [InteractiveBuilder] Built accordion #8 from captured data (no placeholder needed).
🟢 [ContentConverter] Page 2.0: [activity] auto-closed before the next activity.
🟢 [InteractiveBuilder] Built clickDrop #10 from captured data (no placeholder needed).
🟢 [ContentConverter] Page 2.0: [end other] had no open container — ignored.
🟢 [PageAssembler] [TITLE BAR] held only "Te Reo Māori" (no English) — using the front-matter Course "Blended Literacy Learning" as the English title; Te Reo kept as the second title.
🟠 [AcksBuilder] Unknown media item type "Website" (item ) — used "Website" as the prefix; add it to Acks_Formats type_prefix_map.
🟠 [AcksBuilder] Unknown media item type "AI Copilot image" (item ) — used "Ai copilot image" as the prefix; add it to Acks_Formats type_prefix_map.
🟠 [AcksBuilder] Unknown media item type "Website" (item ) — used "Website" as the prefix; add it to Acks_Formats type_prefix_map.
🟠 [AcksBuilder] 1 iStock title could not be verified (no *istock-acks*.txt was supplied); each is marked ❗ and the acks block carries a designer note.
🟢 [DocxExtractor] Media-list boilerplate dropped: 3 blocks before the media table — the template's own instructions, not content.
🟢 [ConventionResolver] HTML conventions from group ConnectED|4-6: overview menu two_col_li, lesson menu two_col_li.
🟢 [InteractiveScanner] Page 0.0: 9 id-carrying heading(s) re-tagged as [Activity N] openers (opener_rule.id_heading_opener).
🟢 [InteractiveScanner] Activity 1A: additional widget [drag and drop] absorbed (dragAndDrop + dragAndDrop).
🟢 [InteractiveScanner] Activity 1A: additional widget [drag and drop] absorbed (dragAndDrop + dragAndDrop).
🟢 [InteractiveScanner] Activity 1A: additional widget [drag and drop] absorbed (dragAndDrop + dragAndDrop).
🟢 [InteractiveBuilder] Built carousel #2 from captured data (no placeholder needed).
🟢 [ContentConverter] Page 0.0: [activity] auto-closed before the next heading.
🟢 [InteractiveBuilder] Built multiChoiceQuiz #5 from captured data (no placeholder needed).
🟢 [ContentConverter] Page 0.0: [end mcq] had no open container — ignored.
🟢 [ContentConverter] Page 0.0: [end other] had no open container — ignored.
🟢 [InteractiveBuilder] Built flipCard #7 from captured data (no placeholder needed).
🟢 [InteractiveBuilder] Built carousel #8 from captured data (no placeholder needed).
🟢 [ContentConverter] Page 0.0: [activity] auto-closed before the next activity.
🟢 [MenuBuilder] Menu heading "Tirohanga Whānui | Overview" is the section label — consumed (the menu scaffolding names it).
🟢 [PanelsBuilder] 8 panel title heading(s) set to h2 (first_heading_level).
🟠 [AcksBuilder] YouTube metadata unavailable for item  (stubbed) — possible dead link worth checking: https://www.youtube.com/watch?v=JxOMEUYKzvs
🟠 [AcksBuilder] YouTube metadata unavailable for item  (stubbed) — possible dead link worth checking: https://www.youtube.com/watch?v=b9QusNEqYQQ
🟠 [AcksBuilder] YouTube metadata unavailable for item  (stubbed) — possible dead link worth checking: https://www.youtube.com/watch?v=1ph_Ko4AalI
🟠 [AcksBuilder] YouTube metadata unavailable for item  (stubbed) — possible dead link worth checking: https://www.youtube.com/watch?v=30V9_BUPt50
🟠 [AcksBuilder] YouTube metadata unavailable for item  (stubbed) — possible dead link worth checking: https://www.youtube.com/watch?v=b25g4nZTHvM&t=1s
🟠 [AcksBuilder] YouTube metadata unavailable for item  (stubbed) — possible dead link worth checking: https://www.youtube.com/watch?v=GRxofEmo3HA&t=2049s
🟠 [AcksBuilder] YouTube metadata unavailable for item  (stubbed) — possible dead link worth checking: https://www.youtube.com/watch?v=h_xkDB9tNtc
🟠 [AcksBuilder] YouTube metadata unavailable for item  (stubbed) — possible dead link worth checking: https://www.youtube.com/watch?v=T6pjGwkK2po
🟠 [AcksBuilder] YouTube metadata unavailable for item  (stubbed) — possible dead link worth checking: https://www.youtube.com/watch?v=x5mHzwEOpp4
🟠 [AcksBuilder] YouTube metadata unavailable for item  (stubbed) — possible dead link worth checking: https://www.youtube.com/watch?v=B8vRvN69esE
🟠 [AcksBuilder] YouTube metadata unavailable for item  (stubbed) — possible dead link worth checking: https://www.youtube.com/watch?v=uFNWEKHHBFQ
🟠 [AcksBuilder] 28 iStock titles could not be verified (no *istock-acks*.txt was supplied); each is marked ❗ and the acks block carries a designer note.
🟠 [SkeletonBuilder] module_code value "—" has no module_code_value_map entry — element omitted; add the value to Emit_Templates.
🟢 [ModuleResolver] 5 mined registry field(s) held the unknown literal "n/a" — kept the nearest real tier / library-wide default instead (universal-field fallback; env SKELDEFAULT_OFF reverts).
🟢 [DocxExtractor] Media-list boilerplate dropped: 3 blocks before the media table — the template's own instructions, not content.
🟢 [ConventionResolver] HTML conventions from group ConnectED|9-10: overview menu two_col_li, lesson menu two_col_li.
🟢 [PageSplitter] Second [TITLE BAR] kept in-page — registry page_model is single-file.
🟢 [InteractiveScanner] Page 0.0: 16 id-carrying heading(s) re-tagged as [Activity N] openers (opener_rule.id_heading_opener).
🟢 [ContentConverter] Page 0.0: 4 inline definitions woven onto the anchor word (orphan definition weave).
🟢 [ContentConverter] Page 0.0: [activity] auto-closed before the next h3.
🟢 [InteractiveBuilder] Built dropDown #4 from captured data (no placeholder needed).
🟢 [ContentConverter] Page 0.0: [activity] auto-closed before the next h3.
🟢 [ContentConverter] Page 0.0: [activity] auto-closed before the next important.
🟢 [ContentConverter] Page 0.0: [activity] auto-closed before the next h3.
🟢 [ContentConverter] Page 0.0: [activity] auto-closed before the next h3.
🟢 [ContentConverter] Page 0.0: [activity] auto-closed before the next h3.
🟢 [ContentConverter] Page 0.0: [activity] auto-closed before the next h3.
🟢 [ContentConverter] Page 0.0: [activity] auto-closed before the next h3.
🟢 [InteractiveBuilder] Built carousel #10 from captured data (no placeholder needed).
🟢 [ContentConverter] Page 0.0: [activity] auto-closed before the next lesson content.
🟢 [ContentConverter] Page 0.0: [activity] auto-closed before the next h3.
🟢 [ContentConverter] Page 0.0: [activity] auto-closed before the next important.
🟢 [ContentConverter] Page 0.0: [activity] auto-closed before the next h3.
🟢 [ContentConverter] Page 0.0: [activity] auto-closed before the next important.
🟢 [ContentConverter] Page 0.0: [activity] auto-closed before the next activity.
🟢 [ContentConverter] Page 0.0: [activity] auto-closed before the next h3.
🟢 [ContentConverter] Page 0.0: [activity] auto-closed before the next activity.
🟢 [ContentConverter] Page 0.0: unnumbered [ [Please create an activity that is laid out in tiles like the  ] opener nested in the open id-heading activity 5C (no new box).
🟢 [ContentConverter] Page 0.0: [activity] auto-closed before the next lesson content.
🟢 [ContentConverter] Page 0.0: [activity] auto-closed before the next activity.
🟢 [ContentConverter] Page 0.0: [activity] auto-closed before the next activity.
🟢 [ContentConverter] Page 0.0: [activity] auto-closed before the next h3.
🟢 [InteractiveBuilder] Built dropDown #20 from captured data (no placeholder needed).
🟢 [MenuBuilder] Menu heading "Tirohanga Whānui | Overview" is the section label — consumed (the menu scaffolding names it).
🟢 [PanelsBuilder] 7 panel title heading(s) set to h2 (first_heading_level).
🟠 [AcksBuilder] YouTube metadata unavailable for item  (stubbed) — possible dead link worth checking: https://www.youtube.com/watch?v=wZLje3MmrPE
🟠 [AcksBuilder] YouTube metadata unavailable for item  (stubbed) — possible dead link worth checking: https://www.youtube.com/watch?v=TyXQnaLcw3U
🟠 [AcksBuilder] YouTube metadata unavailable for item  (stubbed) — possible dead link worth checking: https://www.youtube.com/watch?v=SGp3EHmGLH8
🟠 [AcksBuilder] YouTube metadata unavailable for item  (stubbed) — possible dead link worth checking: https://www.youtube.com/watch?v=qRmWpfpW2Yo
🟠 [AcksBuilder] Unknown media item type "graphic" (item ) — used "Graphic" as the prefix; add it to Acks_Formats type_prefix_map.
🟠 [AcksBuilder] YouTube metadata unavailable for item  (stubbed) — possible dead link worth checking: https://www.youtube.com/watch?v=oIbrz-tS098
🟠 [AcksBuilder] YouTube metadata unavailable for item 38. (stubbed) — possible dead link worth checking: https://www.youtube.com/watch?v=y_CJFEKNvX8
🟠 [AcksBuilder] YouTube metadata unavailable for item 51 (stubbed) — possible dead link worth checking: https://www.youtube.com/watch?v=4gSzZp-gZRg&t=22s
🟠 [AcksBuilder] YouTube metadata unavailable for item 52 (stubbed) — possible dead link worth checking: https://www.youtube.com/watch?v=8AsNybeYq_Y
🟠 [AcksBuilder] YouTube metadata unavailable for item 60. (stubbed) — possible dead link worth checking: https://www.youtube.com/watch?v=On9qFBNoMS8
🟠 [AcksBuilder] YouTube metadata unavailable for item 61 (stubbed) — possible dead link worth checking: https://www.youtube.com/watch?v=K-QLuf8AvFI
🟠 [AcksBuilder] YouTube metadata unavailable for item 62. (stubbed) — possible dead link worth checking: https://www.youtube.com/watch?v=geh9fNJ5F8U
🟠 [AcksBuilder] Unknown media item type "Wave file" (item 64.) — used "Wave file" as the prefix; add it to Acks_Formats type_prefix_map.
🟠 [AcksBuilder] Unknown media item type "Wave file" (item 65.) — used "Wave file" as the prefix; add it to Acks_Formats type_prefix_map.
🟠 [AcksBuilder] Unknown media item type "Wave file" (item 66.) — used "Wave file" as the prefix; add it to Acks_Formats type_prefix_map.
🟠 [AcksBuilder] Unknown media item type "Wave file" (item 67.) — used "Wave file" as the prefix; add it to Acks_Formats type_prefix_map.
🟠 [AcksBuilder] YouTube metadata unavailable for item 69 (stubbed) — possible dead link worth checking: https://www.youtube.com/watch?v=p5XoYtkySNA
🟠 [AcksBuilder] YouTube metadata unavailable for item 70 (stubbed) — possible dead link worth checking: https://www.youtube.com/watch?v=svyHrb7nNI8
🟠 [AcksBuilder] YouTube metadata unavailable for item 74. (stubbed) — possible dead link worth checking: https://www.youtube.com/watch?v=ROo6DmJ-ohU
🟠 [AcksBuilder] YouTube metadata unavailable for item 80 (stubbed) — possible dead link worth checking: https://www.youtube.com/watch?v=YRwugfTdK_k
🟠 [AcksBuilder] YouTube metadata unavailable for item 81. (stubbed) — possible dead link worth checking: https://www.youtube.com/watch?v=pGPk2DlBz98
🟠 [AcksBuilder] YouTube metadata unavailable for item 82. (stubbed) — possible dead link worth checking: https://www.youtube.com/watch?v=HgHsHVydWZg
🟠 [AcksBuilder] Unknown media item type "Cartoon" (item 87.) — used "Cartoon" as the prefix; add it to Acks_Formats type_prefix_map.
🟠 [AcksBuilder] YouTube metadata unavailable for item 88. (stubbed) — possible dead link worth checking: https://www.youtube.com/watch?v=3U6UhcOR30o
🟠 [AcksBuilder] YouTube metadata unavailable for item 90. (stubbed) — possible dead link worth checking: https://www.youtube.com/watch?v=YRwugfTdK_k
🟢 [AcksBuilder] Media item 50. placed in lesson 0.0 by neighbour interpolation — verify its group.
🟢 [AcksBuilder] Media item 88. placed in lesson 0.0 by neighbour interpolation — verify its group.
🟠 [AcksBuilder] 30 iStock titles could not be verified (no *istock-acks*.txt was supplied); each is marked ❗ and the acks block carries a designer note.
🟢 [SkeletonBuilder] template attribute "9-10" overridden to the level-1 preset "1-3" (template_phase_presets — the module-level rule outranks sibling inheritance for this attribute only).
🟠 [SkeletonBuilder] module_code value "—" has no module_code_value_map entry — element omitted; add the value to Emit_Templates.
🟢 [SkeletonBuilder] footer_links "overview" value "—" is not a footer pattern (the registry's no-evidence marker) — the KB's overview-page form "next+home" applied (footer.kb_position_defaults).
🟢 [DocxExtractor] Media-list boilerplate dropped: 2 blocks of the media-list heading and preamble (no media table recognised in this document) — the template's own instructions, not content.
🟢 [ConventionResolver] HTML conventions from group 1-10 Languages|combo: overview menu tabs, lesson menu flat.
🟢 [PageSplitter] Registry says single-file but lesson/page tags exist — keeping ONE file; the tags become in-page breaks (registry rule).
🟢 [InteractiveScanner] clickingOrder: additional widget [clicking order] absorbed (clickingOrder + clickingOrder).
🟢 [InteractiveScanner] typing: additional widget [typing quiz] absorbed (typing + typing).
🟢 [InteractiveScanner] typing: additional widget [typing quiz] absorbed (typing + typing).
🟢 [InteractiveScanner] typing: additional widget [typing quiz] absorbed (typing + typing).
🟢 [InteractiveScanner] typing: additional widget [typing quiz] absorbed (typing + typing).
🟢 [InteractiveScanner] clickDrop: additional widget [click drop] absorbed (clickDrop + clickDrop).
🟢 [InteractiveScanner] clickDrop: additional widget [click drop] absorbed (clickDrop + clickDrop).
🟢 [InteractiveScanner] hint: additional widget [hint] absorbed (hint + hint).
🟢 [InteractiveScanner] hint: additional widget [hint] absorbed (hint + hint).
🟢 [InteractiveScanner] hint: additional widget [hint] absorbed (hint + hint).
🟢 [ContentConverter] Level-page fundamentals dialect: 2 levels (Novice, Emergent) — panels grouped by level, [Page Overview] blocks routed to the module menu (fundamentals_panels.level_pages).
🟢 [InteractiveBuilder] Built carousel #1 from captured data (no placeholder needed).
🟢 [InteractiveBuilder] Built flipCard #4 from captured data (no placeholder needed).
🟢 [InteractiveBuilder] Built speechBubble #6 from captured data (no placeholder needed).
🟢 [InteractiveBuilder] Built carousel #7 from captured data (no placeholder needed).
🟢 [InteractiveBuilder] Built flipCard #9 from captured data (no placeholder needed).
🟢 [InteractiveBuilder] Built speechBubble #11 from captured data (no placeholder needed).
🟢 [InteractiveBuilder] Built accordion #13 from captured data (no placeholder needed).
🟢 [InteractiveBuilder] Built flipCard #16 from captured data (no placeholder needed).
🟢 [InteractiveBuilder] Built speechBubble #17 from captured data (no placeholder needed).
🟢 [InteractiveBuilder] Built speechBubble #20 from captured data (no placeholder needed).
🟢 [InteractiveBuilder] Built carousel #21 from captured data (no placeholder needed).
🟢 [InteractiveBuilder] Built speechBubble #22 from captured data (no placeholder needed).
🟢 [InteractiveBuilder] Built clickDrop #25 from captured data (no placeholder needed).
🟢 [InteractiveBuilder] Built accordion #27 from captured data (no placeholder needed).
🟢 [InteractiveBuilder] Built carousel #28 from captured data (no placeholder needed).
🟢 [InteractiveBuilder] Built flipCard #30 from captured data (no placeholder needed).
🟢 [InteractiveBuilder] Built dragAndDrop #31 from captured data (no placeholder needed).
🟢 [InteractiveBuilder] Built speechBubble #32 from captured data (no placeholder needed).
🟢 [InteractiveBuilder] Built flipCard #33 from captured data (no placeholder needed).
🟢 [InteractiveBuilder] Built accordion #35 from captured data (no placeholder needed).
🟢 [InteractiveBuilder] Built carousel #36 from captured data (no placeholder needed).
🟢 [InteractiveBuilder] Built accordion #38 from captured data (no placeholder needed).
🟢 [InteractiveBuilder] Built carousel #39 from captured data (no placeholder needed).
🟢 [InteractiveBuilder] Built carousel #40 from captured data (no placeholder needed).
🟢 [InteractiveBuilder] Built accordion #42 from captured data (no placeholder needed).
🟢 [InteractiveBuilder] Built accordion #44 from captured data (no placeholder needed).
🟢 [InteractiveBuilder] Built speechBubble #46 from captured data (no placeholder needed).
🟢 [InteractiveBuilder] Built accordion #47 from captured data (no placeholder needed).
🟢 [InteractiveBuilder] Built carousel #48 from captured data (no placeholder needed).
🟢 [InteractiveBuilder] Built speechBubble #51 from captured data (no placeholder needed).
🟢 [InteractiveBuilder] Built accordion #52 from captured data (no placeholder needed).
🟢 [InteractiveBuilder] Built accordion #54 from captured data (no placeholder needed).
🟢 [InteractiveBuilder] Built accordion #55 from captured data (no placeholder needed).
🟢 [InteractiveBuilder] Built accordion #57 from captured data (no placeholder needed).
🟢 [InteractiveBuilder] Built accordion #60 from captured data (no placeholder needed).
🟢 [InteractiveBuilder] Built speechBubble #62 from captured data (no placeholder needed).
🟢 [InteractiveBuilder] Built flipCard #63 from captured data (no placeholder needed).
🟢 [InteractiveBuilder] Built flipCard #65 from captured data (no placeholder needed).
🟢 [InteractiveBuilder] Built flipCard #67 from captured data (no placeholder needed).
🟢 [InteractiveBuilder] Built flipCard #68 from captured data (no placeholder needed).
🟢 [InteractiveBuilder] Built accordion #70 from captured data (no placeholder needed).
🟢 [InteractiveBuilder] Built accordion #72 from captured data (no placeholder needed).
🟢 [InteractiveBuilder] Built accordion #74 from captured data (no placeholder needed).
🟢 [InteractiveBuilder] Built carousel #75 from captured data (no placeholder needed).
🟢 [InteractiveBuilder] Built accordion #77 from captured data (no placeholder needed).
🟢 [InteractiveBuilder] Built flipCard #79 from captured data (no placeholder needed).
🟢 [InteractiveBuilder] Built accordion #82 from captured data (no placeholder needed).
🟢 [InteractiveBuilder] Built accordion #84 from captured data (no placeholder needed).
🟢 [InteractiveBuilder] Built flipCard #86 from captured data (no placeholder needed).
🟢 [InteractiveBuilder] Built carousel #88 from captured data (no placeholder needed).
🟢 [InteractiveBuilder] Built accordion #89 from captured data (no placeholder needed).
🟢 [InteractiveBuilder] Built accordion #91 from captured data (no placeholder needed).
🟢 [MenuBuilder] Overview menu composed as level tabs (Overview + Novice, Emergent; fundamentals_panels.level_pages).
🟠 [AcksBuilder] YouTube metadata unavailable for item  (stubbed) — possible dead link worth checking: https://www.youtube.com/watch?v=EReU1BKtAXo
🟠 [AcksBuilder] YouTube metadata unavailable for item  (stubbed) — possible dead link worth checking: https://www.youtube.com/shorts/EzFbDUyfQ_M
🟠 [AcksBuilder] YouTube metadata unavailable for item  (stubbed) — possible dead link worth checking: https://www.youtube.com/shorts/AVacsszbBv0
🟠 [AcksBuilder] YouTube metadata unavailable for item  (stubbed) — possible dead link worth checking: https://www.youtube.com/watch?v=2okDjDgL_ec
🟠 [AcksBuilder] YouTube metadata unavailable for item  (stubbed) — possible dead link worth checking: https://www.youtube.com/shorts/nO6qdiXg5wc
🟠 [AcksBuilder] YouTube metadata unavailable for item  (stubbed) — possible dead link worth checking: https://www.youtube.com/watch?v=alpZjv2fbQ0
🟠 [AcksBuilder] YouTube metadata unavailable for item  (stubbed) — possible dead link worth checking: https://www.youtube.com/shorts/nKRYIax12EE
🟠 [AcksBuilder] YouTube metadata unavailable for item  (stubbed) — possible dead link worth checking: https://www.youtube.com/shorts/E5gCkAkJZ8c
🟠 [AcksBuilder] YouTube metadata unavailable for item  (stubbed) — possible dead link worth checking: https://www.youtube.com/shorts/q7fy7z9spXU
🟠 [AcksBuilder] YouTube metadata unavailable for item  (stubbed) — possible dead link worth checking: https://www.youtube.com/shorts/sKkXUWkv2Pk
🟠 [AcksBuilder] YouTube metadata unavailable for item  (stubbed) — possible dead link worth checking: https://www.youtube.com/shorts/vfmArtHdJIw
🟠 [AcksBuilder] YouTube metadata unavailable for item  (stubbed) — possible dead link worth checking: https://www.youtube.com/shorts/FGopmskxhbk
🟠 [AcksBuilder] YouTube metadata unavailable for item  (stubbed) — possible dead link worth checking: https://www.youtube.com/shorts/_jWBe4_oFXM
🟠 [AcksBuilder] YouTube metadata unavailable for item  (stubbed) — possible dead link worth checking: https://www.youtube.com/shorts/gRLlQPpWnls
🟠 [AcksBuilder] YouTube metadata unavailable for item  (stubbed) — possible dead link worth checking: https://www.youtube.com/shorts/lY3OEgpJxCU
🟠 [AcksBuilder] YouTube metadata unavailable for item  (stubbed) — possible dead link worth checking: https://www.youtube.com/shorts/lg2ktNOZyqA
🟠 [AcksBuilder] YouTube metadata unavailable for item  (stubbed) — possible dead link worth checking: https://www.youtube.com/shorts/lsg0al4w_YQ
🟠 [AcksBuilder] YouTube metadata unavailable for item  (stubbed) — possible dead link worth checking: https://www.youtube.com/watch?v=_ravO1DkkB0
🟠 [AcksBuilder] YouTube metadata unavailable for item  (stubbed) — possible dead link worth checking: https://www.youtube.com/shorts/jCG41gX15SE
🟠 [AcksBuilder] YouTube metadata unavailable for item  (stubbed) — possible dead link worth checking: https://www.youtube.com/shorts/aTQ7ZRdBCEA
🟠 [AcksBuilder] YouTube metadata unavailable for item  (stubbed) — possible dead link worth checking: https://www.youtube.com/shorts/cOdslRXXjyQ
🟠 [AcksBuilder] YouTube metadata unavailable for item  (stubbed) — possible dead link worth checking: https://www.youtube.com/shorts/_JosMtR1DoY
🟠 [AcksBuilder] YouTube metadata unavailable for item  (stubbed) — possible dead link worth checking: https://www.youtube.com/shorts/jui18gm3uyk
🟠 [AcksBuilder] YouTube metadata unavailable for item  (stubbed) — possible dead link worth checking: https://www.youtube.com/shorts/OcnOr5ZPdzw
🟠 [AcksBuilder] YouTube metadata unavailable for item  (stubbed) — possible dead link worth checking: https://www.youtube.com/watch?v=PpvSgAtWTCs
🟠 [AcksBuilder] YouTube metadata unavailable for item  (stubbed) — possible dead link worth checking: https://www.youtube.com/watch?v=gRCT1dgtC5g
🟠 [AcksBuilder] YouTube metadata unavailable for item  (stubbed) — possible dead link worth checking: https://www.youtube.com/shorts/SdKwlg3EGsA
🟠 [AcksBuilder] YouTube metadata unavailable for item  (stubbed) — possible dead link worth checking: https://www.youtube.com/shorts/NIugOzuipQc
🟠 [AcksBuilder] YouTube metadata unavailable for item  (stubbed) — possible dead link worth checking: https://www.youtube.com/shorts/7CRaAJWaB2U
🟠 [AcksBuilder] YouTube metadata unavailable for item  (stubbed) — possible dead link worth checking: https://www.youtube.com/shorts/pqlveJdcMyM
🟠 [AcksBuilder] YouTube metadata unavailable for item  (stubbed) — possible dead link worth checking: https://www.youtube.com/shorts/zASwoycJMtY
🟠 [AcksBuilder] YouTube metadata unavailable for item  (stubbed) — possible dead link worth checking: https://www.youtube.com/watch?v=ujTm3AHA4xE&t=89s
🟠 [AcksBuilder] YouTube metadata unavailable for item  (stubbed) — possible dead link worth checking: https://www.youtube.com/shorts/6lbnwKm3NLI
🟠 [AcksBuilder] YouTube metadata unavailable for item  (stubbed) — possible dead link worth checking: https://www.youtube.com/shorts/07jNdFiknWg
🟠 [AcksBuilder] YouTube metadata unavailable for item  (stubbed) — possible dead link worth checking: https://www.youtube.com/watch?v=btTe0EvmsrA
🟠 [AcksBuilder] YouTube metadata unavailable for item  (stubbed) — possible dead link worth checking: https://www.youtube.com/shorts/79baI6tJtdA
🟠 [AcksBuilder] YouTube metadata unavailable for item  (stubbed) — possible dead link worth checking: https://www.youtube.com/shorts/ywHu0ERdwmk
🟠 [AcksBuilder] YouTube metadata unavailable for item  (stubbed) — possible dead link worth checking: https://www.youtube.com/shorts/YNRIWWi3mQ8
🟠 [AcksBuilder] YouTube metadata unavailable for item  (stubbed) — possible dead link worth checking: https://www.youtube.com/shorts/sAZ9ywv7EYI
🟠 [AcksBuilder] YouTube metadata unavailable for item  (stubbed) — possible dead link worth checking: https://www.youtube.com/watch?v=5BKxw0hU9bQ
🟠 [AcksBuilder] YouTube metadata unavailable for item  (stubbed) — possible dead link worth checking: https://www.youtube.com/watch?v=XNHK6Fx6hOA
🟠 [AcksBuilder] YouTube metadata unavailable for item  (stubbed) — possible dead link worth checking: https://www.youtube.com/watch?v=NgzUCeQDylg
🟠 [AcksBuilder] YouTube metadata unavailable for item  (stubbed) — possible dead link worth checking: https://www.youtube.com/shorts/MsptDdwPmkc
🟠 [AcksBuilder] YouTube metadata unavailable for item  (stubbed) — possible dead link worth checking: https://www.youtube.com/shorts/srJ4fJMp2is
🟠 [AcksBuilder] YouTube metadata unavailable for item  (stubbed) — possible dead link worth checking: https://www.youtube.com/shorts/E0LKEZOxK04
🟠 [AcksBuilder] YouTube metadata unavailable for item  (stubbed) — possible dead link worth checking: https://www.youtube.com/shorts/tcgkTr5IK_8
🟠 [AcksBuilder] YouTube metadata unavailable for item  (stubbed) — possible dead link worth checking: https://www.youtube.com/shorts/CXTw4p6BP1c
🟠 [AcksBuilder] YouTube metadata unavailable for item  (stubbed) — possible dead link worth checking: https://www.youtube.com/watch?v=Bx2X4-Y_l5o
🟠 [AcksBuilder] YouTube metadata unavailable for item  (stubbed) — possible dead link worth checking: https://www.youtube.com/shorts/hvFrwtUew3s
🟠 [AcksBuilder] YouTube metadata unavailable for item  (stubbed) — possible dead link worth checking: https://www.youtube.com/shorts/tvIb5ymUV3g
🟠 [AcksBuilder] YouTube metadata unavailable for item  (stubbed) — possible dead link worth checking: https://www.youtube.com/watch?v=woH6XGNw75E
🟠 [AcksBuilder] YouTube metadata unavailable for item  (stubbed) — possible dead link worth checking: https://www.youtube.com/shorts/z3Oa5biSwh0
🟠 [AcksBuilder] YouTube metadata unavailable for item  (stubbed) — possible dead link worth checking: https://www.youtube.com/watch?v=JZBSotB9rVM
🟠 [AcksBuilder] YouTube metadata unavailable for item  (stubbed) — possible dead link worth checking: https://www.youtube.com/shorts/sYD6-ygHoYA
🟠 [AcksBuilder] YouTube metadata unavailable for item  (stubbed) — possible dead link worth checking: https://www.youtube.com/shorts/91PSU40MHJw
🟠 [AcksBuilder] YouTube metadata unavailable for item  (stubbed) — possible dead link worth checking: https://www.youtube.com/shorts/N315raEiNsU
🟠 [AcksBuilder] 55 iStock titles could not be verified (no *istock-acks*.txt was supplied); each is marked ❗ and the acks block carries a designer note.
🟢 [DocxExtractor] Media-list boilerplate dropped: 3 blocks before the media table — the template's own instructions, not content.
🟢 [ConventionResolver] HTML conventions from group 1-10 English|combo: overview menu default, lesson menu two_col_li.
🟢 [PageSplitter] Document opens without a literal [TITLE BAR] — overview page opened at the first content tag (Fundamentals-style template).
🟢 [PageSplitter] Second [TITLE BAR] kept in-page — registry page_model is single-file.
🟢 [PageSplitter] Second [TITLE BAR] kept in-page — registry page_model is single-file.
🟢 [InteractiveScanner] [[Multiple-Choice Quiz]] — the heading "Growing Audience Awareness" and the section after it are the widget's own (heading_table_owner, no_table).
🟢 [InteractiveScanner] Activity 1: additional widget [mcq] absorbed (multiChoiceQuiz + multiChoiceQuiz).
🟢 [InteractiveBuilder] Built dragAndDrop #1 from captured data (no placeholder needed).
🟢 [InteractiveBuilder] Built flipCard #2 from captured data (no placeholder needed).
🟢 [InteractiveBuilder] Built flipCard #3 from captured data (no placeholder needed).
🟢 [ContentConverter] Page 0.0: [activity] auto-closed before the next h3.
🟢 [InteractiveBuilder] Built flipCard #4 from captured data (no placeholder needed).
🟢 [InteractiveBuilder] Built flipCard #8 from captured data (no placeholder needed).
🟢 [InteractiveBuilder] Built flipCard #11 from captured data (no placeholder needed).
🟢 [InteractiveBuilder] Built tabs #14 from captured data (no placeholder needed).
🟢 [ContentConverter] Page 0.0: [activity] auto-closed before the next activity.
🟢 [ContentConverter] Page 0.0: the lead paragraph after [ [Activity] ] renders free inside the box (lead_free_after_tag).
🟢 [MenuBuilder] Fundamentals [Overview] WALT/I-can block routed to the module menu as the two-col LI/SC form (menu.fundamentals_overview_li).
🟠 [AcksBuilder] YouTube metadata unavailable for item  (stubbed) — possible dead link worth checking: https://www.youtube.com/watch?v=7j0OY3236jw&list=PLcndK_ng68m-qOYTjlZ9LTQqqFiSp7gp3
🟠 [AcksBuilder] YouTube metadata unavailable for item  (stubbed) — possible dead link worth checking: https://www.youtube.com/watch?v=r9mryuEKkKc&list=PLcndK_ng68m-qOYTjlZ9LTQqqFiSp7gp3&index=2
🟠 [AcksBuilder] Unknown media item type "Emoji" (item 2.) — used "Emoji" as the prefix; add it to Acks_Formats type_prefix_map.
🟠 [AcksBuilder] YouTube metadata unavailable for item 3. (stubbed) — possible dead link worth checking: https://www.youtube.com/watch?v=znXCvTFJWsA
🟠 [AcksBuilder] Unknown media item type "Image from video" (item 5.) — used "Image from video" as the prefix; add it to Acks_Formats type_prefix_map.
🟠 [AcksBuilder] YouTube metadata unavailable for item 5. (stubbed) — possible dead link worth checking: https://www.youtube.com/watch?v=-GSnmRZlgc4
🟠 [AcksBuilder] Unknown media item type "Image from video" (item 5.) — used "Image from video" as the prefix; add it to Acks_Formats type_prefix_map.
🟠 [AcksBuilder] Unknown media item type "Image from video" (item 6.) — used "Image from video" as the prefix; add it to Acks_Formats type_prefix_map.
🟠 [AcksBuilder] YouTube metadata unavailable for item 6. (stubbed) — possible dead link worth checking: https://www.youtube.com/watch?v=fKp_BRlv6gQ&t=5s
🟠 [AcksBuilder] Unknown media item type "Image from video" (item 6.) — used "Image from video" as the prefix; add it to Acks_Formats type_prefix_map.
🟠 [AcksBuilder] Unknown media item type "Image from video" (item 7.) — used "Image from video" as the prefix; add it to Acks_Formats type_prefix_map.
🟠 [AcksBuilder] YouTube metadata unavailable for item 7. (stubbed) — possible dead link worth checking: https://www.youtube.com/watch?v=X_EM-iZNguo
🟠 [AcksBuilder] Unknown media item type "Image from video" (item 7.) — used "Image from video" as the prefix; add it to Acks_Formats type_prefix_map.
🟠 [AcksBuilder] YouTube metadata unavailable for item 13. (stubbed) — possible dead link worth checking: https://youtu.be/PTD_EZWCO7w
🟠 [AcksBuilder] YouTube metadata unavailable for item 17. (stubbed) — possible dead link worth checking: https://www.youtube.com/watch?v=enm4afX-izA
🟢 [AcksBuilder] Media item 19. ("External link") is a lesson link — no acknowledgement (scope rule).
🟠 [AcksBuilder] YouTube metadata unavailable for item 20. (stubbed) — possible dead link worth checking: https://www.youtube.com/watch?v=bH0h4hc_dlY
🟠 [AcksBuilder] YouTube metadata unavailable for item 21. (stubbed) — possible dead link worth checking: https://www.youtube.com/watch?v=TnGl01FkMMo
🟠 [AcksBuilder] Unknown media item type "Text source" (item 22.) — used "Text source" as the prefix; add it to Acks_Formats type_prefix_map.
🟠 [AcksBuilder] Unknown media item type "Text source" (item 23.) — used "Text source" as the prefix; add it to Acks_Formats type_prefix_map.
🟠 [AcksBuilder] YouTube metadata unavailable for item 31. (stubbed) — possible dead link worth checking: https://www.youtube.com/watch?v=_XFVTd25qds%5C
🟠 [AcksBuilder] YouTube metadata unavailable for item 32. (stubbed) — possible dead link worth checking: https://www.youtube.com/watch?v=dPaU4Gymt3E
🟠 [AcksBuilder] Unknown media item type "Text" (item 34.) — used "Text" as the prefix; add it to Acks_Formats type_prefix_map.
🟠 [AcksBuilder] YouTube metadata unavailable for item 35. (stubbed) — possible dead link worth checking: https://www.youtube.com/watch?v=8q7_aV8eLUE
🟠 [AcksBuilder] YouTube metadata unavailable for item 39. (stubbed) — possible dead link worth checking: https://www.youtube.com/watch?v=UBzlVcoqBSg
🟠 [AcksBuilder] YouTube metadata unavailable for item 42. (stubbed) — possible dead link worth checking: https://www.youtube.com/watch?v=us6ZcvCcYoo
🟠 [AcksBuilder] Unknown media item type "Audio text" (item 43.) — used "Audio text" as the prefix; add it to Acks_Formats type_prefix_map.
🟢 [AcksBuilder] Media item  placed in lesson 0.0 by neighbour interpolation — verify its group.
🟠 [AcksBuilder] 13 iStock titles could not be verified (no *istock-acks*.txt was supplied); each is marked ❗ and the acks block carries a designer note.
🟠 [ModuleResolver] Multiple module-code candidates found (ENGC206, ENO304) — using ENGC206 from filename "ENGC206 Writers Template.docx".
🟢 [ConventionResolver] HTML conventions from group 1-10 English|4-6: overview menu two_col_li, lesson menu flat.
🟢 [PageSplitter] "[we are using part of lesson 3 from eno304 (the original mod" mentions lesson inside a writer instruction — not a page boundary (lesson_boundary_guard).
🟢 [PageSplitter] Implicit page break: content continues after [end page] without a [LESSON] tag — opened page 4.0.
🟢 [PageSplitter] [Lesson 4] repeats the open lesson's number with no body content between — merged, no empty page emitted (lesson_boundary_guard).
🟢 [PageSplitter] [Lesson 5] repeats the open lesson's number with no body content between — merged, no empty page emitted (lesson_boundary_guard).
🟢 [PageSplitter] Content after the final [end page] (1 blocks) is writer-form boilerplate — not emitted (AR-5).
🟠 [PageSplitter] Duplicate lesson label 3.0 (writers reused the number) — relabelled to 5.0; check the source numbering.
🟠 [PageSplitter] Duplicate lesson label 4.0 (writers reused the number) — relabelled to 6.0; check the source numbering.
🟠 [PageSplitter] Duplicate lesson label 5.0 (writers reused the number) — relabelled to 7.0; check the source numbering.
🟢 [ContentConverter] Page 1.0: [end alert] had no open container — ignored.
🟢 [InteractiveBuilder] Built flipCard #2 from captured data (no placeholder needed).
🟢 [ContentConverter] Page 1.0: [end alert] had no open container — ignored.
🟢 [ContentConverter] Page 1.0: [activity] auto-closed before the next h3.
🟢 [ContentConverter] Page 1.0: [end alert] had no open container — ignored.
🟢 [ContentConverter] Page 1.0: [activity] auto-closed before the next activity.
🟠 [ContentConverter] Page 1.0: [activity] was never closed — closed at page end.
🟢 [ContentConverter] Page 2.0: [end alert] had no open container — ignored.
🟢 [InteractiveScanner] flipCard: additional widget [flip card] absorbed (flipCard + flipCard).
🟢 [InteractiveScanner] flipCard: additional widget [flip card] absorbed (flipCard + flipCard).
🟢 [InteractiveScanner] flipCard: additional widget [flip card] absorbed (flipCard + flipCard).
🟢 [InteractiveScanner] flipCard: additional widget [flip card] absorbed (flipCard + flipCard).
🟢 [InteractiveScanner] flipCard: additional widget [flip card] absorbed (flipCard + flipCard).
🟢 [InteractiveScanner] flipCard: additional widget [flip card] absorbed (flipCard + flipCard).
🟢 [InteractiveScanner] flipCard: additional widget [flip card] absorbed (flipCard + flipCard).
🟢 [InteractiveScanner] flipCard: additional widget [flip card] absorbed (flipCard + flipCard).
🟢 [InteractiveScanner] flipCard: additional widget [flip card] absorbed (flipCard + flipCard).
🟢 [InteractiveScanner] flipCard: additional widget [flip card] absorbed (flipCard + flipCard).
🟢 [InteractiveBuilder] Built flipCard #5 from captured data (no placeholder needed).
🟢 [ContentConverter] Page 4.0: [end alert] had no open container — ignored.
🟢 [ContentConverter] Page 4.0: [activity] auto-closed before the next activity.
🟢 [ContentConverter] Page 4.0: [activity] auto-closed before the next activity.
🟢 [ContentConverter] Page 4.0: [activity] auto-closed before the next activity.
🟢 [ContentConverter] Page 4.0: [activity] auto-closed before the next activity.
🟢 [ContentConverter] Page 5.0: [end alert] had no open container — ignored.
🟢 [ContentConverter] Page 5.0: [end alert] had no open container — ignored.
🟢 [ContentConverter] [alert] spans to an explicit end tag (writer-authored box).
🟢 [ContentConverter] Page 5.0: [activity] auto-closed before the next activity.
🟢 [ContentConverter] Page 5.0: [activity] auto-closed before the next h3.
🟢 [ContentConverter] Page 5.0: [end alert] had no open container — ignored.
🟢 [ContentConverter] Page 5.0: [activity] auto-closed before the next h3.
🟢 [ContentConverter] Page 5.0: [end alert] had no open container — ignored.
🟢 [ContentConverter] Page 5.0: [activity] auto-closed before the next h3.
🟢 [InteractiveBuilder] Built multiChoiceQuiz #8 from captured data (no placeholder needed).
🟠 [ContentConverter] Page 5.0: [activity] was never closed — closed at page end.
🟢 [ContentConverter] Page 6.0: [end alert] had no open container — ignored.
🟢 [ContentConverter] Page 6.0: [activity] auto-closed before the next activity.
🟢 [ContentConverter] Page 6.0: [activity] auto-closed before the next activity.
🟠 [ContentConverter] Page 6.0: [activity] was never closed — closed at page end.
🟢 [InteractiveScanner] accordion: additional widget [accordion] absorbed (accordion + accordion).
🟢 [ContentConverter] Page 7.0: [end alert] had no open container — ignored.
🟢 [ContentConverter] Page 7.0: [activity] auto-closed before the next h3.
🟢 [ContentConverter] Page 7.0: [activity] auto-closed before the next activity.
🟢 [ContentConverter] Page 7.0: [activity] auto-closed before the next activity.
🟢 [InteractiveBuilder] Built accordion #11 from captured data (no placeholder needed).
🟠 [ContentConverter] Page 7.0: [activity] was never closed — closed at page end.
🟠 [AcksBuilder] YouTube metadata unavailable for item  (stubbed) — possible dead link worth checking: https://www.youtube.com/watch?v=9OquUp6x5IU
🟠 [AcksBuilder] YouTube metadata unavailable for item  (stubbed) — possible dead link worth checking: https://www.youtube.com/watch?v=U-uMp9kFAW0
🟠 [AcksBuilder] YouTube metadata unavailable for item  (stubbed) — possible dead link worth checking: https://www.youtube.com/watch?v=Um7ukvphdHY
🟠 [AcksBuilder] YouTube metadata unavailable for item  (stubbed) — possible dead link worth checking: https://www.youtube.com/watch?v=XoVQkJfPm0M
🟠 [AcksBuilder] YouTube metadata unavailable for item  (stubbed) — possible dead link worth checking: https://www.youtube.com/watch?v=kjkx1EbEUJM
🟠 [AcksBuilder] Unknown media item type "Canva poster or equivalent" (item ) — used "Canva poster or equivalent" as the prefix; add it to Acks_Formats type_prefix_map.
🟠 [AcksBuilder] YouTube metadata unavailable for item  (stubbed) — possible dead link worth checking: https://www.youtube.com/watch?v=DqhqIfHww7g
🟠 [AcksBuilder] Media item  sits between lessons 0.0 and 1.0 — placed in 0.0; verify.
🟠 [AcksBuilder] Media item  sits between lessons 0.0 and 1.0 — placed in 0.0; verify.
🟢 [AcksBuilder] Media item  placed in lesson 1.0 by neighbour interpolation — verify its group.
🟢 [AcksBuilder] Media item  placed in lesson 1.0 by neighbour interpolation — verify its group.
🟠 [AcksBuilder] Media item  sits between lessons 2.0 and 5.0 — placed in 2.0; verify.
🟠 [AcksBuilder] Media item  sits between lessons 5.0 and 7.0 — placed in 5.0; verify.
🟠 [AcksBuilder] Media item  sits between lessons 5.0 and 7.0 — placed in 5.0; verify.
🟠 [AcksBuilder] Media item  sits between lessons 5.0 and 7.0 — placed in 5.0; verify.
🟠 [AcksBuilder] 10 iStock titles could not be verified (no *istock-acks*.txt was supplied); each is marked ❗ and the acks block carries a designer note.
🟠 [ModuleResolver] Multiple module-code candidates found (ENGI401, EN000) — using ENGI401 from filename "ENGI401 Writers Template + Media List.docx".
🟢 [DocxExtractor] Media-list boilerplate dropped: 3 blocks before the media table; 1 writer note in that section kept — the template's own instructions, not content.
🟢 [ConventionResolver] HTML conventions from group 1-10 English|9-10: overview menu two_col_li, lesson menu flat.
🟢 [PageSplitter] [end page] before [MODULE INTRODUCTION] disregarded — the introduction stays on the overview page (AR-1).
🟢 [MenuBuilder] Menu heading "Tirohanga Whānui | Overview" is the section label — consumed (the menu scaffolding names it).
🟢 [InteractiveBuilder] Built carousel #2 from captured data (no placeholder needed).
🟢 [InteractiveBuilder] Built carousel #3 from captured data (no placeholder needed).
🟢 [InteractiveScanner] [[reorder interactive] currently in correct order] — the heading "Books" and its table are the widget's own (heading_table_owner).
🟢 [InteractiveBuilder] Built carousel #10 from captured data (no placeholder needed).
🟢 [InteractiveBuilder] Built carousel #11 from captured data (no placeholder needed).
🟠 [ContentConverter] Page 3.0: [activity] was never closed — closed at page end.
🟢 [InteractiveBuilder] Built clickDrop #12 from captured data (no placeholder needed).
🟢 [ContentConverter] Page 4.0: activity box kept open for the prose after its data table (round 378).
🟢 [ContentConverter] Page 4.0: activity box closed after its upload button — the button is the box's last child (round 376).
🟢 [InteractiveBuilder] Built dragAndDrop #17 from captured data (no placeholder needed).
🟢 [ContentConverter] Page 6.0: [activity] auto-closed before the next activity.
🟢 [ContentConverter] Page 6.0: activity box closed after its upload button — the button is the box's last child (round 376).
🟢 [InteractiveBuilder] Built modal #18 from captured data (no placeholder needed).
🟢 [InteractiveScanner] Activity 7C: additional widget [modal] absorbed (dropDown + modal).
🟢 [InteractiveBuilder] Built dragAndDrop #20 from captured data (no placeholder needed).
🟢 [ContentConverter] Page 7.0: [activity] auto-closed before the next activity.
🟢 [ContentConverter] Page 8.0: [activity] auto-closed before the next activity.
🟢 [ContentConverter] Page 8.0: activity box closed after its upload button — the button is the box's last child (round 376).
🟢 [InteractiveBuilder] Built modal #24 from captured data (no placeholder needed).
🟢 [InteractiveScanner] Activity 9C: additional widget [modal] absorbed (dropDown + modal).
🟢 [ContentConverter] Page 9.0: [activity] auto-closed before the next activity.
🟢 [InteractiveScanner] Activity 10C: additional widget [modal] absorbed (dropDown + modal).
🟢 [InteractiveBuilder] Built dragAndDrop #30 from captured data (no placeholder needed).
🟢 [ContentConverter] Page 10.0: [activity] auto-closed before the next activity.
🟢 [InteractiveBuilder] Built modal #36 from captured data (no placeholder needed).
🟢 [PageAssembler] [TITLE BAR] held only "A Moment in Time" (no English) — using the front-matter Course "Te Ara Hou, Te Ara Tipu, EN000" as the English title; Te Reo kept as the second title.
🟠 [AcksBuilder] YouTube metadata unavailable for item 1 (stubbed) — possible dead link worth checking: https://www.youtube.com/watch?v=P1yyQnfrJzs
🟠 [AcksBuilder] YouTube metadata unavailable for item 11 (stubbed) — possible dead link worth checking: https://www.youtube.com/watch?v=icCdAl6TvNM
🟠 [AcksBuilder] Unknown media item type "Website and image" (item 12) — used "Website and image" as the prefix; add it to Acks_Formats type_prefix_map.
🟠 [AcksBuilder] Unknown media item type "website" (item 13) — used "Website" as the prefix; add it to Acks_Formats type_prefix_map.
🟠 [AcksBuilder] Unknown media item type "website" (item 14) — used "Website" as the prefix; add it to Acks_Formats type_prefix_map.
🟠 [AcksBuilder] Unknown media item type "website" (item 15) — used "Website" as the prefix; add it to Acks_Formats type_prefix_map.
🟠 [AcksBuilder] YouTube metadata unavailable for item 16 (stubbed) — possible dead link worth checking: https://www.youtube.com/watch?v=kOmSLK42HzI
🟠 [AcksBuilder] YouTube metadata unavailable for item 19 (stubbed) — possible dead link worth checking: https://www.youtube.com/watch?v=6Oh3dxWIQ18
🟠 [AcksBuilder] YouTube metadata unavailable for item 20 (stubbed) — possible dead link worth checking: https://www.youtube.com/watch?v=6Bz1zDdpmOk
🟠 [AcksBuilder] YouTube metadata unavailable for item 26 (stubbed) — possible dead link worth checking: https://www.youtube.com/watch?v=wyktXQpnn2o
🟠 [AcksBuilder] YouTube metadata unavailable for item 27 (stubbed) — possible dead link worth checking: https://www.youtube.com/watch?v=3dHwmR5VAa4
🟠 [AcksBuilder] YouTube metadata unavailable for item 28 (stubbed) — possible dead link worth checking: https://www.youtube.com/watch?v=2x6ASkp18XY
🟠 [AcksBuilder] YouTube metadata unavailable for item 29 (stubbed) — possible dead link worth checking: https://www.youtube.com/watch?v=musnNR0DrMs
🟠 [AcksBuilder] YouTube metadata unavailable for item 30 (stubbed) — possible dead link worth checking: https://www.youtube.com/watch?v=2tbSmty2nAs
🟠 [AcksBuilder] Unknown media item type "pdf" (item 31) — used "Pdf" as the prefix; add it to Acks_Formats type_prefix_map.
🟠 [AcksBuilder] Unknown media item type "pdf" (item 32) — used "Pdf" as the prefix; add it to Acks_Formats type_prefix_map.
🟠 [AcksBuilder] Unknown media item type "pdf" (item 33) — used "Pdf" as the prefix; add it to Acks_Formats type_prefix_map.
🟠 [AcksBuilder] Unknown media item type "pdf" (item 39) — used "Pdf" as the prefix; add it to Acks_Formats type_prefix_map.
🟠 [AcksBuilder] Unknown media item type "Video- we would like just a screen shot of 0.39)" (item 41) — used "Video- we would like just a screen shot of 0.39)" as the prefix; add it to Acks_Formats type_prefix_map.
🟠 [AcksBuilder] YouTube metadata unavailable for item 41 (stubbed) — possible dead link worth checking: https://www.youtube.com/watch?v=n10Dx_03hUU
🟠 [AcksBuilder] Unknown media item type "Video- we would like just a screen shot of 0.39)" (item 41) — used "Video- we would like just a screen shot of 0.39)" as the prefix; add it to Acks_Formats type_prefix_map.
🟠 [AcksBuilder] Unknown media item type "pdf" (item 43) — used "Pdf" as the prefix; add it to Acks_Formats type_prefix_map.
🟠 [AcksBuilder] Unknown media item type "pdf" (item 44) — used "Pdf" as the prefix; add it to Acks_Formats type_prefix_map.
🟠 [AcksBuilder] Unknown media item type "pdf" (item 45) — used "Pdf" as the prefix; add it to Acks_Formats type_prefix_map.
🟠 [AcksBuilder] YouTube metadata unavailable for item 46 (stubbed) — possible dead link worth checking: https://www.youtube.com/watch?v=8S0FDjFBj8o
🟠 [AcksBuilder] 7 iStock titles could not be verified (no *istock-acks*.txt was supplied); each is marked ❗ and the acks block carries a designer note.
🟢 [DocxExtractor] Media-list boilerplate dropped: 3 blocks before the media table — the template's own instructions, not content.
🟢 [ConventionResolver] HTML conventions from group 1-10 English|1-3: overview menu two_col_li, lesson menu flat.
🟢 [PageSplitter] [end page] before [MODULE INTRODUCTION] disregarded — the introduction stays on the overview page (AR-1).
🟢 [MenuBuilder] Menu heading "Tirohanga Whānui | Overview" is the section label — consumed (the menu scaffolding names it).
🟢 [InteractiveScanner] speechBubble: additional widget [speech bubble] absorbed (speechBubble + speechBubble).
🟢 [InteractiveScanner] speechBubble: additional widget [speech bubble] absorbed (speechBubble + speechBubble).
🟢 [InteractiveScanner] speechBubble: additional widget [speech bubble] absorbed (speechBubble + speechBubble).
🟢 [InteractiveScanner] speechBubble: additional widget [speech bubble] absorbed (speechBubble + speechBubble).
🟢 [InteractiveScanner] speechBubble: additional widget [speech bubble] absorbed (speechBubble + speechBubble).
🟢 [ContentConverter] [alert] spans to an explicit end tag (writer-authored box).
🟢 [InteractiveBuilder] Built speechBubble #2 from captured data (no placeholder needed).
🟢 [ContentConverter] [alert] spans to an explicit end tag (writer-authored box).
🟢 [InteractiveBuilder] Built speechBubble #3 from captured data (no placeholder needed).
🟢 [InteractiveBuilder] Built modal #4 from captured data (no placeholder needed).
🟢 [ContentConverter] Page 1.0: [activity] auto-closed before the next activity.
🟢 [ContentConverter] Page 1.0: [activity] auto-closed before the next quote.
🟢 [InteractiveScanner] carousel: additional widget [carousel] absorbed (carousel + carousel).
🟢 [InteractiveBuilder] Built carousel #6 from captured data (no placeholder needed).
🟢 [ContentConverter] [alert] right-hand box → an alert top side column paired with the preceding content row (positional_side_alert).
🟢 [InteractiveScanner] speechBubble: additional widget [speech bubble] absorbed (speechBubble + speechBubble).
🟢 [InteractiveScanner] speechBubble: additional widget [speech bubble] absorbed (speechBubble + speechBubble).
🟢 [InteractiveScanner] speechBubble: additional widget [speech bubble] absorbed (speechBubble + speechBubble).
🟢 [InteractiveScanner] speechBubble: additional widget [speech bubble] absorbed (speechBubble + speechBubble).
🟢 [InteractiveScanner] speechBubble: additional widget [speech bubble] absorbed (speechBubble + speechBubble).
🟢 [InteractiveScanner] speechBubble: additional widget [speech bubble] absorbed (speechBubble + speechBubble).
🟢 [InteractiveScanner] speechBubble: additional widget [speech bubble] absorbed (speechBubble + speechBubble).
🟢 [InteractiveScanner] speechBubble: additional widget [speech bubble] absorbed (speechBubble + speechBubble).
🟢 [InteractiveScanner] speechBubble: additional widget [speech bubble] absorbed (speechBubble + speechBubble).
🟢 [InteractiveScanner] speechBubble: additional widget [speech bubble] absorbed (speechBubble + speechBubble).
🟢 [InteractiveScanner] speechBubble: additional widget [speech bubble] absorbed (speechBubble + speechBubble).
🟢 [InteractiveScanner] speechBubble: additional widget [speech bubble] absorbed (speechBubble + speechBubble).
🟢 [InteractiveScanner] speechBubble: additional widget [speech bubble] absorbed (speechBubble + speechBubble).
🟢 [InteractiveScanner] speechBubble: additional widget [speech bubble] absorbed (speechBubble + speechBubble).
🟢 [InteractiveScanner] speechBubble: additional widget [speech bubble] absorbed (speechBubble + speechBubble).
🟢 [InteractiveScanner] speechBubble: additional widget [speech bubble] absorbed (speechBubble + speechBubble).
🟢 [InteractiveScanner] speechBubble: additional widget [speech bubble] absorbed (speechBubble + speechBubble).
🟢 [InteractiveScanner] speechBubble: additional widget [speech bubble] absorbed (speechBubble + speechBubble).
🟢 [InteractiveScanner] speechBubble: additional widget [speech bubble] absorbed (speechBubble + speechBubble).
🟢 [InteractiveScanner] speechBubble: additional widget [speech bubble] absorbed (speechBubble + speechBubble).
🟢 [ContentConverter] Page 3.0: [activity] auto-closed before the next alert.
🟢 [InteractiveBuilder] Built speechBubble #11 from captured data (no placeholder needed).
🟢 [InteractiveBuilder] Built flipCard #12 from captured data (no placeholder needed).
🟢 [ContentConverter] Page 3.0: open [activity] closed by the next activity's widget bundle.
🟢 [ContentConverter] Page 4.0: [ [Activity 4B] My Wabub ] — the words inside the red span "My Wabub" are the activity title (embedded_free_text).
🟢 [InteractiveBuilder] Built flipCard #16 from captured data (no placeholder needed).
🟢 [InteractiveBuilder] Built accordion #17 from captured data (no placeholder needed).
🟢 [ContentConverter] Page 5.0: [activity] auto-closed before the next alert.
🟢 [InteractiveBuilder] Built flipCard #19 from captured data (no placeholder needed).
🟠 [AcksBuilder] YouTube metadata unavailable for item  (stubbed) — possible dead link worth checking: https://www.youtube.com/watch?v=q2lhuc7drCc
🟠 [AcksBuilder] YouTube metadata unavailable for item  (stubbed) — possible dead link worth checking: https://www.youtube.com/watch?v=79DijItQXMM
🟠 [AcksBuilder] YouTube metadata unavailable for item  (stubbed) — possible dead link worth checking: https://www.youtube.com/watch?v=fMFdj2jTt5E
🟠 [AcksBuilder] YouTube metadata unavailable for item  (stubbed) — possible dead link worth checking: https://www.youtube.com/watch?v=yVbOAisZa5I
🟠 [AcksBuilder] YouTube metadata unavailable for item  (stubbed) — possible dead link worth checking: https://www.youtube.com/watch?v=ovtkeL_nWC0
🟠 [AcksBuilder] Unknown media item type "edited text" (item ) — used "Edited text" as the prefix; add it to Acks_Formats type_prefix_map.
🟠 [AcksBuilder] YouTube metadata unavailable for item  (stubbed) — possible dead link worth checking: https://www.youtube.com/watch?v=cHspwLb3w3Q
🟠 [AcksBuilder] YouTube metadata unavailable for item  (stubbed) — possible dead link worth checking: https://www.youtube.com/watch?v=-3aYKfpmaQ4
🟠 [AcksBuilder] YouTube metadata unavailable for item  (stubbed) — possible dead link worth checking: https://www.youtube.com/watch?v=x1_ezVGu7uQ
🟠 [AcksBuilder] YouTube metadata unavailable for item  (stubbed) — possible dead link worth checking: https://www.youtube.com/watch?v=q2lhuc7drCc
🟠 [AcksBuilder] Unknown media item type "slides" (item ) — used "Slides" as the prefix; add it to Acks_Formats type_prefix_map.
🟠 [AcksBuilder] YouTube metadata unavailable for item  (stubbed) — possible dead link worth checking: https://www.youtube.com/watch?v=9bQTBzMFfFk
🟠 [AcksBuilder] YouTube metadata unavailable for item  (stubbed) — possible dead link worth checking: https://www.youtube.com/watch?v=yQ8lx34ONZw
🟠 [AcksBuilder] Unknown media item type "Activity" (item ) — used "Activity" as the prefix; add it to Acks_Formats type_prefix_map.
🟠 [AcksBuilder] Unknown media item type "Audio files" (item ) — used "Audio files" as the prefix; add it to Acks_Formats type_prefix_map.
🟢 [AcksBuilder] Media item  ("link") is a lesson link — no acknowledgement (scope rule).
🟠 [AcksBuilder] YouTube metadata unavailable for item  (stubbed) — possible dead link worth checking: https://www.youtube.com/watch?v=XO6sa45dSa0
🟠 [AcksBuilder] 37 iStock titles could not be verified (no *istock-acks*.txt was supplied); each is marked ❗ and the acks block carries a designer note.
🟠 [DocxExtractor] No [TITLE BAR]/[Fundamental content] opener — content started at the first structural tag instead; check the first page for stray front-matter.
🟢 [DocxExtractor] Media-list boilerplate dropped: 3 blocks before the media table — the template's own instructions, not content.
🟢 [ConventionResolver] HTML conventions from group EXPlore|combo: overview menu two_col_li, lesson menu default.
🟢 [PageSplitter] Document opens without a literal [TITLE BAR] — overview page opened at the first content tag (Fundamentals-style template).
🟢 [InteractiveBuilder] Built flipCard #2 from captured data (no placeholder needed).
🟢 [ContentConverter] Page 0.0: [end tab n] had no open container — ignored.
🟢 [ContentConverter] Page 0.0: [end activity] had no open container — ignored.
🟢 [ContentConverter] Page 0.0: [end tab n] had no open container — ignored.
🟢 [InteractiveBuilder] Built flipCard #4 from captured data (no placeholder needed).
🟢 [InteractiveBuilder] Built carousel #5 from captured data (no placeholder needed).
🟢 [InteractiveBuilder] Built carousel #6 from captured data (no placeholder needed).
🟢 [MenuBuilder] Menu heading "Tirohanga Whānui | Overview" is the section label — consumed (the menu scaffolding names it).
🟢 [MenuBuilder] Menu section "Aromatawai | Assessment for Learning" promoted to its own "Standards" nav tab (menu.extra_tabs registry).
🟢 [MenuBuilder] Menu heading "What do I need to get started?" had no content beneath it — omitted (empty preconfigured scaffolding).
🟢 [PanelsBuilder] 4 panel title heading(s) set to h2 (first_heading_level).
🟢 [PageAssembler] [TITLE BAR] held only placeholder text — using the front-matter Course "Aromatawai FUNdamental" as the English title; no Te Reo title (the real one is not in the WT).
🟠 [AcksBuilder] YouTube metadata unavailable for item  (stubbed) — possible dead link worth checking: https://youtu.be/8WxvVgXC_NY
🟠 [AcksBuilder] YouTube metadata unavailable for item  (stubbed) — possible dead link worth checking: https://youtu.be/jJJIY9DM-ts
🟢 [AcksBuilder] Media item  placed in lesson 0.0 by neighbour interpolation — verify its group.
🟢 [AcksBuilder] Media item  placed in lesson 0.0 by neighbour interpolation — verify its group.
🟢 [AcksBuilder] Media item  placed in lesson 0.0 by neighbour interpolation — verify its group.
🟢 [AcksBuilder] Media item  placed in lesson 0.0 by neighbour interpolation — verify its group.
🟠 [AcksBuilder] Media item  could not be mapped to a lesson — placed in the first group (0.0); verify.
🟠 [AcksBuilder] Media item  could not be mapped to a lesson — placed in the first group (0.0); verify.
🟠 [AcksBuilder] Media item  could not be mapped to a lesson — placed in the first group (0.0); verify.
🟠 [AcksBuilder] 11 iStock titles could not be verified (no *istock-acks*.txt was supplied); each is marked ❗ and the acks block carries a designer note.
🟠 [ModuleResolver] Multiple module-code candidates found (HPFUN101, HPFUN01) — using HPFUN101 from filename "HPFUN101 Writers Template.docx".
🟢 [ConventionResolver] HTML conventions from group 1-10 Health and PE|combo: overview menu two_col_li, lesson menu two_col_li.
🟢 [PageSplitter] Document opens without a literal [TITLE BAR] — overview page opened at the first content tag (Fundamentals-style template).
🟢 [InteractiveBuilder] Built carousel #1 from captured data (no placeholder needed).
🟢 [ContentConverter] Page 0.0: [end tab n] had no open container — ignored.
🟢 [InteractiveBuilder] Built flipCard #2 from captured data (no placeholder needed).
🟢 [ContentConverter] Page 0.0: [activity] auto-closed before the next activity.
🟢 [ContentConverter] Page 0.0: [end tab n] had no open container — ignored.
🟢 [ContentConverter] Page 0.0: [activity] auto-closed before the next activity.
🟢 [ContentConverter] Page 0.0: [activity] auto-closed before the next activity.
🟢 [ContentConverter] Page 0.0: [end tab n] had no open container — ignored.
🟢 [ContentConverter] Page 0.0: [activity] auto-closed before the next activity.
🟢 [ContentConverter] Page 0.0: [end tab n] had no open container — ignored.
🟢 [ContentConverter] Page 0.0: [end other] had no open container — ignored.
🟢 [MenuBuilder] Fundamentals [Overview] WALT/I-can block routed to the module menu as the two-col LI/SC form (menu.fundamentals_overview_li).
🟢 [PanelsBuilder] 4 panel title heading(s) set to h2 (first_heading_level).
🟠 [AcksBuilder] YouTube metadata unavailable for item  (stubbed) — possible dead link worth checking: https://youtube.com/shorts/K4krFkOFT4g?si=oH1Wtk2PM_P9WYHk
🟠 [AcksBuilder] YouTube metadata unavailable for item  (stubbed) — possible dead link worth checking: https://youtu.be/-y5yuLuw7KQ
🟠 [AcksBuilder] YouTube metadata unavailable for item  (stubbed) — possible dead link worth checking: https://youtu.be/kp7viQaaUOg
🟢 [AcksBuilder] Media item  placed in lesson 0.0 by neighbour interpolation — verify its group.
🟠 [AcksBuilder] 5 iStock titles could not be verified (no *istock-acks*.txt was supplied); each is marked ❗ and the acks block carries a designer note.
🟠 [ModuleResolver] HPRE301: no registry entry and no majority ruleset found — using global defaults. Check the code, or add the series to the registry.
🟢 [ConventionResolver] No convention group found for this module — using the global Emit_Templates defaults.
🟢 [PageSplitter] Implicit page break: content continues after [end page] without a [LESSON] tag — opened page 2.0.
🟢 [PageSplitter] Implicit page break: content continues after [end page] without a [LESSON] tag — opened page 5.0.
🟠 [PageSplitter] Duplicate lesson label 2.0 (writers reused the number) — relabelled to 3.0; check the source numbering.
🟠 [PageSplitter] Duplicate lesson label 3.0 (writers reused the number) — relabelled to 4.0; check the source numbering.
🟠 [PageSplitter] Duplicate lesson label 4.0 (writers reused the number) — relabelled to 6.0; check the source numbering.
🟠 [PageSplitter] Duplicate lesson label 5.0 (writers reused the number) — relabelled to 7.0; check the source numbering.
🟠 [PageSplitter] Duplicate lesson label 6.0 (writers reused the number) — relabelled to 8.0; check the source numbering.
🟠 [PageSplitter] Duplicate lesson label 7.0 (writers reused the number) — relabelled to 9.0; check the source numbering.
🟠 [PageSplitter] Duplicate lesson label 8.0 (writers reused the number) — relabelled to 10.0; check the source numbering.
🟠 [PageSplitter] Duplicate lesson label 9.0 (writers reused the number) — relabelled to 11.0; check the source numbering.
🟠 [PageSplitter] Duplicate lesson label 10.0 (writers reused the number) — relabelled to 12.0; check the source numbering.
🟢 [InteractiveScanner] speechBubble: additional widget [speech bubble] absorbed (speechBubble + speechBubble).
🟢 [InteractiveScanner] accordion: additional widget [accordion] absorbed (accordion + accordion).
🟢 [InteractiveScanner] accordion: nested [carousel] absorbed as a sub-bundle (carousel); host continues.
🟢 [InteractiveScanner] accordion: additional widget [accordion] absorbed (accordion + accordion).
🟢 [InteractiveScanner] speechBubble: additional widget [speech bubble] absorbed (speechBubble + speechBubble).
🟢 [InteractiveScanner] speechBubble: additional widget [speech bubble] absorbed (speechBubble + speechBubble).
🟢 [InteractiveScanner] speechBubble: additional widget [speech bubble] absorbed (speechBubble + speechBubble).
🟢 [InteractiveScanner] speechBubble: additional widget [speech bubble] absorbed (speechBubble + speechBubble).
🟢 [InteractiveScanner] speechBubble: additional widget [speech bubble] absorbed (speechBubble + speechBubble).
🟢 [InteractiveScanner] speechBubble: additional widget [speech bubble] absorbed (speechBubble + speechBubble).
🟢 [InteractiveScanner] speechBubble: additional widget [speech bubble] absorbed (speechBubble + speechBubble).
🟢 [InteractiveScanner] accordion: nested [speech bubble] absorbed as a sub-bundle (speechBubble); host continues.
🟢 [InteractiveScanner] speechBubble: additional widget [speech bubble] absorbed (speechBubble + speechBubble).
🟢 [InteractiveScanner] speechBubble: additional widget [speech bubble] absorbed (speechBubble + speechBubble).
🟢 [InteractiveScanner] speechBubble: additional widget [speech bubble] absorbed (speechBubble + speechBubble).
🟢 [InteractiveBuilder] Built speechBubble #1 from captured data (no placeholder needed).
🟢 [InteractiveBuilder] Built carousel #3 from captured data (no placeholder needed).
🟢 [InteractiveBuilder] Built speechBubble #4 from captured data (no placeholder needed).
🟢 [InteractiveBuilder] Built accordion #2 from captured data (no placeholder needed).
🟢 [InteractiveBuilder] Built accordion #5 from captured data (no placeholder needed).
🟢 [InteractiveBuilder] Built speechBubble #6 from captured data (no placeholder needed).
🟢 [InteractiveScanner] Activity 1B: additional widget [accordion] absorbed (accordion + accordion).
🟢 [InteractiveScanner] Activity 1B: additional widget [accordion] absorbed (accordion + accordion).
🟢 [InteractiveScanner] Activity 1B: additional widget [accordion] absorbed (accordion + accordion).
🟢 [InteractiveBuilder] Built carousel #7 from captured data (no placeholder needed).
🟢 [InteractiveBuilder] Built accordion #8 from captured data (no placeholder needed).
🟢 [InteractiveBuilder] Built hint #9 from captured data (no placeholder needed).
🟢 [InteractiveScanner] speechBubble: additional widget [speech bubble] absorbed (speechBubble + speechBubble).
🟢 [InteractiveScanner] speechBubble: additional widget [speech bubble] absorbed (speechBubble + speechBubble).
🟢 [InteractiveScanner] accordion: additional widget [accordion] absorbed (accordion + accordion).
🟢 [InteractiveScanner] accordion: additional widget [accordion] absorbed (accordion + accordion).
🟢 [InteractiveBuilder] Built speechBubble #10 from captured data (no placeholder needed).
🟢 [InteractiveBuilder] Built speechBubble #11 from captured data (no placeholder needed).
🟢 [InteractiveBuilder] Built flipCard #13 from captured data (no placeholder needed).
🟢 [InteractiveBuilder] Built hint #15 from captured data (no placeholder needed).
🟢 [InteractiveScanner] speechBubble: additional widget [speech bubble] absorbed (speechBubble + speechBubble).
🟢 [InteractiveScanner] accordion: additional widget [accordion] absorbed (accordion + accordion).
🟢 [InteractiveScanner] accordion: nested [carousel] absorbed as a sub-bundle (carousel); host continues.
🟢 [InteractiveScanner] accordion: additional widget [accordion] absorbed (accordion + accordion).
🟢 [InteractiveScanner] Activity 3A: additional widget [accordion] absorbed (accordion + accordion).
🟢 [InteractiveScanner] Activity 3A: additional widget [accordion] absorbed (accordion + accordion).
🟢 [InteractiveScanner] Activity 3A: additional widget [accordion] absorbed (accordion + accordion).
🟢 [InteractiveScanner] Activity 3A: additional widget [accordion] absorbed (accordion + accordion).
🟢 [InteractiveScanner] Activity 3B: additional widget [speech bubble] absorbed (dragAndDrop + speechBubble).
🟢 [InteractiveBuilder] Built speechBubble #16 from captured data (no placeholder needed).
🟢 [InteractiveBuilder] Built carousel #18 from captured data (no placeholder needed).
🟢 [InteractiveBuilder] Built accordion #17 from captured data (no placeholder needed).
🟢 [ContentConverter] Page 4.0: [end accordion] had no open container — ignored.
🟢 [InteractiveBuilder] Built flipCard #19 from captured data (no placeholder needed).
🟢 [InteractiveBuilder] Built accordion #20 from captured data (no placeholder needed).
🟢 [ContentConverter] Page 4.0: [end activity] had no open container — ignored.
🟢 [InteractiveScanner] accordion: additional widget [accordion] absorbed (accordion + accordion).
🟢 [InteractiveScanner] accordion: additional widget [accordion] absorbed (accordion + accordion).
🟢 [InteractiveBuilder] Built accordion #23 from captured data (no placeholder needed).
🟢 [InteractiveBuilder] Built accordion #24 from captured data (no placeholder needed).
🟢 [InteractiveBuilder] Built multiChoiceQuiz #26 from captured data (no placeholder needed).
🟢 [ContentConverter] Page 5.0: [end mcq] had no open container — ignored.
🟢 [InteractiveScanner] speechBubble: additional widget [speech bubble] absorbed (speechBubble + speechBubble).
🟢 [InteractiveScanner] accordion: additional widget [accordion] absorbed (accordion + accordion).
🟢 [InteractiveScanner] accordion: additional widget [accordion] absorbed (accordion + accordion).
🟢 [InteractiveScanner] accordion: additional widget [accordion] absorbed (accordion + accordion).
🟢 [InteractiveScanner] speechBubble: additional widget [speech bubble] absorbed (speechBubble + speechBubble).
🟢 [InteractiveScanner] speechBubble: additional widget [speech bubble] absorbed (speechBubble + speechBubble).
🟢 [InteractiveScanner] speechBubble: additional widget [speech bubble] absorbed (speechBubble + speechBubble).
🟢 [InteractiveScanner] speechBubble: additional widget [speech bubble] absorbed (speechBubble + speechBubble).
🟢 [InteractiveScanner] accordion: nested [speech bubble] absorbed as a sub-bundle (speechBubble); host continues.
🟢 [InteractiveScanner] Activity 4A: additional widget [accordion] absorbed (accordion + accordion).
🟢 [InteractiveScanner] Activity 4A: additional widget [accordion] absorbed (accordion + accordion).
🟢 [InteractiveScanner] Activity 4A: additional widget [accordion] absorbed (accordion + accordion).
🟢 [InteractiveBuilder] Built speechBubble #27 from captured data (no placeholder needed).
🟢 [InteractiveBuilder] Built speechBubble #29 from captured data (no placeholder needed).
🟢 [ContentConverter] Page 6.0: [end accordion] had no open container — ignored.
🟢 [InteractiveBuilder] Built accordion #31 from captured data (no placeholder needed).
🟢 [ContentConverter] Page 6.0: [end accordion] had no open container — ignored.
🟢 [ContentConverter] Page 6.0: [end activity] had no open container — ignored.
🟢 [InteractiveBuilder] Built dropDown #32 from captured data (no placeholder needed).
🟢 [InteractiveBuilder] Built dropDown #33 from captured data (no placeholder needed).
🟢 [InteractiveScanner] speechBubble: additional widget [speech bubble] absorbed (speechBubble + speechBubble).
🟢 [InteractiveBuilder] Built speechBubble #34 from captured data (no placeholder needed).
🟢 [InteractiveBuilder] Built carousel #35 from captured data (no placeholder needed).
🟢 [ContentConverter] Page 7.0: [end carousel] had no open container — ignored.
🟢 [ContentConverter] Page 7.0: [activity] auto-closed before the next h3.
🟢 [InteractiveScanner] speechBubble: additional widget [speech bubble] absorbed (speechBubble + speechBubble).
🟢 [InteractiveScanner] accordion: additional widget [accordion] absorbed (accordion + accordion).
🟢 [InteractiveScanner] accordion: additional widget [accordion] absorbed (accordion + accordion).
🟢 [InteractiveScanner] accordion: additional widget [accordion] absorbed (accordion + accordion).
🟢 [InteractiveScanner] accordion: additional widget [accordion] absorbed (accordion + accordion).
🟢 [InteractiveScanner] speechBubble: additional widget [speech bubble] absorbed (speechBubble + speechBubble).
🟢 [InteractiveScanner] speechBubble: additional widget [speech bubble] absorbed (speechBubble + speechBubble).
🟢 [InteractiveScanner] accordion: nested [speech bubble] absorbed as a sub-bundle (speechBubble); host continues.
🟢 [InteractiveScanner] Activity 6A: additional widget [hint] absorbed (multiChoiceQuiz + hint).
🟢 [InteractiveScanner] Activity 6A: additional widget [hint] absorbed (multiChoiceQuiz + hint).
🟢 [InteractiveScanner] Activity 6A: additional widget [hint] absorbed (multiChoiceQuiz + hint).
🟢 [InteractiveScanner] Activity 6A: additional widget [hint] absorbed (multiChoiceQuiz + hint).
🟢 [InteractiveScanner] Activity 6A: additional widget [hint] absorbed (multiChoiceQuiz + hint).
🟢 [InteractiveBuilder] Built speechBubble #37 from captured data (no placeholder needed).
🟢 [InteractiveBuilder] Built speechBubble #39 from captured data (no placeholder needed).
🟢 [InteractiveBuilder] Built accordion #38 from captured data (no placeholder needed).
🟢 [InteractiveBuilder] Built accordion #40 from captured data (no placeholder needed).
🟢 [ContentConverter] Page 8.0: [end other] had no open container — ignored.
🟢 [InteractiveScanner] speechBubble: additional widget [speech bubble] absorbed (speechBubble + speechBubble).
🟢 [InteractiveScanner] accordion: nested [flip card] absorbed as a sub-bundle (flipCard); host continues.
🟢 [InteractiveScanner] accordion: additional widget [accordion] absorbed (accordion + accordion).
🟢 [InteractiveScanner] accordion: additional widget [accordion] absorbed (accordion + accordion).
🟢 [InteractiveScanner] accordion: additional widget [accordion] absorbed (accordion + accordion).
🟢 [InteractiveScanner] speechBubble: additional widget [speech bubble] absorbed (speechBubble + speechBubble).
🟢 [InteractiveScanner] speechBubble: additional widget [speech bubble] absorbed (speechBubble + speechBubble).
🟢 [InteractiveScanner] speechBubble: additional widget [speech bubble] absorbed (speechBubble + speechBubble).
🟢 [InteractiveScanner] speechBubble: additional widget [speech bubble] absorbed (speechBubble + speechBubble).
🟢 [InteractiveBuilder] Built speechBubble #42 from captured data (no placeholder needed).
🟢 [InteractiveBuilder] Built carousel #43 from captured data (no placeholder needed).
🟢 [InteractiveBuilder] Built accordion #44 from captured data (no placeholder needed).
🟢 [ContentConverter] Page 9.0: [end accordion] had no open container — ignored.
🟢 [InteractiveBuilder] Built speechBubble #46 from captured data (no placeholder needed).
🟢 [ContentConverter] Page 9.0: [activity] auto-closed before the next h3.
🟢 [InteractiveScanner] speechBubble: additional widget [speech bubble] absorbed (speechBubble + speechBubble).
🟢 [InteractiveScanner] accordion: additional widget [accordion] absorbed (accordion + accordion).
🟢 [InteractiveScanner] accordion: additional widget [accordion] absorbed (accordion + accordion).
🟢 [InteractiveScanner] accordion: additional widget [accordion] absorbed (accordion + accordion).
🟢 [InteractiveScanner] speechBubble: additional widget [speech bubble] absorbed (speechBubble + speechBubble).
🟢 [InteractiveScanner] speechBubble: additional widget [speech bubble] absorbed (speechBubble + speechBubble).
🟢 [InteractiveScanner] speechBubble: additional widget [speech bubble] absorbed (speechBubble + speechBubble).
🟢 [InteractiveScanner] accordion: nested [speech bubble] absorbed as a sub-bundle (speechBubble); host continues.
🟢 [InteractiveBuilder] Built speechBubble #47 from captured data (no placeholder needed).
🟢 [InteractiveBuilder] Built accordion #48 from captured data (no placeholder needed).
🟢 [ContentConverter] Page 10.0: [end accordion] had no open container — ignored.
🟢 [InteractiveBuilder] Built speechBubble #50 from captured data (no placeholder needed).
🟢 [InteractiveBuilder] Built accordion #49 from captured data (no placeholder needed).
🟢 [InteractiveBuilder] Built accordion #51 from captured data (no placeholder needed).
🟢 [InteractiveBuilder] Built modal #52 from captured data (no placeholder needed).
🟢 [InteractiveScanner] speechBubble: additional widget [speech bubble] absorbed (speechBubble + speechBubble).
🟢 [InteractiveScanner] accordion: additional widget [accordion] absorbed (accordion + accordion).
🟢 [InteractiveScanner] modal: additional widget [modal] absorbed (modal + modal).
🟢 [InteractiveScanner] modal: additional widget [modal] absorbed (modal + modal).
🟢 [InteractiveScanner] speechBubble: additional widget [speech bubble] absorbed (speechBubble + speechBubble).
🟢 [InteractiveScanner] speechBubble: additional widget [speech bubble] absorbed (speechBubble + speechBubble).
🟢 [InteractiveScanner] accordion: nested [speech bubble] absorbed as a sub-bundle (speechBubble); host continues.
🟢 [InteractiveScanner] accordion: additional widget [accordion] absorbed (accordion + accordion).
🟢 [InteractiveScanner] accordion: additional widget [accordion] absorbed (accordion + accordion).
🟢 [InteractiveScanner] speechBubble: additional widget [speech bubble] absorbed (speechBubble + speechBubble).
🟢 [InteractiveScanner] speechBubble: additional widget [speech bubble] absorbed (speechBubble + speechBubble).
🟢 [InteractiveScanner] speechBubble: additional widget [speech bubble] absorbed (speechBubble + speechBubble).
🟢 [InteractiveScanner] speechBubble: additional widget [speech bubble] absorbed (speechBubble + speechBubble).
🟢 [InteractiveScanner] accordion: nested [speech bubble] absorbed as a sub-bundle (speechBubble); host continues.
🟢 [InteractiveBuilder] Built speechBubble #53 from captured data (no placeholder needed).
🟢 [InteractiveBuilder] Built carousel #55 from captured data (no placeholder needed).
🟢 [ContentConverter] Page 11.0: [end other] had no open container — ignored.
🟢 [InteractiveBuilder] Built speechBubble #59 from captured data (no placeholder needed).
🟢 [InteractiveBuilder] Built speechBubble #60 from captured data (no placeholder needed).
🟢 [InteractiveBuilder] Built accordion #58 from captured data (no placeholder needed).
🟢 [ContentConverter] Page 11.0: [end accordion] had no open container — ignored.
🟢 [ContentConverter] Page 11.0: [activity] auto-closed before the next h3.
🟢 [InteractiveScanner] speechBubble: additional widget [speech bubble] absorbed (speechBubble + speechBubble).
🟢 [InteractiveBuilder] Built dropDown #61 from captured data (no placeholder needed).
🟢 [InteractiveBuilder] Built speechBubble #62 from captured data (no placeholder needed).
🟠 [AcksBuilder] Unknown media item type "Whanaungatanga song used as module introduction" (item 12) — used "Whanaungatanga song used as module introduction" as the prefix; add it to Acks_Formats type_prefix_map.
🟠 [AcksBuilder] Unknown media item type "Whanaungatanga song used as module introduction" (item 12) — used "Whanaungatanga song used as module introduction" as the prefix; add it to Acks_Formats type_prefix_map.
🟠 [AcksBuilder] Unknown media item type "Social Connections – importance of social connection" (item 14) — used "Social connections – importance of social connection" as the prefix; add it to Acks_Formats type_prefix_map.
🟠 [AcksBuilder] Unknown media item type "Social Connections – importance of social connection" (item 14) — used "Social connections – importance of social connection" as the prefix; add it to Acks_Formats type_prefix_map.
🟠 [AcksBuilder] Unknown media item type "Fill My Whare Tapa Whā – wellbeing model" (item 14) — used "Fill my whare tapa whā – wellbeing model" as the prefix; add it to Acks_Formats type_prefix_map.
🟠 [AcksBuilder] Unknown media item type "Fill My Whare Tapa Whā – wellbeing model" (item 14) — used "Fill my whare tapa whā – wellbeing model" as the prefix; add it to Acks_Formats type_prefix_map.
🟠 [AcksBuilder] Unknown media item type "Advice on pressure and role models – Rise Above" (item 14) — used "Advice on pressure and role models – rise above" as the prefix; add it to Acks_Formats type_prefix_map.
🟠 [AcksBuilder] Unknown media item type "Advice on pressure and role models – Rise Above" (item 14) — used "Advice on pressure and role models – rise above" as the prefix; add it to Acks_Formats type_prefix_map.
🟠 [AcksBuilder] Unknown media item type "What teens think about role models" (item 14) — used "What teens think about role models" as the prefix; add it to Acks_Formats type_prefix_map.
🟠 [AcksBuilder] Unknown media item type "What teens think about role models" (item 14) — used "What teens think about role models" as the prefix; add it to Acks_Formats type_prefix_map.
🟠 [AcksBuilder] Unknown media item type "The role of role models" (item 14) — used "The role of role models" as the prefix; add it to Acks_Formats type_prefix_map.
🟠 [AcksBuilder] Unknown media item type "The role of role models" (item 14) — used "The role of role models" as the prefix; add it to Acks_Formats type_prefix_map.
🟠 [AcksBuilder] Unknown media item type "Living and working by Māori customs – Bianca Ranson" (item 15) — used "Living and working by māori customs – bianca ranson" as the prefix; add it to Acks_Formats type_prefix_map.
🟠 [AcksBuilder] Unknown media item type "Living and working by Māori customs – Bianca Ranson" (item 15) — used "Living and working by māori customs – bianca ranson" as the prefix; add it to Acks_Formats type_prefix_map.
🟠 [AcksBuilder] Unknown media item type "Good Vibes Only poster" (item 17) — used "Good vibes only poster" as the prefix; add it to Acks_Formats type_prefix_map.
🟠 [AcksBuilder] Unknown media item type "Good Vibes Only poster" (item 17) — used "Good vibes only poster" as the prefix; add it to Acks_Formats type_prefix_map.
🟠 [AcksBuilder] Unknown media item type "Why brands choose influencers" (item 18) — used "Why brands choose influencers" as the prefix; add it to Acks_Formats type_prefix_map.
🟠 [AcksBuilder] Unknown media item type "Why brands choose influencers" (item 18) — used "Why brands choose influencers" as the prefix; add it to Acks_Formats type_prefix_map.
🟠 [AcksBuilder] Unknown media item type "Product placement example – Man of Steel" (item 18) — used "Product placement example – man of steel" as the prefix; add it to Acks_Formats type_prefix_map.
🟠 [AcksBuilder] Unknown media item type "Product placement example – Man of Steel" (item 18) — used "Product placement example – man of steel" as the prefix; add it to Acks_Formats type_prefix_map.
🟠 [AcksBuilder] Unknown media item type "KFC Surf Life Saving New Zealand advertisement" (item 19) — used "Kfc surf life saving new zealand advertisement" as the prefix; add it to Acks_Formats type_prefix_map.
🟠 [AcksBuilder] Unknown media item type "KFC Surf Life Saving New Zealand advertisement" (item 19) — used "Kfc surf life saving new zealand advertisement" as the prefix; add it to Acks_Formats type_prefix_map.
🟠 [AcksBuilder] Unknown media item type "How to communicate assertively" (item 24) — used "How to communicate assertively" as the prefix; add it to Acks_Formats type_prefix_map.
🟠 [AcksBuilder] Unknown media item type "How to communicate assertively" (item 24) — used "How to communicate assertively" as the prefix; add it to Acks_Formats type_prefix_map.
🟠 [AcksBuilder] Unknown media item type "Master your assertive voice (short)" (item 24) — used "Master your assertive voice (short)" as the prefix; add it to Acks_Formats type_prefix_map.
🟠 [AcksBuilder] Unknown media item type "Master your assertive voice (short)" (item 24) — used "Master your assertive voice (short)" as the prefix; add it to Acks_Formats type_prefix_map.
🟠 [AcksBuilder] Unknown media item type "What autistic people can teach about communication (TEDx)" (item 25) — used "What autistic people can teach about communication (tedx)" as the prefix; add it to Acks_Formats type_prefix_map.
🟠 [AcksBuilder] Unknown media item type "What autistic people can teach about communication (TEDx)" (item 25) — used "What autistic people can teach about communication (tedx)" as the prefix; add it to Acks_Formats type_prefix_map.
🟠 [AcksBuilder] Unknown media item type "Passive communication example" (item 26) — used "Passive communication example" as the prefix; add it to Acks_Formats type_prefix_map.
🟠 [AcksBuilder] Unknown media item type "Passive communication example" (item 26) — used "Passive communication example" as the prefix; add it to Acks_Formats type_prefix_map.
🟠 [AcksBuilder] Unknown media item type "Aggressive communication example" (item 26) — used "Aggressive communication example" as the prefix; add it to Acks_Formats type_prefix_map.
🟠 [AcksBuilder] Unknown media item type "Aggressive communication example" (item 26) — used "Aggressive communication example" as the prefix; add it to Acks_Formats type_prefix_map.
🟠 [AcksBuilder] Unknown media item type "Assertive communication example" (item 26) — used "Assertive communication example" as the prefix; add it to Acks_Formats type_prefix_map.
🟠 [AcksBuilder] Unknown media item type "Assertive communication example" (item 26) — used "Assertive communication example" as the prefix; add it to Acks_Formats type_prefix_map.
🟠 [AcksBuilder] Unknown media item type "Rising fuel costs cause financial stress in NZ" (item 28) — used "Rising fuel costs cause financial stress in nz" as the prefix; add it to Acks_Formats type_prefix_map.
🟠 [AcksBuilder] Unknown media item type "Rising fuel costs cause financial stress in NZ" (item 28) — used "Rising fuel costs cause financial stress in nz" as the prefix; add it to Acks_Formats type_prefix_map.
🟠 [AcksBuilder] Unknown media item type "Free public transport news clip" (item 29) — used "Free public transport news clip" as the prefix; add it to Acks_Formats type_prefix_map.
🟠 [AcksBuilder] Unknown media item type "Free public transport news clip" (item 29) — used "Free public transport news clip" as the prefix; add it to Acks_Formats type_prefix_map.
🟠 [AcksBuilder] Unknown media item type "Violence at petrol pumps" (item 29) — used "Violence at petrol pumps" as the prefix; add it to Acks_Formats type_prefix_map.
🟠 [AcksBuilder] Unknown media item type "Violence at petrol pumps" (item 29) — used "Violence at petrol pumps" as the prefix; add it to Acks_Formats type_prefix_map.
🟠 [AcksBuilder] Unknown media item type "Why it is important to express feelings" (item ) — used "Why it is important to express feelings" as the prefix; add it to Acks_Formats type_prefix_map.
🟠 [AcksBuilder] Unknown media item type "Why it is important to express feelings" (item ) — used "Why it is important to express feelings" as the prefix; add it to Acks_Formats type_prefix_map.
🟠 [AcksBuilder] Unknown media item type "How to feel feelings" (item 31) — used "How to feel feelings" as the prefix; add it to Acks_Formats type_prefix_map.
🟠 [AcksBuilder] Unknown media item type "How to feel feelings" (item 31) — used "How to feel feelings" as the prefix; add it to Acks_Formats type_prefix_map.
🟠 [AcksBuilder] Unknown media item type "Plutchik’s Wheel of Emotions" (item 32) — used "Plutchik’s wheel of emotions" as the prefix; add it to Acks_Formats type_prefix_map.
🟠 [AcksBuilder] Unknown media item type "Plutchik’s Wheel of Emotions" (item 32) — used "Plutchik’s wheel of emotions" as the prefix; add it to Acks_Formats type_prefix_map.
🟠 [AcksBuilder] Unknown media item type "Every feeling can finally be named" (item 32) — used "Every feeling can finally be named" as the prefix; add it to Acks_Formats type_prefix_map.
🟠 [AcksBuilder] Unknown media item type "Every feeling can finally be named" (item 32) — used "Every feeling can finally be named" as the prefix; add it to Acks_Formats type_prefix_map.
🟠 [AcksBuilder] Unknown media item type "Emotions in Māori" (item 32) — used "Emotions in māori" as the prefix; add it to Acks_Formats type_prefix_map.
🟠 [AcksBuilder] Unknown media item type "Emotions in Māori" (item 32) — used "Emotions in māori" as the prefix; add it to Acks_Formats type_prefix_map.
🟠 [AcksBuilder] Unknown media item type "Emotions in Japanese" (item 32) — used "Emotions in japanese" as the prefix; add it to Acks_Formats type_prefix_map.
🟠 [AcksBuilder] Unknown media item type "Emotions in Japanese" (item 32) — used "Emotions in japanese" as the prefix; add it to Acks_Formats type_prefix_map.
🟠 [AcksBuilder] Unknown media item type "Drawing feelings – art therapy" (item 33) — used "Drawing feelings – art therapy" as the prefix; add it to Acks_Formats type_prefix_map.
🟠 [AcksBuilder] Unknown media item type "Drawing feelings – art therapy" (item 33) — used "Drawing feelings – art therapy" as the prefix; add it to Acks_Formats type_prefix_map.
🟠 [AcksBuilder] Unknown media item type "Simple Human Icon Series Person Disappointed On The Stairs" (item 33) — used "Simple human icon series person disappointed on the stairs" as the prefix; add it to Acks_Formats type_prefix_map.
🟠 [AcksBuilder] Unknown media item type "Simple Human Icon Series Angry People" (item 33) — used "Simple human icon series angry people" as the prefix; add it to Acks_Formats type_prefix_map.
🟠 [AcksBuilder] Unknown media item type "simple-human-icon-series-explanation-person-" (item 34) — used "Simple-human-icon-series-explanation-person-" as the prefix; add it to Acks_Formats type_prefix_map.
🟠 [AcksBuilder] Unknown media item type "Handmade slider birthday card" (item 38) — used "Handmade slider birthday card" as the prefix; add it to Acks_Formats type_prefix_map.
🟠 [AcksBuilder] Unknown media item type "Handmade slider birthday card" (item 38) — used "Handmade slider birthday card" as the prefix; add it to Acks_Formats type_prefix_map.
🟠 [AcksBuilder] Unknown media item type "DIY cute birthday card" (item 38) — used "Diy cute birthday card" as the prefix; add it to Acks_Formats type_prefix_map.
🟠 [AcksBuilder] Unknown media item type "DIY cute birthday card" (item 38) — used "Diy cute birthday card" as the prefix; add it to Acks_Formats type_prefix_map.
🟠 [AcksBuilder] Unknown media item type "DIY card for a friend" (item 39) — used "Diy card for a friend" as the prefix; add it to Acks_Formats type_prefix_map.
🟠 [AcksBuilder] Unknown media item type "DIY card for a friend" (item 39) — used "Diy card for a friend" as the prefix; add it to Acks_Formats type_prefix_map.
🟠 [AcksBuilder] Unknown media item type "Sympathy card idea" (item 29) — used "Sympathy card idea" as the prefix; add it to Acks_Formats type_prefix_map.
🟠 [AcksBuilder] Unknown media item type "Sympathy card idea" (item 29) — used "Sympathy card idea" as the prefix; add it to Acks_Formats type_prefix_map.
🟠 [AcksBuilder] Unknown media item type "Birthday cupcake" (item 40) — used "Birthday cupcake" as the prefix; add it to Acks_Formats type_prefix_map.
🟠 [AcksBuilder] Unknown media item type "Stars" (item 40) — used "Stars" as the prefix; add it to Acks_Formats type_prefix_map.
🟠 [AcksBuilder] Unknown media item type "Stars" (item 40) — used "Stars" as the prefix; add it to Acks_Formats type_prefix_map.
🟠 [AcksBuilder] Unknown media item type "Kiwiana Christmas" (item 40) — used "Kiwiana christmas" as the prefix; add it to Acks_Formats type_prefix_map.
🟠 [AcksBuilder] Unknown media item type "Travel symbols" (item 40) — used "Travel symbols" as the prefix; add it to Acks_Formats type_prefix_map.
🟠 [AcksBuilder] Unknown media item type "Travel symbols" (item 40) — used "Travel symbols" as the prefix; add it to Acks_Formats type_prefix_map.
🟠 [AcksBuilder] Unknown media item type "“Happy Birthday”" (item 40) — used "“happy birthday”" as the prefix; add it to Acks_Formats type_prefix_map.
🟠 [AcksBuilder] Unknown media item type "“Matariki”" (item 40) — used "“matariki”" as the prefix; add it to Acks_Formats type_prefix_map.
🟠 [AcksBuilder] Unknown media item type "“Merry Christmas”" (item 40) — used "“merry christmas”" as the prefix; add it to Acks_Formats type_prefix_map.
🟠 [AcksBuilder] Unknown media item type "“We’ll miss you”" (item 40) — used "“we’ll miss you”" as the prefix; add it to Acks_Formats type_prefix_map.
🟠 [AcksBuilder] Unknown media item type "Percentages explained" (item 43) — used "Percentages explained" as the prefix; add it to Acks_Formats type_prefix_map.
🟠 [AcksBuilder] Unknown media item type "Percentages explained" (item 43) — used "Percentages explained" as the prefix; add it to Acks_Formats type_prefix_map.
🟠 [AcksBuilder] Unknown media item type "58 percent people pictogram" (item 44) — used "58 percent people pictogram" as the prefix; add it to Acks_Formats type_prefix_map.
🟠 [AcksBuilder] Unknown media item type "58 percent people pictogram" (item 44) — used "58 percent people pictogram" as the prefix; add it to Acks_Formats type_prefix_map.
🟠 [AcksBuilder] Unknown media item type "Setting healthy boundaries" (item 51) — used "Setting healthy boundaries" as the prefix; add it to Acks_Formats type_prefix_map.
🟠 [AcksBuilder] Unknown media item type "Setting healthy boundaries" (item 51) — used "Setting healthy boundaries" as the prefix; add it to Acks_Formats type_prefix_map.
🟠 [AcksBuilder] Unknown media item type "Consent for kids" (item 53) — used "Consent for kids" as the prefix; add it to Acks_Formats type_prefix_map.
🟠 [AcksBuilder] Unknown media item type "Consent for kids" (item 53) — used "Consent for kids" as the prefix; add it to Acks_Formats type_prefix_map.
🟠 [AcksBuilder] Unknown media item type "Roadworkers’ mana wave" (item 52) — used "Roadworkers’ mana wave" as the prefix; add it to Acks_Formats type_prefix_map.
🟠 [AcksBuilder] Unknown media item type "Roadworkers’ mana wave" (item 52) — used "Roadworkers’ mana wave" as the prefix; add it to Acks_Formats type_prefix_map.
🟠 [AcksBuilder] Unknown media item type "Tikanga explained" (item 52) — used "Tikanga explained" as the prefix; add it to Acks_Formats type_prefix_map.
🟠 [AcksBuilder] YouTube metadata unavailable for item 52 (stubbed) — possible dead link worth checking: https://www.youtube.com/watch?v=_q-iWm9kD3A
🟠 [AcksBuilder] Unknown media item type "Tikanga explained" (item 52) — used "Tikanga explained" as the prefix; add it to Acks_Formats type_prefix_map.
🟠 [AcksBuilder] Unknown media item type "Adolescent risk-takers: The power of peers" (item 62) — used "Adolescent risk-takers: the power of peers" as the prefix; add it to Acks_Formats type_prefix_map.
🟠 [AcksBuilder] Unknown media item type "Adolescent risk-takers: The power of peers" (item 62) — used "Adolescent risk-takers: the power of peers" as the prefix; add it to Acks_Formats type_prefix_map.
🟠 [AcksBuilder] Unknown media item type "The real faces of bullying" (item 77) — used "The real faces of bullying" as the prefix; add it to Acks_Formats type_prefix_map.
🟠 [AcksBuilder] Unknown media item type "The real faces of bullying" (item 77) — used "The real faces of bullying" as the prefix; add it to Acks_Formats type_prefix_map.
🟠 [AcksBuilder] Unknown media item type "What it’s like to be bullied" (item 77) — used "What it’s like to be bullied" as the prefix; add it to Acks_Formats type_prefix_map.
🟠 [AcksBuilder] Unknown media item type "What it’s like to be bullied" (item 77) — used "What it’s like to be bullied" as the prefix; add it to Acks_Formats type_prefix_map.
🟠 [AcksBuilder] Unknown media item type "How to safely help someone being bullied" (item 77) — used "How to safely help someone being bullied" as the prefix; add it to Acks_Formats type_prefix_map.
🟠 [AcksBuilder] Unknown media item type "How to safely help someone being bullied" (item 77) — used "How to safely help someone being bullied" as the prefix; add it to Acks_Formats type_prefix_map.
🟠 [AcksBuilder] Unknown media item type "Young voices – online bullying" (item 85) — used "Young voices – online bullying" as the prefix; add it to Acks_Formats type_prefix_map.
🟠 [AcksBuilder] Unknown media item type "Young voices – online bullying" (item 85) — used "Young voices – online bullying" as the prefix; add it to Acks_Formats type_prefix_map.
🟠 [AcksBuilder] Unknown media item type "Ākonga Online User Agreement (5–12 years)" (item ) — used "Ākonga online user agreement (5–12 years)" as the prefix; add it to Acks_Formats type_prefix_map.
🟠 [AcksBuilder] Unknown media item type "Ākonga Online User Agreement (5–12 years)" (item ) — used "Ākonga online user agreement (5–12 years)" as the prefix; add it to Acks_Formats type_prefix_map.
🟠 [AcksBuilder] Unknown media item type "Why scrolling on social media is addictive" (item 90) — used "Why scrolling on social media is addictive" as the prefix; add it to Acks_Formats type_prefix_map.
🟠 [AcksBuilder] Unknown media item type "Why scrolling on social media is addictive" (item 90) — used "Why scrolling on social media is addictive" as the prefix; add it to Acks_Formats type_prefix_map.
🟠 [AcksBuilder] Unknown media item type "Social media and mental health" (item 91) — used "Social media and mental health" as the prefix; add it to Acks_Formats type_prefix_map.
🟠 [AcksBuilder] Unknown media item type "Social media and mental health" (item 91) — used "Social media and mental health" as the prefix; add it to Acks_Formats type_prefix_map.
🟠 [AcksBuilder] Unknown media item type "Ditching social media and depression" (item 91) — used "Ditching social media and depression" as the prefix; add it to Acks_Formats type_prefix_map.
🟠 [AcksBuilder] Unknown media item type "Ditching social media and depression" (item 91) — used "Ditching social media and depression" as the prefix; add it to Acks_Formats type_prefix_map.
🟠 [AcksBuilder] Unknown media item type "Multiracial young friends sharing media content on a mobile phone, illustrating healthy and balanced social media use that supports connection and positive experiences." (item 92) — used "Multiracial young friends sharing media content on a mobile phone, illustrating healthy and balanced social media use that supports connection and positive experiences." as the prefix; add it to Acks_Formats type_prefix_map.
🟠 [AcksBuilder] Unknown media item type "Multiracial young friends sharing media content on a mobile phone, illustrating healthy and balanced social media use that supports connection and positive experiences." (item 92) — used "Multiracial young friends sharing media content on a mobile phone, illustrating healthy and balanced social media use that supports connection and positive experiences." as the prefix; add it to Acks_Formats type_prefix_map.
🟠 [AcksBuilder] Unknown media item type "Teenagers focused on their mobile phones, representing social media use that is beginning to cause problems or warning signs such as overuse and distraction." (item 92) — used "Teenagers focused on their mobile phones, representing social media use that is beginning to cause problems or warning signs such as overuse and distraction." as the prefix; add it to Acks_Formats type_prefix_map.
🟠 [AcksBuilder] Unknown media item type "Teenagers focused on their mobile phones, representing social media use that is beginning to cause problems or warning signs such as overuse and distraction." (item 92) — used "Teenagers focused on their mobile phones, representing social media use that is beginning to cause problems or warning signs such as overuse and distraction." as the prefix; add it to Acks_Formats type_prefix_map.
🟠 [AcksBuilder] Unknown media item type "Teen sitting alone and waiting for a call, visually representing social disconnection or exclusion linked to negative social media experiences." (item 93) — used "Teen sitting alone and waiting for a call, visually representing social disconnection or exclusion linked to negative social media experiences." as the prefix; add it to Acks_Formats type_prefix_map.
🟠 [AcksBuilder] Unknown media item type "Teen sitting alone and waiting for a call, visually representing social disconnection or exclusion linked to negative social media experiences." (item 93) — used "Teen sitting alone and waiting for a call, visually representing social disconnection or exclusion linked to negative social media experiences." as the prefix; add it to Acks_Formats type_prefix_map.
🟠 [AcksBuilder] Unknown media item type "Understanding bar graphs" (item 94) — used "Understanding bar graphs" as the prefix; add it to Acks_Formats type_prefix_map.
🟠 [AcksBuilder] Unknown media item type "Understanding bar graphs" (item 94) — used "Understanding bar graphs" as the prefix; add it to Acks_Formats type_prefix_map.
🟠 [AcksBuilder] Unknown media item type "Why women’s work doesn’t count" (item 97) — used "Why women’s work doesn’t count" as the prefix; add it to Acks_Formats type_prefix_map.
🟠 [AcksBuilder] Unknown media item type "Why women’s work doesn’t count" (item 97) — used "Why women’s work doesn’t count" as the prefix; add it to Acks_Formats type_prefix_map.
🟠 [AcksBuilder] Unknown media item type "What are social norms" (item 98) — used "What are social norms" as the prefix; add it to Acks_Formats type_prefix_map.
🟠 [AcksBuilder] Unknown media item type "What are social norms" (item 98) — used "What are social norms" as the prefix; add it to Acks_Formats type_prefix_map.
🟢 [AcksBuilder] Media item 38 placed in lesson 4.0 by neighbour interpolation — verify its group.
🟢 [AcksBuilder] Media item 38 placed in lesson 4.0 by neighbour interpolation — verify its group.
🟢 [AcksBuilder] Media item 39 placed in lesson 4.0 by neighbour interpolation — verify its group.
🟢 [AcksBuilder] Media item 29 placed in lesson 4.0 by neighbour interpolation — verify its group.
🟢 [AcksBuilder] Media item 40 placed in lesson 4.0 by neighbour interpolation — verify its group.
🟢 [AcksBuilder] Media item 40 placed in lesson 4.0 by neighbour interpolation — verify its group.
🟠 [AcksBuilder] Media item 43 sits between lessons 4.0 and 6.0 — placed in 4.0; verify.
🟠 [AcksBuilder] Media item 44 sits between lessons 4.0 and 6.0 — placed in 4.0; verify.
🟠 [AcksBuilder] Media item 51 sits between lessons 4.0 and 6.0 — placed in 4.0; verify.
🟠 [AcksBuilder] Media item 53 sits between lessons 4.0 and 6.0 — placed in 4.0; verify.
🟠 [AcksBuilder] Media item 52 sits between lessons 4.0 and 6.0 — placed in 4.0; verify.
🟢 [AcksBuilder] Media item 62 placed in lesson 6.0 by neighbour interpolation — verify its group.
🟢 [AcksBuilder] Media item 77 placed in lesson 6.0 by neighbour interpolation — verify its group.
🟢 [AcksBuilder] Media item 77 placed in lesson 6.0 by neighbour interpolation — verify its group.
🟢 [AcksBuilder] Media item 77 placed in lesson 6.0 by neighbour interpolation — verify its group.
🟢 [AcksBuilder] Media item 85 placed in lesson 6.0 by neighbour interpolation — verify its group.
🟢 [AcksBuilder] Media item  placed in lesson 6.0 by neighbour interpolation — verify its group.
🟢 [AcksBuilder] Media item 90 placed in lesson 6.0 by neighbour interpolation — verify its group.
🟢 [AcksBuilder] Media item 91 placed in lesson 6.0 by neighbour interpolation — verify its group.
🟢 [AcksBuilder] Media item 91 placed in lesson 6.0 by neighbour interpolation — verify its group.
🟢 [AcksBuilder] Media item 92 placed in lesson 6.0 by neighbour interpolation — verify its group.
🟢 [AcksBuilder] Media item 92 placed in lesson 6.0 by neighbour interpolation — verify its group.
🟢 [AcksBuilder] Media item 93 placed in lesson 6.0 by neighbour interpolation — verify its group.
🟢 [AcksBuilder] Media item 94 placed in lesson 6.0 by neighbour interpolation — verify its group.
🟢 [AcksBuilder] Media item 97 placed in lesson 6.0 by neighbour interpolation — verify its group.
🟢 [AcksBuilder] Media item 98 placed in lesson 6.0 by neighbour interpolation — verify its group.
🟠 [AcksBuilder] Media item 12 could not be mapped to a lesson — placed in the first group (0.0); verify.
🟠 [AcksBuilder] Media item 14 could not be mapped to a lesson — placed in the first group (0.0); verify.
🟠 [AcksBuilder] Media item 14 could not be mapped to a lesson — placed in the first group (0.0); verify.
🟠 [AcksBuilder] Media item 14 could not be mapped to a lesson — placed in the first group (0.0); verify.
🟠 [AcksBuilder] Media item 14 could not be mapped to a lesson — placed in the first group (0.0); verify.
🟠 [AcksBuilder] Media item 14 could not be mapped to a lesson — placed in the first group (0.0); verify.
🟠 [AcksBuilder] Media item 15 could not be mapped to a lesson — placed in the first group (0.0); verify.
🟠 [AcksBuilder] Media item 17 could not be mapped to a lesson — placed in the first group (0.0); verify.
🟠 [AcksBuilder] Media item 18 could not be mapped to a lesson — placed in the first group (0.0); verify.
🟠 [AcksBuilder] Media item 18 could not be mapped to a lesson — placed in the first group (0.0); verify.
🟠 [AcksBuilder] Media item 19 could not be mapped to a lesson — placed in the first group (0.0); verify.
🟠 [AcksBuilder] Media item 24 could not be mapped to a lesson — placed in the first group (0.0); verify.
🟠 [AcksBuilder] Media item 24 could not be mapped to a lesson — placed in the first group (0.0); verify.
🟠 [AcksBuilder] Media item 25 could not be mapped to a lesson — placed in the first group (0.0); verify.
🟠 [AcksBuilder] Media item 26 could not be mapped to a lesson — placed in the first group (0.0); verify.
🟠 [AcksBuilder] Media item 26 could not be mapped to a lesson — placed in the first group (0.0); verify.
🟠 [AcksBuilder] Media item 26 could not be mapped to a lesson — placed in the first group (0.0); verify.
🟠 [AcksBuilder] Media item 28 could not be mapped to a lesson — placed in the first group (0.0); verify.
🟠 [AcksBuilder] Media item 29 could not be mapped to a lesson — placed in the first group (0.0); verify.
🟠 [AcksBuilder] Media item 29 could not be mapped to a lesson — placed in the first group (0.0); verify.
🟠 [AcksBuilder] Media item  could not be mapped to a lesson — placed in the first group (0.0); verify.
🟠 [AcksBuilder] Media item 31 could not be mapped to a lesson — placed in the first group (0.0); verify.
🟠 [AcksBuilder] Media item 32 could not be mapped to a lesson — placed in the first group (0.0); verify.
🟠 [AcksBuilder] Media item 32 could not be mapped to a lesson — placed in the first group (0.0); verify.
🟠 [AcksBuilder] Media item 32 could not be mapped to a lesson — placed in the first group (0.0); verify.
🟠 [AcksBuilder] Media item 32 could not be mapped to a lesson — placed in the first group (0.0); verify.
🟠 [AcksBuilder] Media item 33 could not be mapped to a lesson — placed in the first group (0.0); verify.
🟠 [AcksBuilder] 9 iStock titles could not be verified (no *istock-acks*.txt was supplied); each is marked ❗ and the acks block carries a designer note.
🟢 [SkeletonBuilder] template attribute "undefined" overridden to the level-3 preset "7-8" (template_phase_presets — the module-level rule outranks sibling inheritance for this attribute only).
🟢 [DocxExtractor] Media-list boilerplate dropped: 3 blocks before the media table and 15 blocks after it (the submission checklist) — the template's own instructions, not content.
🟢 [ConventionResolver] HTML conventions from group 1-10 Mathematics|7-8: overview menu tabs, lesson menu flat.
🟢 [PageSplitter] [end page] before [MODULE INTRODUCTION] disregarded — the introduction stays on the overview page (AR-1).
🟢 [PageSplitter] Implicit page break: content continues after [end page] without a [LESSON] tag — opened page 3.0.
🟢 [PageSplitter] Implicit page break: content continues after [end page] without a [LESSON] tag — opened page 7.0 ("The Power of Linear Patterns in Graphs").
🟢 [PageSplitter] Page 3.0: heading says "Lesson 5" — using the heading's number.
🟢 [MenuBuilder] Menu heading "Tirohanga Whānui | Overview" is the section label — consumed (the menu scaffolding names it).
🟢 [InteractiveScanner] Activity 2B: additional widget [drag and drop] absorbed (unclassified + dragAndDrop).
🟢 [ContentConverter] Page 1.0: [activity] auto-closed before the next activity.
🟢 [InteractiveScanner] Page 5.0: 1 id-carrying heading(s) re-tagged as [Activity N] openers (opener_rule.id_heading_opener).
🟢 [ContentConverter] Page 5.0: [activity] auto-closed before the next h2.
🟠 [AcksBuilder] YouTube metadata unavailable for item  (stubbed) — possible dead link worth checking: https://www.youtube.com/watch?v=1PwvQM9QbyQ
🟠 [AcksBuilder] YouTube metadata unavailable for item  (stubbed) — possible dead link worth checking: https://www.youtube.com/watch?v=fxCXHQBUidU
🟠 [AcksBuilder] YouTube metadata unavailable for item  (stubbed) — possible dead link worth checking: https://www.youtube.com/watch?v=d1COIcRoSgo
🟢 [AcksBuilder] Media item  placed in lesson 1.0 by neighbour interpolation — verify its group.
🟢 [AcksBuilder] Media item  placed in lesson 1.0 by neighbour interpolation — verify its group.
🟠 [AcksBuilder] Media item  sits between lessons 1.0 and 5.0 — placed in 1.0; verify.
🟠 [AcksBuilder] Media item  sits between lessons 1.0 and 5.0 — placed in 1.0; verify.
🟠 [AcksBuilder] Media item  sits between lessons 3.0 and 5.0 — placed in 3.0; verify.
🟠 [AcksBuilder] Media item  could not be mapped to a lesson — placed in the first group (0.0); verify.
🟠 [AcksBuilder] 1 iStock title could not be verified (no *istock-acks*.txt was supplied); each is marked ❗ and the acks block carries a designer note.
🟢 [DocxExtractor] Media-list boilerplate dropped: 3 blocks before the media table and 15 blocks after it (the submission checklist) — the template's own instructions, not content.
🟢 [ConventionResolver] HTML conventions from series MXFL (deviation over 1-10 Mathematics|4-6): overview menu two_col_li, lesson menu flat.
🟢 [PageSplitter] [end page] before [MODULE INTRODUCTION] disregarded — the introduction stays on the overview page (AR-1).
🟢 [PageSplitter] Implicit page break: content continues after [end page] without a [LESSON] tag — opened page 1.0 ("").
🟢 [PageSplitter] Implicit page break: content continues after [end page] without a [LESSON] tag — opened page 2.0 ("").
🟢 [PageSplitter] Implicit page break: content continues after [end page] without a [LESSON] tag — opened page 3.0 ("").
🟢 [PageSplitter] Implicit page break: content continues after [end page] without a [LESSON] tag — opened page 4.0 ("").
🟢 [PageSplitter] Implicit page break: content continues after [end page] without a [LESSON] tag — opened page 5.0 ("").
🟢 [PageSplitter] Implicit page break: content continues after [end page] without a [LESSON] tag — opened page 6.0 ("").
🟢 [PageSplitter] Implicit page break: content continues after [end page] without a [LESSON] tag — opened page 7.0.
🟢 [PageSplitter] Implicit page break: content continues after [end page] without a [LESSON] tag — opened page 7.0 ("").
🟢 [PageSplitter] Implicit page break: content continues after [end page] without a [LESSON] tag — opened page 8.0 ("").
🟠 [PageSplitter] Duplicate lesson label 7.0 (writers reused the number) — relabelled to 8.0; check the source numbering.
🟠 [PageSplitter] Duplicate lesson label 8.0 (writers reused the number) — relabelled to 9.0; check the source numbering.
🟢 [MenuBuilder] Menu heading "Tirohanga Whānui | Overview" is the section label — consumed (the menu scaffolding names it).
🟢 [InteractiveScanner] Page 1.0: 2 id-carrying heading(s) re-tagged as [Activity N] openers (opener_rule.id_heading_opener).
🟢 [ContentConverter] Page 1.0: unnumbered [ [activity embedded] pdf ] opener nested in the open id-heading activity 1A (no new box).
🟢 [ContentConverter] Page 1.0: [activity] auto-closed before the next h3.
🟢 [ContentConverter] Page 1.0: [activity] auto-closed before the next h3.
🟢 [ContentConverter] Page 1.0: [activity] auto-closed before the next alert.
🟢 [InteractiveScanner] Page 2.0: 1 id-carrying heading(s) re-tagged as [Activity N] openers (opener_rule.id_heading_opener).
🟢 [ContentConverter] Page 2.0: [activity] auto-closed before the next activity.
🟢 [ContentConverter] Page 3.0: [activity] auto-closed before the next activity.
🟢 [ContentConverter] Page 3.0: [activity] auto-closed before the next alert.
🟢 [InteractiveScanner] accordion: additional widget [accordion] absorbed (accordion + accordion).
🟢 [InteractiveScanner] accordion: additional widget [accordion] absorbed (accordion + accordion).
🟢 [ContentConverter] Page 4.0: [activity] auto-closed before the next alert.
🟢 [ContentConverter] [alert] right-hand box → the activity sidebar (alertActivity) side column paired with the preceding activity row (positional_side_alert).
🟢 [ContentConverter] Page 4.0: [activity] auto-closed before the next alert.
🟢 [ContentConverter] Page 4.0: [activity] auto-closed before the next h3.
🟢 [ContentConverter] Page 4.0: [activity] auto-closed before the next activity.
🟢 [ContentConverter] Page 4.0: [activity] auto-closed before the next activity.
🟢 [ContentConverter] Page 4.0: [activity] auto-closed before the next alert.
🟢 [ContentConverter] Page 5.0: [activity] auto-closed before the next activity.
🟢 [ContentConverter] Page 5.0: [activity] auto-closed before the next alert.
🟢 [InteractiveScanner] Page 8.0: 2 id-carrying heading(s) re-tagged as [Activity N] openers (opener_rule.id_heading_opener).
🟢 [ContentConverter] Page 8.0: unnumbered [ [interactive activity] accordion with embedded PDF (I have created these pdf’s, image details have been included.  The information can be displayed in a different way if more appropriate) ] opener nested in the open id-heading activity 7A (no new box).
🟢 [ContentConverter] Page 8.0: [activity] auto-closed before the next h3.
🟢 [ContentConverter] Page 8.0: [activity] auto-closed before the next h3.
🟠 [AcksBuilder] YouTube metadata unavailable for item  (stubbed) — possible dead link worth checking: https://www.youtube.com/watch?v=jWhAoZZh8fc
🟠 [AcksBuilder] Unknown media item type "PDF" (item ) — used "Pdf" as the prefix; add it to Acks_Formats type_prefix_map.
🟠 [AcksBuilder] YouTube metadata unavailable for item  (stubbed) — possible dead link worth checking: https://www.youtube.com/watch?v=n3zZK1xt4rM
🟠 [AcksBuilder] YouTube metadata unavailable for item  (stubbed) — possible dead link worth checking: https://www.youtube.com/watch?v=ULpIcm1vWco
🟢 [AcksBuilder] Media item  ("Link") is a lesson link — no acknowledgement (scope rule).
🟢 [AcksBuilder] Media item  ("Link") is a lesson link — no acknowledgement (scope rule).
🟠 [AcksBuilder] YouTube metadata unavailable for item  (stubbed) — possible dead link worth checking: https://www.youtube.com/watch?v=wBhwDtn5Xeg
🟠 [AcksBuilder] YouTube metadata unavailable for item  (stubbed) — possible dead link worth checking: https://www.youtube.com/watch?v=u1gyrsu1_sA
🟠 [AcksBuilder] YouTube metadata unavailable for item  (stubbed) — possible dead link worth checking: https://www.youtube.com/watch?v=jWhAoZZh8fc
🟠 [AcksBuilder] Unknown media item type "PDF" (item ) — used "Pdf" as the prefix; add it to Acks_Formats type_prefix_map.
🟠 [AcksBuilder] YouTube metadata unavailable for item  (stubbed) — possible dead link worth checking: https://www.youtube.com/watch?v=n3zZK1xt4rM
🟠 [AcksBuilder] Unknown media item type "website" (item ) — used "Website" as the prefix; add it to Acks_Formats type_prefix_map.
🟠 [AcksBuilder] YouTube metadata unavailable for item  (stubbed) — possible dead link worth checking: https://www.youtube.com/watch?v=mAvuom42NyY
🟠 [AcksBuilder] Unknown media item type "website" (item ) — used "Website" as the prefix; add it to Acks_Formats type_prefix_map.
🟠 [AcksBuilder] YouTube metadata unavailable for item  (stubbed) — possible dead link worth checking: https://youtu.be/rGKf1NhtJ1o
🟠 [AcksBuilder] YouTube metadata unavailable for item  (stubbed) — possible dead link worth checking: https://youtu.be/uv8mfsCZXRw
🟠 [AcksBuilder] YouTube metadata unavailable for item  (stubbed) — possible dead link worth checking: https://youtu.be/YOjscgpOf9Y
🟠 [AcksBuilder] YouTube metadata unavailable for item  (stubbed) — possible dead link worth checking: https://youtu.be/IVZSbrSX-Do
🟠 [AcksBuilder] Unknown media item type "PDF" (item ) — used "Pdf" as the prefix; add it to Acks_Formats type_prefix_map.
🟠 [AcksBuilder] Unknown media item type "Website" (item ) — used "Website" as the prefix; add it to Acks_Formats type_prefix_map.
🟢 [AcksBuilder] Media item  placed in lesson 2.0 by neighbour interpolation — verify its group.
🟢 [AcksBuilder] Media item  placed in lesson 2.0 by neighbour interpolation — verify its group.
🟢 [AcksBuilder] Media item  placed in lesson 2.0 by neighbour interpolation — verify its group.
🟠 [AcksBuilder] Media item  sits between lessons 9.0 and 0.0 — placed in 9.0; verify.
🟠 [AcksBuilder] Media item  sits between lessons 9.0 and 0.0 — placed in 9.0; verify.
🟠 [AcksBuilder] Media item  sits between lessons 4.0 and 6.0 — placed in 4.0; verify.
🟠 [AcksBuilder] 16 iStock titles could not be verified (no *istock-acks*.txt was supplied); each is marked ❗ and the acks block carries a designer note.
🟢 [DocxExtractor] Media-list boilerplate dropped: 3 blocks before the media table and 15 blocks after it (the submission checklist) — the template's own instructions, not content.
🟢 [ConventionResolver] HTML conventions from series MXS (deviation over NCEA1|NCEA): overview menu tabs, lesson menu flat.
🟢 [PageSplitter] Implicit page break: content continues after [end page] without a [LESSON] tag — opened page 1.0.
🟢 [PageSplitter] Implicit page break: content continues after [end page] without a [LESSON] tag — opened page 2.0.
🟢 [PageSplitter] Implicit page break: content continues after [end page] without a [LESSON] tag — opened page 3.0.
🟢 [PageSplitter] Implicit page break: content continues after [end page] without a [LESSON] tag — opened page 4.0.
🟢 [PageSplitter] Implicit page break: content continues after [end page] without a [LESSON] tag — opened page 5.0.
🟢 [PageSplitter] Implicit page break: content continues after [end page] without a [LESSON] tag — opened page 6.0.
🟢 [PageSplitter] Implicit page break: content continues after [end page] without a [LESSON] tag — opened page 7.0.
🟢 [PageSplitter] Implicit page break: content continues after [end page] without a [LESSON] tag — opened page 8.0.
🟢 [PageSplitter] Content after the final [end page] (4 blocks) is writer-form boilerplate — not emitted (AR-5).
🟢 [MenuBuilder] Menu heading "Tirohanga Whānui | Overview" is the section label — consumed (the menu scaffolding names it).
🟢 [InteractiveBuilder] Built carousel #1 from captured data (no placeholder needed).
🟢 [InteractiveBuilder] Built dragAndDrop #2 from captured data (no placeholder needed).
🟢 [ContentConverter] Page 2.0: the lead paragraph after [ [Drag and drop images] accurate measurements.   ] renders free inside the box (lead_free_after_tag).
🟢 [InteractiveScanner] multiChoiceQuiz: additional widget [mcq] absorbed (multiChoiceQuiz + multiChoiceQuiz).
🟢 [InteractiveScanner] multiChoiceQuiz: additional widget [mcq] absorbed (multiChoiceQuiz + multiChoiceQuiz).
🟢 [InteractiveScanner] multiChoiceQuiz: additional widget [mcq] absorbed (multiChoiceQuiz + multiChoiceQuiz).
🟢 [InteractiveScanner] multiChoiceQuiz: additional widget [mcq] absorbed (multiChoiceQuiz + multiChoiceQuiz).
🟢 [InteractiveScanner] multiChoiceQuiz: additional widget [mcq] absorbed (multiChoiceQuiz + multiChoiceQuiz).
🟢 [InteractiveBuilder] Built carousel #11 from captured data (no placeholder needed).
🟢 [InteractiveBuilder] Built tabs #13 from captured data (no placeholder needed).
🟢 [InteractiveBuilder] Built carousel #15 from captured data (no placeholder needed).
🟢 [ContentConverter] Page 4.0: the lead paragraph after [ [drag and drop match] self-check. ] renders free inside the box (lead_free_after_tag).
🟢 [InteractiveScanner] dropDown: additional widget [dropdown] absorbed (dropDown + dropDown).
🟢 [InteractiveScanner] dropDown: additional widget [dropdown] absorbed (dropDown + dropDown).
🟢 [InteractiveScanner] dropDown: additional widget [dropdown] absorbed (dropDown + dropDown).
🟢 [InteractiveScanner] dropDown: additional widget [dropdown] absorbed (dropDown + dropDown).
🟢 [InteractiveBuilder] Built dropDown #29 from captured data (no placeholder needed).
🟠 [AcksBuilder] YouTube metadata unavailable for item  (stubbed) — possible dead link worth checking: https://www.youtube.com/watch?v=yxXsPc0bphQ
🟠 [AcksBuilder] YouTube metadata unavailable for item  (stubbed) — possible dead link worth checking: https://www.youtube.com/watch?v=A_75ngnu_no&list=PLSsWfvJUzA-Sl20edmR76RAr_KR7Q4pxe&index=27
🟠 [AcksBuilder] YouTube metadata unavailable for item  (stubbed) — possible dead link worth checking: https://www.youtube.com/watch?v=A_75ngnu_no&list=PLSsWfvJUzA-Sl20edmR76RAr_KR7Q4pxe&index=28
🟠 [AcksBuilder] Unknown media item type "Mp4" (item ) — used "Mp4" as the prefix; add it to Acks_Formats type_prefix_map.
🟠 [AcksBuilder] YouTube metadata unavailable for item  (stubbed) — possible dead link worth checking: https://youtu.be/xbod38rL22w
🟠 [AcksBuilder] 27 iStock titles could not be verified (no *istock-acks*.txt was supplied); each is marked ❗ and the acks block carries a designer note.
🟢 [ConventionResolver] HTML conventions from group Online Safety (OS9000)|7-8: overview menu tabs, lesson menu flat.
🟢 [PageSplitter] [end page] before [MODULE INTRODUCTION] disregarded — the introduction stays on the overview page (AR-1).
🟢 [MenuBuilder] Menu heading "Tirohanga Whānui | Overview" is the section label — consumed (the menu scaffolding names it).
🟢 [MenuBuilder] Menu heading "Assessment for Learning: Complete the self-assessment quiz at the end of the module." had no content beneath it — omitted (empty preconfigured scaffolding).
🟢 [InteractiveScanner] slider: additional widget [slider] absorbed (slider + slider).
🟢 [InteractiveScanner] slider: additional widget [slider] absorbed (slider + slider).
🟢 [InteractiveBuilder] Built speechBubble #1 from captured data (no placeholder needed).
🟢 [InteractiveBuilder] Built carousel #2 from captured data (no placeholder needed).
🟠 [ContentConverter] Page 1.0: [activity] was never closed — closed at page end.
🟢 [InteractiveBuilder] Built clickDrop #4 from captured data (no placeholder needed).
🟢 [InteractiveBuilder] Built flipCard #6 from captured data (no placeholder needed).
🟢 [ContentConverter] [alert] wraps the following table/widget as its content (no [end alert]) — closes at the next heading/section/page.
🟢 [InteractiveBuilder] Built speechBubble #7 from captured data (no placeholder needed).
🟢 [ContentConverter] [engagement quiz button] → the KB's anchored "Go to quiz" button + To Do note (kb_form).
🟠 [ContentConverter] Page 3.0: [activity] was never closed — closed at page end.
🟠 [AcksBuilder] YouTube metadata unavailable for item  (stubbed) — possible dead link worth checking: https://www.youtube.com/watch?v=smdHcIfMhOk
🟠 [AcksBuilder] YouTube metadata unavailable for item  (stubbed) — possible dead link worth checking: https://www.youtube.com/shorts/3zb6hhuZwy0
🟠 [AcksBuilder] YouTube metadata unavailable for item  (stubbed) — possible dead link worth checking: https://www.youtube.com/watch?v=CDR2Klr3ftY&t=66s
🟠 [AcksBuilder] 19 iStock titles could not be verified (no *istock-acks*.txt was supplied); each is marked ❗ and the acks block carries a designer note.
🟠 [ModuleResolver] Multiple module-code candidates found (PES1003, PHO1052) — using PES1003 from filename "PES1003 Writers Template + Media List.docx".
🟢 [DocxExtractor] Media-list boilerplate dropped: 3 blocks before the media table and 16 blocks after it (the submission checklist) — the template's own instructions, not content.
🟢 [ConventionResolver] HTML conventions from group NCEA1|NCEA: overview menu tabs, lesson menu flat.
🟢 [PageSplitter] [end page] before [MODULE INTRODUCTION] disregarded — the introduction stays on the overview page (AR-1).
🟢 [PageSplitter] Implicit page break: content continues after [end page] without a [LESSON] tag — opened page 2.0.
🟢 [PageSplitter] Implicit page break: content continues after [end page] without a [LESSON] tag — opened page 3.0.
🟢 [PageSplitter] Implicit page break: content continues after [end page] without a [LESSON] tag — opened page 4.0.
🟢 [PageSplitter] Implicit page break: content continues after [end page] without a [LESSON] tag — opened page 5.0.
🟢 [PageSplitter] Implicit page break: content continues after [end page] without a [LESSON] tag — opened page 6.0.
🟢 [PageSplitter] Implicit page break: content continues after [end page] without a [LESSON] tag — opened page 7.0.
🟢 [PageSplitter] Implicit page break: content continues after [end page] without a [LESSON] tag — opened page 8.0.
🟢 [PageSplitter] Implicit page break: content continues after [end page] without a [LESSON] tag — opened page 9.0.
🟢 [PageSplitter] Implicit page break: content continues after [end page] without a [LESSON] tag — opened page 10.0.
🟢 [MenuBuilder] Menu heading "Tirohanga Whānui | Overview" is the section label — consumed (the menu scaffolding names it).
🟢 [MenuBuilder] Menu section "Aromatawai | Assessment for Learning" promoted to its own "Standards" nav tab (menu.extra_tabs registry).
🟢 [InteractiveBuilder] Built flipCard #1 from captured data (no placeholder needed).
🟢 [ContentConverter] Page 2.0: [activity] auto-closed before the next h2.
🟢 [ContentConverter] Page 3.0: [activity] auto-closed before the next h2.
🟠 [ContentConverter] Page 5.0: [activity] was never closed — closed at page end.
🟢 [ContentConverter] Page 8.0: 1 inline definition woven onto the anchor word (orphan definition weave).
🟢 [InteractiveBuilder] Built flipCard #5 from captured data (no placeholder needed).
🟢 [ContentConverter] Page 8.0: [activity] auto-closed before the next activity.
🟢 [ContentConverter] Page 8.0: [activity] auto-closed before the next h2.
🟢 [InteractiveBuilder] Built carousel #6 from captured data (no placeholder needed).
🟠 [AcksBuilder] YouTube metadata unavailable for item  (stubbed) — possible dead link worth checking: https://www.youtube.com/watch?v=W8CTuj78RbY&ab_channel=funsciencedemos
🟠 [AcksBuilder] Unknown media item type "Photo/Image" (item ) — used "Photo/image" as the prefix; add it to Acks_Formats type_prefix_map.
🟠 [AcksBuilder] Unknown media item type "Diagrams" (item ) — used "Diagrams" as the prefix; add it to Acks_Formats type_prefix_map.
🟠 [AcksBuilder] YouTube metadata unavailable for item  (stubbed) — possible dead link worth checking: https://www.youtube.com/watch?v=2xaIQjmE5VI&ab_channel=TheScienceAsylum
🟠 [AcksBuilder] Unknown media item type "Activity" (item ) — used "Activity" as the prefix; add it to Acks_Formats type_prefix_map.
🟠 [AcksBuilder] Unknown media item type "Video/Image" (item ) — used "Video/image" as the prefix; add it to Acks_Formats type_prefix_map.
🟠 [AcksBuilder] YouTube metadata unavailable for item  (stubbed) — possible dead link worth checking: https://www.youtube.com/watch?v=-8PoCwx2de0
🟠 [AcksBuilder] YouTube metadata unavailable for item  (stubbed) — possible dead link worth checking: https://www.youtube.com/watch?v=zpVOoKH2AzI
🟠 [AcksBuilder] Unknown media item type "Video/gif" (item ) — used "Video/gif" as the prefix; add it to Acks_Formats type_prefix_map.
🟠 [AcksBuilder] Unknown media item type "Image/table" (item ) — used "Image/table" as the prefix; add it to Acks_Formats type_prefix_map.
🟠 [AcksBuilder] Unknown media item type "Image/ table" (item ) — used "Image/ table" as the prefix; add it to Acks_Formats type_prefix_map.
🟠 [AcksBuilder] YouTube metadata unavailable for item  (stubbed) — possible dead link worth checking: https://www.youtube.com/watch?v=0P3b8bWqAkc
🟠 [AcksBuilder] YouTube metadata unavailable for item  (stubbed) — possible dead link worth checking: https://www.youtube.com/watch?v=mGDJO2M7RBg&ab_channel=TheRoyalInstitution
🟠 [AcksBuilder] YouTube metadata unavailable for item  (stubbed) — possible dead link worth checking: https://www.youtube.com/watch?v=aNKr7SSWXyo&ab_channel=FactTap
🟢 [DocxExtractor] Content opened at the [Content for DROP DOWN MENU] marker — the MTK drop-down-menu bilingual template (its overview lives before the first [LESSON N CONTENT]).
🟢 [ConventionResolver] HTML conventions from group Te Marautanga o Aotearoa TMoA|1-3: overview menu tabs, lesson menu tabs.
🟢 [PageSplitter] Document opens without a literal [TITLE BAR] — overview page opened at the first content tag (Fundamentals-style template).
🟢 [PageSplitter] [MODULE CONTENT: PAGE n] marker — its content stays on the overview page (MTK drop-down-menu template).
🟢 [PageSplitter] Content after the final [end page] (1 blocks) is writer-form boilerplate — not emitted (AR-5).
🟢 [PageAssembler] No [TITLE BAR] title — using the front-matter "Module Name" metadata "Ngā tau: 4   | Numbers: 4" as the module title (MTK drop-down-menu template).
🟢 [AcksBuilder] Media item  placed in lesson 1.0 by neighbour interpolation — verify its group.
🟢 [AcksBuilder] Media item  placed in lesson 1.0 by neighbour interpolation — verify its group.
🟢 [AcksBuilder] Media item  placed in lesson 1.0 by neighbour interpolation — verify its group.
🟢 [AcksBuilder] Media item  placed in lesson 1.0 by neighbour interpolation — verify its group.
🟠 [AcksBuilder] Media item  sits between lessons 1.0 and 2.0 — placed in 1.0; verify.
🟢 [AcksBuilder] Media item  placed in lesson 2.0 by neighbour interpolation — verify its group.
🟢 [AcksBuilder] Media item  placed in lesson 2.0 by neighbour interpolation — verify its group.
🟢 [AcksBuilder] Media item  placed in lesson 2.0 by neighbour interpolation — verify its group.
🟢 [AcksBuilder] Media item  placed in lesson 2.0 by neighbour interpolation — verify its group.
🟠 [AcksBuilder] Media item  could not be mapped to a lesson — placed in the first group (0.0); verify.
🟠 [AcksBuilder] 28 iStock titles could not be verified (no *istock-acks*.txt was supplied); each is marked ❗ and the acks block carries a designer note.
🟢 [SkeletonBuilder] footer_links "lesson" value "—" is not a footer pattern (the registry's no-evidence marker) — the KB's lesson-page form "prev+next+home" applied (footer.kb_position_defaults).
🟢 [SkeletonBuilder] footer_links "final" value "—" is not a footer pattern (the registry's no-evidence marker) — the KB's final-page form "prev+home" applied (footer.kb_position_defaults).
🟢 [ModuleResolver] SSCI104 is not in the registry members — inherited from its level SSCI3 (sibling rule).
🟢 [ConventionResolver] HTML conventions from group 1-10 Social Science|7-8: overview menu tabs, lesson menu default.
🟢 [PageSplitter] Implicit page break: content continues after [end page] without a [LESSON] tag — opened page 6.0.
🟢 [ContentConverter] [alert] wraps the following table/widget as its content (no [end alert]) — closes at the next heading/section/page.
🟢 [InteractiveBuilder] Built flipCard #9 from captured data (no placeholder needed).
🟢 [InteractiveBuilder] Built dropDown #10 from captured data (no placeholder needed).
🟢 [ContentConverter] [alert] wraps the following table/widget as its content (no [end alert]) — closes at the next heading/section/page.
🟢 [InteractiveBuilder] Built speechBubble #13 from captured data (no placeholder needed).
🟢 [InteractiveBuilder] Built hint #14 from captured data (no placeholder needed).
🟢 [InteractiveScanner] speechBubble: additional widget [speech bubble] absorbed (speechBubble + speechBubble).
🟢 [InteractiveBuilder] Built speechBubble #15 from captured data (no placeholder needed).
🟢 [InteractiveBuilder] Built modal #16 from captured data (no placeholder needed).
🟢 [InteractiveBuilder] Built speechBubble #18 from captured data (no placeholder needed).
🟢 [ContentConverter] Page 2.0: [activity] auto-closed before the next heading.
🟢 [InteractiveBuilder] Built dropDown #20 from captured data (no placeholder needed).
🟢 [InteractiveBuilder] Built speechBubble #24 from captured data (no placeholder needed).
🟢 [InteractiveBuilder] Built speechBubble #28 from captured data (no placeholder needed).
🟢 [ContentConverter] Page 3.0: [activity] auto-closed before the next heading.
🟢 [InteractiveBuilder] Built dropDown #34 from captured data (no placeholder needed).
🟢 [InteractiveBuilder] Built hint #35 from captured data (no placeholder needed).
🟢 [InteractiveBuilder] Built carousel #37 from captured data (no placeholder needed).
🟢 [InteractiveBuilder] Built carousel #40 from captured data (no placeholder needed).
🟢 [InteractiveBuilder] Built flipCard #41 from captured data (no placeholder needed).
🟢 [InteractiveBuilder] Built speechBubble #43 from captured data (no placeholder needed).
🟢 [ContentConverter] Page 4.0: [activity] auto-closed before the next heading.
🟢 [InteractiveBuilder] Built modal #47 from captured data (no placeholder needed).
🟢 [InteractiveBuilder] Built accordion #48 from captured data (no placeholder needed).
🟢 [InteractiveBuilder] Built hint #50 from captured data (no placeholder needed).
🟢 [InteractiveBuilder] Built speechBubble #51 from captured data (no placeholder needed).
🟢 [InteractiveBuilder] Built carousel #53 from captured data (no placeholder needed).
🟠 [ContentConverter] Page 6.0: [activity] was never closed — closed at page end.
🟠 [AcksBuilder] YouTube metadata unavailable for item  (stubbed) — possible dead link worth checking: https://www.youtube.com/watch?v=nAm242f8bj0
🟠 [AcksBuilder] Unknown media item type "Audio recording" (item ) — used "Audio recording" as the prefix; add it to Acks_Formats type_prefix_map.
🟠 [AcksBuilder] Unknown media item type "Audio recording" (item ) — used "Audio recording" as the prefix; add it to Acks_Formats type_prefix_map.
🟠 [AcksBuilder] YouTube metadata unavailable for item  (stubbed) — possible dead link worth checking: https://www.youtube.com/watch?v=drE2XPacAmY
🟠 [AcksBuilder] YouTube metadata unavailable for item  (stubbed) — possible dead link worth checking: https://www.youtube.com/watch?v=xoxpwNrw_5U
🟠 [AcksBuilder] YouTube metadata unavailable for item  (stubbed) — possible dead link worth checking: https://www.youtube.com/watch?v=H_kVimPExEA
🟠 [AcksBuilder] YouTube metadata unavailable for item  (stubbed) — possible dead link worth checking: https://www.youtube.com/watch?v=oWtOrX4lIns
🟠 [AcksBuilder] YouTube metadata unavailable for item  (stubbed) — possible dead link worth checking: https://www.youtube.com/watch?v=zpTdJ07hq58
🟠 [AcksBuilder] YouTube metadata unavailable for item  (stubbed) — possible dead link worth checking: https://www.youtube.com/watch?v=LC2Egw1Yfjc
🟠 [AcksBuilder] YouTube metadata unavailable for item  (stubbed) — possible dead link worth checking: https://www.youtube.com/watch?v=Hz7rmF1dCx0&t=20s
🟢 [AcksBuilder] Media item  ("External link") is a lesson link — no acknowledgement (scope rule).
🟠 [AcksBuilder] YouTube metadata unavailable for item  (stubbed) — possible dead link worth checking: https://www.youtube.com/watch?v=eeB9ktxH7MM
🟠 [AcksBuilder] YouTube metadata unavailable for item  (stubbed) — possible dead link worth checking: https://www.youtube.com/watch?v=6tHggALi3Uo
🟠 [AcksBuilder] YouTube metadata unavailable for item  (stubbed) — possible dead link worth checking: https://www.youtube.com/watch?v=tlwxGvUy4Ks
🟠 [AcksBuilder] YouTube metadata unavailable for item  (stubbed) — possible dead link worth checking: https://www.youtube.com/watch?v=tlwxGvUy4Ks
🟠 [AcksBuilder] YouTube metadata unavailable for item  (stubbed) — possible dead link worth checking: https://www.youtube.com/watch?v=SrvPOkMs4U4
🟠 [AcksBuilder] YouTube metadata unavailable for item  (stubbed) — possible dead link worth checking: https://www.youtube.com/watch?v=de4kOrOaNyI
🟠 [AcksBuilder] Unknown media item type "Photo 3D" (item ) — used "Photo 3d" as the prefix; add it to Acks_Formats type_prefix_map.
🟠 [AcksBuilder] YouTube metadata unavailable for item  (stubbed) — possible dead link worth checking: https://www.youtube.com/watch?v=wK06AcrXlQA
🟠 [AcksBuilder] YouTube metadata unavailable for item  (stubbed) — possible dead link worth checking: https://www.youtube.com/watch?v=59SXzl0uF7s
🟠 [AcksBuilder] YouTube metadata unavailable for item  (stubbed) — possible dead link worth checking: https://www.youtube.com/watch?v=67r2Q_rWYGo
🟠 [AcksBuilder] YouTube metadata unavailable for item  (stubbed) — possible dead link worth checking: https://www.youtube.com/watch?v=CzONkrMWi_s
🟠 [AcksBuilder] YouTube metadata unavailable for item  (stubbed) — possible dead link worth checking: https://www.youtube.com/watch?v=xlyiSCoAV3A
🟠 [AcksBuilder] YouTube metadata unavailable for item  (stubbed) — possible dead link worth checking: https://www.youtube.com/watch?v=wf7xwHFuH2o
🟠 [AcksBuilder] YouTube metadata unavailable for item  (stubbed) — possible dead link worth checking: https://www.youtube.com/watch?v=6w22To4jQn0
🟠 [AcksBuilder] YouTube metadata unavailable for item  (stubbed) — possible dead link worth checking: https://www.youtube.com/watch?v=lRHK1Wt0EQg
🟠 [AcksBuilder] YouTube metadata unavailable for item  (stubbed) — possible dead link worth checking: https://www.youtube.com/watch?v=ijRKHPsi4n4
🟠 [AcksBuilder] YouTube metadata unavailable for item  (stubbed) — possible dead link worth checking: https://www.youtube.com/watch?v=5M0z1DXc-70
🟠 [AcksBuilder] YouTube metadata unavailable for item  (stubbed) — possible dead link worth checking: https://www.youtube.com/watch?v=X-CrROAhQC8
🟢 [AcksBuilder] Media item  placed in lesson 1.0 by neighbour interpolation — verify its group.
🟢 [AcksBuilder] Media item  placed in lesson 1.0 by neighbour interpolation — verify its group.
🟢 [AcksBuilder] Media item  placed in lesson 4.0 by neighbour interpolation — verify its group.
🟠 [AcksBuilder] 91 iStock titles could not be verified (no *istock-acks*.txt was supplied); each is marked ❗ and the acks block carries a designer note.
🟢 [SkeletonBuilder] template attribute "7-8" overridden to the level-1 preset "1-3" (template_phase_presets — the module-level rule outranks sibling inheritance for this attribute only).
🟢 [DocxExtractor] Media-list boilerplate dropped: 3 blocks before the media table — the template's own instructions, not content.
🟢 [ConventionResolver] HTML conventions from group 1-10 Technology|combo: overview menu default, lesson menu two_col_li.
🟢 [InteractiveScanner] speechBubble: additional widget [speech bubble] absorbed (speechBubble + speechBubble).
🟢 [InteractiveScanner] speechBubble: additional widget [speech bubble] absorbed (speechBubble + speechBubble).
🟠 [ContentConverter] [TITLE BAR] title half is the placeholder "TE REO" — the real title is not in the WT; dropped, not shipped as an <h1>. Add the title to the source.
🟢 [ContentConverter] Page 0.0: the lead paragraph after [ [Activity: interactive: Drag and drop]  ] renders free inside the box (lead_free_after_tag).
🟢 [ContentConverter] Page 0.0: [activity] auto-closed before the next alert.
🟢 [ContentConverter] [alert] right-hand box → the activity sidebar (alertActivity) side column paired with the preceding activity row (positional_side_alert).
🟢 [ContentConverter] Page 0.0: [end other] had no open container — ignored.
🟢 [InteractiveBuilder] Built speechBubble #3 from captured data (no placeholder needed).
🟢 [InteractiveBuilder] Built speechBubble #4 from captured data (no placeholder needed).
🟢 [ContentConverter] Page 0.0: [end other] had no open container — ignored.
🟠 [AcksBuilder] YouTube metadata unavailable for item  (stubbed) — possible dead link worth checking: https://www.youtube.com/watch?v=9TtyhFbklUE
🟠 [AcksBuilder] YouTube metadata unavailable for item  (stubbed) — possible dead link worth checking: https://www.youtube.com/watch?v=nFVlyKRVgwg&t=5s
🟠 [AcksBuilder] 15 iStock titles could not be verified (no *istock-acks*.txt was supplied); each is marked ❗ and the acks block carries a designer note.
🟢 [ConventionResolver] HTML conventions from group Te Marautanga o Aotearoa TMoA|1-3: overview menu tabs, lesson menu tabs.
🟢 [PageSplitter] Document opens without a literal [TITLE BAR] — overview page opened at the first content tag (Fundamentals-style template).
🟢 [PageAssembler] No [TITLE BAR] / Module Name title — MTK module title taken from [h1] repetition on page 1.0: "The vowel blend: ea | Te oropuare pūrua: ea" (round 321).
🟠 [AcksBuilder] Unknown media item type "image / Please remove background" (item ) — used "Image / please remove background" as the prefix; add it to Acks_Formats type_prefix_map.
🟠 [AcksBuilder] Unknown media item type "PDF" (item ) — used "Pdf" as the prefix; add it to Acks_Formats type_prefix_map.
🟠 [AcksBuilder] Unknown media item type "PDF" (item ) — used "Pdf" as the prefix; add it to Acks_Formats type_prefix_map.
🟠 [AcksBuilder] Unknown media item type "PDF" (item ) — used "Pdf" as the prefix; add it to Acks_Formats type_prefix_map.
🟠 [AcksBuilder] YouTube metadata unavailable for item  (stubbed) — possible dead link worth checking: https://youtu.be/fI7WkLSC8Nw?si=LtAdpzu7J9AhKsUp
🟠 [AcksBuilder] YouTube metadata unavailable for item  (stubbed) — possible dead link worth checking: https://youtu.be/SOc3238Z3vM?si=KJkrTsGpng3Yz9DZ
🟠 [AcksBuilder] Unknown media item type "PDF" (item ) — used "Pdf" as the prefix; add it to Acks_Formats type_prefix_map.
🟠 [AcksBuilder] Unknown media item type "PDF" (item ) — used "Pdf" as the prefix; add it to Acks_Formats type_prefix_map.
🟢 [AcksBuilder] Media item  placed in lesson 1.0 by neighbour interpolation — verify its group.
🟢 [AcksBuilder] Media item  placed in lesson 1.0 by neighbour interpolation — verify its group.
🟢 [AcksBuilder] Media item  placed in lesson 1.0 by neighbour interpolation — verify its group.
🟢 [AcksBuilder] Media item  placed in lesson 2.0 by neighbour interpolation — verify its group.
🟢 [AcksBuilder] Media item  placed in lesson 2.0 by neighbour interpolation — verify its group.
🟢 [AcksBuilder] Media item  placed in lesson 2.0 by neighbour interpolation — verify its group.
🟢 [AcksBuilder] Media item  placed in lesson 3.0 by neighbour interpolation — verify its group.
🟢 [AcksBuilder] Media item  placed in lesson 3.0 by neighbour interpolation — verify its group.
🟢 [AcksBuilder] Media item  placed in lesson 4.0 by neighbour interpolation — verify its group.
🟢 [AcksBuilder] Media item  placed in lesson 4.0 by neighbour interpolation — verify its group.
🟢 [AcksBuilder] Media item  placed in lesson 4.0 by neighbour interpolation — verify its group.
🟢 [AcksBuilder] Media item  placed in lesson 4.0 by neighbour interpolation — verify its group.
🟢 [AcksBuilder] Media item  placed in lesson 4.0 by neighbour interpolation — verify its group.
🟢 [AcksBuilder] Media item  placed in lesson 4.0 by neighbour interpolation — verify its group.
🟠 [AcksBuilder] Media item  sits between lessons 3.0 and 5.0 — placed in 3.0; verify.
🟠 [AcksBuilder] Media item  sits between lessons 3.0 and 5.0 — placed in 3.0; verify.
🟠 [AcksBuilder] Media item  sits between lessons 3.0 and 5.0 — placed in 3.0; verify.
🟠 [AcksBuilder] Media item  sits between lessons 5.0 and 4.0 — placed in 5.0; verify.
🟠 [AcksBuilder] Media item  sits between lessons 5.0 and 4.0 — placed in 5.0; verify.
🟠 [AcksBuilder] Media item  sits between lessons 5.0 and 4.0 — placed in 5.0; verify.
🟠 [AcksBuilder] Media item  sits between lessons 5.0 and 1.0 — placed in 5.0; verify.
🟠 [AcksBuilder] Media item  sits between lessons 5.0 and 1.0 — placed in 5.0; verify.
🟠 [AcksBuilder] Media item  sits between lessons 5.0 and 1.0 — placed in 5.0; verify.
🟠 [AcksBuilder] Media item  could not be mapped to a lesson — placed in the first group (0.0); verify.
🟢 [SkeletonBuilder] footer_links "final" value "—" is not a footer pattern (the registry's no-evidence marker) — the KB's final-page form "prev+home" applied (footer.kb_position_defaults).
🟢 [DocxExtractor] Media-list boilerplate dropped: 3 blocks before the media table; 1 writer note in that section kept — the template's own instructions, not content.
🟢 [ConventionResolver] HTML conventions from group Te ara Whakapuawa -Wellbeing|7-8: overview menu default, lesson menu two_col_li.
🟢 [PageSplitter] Registry says single-file but lesson/page tags exist — keeping ONE file; the tags become in-page breaks (registry rule).
🟢 [ContentConverter] Page 0.0: the lead paragraph after [ [Interactive Activity 1A: Drag and Drop. Title: Renewable and Non-Renewable Resources] ] renders free inside the box (lead_free_after_tag).
🟢 [InteractiveBuilder] Built carousel #3 from captured data (no placeholder needed).
🟢 [InteractiveBuilder] Built flipCard #4 from captured data (no placeholder needed).
🟢 [InteractiveBuilder] Built flipCard #6 from captured data (no placeholder needed).
🟢 [InteractiveBuilder] Built flipCard #9 from captured data (no placeholder needed).
🟢 [InteractiveBuilder] Built carousel #10 from captured data (no placeholder needed).
🟢 [InteractiveBuilder] Built flipCard #12 from captured data (no placeholder needed).
🟢 [MenuBuilder] Menu heading "Tirohanga Whānui | Overview" is the section label — consumed (the menu scaffolding names it).
🟢 [MenuBuilder] Menu heading "He aha tāku hei tīmata? | What do I need to get started?" had no content beneath it — omitted (empty preconfigured scaffolding).
🟢 [MenuBuilder] Menu heading "Aromatawai | Assessment for Learning" had no content beneath it — omitted (empty preconfigured scaffolding).
🟢 [PanelsBuilder] 4 panel title heading(s) set to h2 (first_heading_level).
🟠 [AcksBuilder] YouTube metadata unavailable for item  (stubbed) — possible dead link worth checking: https://www.youtube.com/watch?v=99VrWNJyJ3E
🟢 [AcksBuilder] Media item  ("Link") is a lesson link — no acknowledgement (scope rule).
🟠 [AcksBuilder] YouTube metadata unavailable for item  (stubbed) — possible dead link worth checking: https://www.youtube.com/watch?v=7dzFbP2AgFo
🟠 [AcksBuilder] Unknown media item type "Games online" (item ) — used "Games online" as the prefix; add it to Acks_Formats type_prefix_map.
🟠 [AcksBuilder] YouTube metadata unavailable for item  (stubbed) — possible dead link worth checking: https://youtu.be/h98pcOG2S4M
🟠 [AcksBuilder] YouTube metadata unavailable for item  (stubbed) — possible dead link worth checking: https://youtu.be/gyVSUxBVB4w
🟠 [AcksBuilder] Unknown media item type "Text / & graphic" (item ) — used "Text / & graphic" as the prefix; add it to Acks_Formats type_prefix_map.
🟠 [AcksBuilder] YouTube metadata unavailable for item  (stubbed) — possible dead link worth checking: https://youtu.be/8nOu_lg6O4M
🟢 [AcksBuilder] Media item  ("Link") is a lesson link — no acknowledgement (scope rule).
🟢 [AcksBuilder] Media item  ("Link") is a lesson link — no acknowledgement (scope rule).
🟠 [AcksBuilder] YouTube metadata unavailable for item  (stubbed) — possible dead link worth checking: https://youtu.be/nVl17JLn_u0
🟠 [AcksBuilder] Unknown media item type "Interactive games" (item ) — used "Interactive games" as the prefix; add it to Acks_Formats type_prefix_map.
🟠 [AcksBuilder] Unknown media item type "Interactive games" (item ) — used "Interactive games" as the prefix; add it to Acks_Formats type_prefix_map.
🟠 [AcksBuilder] Unknown media item type "Interactive games" (item ) — used "Interactive games" as the prefix; add it to Acks_Formats type_prefix_map.
🟢 [AcksBuilder] Media item  ("link") is a lesson link — no acknowledgement (scope rule).
🟢 [AcksBuilder] Media item  ("Link") is a lesson link — no acknowledgement (scope rule).
🟠 [AcksBuilder] 36 iStock titles could not be verified (no *istock-acks*.txt was supplied); each is marked ❗ and the acks block carries a designer note.
🟢 [DocxExtractor] Media-list boilerplate dropped: 2 blocks of the media-list heading and preamble (no media table recognised in this document) — the template's own instructions, not content.
🟢 [ConventionResolver] HTML conventions from group 1-10 Writing (MiW)|1-3: overview menu tabs, lesson menu default.
🟢 [PageSplitter] Document opens without a literal [TITLE BAR] — overview page opened at the first content tag (Fundamentals-style template).
🟢 [InteractiveScanner] Activity 1C: additional widget [speech bubble] absorbed (dragAndDrop + speechBubble).
🟢 [ContentConverter] Tile-page fundamentals dialect: 3 tiles (Language choices, Language features, Language features 2) — one panel per tile, the tile LI/SC blocks routed to the module menu (fundamentals_panels.tile_pages).
🟢 [InteractiveBuilder] Built carousel #1 from captured data (no placeholder needed).
🟢 [ContentConverter] Page 0.0: [end other] had no open container — ignored.
🟢 [ContentConverter] Page 0.0: [activity] auto-closed before the next activity.
🟢 [InteractiveBuilder] Built speechBubble #2 from captured data (no placeholder needed).
🟢 [ContentConverter] Page 0.0: [end speech bubble] had no open container — ignored.
🟢 [ContentConverter] [alert] spans to an explicit end tag (writer-authored box).
🟢 [InteractiveBuilder] Built speechBubble #3 from captured data (no placeholder needed).
🟢 [ContentConverter] Page 0.0: [end speech bubble] had no open container — ignored.
🟢 [ContentConverter] Page 0.0: [end speech bubble] had no open container — ignored.
🟢 [InteractiveBuilder] Built dragAndDrop #6 from captured data (no placeholder needed).
🟢 [ContentConverter] Page 0.0: [end activity] had no open container — ignored.
🟢 [InteractiveBuilder] Built speechBubble #8 from captured data (no placeholder needed).
🟢 [ContentConverter] Page 0.0: [end speech bubble] had no open container — ignored.
🟢 [ContentConverter] Page 0.0: [end activity] had no open container — ignored.
🟢 [InteractiveBuilder] Built speechBubble #11 from captured data (no placeholder needed).
🟢 [ContentConverter] Page 0.0: [end speech bubble] had no open container — ignored.
🟢 [InteractiveBuilder] Built speechBubble #12 from captured data (no placeholder needed).
🟢 [ContentConverter] Page 0.0: [end speech bubble] had no open container — ignored.
🟢 [ContentConverter] Page 0.0: the lead paragraph after [ [The activity doesn’t need to be in a table but there does need to be a box to the RHS of each sentence for them to type their answer.  The answer should be acceptable as either a capital or lower case letter.] ] renders free inside the box (lead_free_after_tag).
🟢 [ContentConverter] Page 0.0: [end activity] had no open container — ignored.
🟢 [ContentConverter] Page 0.0: [end activity] had no open container — ignored.
🟢 [InteractiveBuilder] Built speechBubble #20 from captured data (no placeholder needed).
🟢 [ContentConverter] Page 0.0: [end speech bubble] had no open container — ignored.
🟢 [ContentConverter] Page 0.0: [activity] auto-closed before the next h3.
🟢 [ContentConverter] Page 0.0: [activity] auto-closed before the next activity.
🟢 [InteractiveBuilder] Built speechBubble #22 from captured data (no placeholder needed).
🟢 [ContentConverter] Page 0.0: [end speech bubble] had no open container — ignored.
🟢 [InteractiveBuilder] Built speechBubble #24 from captured data (no placeholder needed).
🟢 [ContentConverter] Page 0.0: [end speech bubble] had no open container — ignored.
🟢 [MenuBuilder] Overview menu composed as level tabs (Overview + Language choices, Language features, Language features 2; fundamentals_panels.level_pages).
🟢 [PanelsBuilder] 3 panel title heading(s) set to h2 (first_heading_level).
🟠 [AcksBuilder] YouTube metadata unavailable for item  (stubbed) — possible dead link worth checking: https://www.youtube.com/watch?v=hifcUYaACzI
🟠 [AcksBuilder] YouTube metadata unavailable for item  (stubbed) — possible dead link worth checking: https://www.youtube.com/watch?v=drbcKE1Pcsc
🟠 [AcksBuilder] YouTube metadata unavailable for item  (stubbed) — possible dead link worth checking: https://www.youtube.com/watch?v=U2XMIsx6FEE
🟠 [AcksBuilder] YouTube metadata unavailable for item  (stubbed) — possible dead link worth checking: https://www.youtube.com/watch?v=byXq0F-HS_4
🟠 [AcksBuilder] YouTube metadata unavailable for item  (stubbed) — possible dead link worth checking: https://www.youtube.com/watch?v=OdMDaqndCPU
🟠 [AcksBuilder] YouTube metadata unavailable for item  (stubbed) — possible dead link worth checking: https://www.youtube.com/watch?v=lcjSxp9L2zg
🟠 [AcksBuilder] YouTube metadata unavailable for item  (stubbed) — possible dead link worth checking: https://www.youtube.com/watch?v=IXTL3eq0e80
🟢 [AcksBuilder] Media item  placed in lesson 0.0 by neighbour interpolation — verify its group.
🟢 [AcksBuilder] Media item  placed in lesson 0.0 by neighbour interpolation — verify its group.
🟢 [AcksBuilder] Media item  placed in lesson 0.0 by neighbour interpolation — verify its group.
🟢 [AcksBuilder] Media item  placed in lesson 0.0 by neighbour interpolation — verify its group.
🟢 [AcksBuilder] Media item  placed in lesson 0.0 by neighbour interpolation — verify its group.
🟢 [AcksBuilder] Media item  placed in lesson 0.0 by neighbour interpolation — verify its group.
🟢 [AcksBuilder] Media item  placed in lesson 0.0 by neighbour interpolation — verify its group.
🟢 [AcksBuilder] Media item  placed in lesson 0.0 by neighbour interpolation — verify its group.
🟢 [AcksBuilder] Media item  placed in lesson 0.0 by neighbour interpolation — verify its group.
🟠 [AcksBuilder] 10 iStock titles could not be verified (no *istock-acks*.txt was supplied); each is marked ❗ and the acks block carries a designer note.
🟢 [ConventionResolver] HTML conventions from group Leaving to Learn|combo: overview menu tabs, lesson menu flat.
🟢 [PageSplitter] [end page] before [MODULE INTRODUCTION] disregarded — the introduction stays on the overview page (AR-1).
🟢 [PageSplitter] [end page] on the overview disregarded — the [LESSON Choice page] tile navigation stays on page 0.0 (choice_page_tiles.merge_into_overview).
🟢 [PageSplitter] [Sticky Nav Layout …] marker — a navigation set-up instruction, not a page break; its link table becomes a To Do note.
🟢 [ContentConverter] [LESSON Choice page] label "Hauora wairua (Wellbeing of the spirit)" is a navigation-page label — dropped (the human-built pages never show it); the tile grid renders at the end of this page.
🟢 [MenuBuilder] Menu heading "Tirohanga Whānui | Overview" is the section label — consumed (the menu scaffolding names it).
🟢 [MenuBuilder] Menu section "Hononga | Connections" promoted to its own "Connections" nav tab (menu.extra_tabs registry).
🟢 [MenuBuilder] Menu section "Aromatawai | Assessment for Learning" promoted to its own "Standards" nav tab (menu.extra_tabs registry).
🟢 [InteractiveScanner] accordion: additional widget [accordion] absorbed (accordion + accordion).
🟢 [InteractiveScanner] accordion: additional widget [accordion] absorbed (accordion + accordion).
🟢 [InteractiveScanner] accordion: additional widget [accordion] absorbed (accordion + accordion).
🟢 [InteractiveScanner] clickDrop: additional widget [click drop] absorbed (clickDrop + clickDrop).
🟢 [InteractiveScanner] Activity 6: additional widget [click drop] absorbed (clickDrop + clickDrop).
🟢 [InteractiveBuilder] Built accordion #1 from captured data (no placeholder needed).
🟢 [ContentConverter] Page 1.0: [end accordion] had no open container — ignored.
🟢 [ContentConverter] Page 1.0: open [activity] closed by the next activity's widget bundle.
🟢 [ContentConverter] Page 1.0: [activity] auto-closed before the next h2.
🟢 [ContentConverter] Page 1.0: [activity] auto-closed before the next h2.
🟢 [ContentConverter] Page 1.0: open [activity] closed by the next activity's widget bundle.
🟢 [ContentConverter] Page 1.0: open [activity] closed by the next activity's widget bundle.
🟢 [InteractiveScanner] accordion: additional widget [accordion] absorbed (accordion + accordion).
🟢 [InteractiveScanner] accordion: additional widget [accordion] absorbed (accordion + accordion).
🟢 [InteractiveScanner] clickDrop: additional widget [click drop] absorbed (clickDrop + clickDrop).
🟢 [InteractiveBuilder] Built accordion #8 from captured data (no placeholder needed).
🟢 [InteractiveBuilder] Built accordion #9 from captured data (no placeholder needed).
🟢 [ContentConverter] Page 2.0: [end accordion] had no open container — ignored.
🟢 [ContentConverter] Page 2.0: click-and-drop tile row built (6 tiles, panels paired positionally).
🟢 [ContentConverter] Page 2.0: [activity] auto-closed before the next activity.
🟢 [ContentConverter] Page 2.0: [activity] auto-closed before the next activity.
🟢 [ContentConverter] Page 2.0: [activity] auto-closed before the next activity.
🟢 [ContentConverter] Page 2.0: [activity] auto-closed before the next activity.
🟢 [ContentConverter] Page 2.0: [activity] auto-closed before the next activity.
🟠 [ContentConverter] Page 2.0: [activity] was never closed — closed at page end.
🟢 [ActivitiesBuilder] 6 activity title heading(s) set to h3 (title_heading_level).
🟢 [InteractiveScanner] accordion: additional widget [accordion] absorbed (accordion + accordion).
🟢 [InteractiveScanner] accordion: additional widget [accordion] absorbed (accordion + accordion).
🟢 [InteractiveScanner] accordion: additional widget [accordion] absorbed (accordion + accordion).
🟢 [InteractiveScanner] clickDrop: additional widget [click drop] absorbed (clickDrop + clickDrop).
🟢 [InteractiveBuilder] Built accordion #16 from captured data (no placeholder needed).
🟢 [ContentConverter] Page 3.0: [end accordion] had no open container — ignored.
🟢 [ContentConverter] Page 3.0: click-and-drop tile row built (6 tiles, panels paired positionally).
🟢 [ContentConverter] Page 3.0: [activity] auto-closed before the next activity.
🟢 [ContentConverter] Page 3.0: [activity] auto-closed before the next activity.
🟢 [ContentConverter] Page 3.0: [activity] auto-closed before the next activity.
🟢 [ContentConverter] Page 3.0: [activity] auto-closed before the next activity.
🟢 [ContentConverter] Page 3.0: [activity] auto-closed before the next activity.
🟠 [ContentConverter] Page 3.0: [activity] was never closed — closed at page end.
🟢 [ActivitiesBuilder] 3 activity title heading(s) set to h3 (title_heading_level).
🟢 [InteractiveScanner] accordion: additional widget [accordion] absorbed (accordion + accordion).
🟢 [InteractiveScanner] accordion: additional widget [accordion] absorbed (accordion + accordion).
🟢 [InteractiveScanner] accordion: additional widget [accordion] absorbed (accordion + accordion).
🟢 [InteractiveScanner] clickDrop: additional widget [click drop] absorbed (clickDrop + clickDrop).
🟢 [InteractiveScanner] Activity 4B: additional widget [click drop] absorbed (clickDrop + clickDrop).
🟢 [InteractiveBuilder] Built accordion #23 from captured data (no placeholder needed).
🟢 [ContentConverter] Page 4.0: [end accordion] had no open container — ignored.
🟢 [ContentConverter] Page 4.0: click-and-drop tile row built (6 tiles, panels paired positionally).
🟢 [ContentConverter] Page 4.0: [activity] auto-closed before the next activity.
🟢 [ContentConverter] Page 4.0: [activity] auto-closed before the next activity.
🟢 [ContentConverter] Page 4.0: [activity] auto-closed before the next activity.
🟢 [ContentConverter] Page 4.0: [activity] auto-closed before the next activity.
🟢 [ContentConverter] Page 4.0: [activity] auto-closed before the next activity.
🟠 [ContentConverter] Page 4.0: [activity] was never closed — closed at page end.
🟢 [ActivitiesBuilder] 5 activity title heading(s) set to h3 (title_heading_level).
🟢 [InteractiveScanner] accordion: additional widget [accordion] absorbed (accordion + accordion).
🟢 [InteractiveScanner] accordion: additional widget [accordion] absorbed (accordion + accordion).
🟢 [InteractiveScanner] accordion: additional widget [accordion] absorbed (accordion + accordion).
🟢 [InteractiveScanner] flipCard: additional widget [flip card] absorbed (flipCard + flipCard).
🟢 [InteractiveScanner] flipCard: additional widget [flip card] absorbed (flipCard + flipCard).
🟢 [InteractiveScanner] flipCard: additional widget [flip card] absorbed (flipCard + flipCard).
🟢 [InteractiveScanner] flipCard: additional widget [flip card] absorbed (flipCard + flipCard).
🟢 [InteractiveScanner] flipCard: additional widget [flip card] absorbed (flipCard + flipCard).
🟢 [InteractiveScanner] flipCard: additional widget [flip card] absorbed (flipCard + flipCard).
🟢 [InteractiveScanner] flipCard: additional widget [flip card] absorbed (flipCard + flipCard).
🟢 [InteractiveScanner] flipCard: additional widget [flip card] absorbed (flipCard + flipCard).
🟢 [InteractiveScanner] flipCard: additional widget [flip card] absorbed (flipCard + flipCard).
🟢 [InteractiveScanner] flipCard: additional widget [flip card] absorbed (flipCard + flipCard).
🟢 [InteractiveScanner] clickDrop: additional widget [click drop] absorbed (clickDrop + clickDrop).
🟢 [InteractiveBuilder] Built accordion #30 from captured data (no placeholder needed).
🟢 [ContentConverter] Page 5.0: [end accordion] had no open container — ignored.
🟢 [ContentConverter] Page 5.0: [end flip card] had no open container — ignored.
🟢 [ContentConverter] Page 5.0: click-and-drop tile row built (6 tiles, panels paired positionally).
🟢 [ContentConverter] Page 5.0: [activity] auto-closed before the next activity.
🟢 [ContentConverter] Page 5.0: [activity] auto-closed before the next activity.
🟢 [ContentConverter] Page 5.0: [activity] auto-closed before the next activity.
🟢 [ContentConverter] Page 5.0: [activity] auto-closed before the next activity.
🟢 [ContentConverter] Page 5.0: [activity] auto-closed before the next activity.
🟠 [ContentConverter] Page 5.0: [activity] was never closed — closed at page end.
🟢 [InteractiveScanner] accordion: additional widget [accordion] absorbed (accordion + accordion).
🟢 [InteractiveScanner] accordion: additional widget [accordion] absorbed (accordion + accordion).
🟢 [InteractiveScanner] accordion: additional widget [accordion] absorbed (accordion + accordion).
🟢 [InteractiveScanner] clickDrop: additional widget [click drop] absorbed (clickDrop + clickDrop).
🟢 [InteractiveBuilder] Built accordion #38 from captured data (no placeholder needed).
🟢 [ContentConverter] Page 6.0: [end accordion] had no open container — ignored.
🟢 [ContentConverter] Page 6.0: click-and-drop tile row built (6 tiles, panels paired positionally).
🟢 [ContentConverter] Page 6.0: [activity] auto-closed before the next activity.
🟢 [ContentConverter] Page 6.0: [activity] auto-closed before the next activity.
🟢 [ContentConverter] Page 6.0: [activity] auto-closed before the next activity.
🟢 [ContentConverter] Page 6.0: [activity] auto-closed before the next activity.
🟢 [ContentConverter] Page 6.0: [activity] auto-closed before the next activity.
🟠 [ContentConverter] Page 6.0: [activity] was never closed — closed at page end.
🟢 [InteractiveScanner] accordion: additional widget [accordion] absorbed (accordion + accordion).
🟢 [InteractiveScanner] accordion: additional widget [accordion] absorbed (accordion + accordion).
🟢 [InteractiveScanner] accordion: additional widget [accordion] absorbed (accordion + accordion).
🟢 [InteractiveScanner] clickDrop: additional widget [click drop] absorbed (clickDrop + clickDrop).
🟢 [InteractiveBuilder] Built accordion #45 from captured data (no placeholder needed).
🟢 [ContentConverter] Page 7.0: [end accordion] had no open container — ignored.
🟢 [ContentConverter] Page 7.0: click-and-drop tile row built (6 tiles, panels paired positionally).
🟢 [ContentConverter] Page 7.0: [activity] auto-closed before the next activity.
🟢 [ContentConverter] Page 7.0: [activity] auto-closed before the next activity.
🟢 [ContentConverter] Page 7.0: [activity] auto-closed before the next activity.
🟢 [ContentConverter] Page 7.0: [activity] auto-closed before the next activity.
🟢 [ContentConverter] Page 7.0: [activity] auto-closed before the next activity.
🟠 [ContentConverter] Page 7.0: [activity] was never closed — closed at page end.
🟢 [PageAssembler] [TITLE BAR] held only "Hauora Wairua" (no English) — using the front-matter Course "Nourish" as the English title; Te Reo kept as the second title.
🟠 [AcksBuilder] YouTube metadata unavailable for item 1 (stubbed) — possible dead link worth checking: https://www.youtube.com/watch?v=6In-lfiK30s
🟠 [AcksBuilder] YouTube metadata unavailable for item 3 (stubbed) — possible dead link worth checking: https://www.youtube.com/watch?v=25iWAFAnL2w
🟠 [AcksBuilder] YouTube metadata unavailable for item 4. (stubbed) — possible dead link worth checking: https://youtu.be/8AsNybeYq_Y?si=DXCpo3zsxq2Ni07e
🟠 [AcksBuilder] YouTube metadata unavailable for item 5. (stubbed) — possible dead link worth checking: https://www.youtube.com/watch?v=ep_sF7IfJoo
🟠 [AcksBuilder] YouTube metadata unavailable for item 6 (stubbed) — possible dead link worth checking: https://www.youtube.com/watch?v=2pgR87RVD14
🟠 [AcksBuilder] YouTube metadata unavailable for item 7 (stubbed) — possible dead link worth checking: https://www.youtube.com/watch?v=hS5f8MIoMCo
🟠 [AcksBuilder] YouTube metadata unavailable for item 8 (stubbed) — possible dead link worth checking: https://www.youtube.com/watch?v=lnalI7eVQsQ
🟠 [AcksBuilder] YouTube metadata unavailable for item 9 (stubbed) — possible dead link worth checking: https://www.youtube.com/watch?v=P6h1J2jLris
🟠 [AcksBuilder] YouTube metadata unavailable for item 11 (stubbed) — possible dead link worth checking: https://www.youtube.com/watch?v=rdb_pC3w-wc
🟠 [AcksBuilder] YouTube metadata unavailable for item 12 (stubbed) — possible dead link worth checking: https://www.youtube.com/watch?v=dkP6vHSUAGA
🟠 [AcksBuilder] YouTube metadata unavailable for item 13 (stubbed) — possible dead link worth checking: https://www.youtube.com/watch?v=Co2N0AL_UCY
🟠 [AcksBuilder] YouTube metadata unavailable for item 15 (stubbed) — possible dead link worth checking: https://www.youtube.com/watch?v=LbC_v90WTn4
🟠 [AcksBuilder] YouTube metadata unavailable for item 16 (stubbed) — possible dead link worth checking: https://www.youtube.com/watch?v=DgGr_n4fgyI
🟠 [AcksBuilder] YouTube metadata unavailable for item 17 (stubbed) — possible dead link worth checking: https://www.youtube.com/watch?v=S2OQO75mrRo
🟠 [AcksBuilder] YouTube metadata unavailable for item 18 (stubbed) — possible dead link worth checking: https://www.youtube.com/watch?v=8X4l2aJaPmA
🟠 [AcksBuilder] YouTube metadata unavailable for item 19 (stubbed) — possible dead link worth checking: https://youtu.be/3iUf73v92lI?si=9OJEBPkxGbvBH1KU
🟠 [AcksBuilder] YouTube metadata unavailable for item 21 (stubbed) — possible dead link worth checking: https://www.youtube.com/watch?v=iSNfjOMf6v8
🟠 [AcksBuilder] YouTube metadata unavailable for item 22 (stubbed) — possible dead link worth checking: https://www.youtube.com/watch?v=4lTbWQ8zD3w
🟠 [AcksBuilder] YouTube metadata unavailable for item 24 (stubbed) — possible dead link worth checking: https://www.youtube.com/watch?v=EguDLVf5x_U
🟠 [AcksBuilder] YouTube metadata unavailable for item 26 (stubbed) — possible dead link worth checking: https://www.youtube.com/watch?v=oBfQ1uf_Ukw
🟠 [AcksBuilder] YouTube metadata unavailable for item 27 (stubbed) — possible dead link worth checking: https://www.youtube.com/watch?v=tyaEQEmt5ls
🟠 [AcksBuilder] YouTube metadata unavailable for item 28 (stubbed) — possible dead link worth checking: https://www.youtube.com/watch?v=MmBVlhJzoXY
🟠 [AcksBuilder] YouTube metadata unavailable for item 34 (stubbed) — possible dead link worth checking: https://www.youtube.com/watch?v=w8zn9a2Rwwg
🟠 [AcksBuilder] YouTube metadata unavailable for item 37 (stubbed) — possible dead link worth checking: https://www.youtube.com/watch?v=QQ9GFVv3aKc
🟠 [AcksBuilder] YouTube metadata unavailable for item 38 (stubbed) — possible dead link worth checking: https://www.youtube.com/watch?v=esbWMXEEpQg
🟠 [AcksBuilder] YouTube metadata unavailable for item 39 (stubbed) — possible dead link worth checking: https://www.youtube.com/watch?v=gHGsfFBeK4Q
🟠 [AcksBuilder] YouTube metadata unavailable for item 41 (stubbed) — possible dead link worth checking: https://www.youtube.com/watch?v=aMU5GYpcwXU
🟠 [AcksBuilder] YouTube metadata unavailable for item 42 (stubbed) — possible dead link worth checking: https://www.youtube.com/watch?v=RpdatNxKXPo
🟠 [AcksBuilder] YouTube metadata unavailable for item 43 (stubbed) — possible dead link worth checking: https://www.youtube.com/watch?v=tIVVuPpm9xQ
🟠 [AcksBuilder] Unknown media item type "worksheet" (item 44) — used "Worksheet" as the prefix; add it to Acks_Formats type_prefix_map.
🟠 [AcksBuilder] 13 iStock titles could not be verified (no *istock-acks*.txt was supplied); each is marked ❗ and the acks block carries a designer note.
🟢 [DocxExtractor] Media-list boilerplate dropped: 3 blocks before the media table — the template's own instructions, not content.
🟢 [ConventionResolver] HTML conventions from series XLP (deviation over Leaving to Learn|combo): overview menu flat, lesson menu flat.
🟢 [PageSplitter] [end page] before [MODULE INTRODUCTION] disregarded — the introduction stays on the overview page (AR-1).
🟢 [PageSplitter] Implicit page break: content continues after [end page] without a [LESSON] tag — opened page 3.0 ("*:").
🟢 [PageSplitter] Implicit page break: content continues after [end page] without a [LESSON] tag — opened page 5.0.
🟠 [PageSplitter] Duplicate lesson label 3.0 (writers reused the number) — relabelled to 4.0; check the source numbering.
🟠 [PageSplitter] Duplicate lesson label 4.0 (writers reused the number) — relabelled to 5.0; check the source numbering.
🟠 [PageSplitter] Duplicate lesson label 5.0 (writers reused the number) — relabelled to 6.0; check the source numbering.
🟢 [InteractiveScanner] clickDrop: additional widget [click drop] absorbed (clickDrop + clickDrop).
🟢 [InteractiveBuilder] Built carousel #1 from captured data (no placeholder needed).
🟢 [InteractiveBuilder] Built flipCard #2 from captured data (no placeholder needed).
🟢 [InteractiveBuilder] Built clickDrop #3 from captured data (no placeholder needed).
🟢 [MenuBuilder] Menu heading "Tirohanga Whānui | Overview: A support resource for hoa ako (learning partners) working with emergent writers." is the section label — consumed (the menu scaffolding names it).
🟢 [InteractiveScanner] clickDrop: additional widget [click drop] absorbed (clickDrop + clickDrop).
🟢 [InteractiveScanner] clickDrop: additional widget [click drop] absorbed (clickDrop + clickDrop).
🟢 [InteractiveBuilder] Built speechBubble #6 from captured data (no placeholder needed).
🟢 [InteractiveBuilder] Built clickDrop #7 from captured data (no placeholder needed).
🟢 [InteractiveBuilder] Built carousel #8 from captured data (no placeholder needed).
🟢 [InteractiveScanner] clickDrop: additional widget [click drop] absorbed (clickDrop + clickDrop).
🟢 [InteractiveBuilder] Built carousel #12 from captured data (no placeholder needed).
🟢 [InteractiveBuilder] Built clickDrop #13 from captured data (no placeholder needed).
🟢 [InteractiveScanner] clickDrop: additional widget [click drop] absorbed (clickDrop + clickDrop).
🟢 [InteractiveScanner] clickDrop: additional widget [click drop] absorbed (clickDrop + clickDrop).
🟢 [InteractiveBuilder] Built carousel #16 from captured data (no placeholder needed).
🟢 [InteractiveBuilder] Built carousel #17 from captured data (no placeholder needed).
🟢 [InteractiveBuilder] Built clickDrop #18 from captured data (no placeholder needed).
🟢 [InteractiveBuilder] Built flipCard #19 from captured data (no placeholder needed).
🟢 [InteractiveBuilder] Built clickDrop #21 from captured data (no placeholder needed).
🟢 [InteractiveBuilder] Built dropDown #22 from captured data (no placeholder needed).
🟢 [InteractiveBuilder] Built tabs #24 from captured data (no placeholder needed).
🟢 [InteractiveBuilder] Built flipCard #25 from captured data (no placeholder needed).
🟢 [ContentConverter] Page 5.0: [end tabs] had no open container — ignored.
🟠 [AcksBuilder] Unknown media item type "Images and videos" (item ) — used "Images and videos" as the prefix; add it to Acks_Formats type_prefix_map.
🟠 [AcksBuilder] YouTube metadata unavailable for item  (stubbed) — possible dead link worth checking: https://youtu.be/ZkHTTnrE27o
🟠 [AcksBuilder] YouTube metadata unavailable for item  (stubbed) — possible dead link worth checking: https://youtu.be/xZTlv0ZnLBA
🟠 [AcksBuilder] Unknown media item type "Image/icon" (item ) — used "Image/icon" as the prefix; add it to Acks_Formats type_prefix_map.
🟠 [AcksBuilder] YouTube metadata unavailable for item  (stubbed) — possible dead link worth checking: https://www.youtube.com/watch?v=d3zKPHLk6-Q&t=49s
🟠 [AcksBuilder] Unknown media item type "Image/icon" (item ) — used "Image/icon" as the prefix; add it to Acks_Formats type_prefix_map.
🟠 [AcksBuilder] YouTube metadata unavailable for item  (stubbed) — possible dead link worth checking: https://www.youtube.com/watch?v=vnJ_nwZHsiI
🟠 [AcksBuilder] Unknown media item type "4K images" (item ) — used "4k images" as the prefix; add it to Acks_Formats type_prefix_map.
🟠 [AcksBuilder] YouTube metadata unavailable for item  (stubbed) — possible dead link worth checking: https://youtu.be/V0dbHzr7g5U
🟠 [AcksBuilder] YouTube metadata unavailable for item  (stubbed) — possible dead link worth checking: https://youtu.be/oLaJ4jyKBUY
🟠 [AcksBuilder] YouTube metadata unavailable for item  (stubbed) — possible dead link worth checking: https://youtu.be/iB7rAVzPJ3c
🟠 [AcksBuilder] 55 iStock titles could not be verified (no *istock-acks*.txt was supplied); each is marked ❗ and the acks block carries a designer note.
🟢 [DocxExtractor] Activity-table template adapted (round 425): 5 activity box(es) over 2 page(s), the Overview row as each page's menu, 7 row(s) not emitted (the Quiz / 'I can' self-assessment rows are the D2L quiz, never a page); the reader book's images and matching sentences are not in the document — those widgets ship as hand-off boxes. Env ACTTABLEADAPT_OFF reverts.
🟠 [ModuleResolver] No media list found — acknowledgements will hold the standing items plus per-lesson designer-media check lines only.
🟢 [ConventionResolver] HTML conventions from series XOTPB (deviation over Leaving to Learn|1-3): overview menu tabs, lesson menu two_col_li.
🟢 [PageSplitter] Title-bar-only opening segment folded into lesson 1 as a lesson page — this module has no overview page (round 425).
🟢 [ContentConverter] [alert] spans to an explicit end tag (writer-authored box).
🟢 [ContentConverter] Page 2.0: bare [activity] re-emphasis merged into the open numbered activity (no new box).
🟢 [ContentConverter] Page 2.0: [activity] auto-closed before the next h3.
shard 12 -> 34 modules, 402 records
