🟢 [DocxExtractor] Media-list boilerplate dropped: 3 blocks before the media table and 17 blocks after it (the submission checklist) — the template's own instructions, not content.
🟢 [ConventionResolver] HTML conventions from group ANZH|1-3: overview menu two_col_li, lesson menu flat.
🟢 [PageSplitter] [end page] before [MODULE INTRODUCTION] disregarded — the introduction stays on the overview page (AR-1).
🟢 [PageSplitter] Implicit page break: content continues after [end page] without a [LESSON] tag — opened page 1.0.
🟢 [PageSplitter] Implicit page break: content continues after [end page] without a [LESSON] tag — opened page 2.0 ("Pūrākau | Stories").
🟢 [PageSplitter] Implicit page break: content continues after [end page] without a [LESSON] tag — opened page 3.0 ("Sharing Pūrākau in Different Ways").
🟢 [MenuBuilder] Menu heading "Tirohanga Whānui | Overview" is the section label — consumed (the menu scaffolding names it).
🟢 [ContentConverter] Page 1.0: [activity] auto-closed before the next h3.
🟢 [ContentConverter] Page 1.0: [activity] auto-closed before the next alert.
🟢 [ContentConverter] [alert] right-hand box → the activity sidebar (alertActivity) side column paired with the preceding activity row (positional_side_alert).
🟢 [ContentConverter] Page 1.0: [activity] auto-closed before the next alert.
🟢 [ContentConverter] Page 1.0: activity number normalised (page_number_normalise): 1C → 1D.
🟢 [ContentConverter] Page 2.0: [activity] auto-closed before the next alert.
🟢 [ContentConverter] [alert] right-hand box → the activity sidebar (alertActivity) side column paired with the preceding activity row (positional_side_alert).
🟢 [ContentConverter] Page 2.0: [activity] auto-closed before the next activity.
🟢 [ContentConverter] Page 2.0: [activity] auto-closed before the next alert.
🟢 [ContentConverter] [alert] right-hand box → the activity sidebar (alertActivity) side column paired with the preceding activity row (positional_side_alert).
🟢 [ContentConverter] Page 2.0: [activity] auto-closed before the next alert.
🟢 [ActivitiesBuilder] 1 activity title heading(s) set to h3 (title_heading_level).
🟢 [InteractiveScanner] Page 3.0: 1 bracket-less red "Activity N" line(s) re-parsed as [Activity N] openers (opener_rule.bare_red_opener).
🟢 [ContentConverter] Page 3.0: [activity] auto-closed before the next alert.
🟢 [ContentConverter] Page 3.0: [activity] auto-closed before the next alert.
🟢 [ContentConverter] Page 3.0: activity number normalised (page_number_normalise): 4A → 3C.
🟠 [AcksBuilder] YouTube metadata unavailable for item  (stubbed) — possible dead link worth checking: https://www.youtube.com/watch?v=8w0zjqA3hUI&t=20s
🟠 [AcksBuilder] YouTube metadata unavailable for item  (stubbed) — possible dead link worth checking: https://www.youtube.com/watch?v=0xw_r8xsYsI
🟠 [AcksBuilder] YouTube metadata unavailable for item  (stubbed) — possible dead link worth checking: https://www.youtube.com/watch?v=g1Kpekzypg0
🟠 [AcksBuilder] YouTube metadata unavailable for item  (stubbed) — possible dead link worth checking: https://www.youtube.com/watch?v=cHspwLb3w3Q&t=25s
🟠 [AcksBuilder] Unknown media item type "Google Slides" (item ) — used "Google slides" as the prefix; add it to Acks_Formats type_prefix_map.
🟠 [AcksBuilder] YouTube metadata unavailable for item  (stubbed) — possible dead link worth checking: https://www.youtube.com/watch?v=kf9cMhAFnns
🟠 [AcksBuilder] Unknown media item type "School journal text plus audio" (item ) — used "School journal text plus audio" as the prefix; add it to Acks_Formats type_prefix_map.
🟠 [AcksBuilder] Unknown media item type "School journal text plus audio" (item ) — used "School journal text plus audio" as the prefix; add it to Acks_Formats type_prefix_map.
🟠 [AcksBuilder] Unknown media item type "School journal text plus audio" (item ) — used "School journal text plus audio" as the prefix; add it to Acks_Formats type_prefix_map.
🟠 [AcksBuilder] Unknown media item type "School journal text plus audio" (item ) — used "School journal text plus audio" as the prefix; add it to Acks_Formats type_prefix_map.
🟢 [AcksBuilder] Media item  ("Link") is a lesson link — no acknowledgement (scope rule).
🟠 [AcksBuilder] 3 iStock titles could not be verified (no *istock-acks*.txt was supplied); each is marked ❗ and the acks block carries a designer note.
🟢 [ModuleResolver] ARFUN04 is a recorded page_model exception — using multi-file.
🟢 [DocxExtractor] Media-list boilerplate dropped: 3 blocks before the media table — the template's own instructions, not content.
🟢 [ConventionResolver] HTML conventions from group 1-10 Arts|combo: overview menu two_col_li, lesson menu two_col_li.
🟢 [PageSplitter] Document opens without a literal [TITLE BAR] — overview page opened at the first content tag (Fundamentals-style template).
🟢 [InteractiveScanner] clickDrop: additional widget [click drop] absorbed (clickDrop + clickDrop).
🟢 [InteractiveScanner] Activity 1E: additional widget [drag and drop] absorbed (carousel + dragAndDrop).
🟢 [InteractiveScanner] Activity 1E: additional widget [click drop] absorbed (carousel + clickDrop).
🟢 [InteractiveScanner] dragAndDrop: additional widget [drag and drop] absorbed (dragAndDrop + dragAndDrop).
🟢 [InteractiveScanner] clickDrop: additional widget [click drop] absorbed (clickDrop + clickDrop).
🟢 [InteractiveScanner] clickDrop: additional widget [click drop] absorbed (clickDrop + clickDrop).
🟢 [InteractiveScanner] clickDrop: additional widget [click drop] absorbed (clickDrop + clickDrop).
🟢 [InteractiveScanner] Activity 2D: additional widget [click drop] absorbed (clickDrop + clickDrop).
🟢 [InteractiveScanner] clickDrop: additional widget [click drop] absorbed (clickDrop + clickDrop).
🟢 [InteractiveScanner] clickDrop: additional widget [click drop] absorbed (clickDrop + clickDrop).
🟢 [InteractiveScanner] clickDrop: additional widget [click drop] absorbed (clickDrop + clickDrop).
🟢 [InteractiveScanner] clickDrop: additional widget [click drop] absorbed (clickDrop + clickDrop).
🟢 [InteractiveScanner] Activity 3F: additional widget [click drop] absorbed (flipCard + clickDrop).
🟢 [InteractiveScanner] Activity 3H: additional widget [click drop] absorbed (clickDrop + clickDrop).
🟢 [InteractiveScanner] dragAndDrop: additional widget [drag and drop] absorbed (dragAndDrop + dragAndDrop).
🟢 [InteractiveScanner] dragAndDrop: additional widget [drag and drop] absorbed (dragAndDrop + dragAndDrop).
🟢 [InteractiveScanner] dragAndDrop: additional widget [drag and drop] absorbed (dragAndDrop + dragAndDrop).
🟢 [InteractiveScanner] carousel: additional widget [carousel] absorbed (carousel + carousel).
🟢 [InteractiveScanner] clickDrop: additional widget [click drop] absorbed (clickDrop + clickDrop).
🟢 [InteractiveScanner] clickDrop: additional widget [click drop] absorbed (clickDrop + clickDrop).
🟢 [InteractiveScanner] clickDrop: additional widget [click drop] absorbed (clickDrop + clickDrop).
🟢 [InteractiveScanner] clickDrop: additional widget [click drop] absorbed (clickDrop + clickDrop).
🟢 [InteractiveScanner] clickDrop: additional widget [click drop] absorbed (clickDrop + clickDrop).
🟢 [InteractiveScanner] clickDrop: additional widget [click drop] absorbed (clickDrop + clickDrop).
🟢 [InteractiveScanner] clickDrop: additional widget [click drop] absorbed (clickDrop + clickDrop).
🟢 [InteractiveBuilder] Built carousel #1 from captured data (no placeholder needed).
🟢 [ContentConverter] [alert] spans to an explicit end tag (writer-authored box).
🟢 [ContentConverter] Page 0.0: [end tab n] had no open container — ignored.
🟢 [ContentConverter] Page 0.0: [end other] had no open container — ignored.
🟢 [InteractiveBuilder] Built carousel #15 from captured data (no placeholder needed).
🟢 [ContentConverter] Page 0.0: [activity] auto-closed before the next h3.
🟢 [ContentConverter] Page 0.0: [end tab n] had no open container — ignored.
🟢 [InteractiveBuilder] Built clickDrop #21 from captured data (no placeholder needed).
🟢 [InteractiveBuilder] Built clickDrop #22 from captured data (no placeholder needed).
🟢 [ContentConverter] Page 0.0: [end tab n] had no open container — ignored.
🟢 [InteractiveBuilder] Built clickDrop #24 from captured data (no placeholder needed).
🟢 [ContentConverter] Page 0.0: [end other] had no open container — ignored.
🟢 [ContentConverter] Page 0.0: [end other] had no open container — ignored.
🟢 [InteractiveBuilder] Built clickDrop #28 from captured data (no placeholder needed).
🟢 [ContentConverter] Page 0.0: [end tab n] had no open container — ignored.
🟢 [InteractiveBuilder] Built carousel #46 from captured data (no placeholder needed).
🟢 [ContentConverter] Page 0.0: [end tab n] had no open container — ignored.
🟢 [InteractiveBuilder] Built clickDrop #47 from captured data (no placeholder needed).
🟢 [ContentConverter] Page 0.0: [end other] had no open container — ignored.
🟢 [ContentConverter] Page 0.0: [activity] auto-closed before the next activity.
🟢 [ContentConverter] Page 0.0: [activity] auto-closed before the next h2.
🟢 [InteractiveBuilder] Built flipCard #53 from captured data (no placeholder needed).
🟢 [InteractiveBuilder] Built clickDrop #60 from captured data (no placeholder needed).
🟢 [InteractiveBuilder] Built clickDrop #65 from captured data (no placeholder needed).
🟢 [InteractiveBuilder] Built flipCard #66 from captured data (no placeholder needed).
🟢 [ContentConverter] Page 0.0: [activity] auto-closed before the next h3.
🟢 [InteractiveBuilder] Built clickDrop #75 from captured data (no placeholder needed).
🟢 [ContentConverter] Page 0.0: [end other] had no open container — ignored.
🟢 [PanelsBuilder] 20 panel title heading(s) set to h2 (first_heading_level).
🟠 [AcksBuilder] YouTube metadata unavailable for item  (stubbed) — possible dead link worth checking: https://www.youtube.com/watch?v=VW2udGc7hxs
🟠 [AcksBuilder] YouTube metadata unavailable for item  (stubbed) — possible dead link worth checking: https://www.youtube.com/watch?v=dE8pUuSmnpc
🟠 [AcksBuilder] YouTube metadata unavailable for item  (stubbed) — possible dead link worth checking: https://www.youtube.com/watch?v=dE8pUuSmnpc
🟠 [AcksBuilder] YouTube metadata unavailable for item  (stubbed) — possible dead link worth checking: https://www.youtube.com/watch?v=nbXLcUkae9k&t=127s
🟠 [AcksBuilder] Unknown media item type "Animated colour wheel" (item ) — used "Animated colour wheel" as the prefix; add it to Acks_Formats type_prefix_map.
🟠 [AcksBuilder] YouTube metadata unavailable for item  (stubbed) — possible dead link worth checking: https://www.youtube.com/watch?v=eGrGkJtSLsk
🟠 [AcksBuilder] YouTube metadata unavailable for item  (stubbed) — possible dead link worth checking: https://www.youtube.com/watch?v=eGrGkJtSLsk
🟠 [AcksBuilder] Unknown media item type "Warm and Cool Colours" (item ) — used "Warm and cool colours" as the prefix; add it to Acks_Formats type_prefix_map.
🟠 [AcksBuilder] YouTube metadata unavailable for item  (stubbed) — possible dead link worth checking: https://www.youtube.com/watch?v=SgjNbDyIfsQ
🟠 [AcksBuilder] YouTube metadata unavailable for item  (stubbed) — possible dead link worth checking: https://www.youtube.com/watch?v=L8gggMAna7o
🟠 [AcksBuilder] Unknown media item type "images" (item ) — used "Images" as the prefix; add it to Acks_Formats type_prefix_map.
🟠 [AcksBuilder] YouTube metadata unavailable for item  (stubbed) — possible dead link worth checking: https://www.youtube.com/watch?v=dE8pUuSmnpc
🟠 [AcksBuilder] Unknown media item type "images" (item ) — used "Images" as the prefix; add it to Acks_Formats type_prefix_map.
🟠 [AcksBuilder] YouTube metadata unavailable for item  (stubbed) — possible dead link worth checking: https://www.youtube.com/watch?v=HlpWhtA9ACA
🟠 [AcksBuilder] YouTube metadata unavailable for item  (stubbed) — possible dead link worth checking: https://www.youtube.com/watch?v=vYNa7L0f_go
🟠 [AcksBuilder] YouTube metadata unavailable for item  (stubbed) — possible dead link worth checking: https://www.youtube.com/watch?v=vYNa7L0f_go
🟠 [AcksBuilder] YouTube metadata unavailable for item  (stubbed) — possible dead link worth checking: https://www.youtube.com/watch?v=5d7MJUJhlI8
🟠 [AcksBuilder] YouTube metadata unavailable for item  (stubbed) — possible dead link worth checking: https://www.youtube.com/watch?v=vjMHleB-Mlw
🟠 [AcksBuilder] YouTube metadata unavailable for item  (stubbed) — possible dead link worth checking: https://www.youtube.com/watch?v=ppBdIj2pEUc
🟠 [AcksBuilder] YouTube metadata unavailable for item  (stubbed) — possible dead link worth checking: https://www.youtube.com/watch?v=iSbm21bhXVk
🟠 [AcksBuilder] YouTube metadata unavailable for item  (stubbed) — possible dead link worth checking: https://www.youtube.com/watch?v=-3gRs8Q8elg
🟠 [AcksBuilder] YouTube metadata unavailable for item  (stubbed) — possible dead link worth checking: https://www.youtube.com/watch?v=oREYokz93dk
🟠 [AcksBuilder] Unknown media item type "Photos" (item ) — used "Photos" as the prefix; add it to Acks_Formats type_prefix_map.
🟠 [AcksBuilder] YouTube metadata unavailable for item  (stubbed) — possible dead link worth checking: https://www.youtube.com/watch?v=I9tvLdNTRJI
🟠 [AcksBuilder] Unknown media item type "PDF?" (item ) — used "Pdf?" as the prefix; add it to Acks_Formats type_prefix_map.
🟠 [AcksBuilder] YouTube metadata unavailable for item  (stubbed) — possible dead link worth checking: https://www.youtube.com/watch?v=HSQHTx3nOBA
🟠 [AcksBuilder] YouTube metadata unavailable for item  (stubbed) — possible dead link worth checking: https://www.youtube.com/watch?v=OBZun4ZHWNQ
🟠 [AcksBuilder] YouTube metadata unavailable for item  (stubbed) — possible dead link worth checking: https://www.youtube.com/watch?v=IkvH7HaqCYk&t=957s
🟠 [AcksBuilder] YouTube metadata unavailable for item  (stubbed) — possible dead link worth checking: https://www.youtube.com/watch?v=miDLjrtyWiU
🟠 [AcksBuilder] YouTube metadata unavailable for item  (stubbed) — possible dead link worth checking: https://www.youtube.com/watch?v=Q36D6M9V8YE
🟠 [AcksBuilder] YouTube metadata unavailable for item  (stubbed) — possible dead link worth checking: https://www.youtube.com/watch?v=zKTZP2uj88M
🟠 [AcksBuilder] YouTube metadata unavailable for item  (stubbed) — possible dead link worth checking: https://www.youtube.com/watch?v=urAd2kf6_Zg
🟠 [AcksBuilder] YouTube metadata unavailable for item  (stubbed) — possible dead link worth checking: https://www.youtube.com/watch?v=EepRMcteAUc
🟠 [AcksBuilder] YouTube metadata unavailable for item  (stubbed) — possible dead link worth checking: https://www.youtube.com/watch?v=3dr8ila4bpc
🟠 [AcksBuilder] YouTube metadata unavailable for item  (stubbed) — possible dead link worth checking: https://www.youtube.com/watch?v=2eMakkwNk5U
🟠 [AcksBuilder] YouTube metadata unavailable for item  (stubbed) — possible dead link worth checking: https://www.youtube.com/watch?v=0Q668oBucu0
🟠 [AcksBuilder] YouTube metadata unavailable for item  (stubbed) — possible dead link worth checking: https://www.youtube.com/watch?v=WLU26nqcvfY
🟠 [AcksBuilder] YouTube metadata unavailable for item  (stubbed) — possible dead link worth checking: https://www.youtube.com/watch?v=uVrh3frrC38&list=PLw6o3gk5hsW2iTIIH7bUVBjiKY1d6u7un&index=1
🟠 [AcksBuilder] YouTube metadata unavailable for item  (stubbed) — possible dead link worth checking: https://www.youtube.com/watch?v=goQ3qkt2_no
🟠 [AcksBuilder] YouTube metadata unavailable for item  (stubbed) — possible dead link worth checking: https://www.youtube.com/watch?v=goQ3qkt2_no
🟠 [AcksBuilder] YouTube metadata unavailable for item  (stubbed) — possible dead link worth checking: https://www.youtube.com/watch?v=goQ3qkt2_no
🟠 [AcksBuilder] YouTube metadata unavailable for item  (stubbed) — possible dead link worth checking: https://www.youtube.com/watch?v=7yOX-y1xLmg&list=PLQ8BQ9RA4bmpwBhAqKYx7M6tvDFvHj3Qv&index=3
🟠 [AcksBuilder] YouTube metadata unavailable for item  (stubbed) — possible dead link worth checking: https://www.youtube.com/watch?v=7yOX-y1xLmg&list=PLQ8BQ9RA4bmpwBhAqKYx7M6tvDFvHj3Qv&index=4
🟠 [AcksBuilder] YouTube metadata unavailable for item  (stubbed) — possible dead link worth checking: https://youtu.be/OAWpSKkFZ8U
🟠 [AcksBuilder] Unknown media item type "Images" (item ) — used "Images" as the prefix; add it to Acks_Formats type_prefix_map.
🟠 [AcksBuilder] YouTube metadata unavailable for item  (stubbed) — possible dead link worth checking: https://www.youtube.com/watch?v=CcrIqH2ci5M&list=PLQ8BQ9RA4bmpwBhAqKYx7M6tvDFvHj3Qv&index=4
🟠 [AcksBuilder] YouTube metadata unavailable for item  (stubbed) — possible dead link worth checking: https://www.youtube.com/watch?v=alXKevdS3sY&list=PLQ8BQ9RA4bmpwBhAqKYx7M6tvDFvHj3Qv&index=3
🟠 [AcksBuilder] YouTube metadata unavailable for item  (stubbed) — possible dead link worth checking: https://www.youtube.com/watch?v=UPOwp1ElnB8&list=PLQ8BQ9RA4bmpwBhAqKYx7M6tvDFvHj3Qv&index=5
🟠 [AcksBuilder] YouTube metadata unavailable for item  (stubbed) — possible dead link worth checking: https://www.youtube.com/watch?v=zm12__ru1Oc&list=PLQ8BQ9RA4bmpwBhAqKYx7M6tvDFvHj3Qv&index=7
🟠 [AcksBuilder] YouTube metadata unavailable for item  (stubbed) — possible dead link worth checking: https://www.youtube.com/watch?v=h5JXbpKxYzs&list=PLQ8BQ9RA4bmpwBhAqKYx7M6tvDFvHj3Qv&index=6
🟠 [AcksBuilder] Unknown media item type "Images" (item ) — used "Images" as the prefix; add it to Acks_Formats type_prefix_map.
🟠 [AcksBuilder] Unknown media item type "Images" (item ) — used "Images" as the prefix; add it to Acks_Formats type_prefix_map.
🟠 [AcksBuilder] Unknown media item type "Images" (item ) — used "Images" as the prefix; add it to Acks_Formats type_prefix_map.
🟠 [AcksBuilder] Unknown media item type "Images" (item ) — used "Images" as the prefix; add it to Acks_Formats type_prefix_map.
🟠 [AcksBuilder] YouTube metadata unavailable for item  (stubbed) — possible dead link worth checking: https://www.youtube.com/watch?v=jCx-XoBj8Q0&list=PLJeAUIAnUGdj9tWoYi_Vkf5IVyzdfQ-Dh&index=6
🟠 [AcksBuilder] YouTube metadata unavailable for item  (stubbed) — possible dead link worth checking: https://www.youtube.com/watch?v=RV55srVwWMM
🟠 [AcksBuilder] YouTube metadata unavailable for item  (stubbed) — possible dead link worth checking: https://www.youtube.com/watch?v=oIyjo5BOpms
🟠 [AcksBuilder] YouTube metadata unavailable for item  (stubbed) — possible dead link worth checking: https://www.youtube.com/watch?v=oIyjo5BOpms
🟠 [AcksBuilder] YouTube metadata unavailable for item  (stubbed) — possible dead link worth checking: https://www.youtube.com/watch?v=fi1Pj8Uod6o
🟠 [AcksBuilder] YouTube metadata unavailable for item  (stubbed) — possible dead link worth checking: https://www.youtube.com/watch?v=Esk79UHN1cc
🟠 [AcksBuilder] YouTube metadata unavailable for item  (stubbed) — possible dead link worth checking: https://www.youtube.com/watch?v=YIuz2Lh6PTw
🟠 [AcksBuilder] YouTube metadata unavailable for item  (stubbed) — possible dead link worth checking: https://www.youtube.com/watch?v=YIuz2Lh6PTw
🟠 [AcksBuilder] YouTube metadata unavailable for item  (stubbed) — possible dead link worth checking: https://www.youtube.com/watch?v=gAh1J3Ljj-M
🟠 [AcksBuilder] Unknown media item type "photos" (item ) — used "Photos" as the prefix; add it to Acks_Formats type_prefix_map.
🟠 [AcksBuilder] YouTube metadata unavailable for item  (stubbed) — possible dead link worth checking: https://www.youtube.com/watch?v=gAh1J3Ljj-M
🟠 [AcksBuilder] YouTube metadata unavailable for item  (stubbed) — possible dead link worth checking: https://www.youtube.com/watch?v=nJnVsGY2r_s
🟠 [AcksBuilder] Unknown media item type "Images" (item ) — used "Images" as the prefix; add it to Acks_Formats type_prefix_map.
🟠 [AcksBuilder] YouTube metadata unavailable for item  (stubbed) — possible dead link worth checking: https://www.youtube.com/watch?v=Y1JBGN3h_OA
🟠 [AcksBuilder] YouTube metadata unavailable for item  (stubbed) — possible dead link worth checking: https://www.youtube.com/watch?v=3oxYqRg9-Dk
🟠 [AcksBuilder] YouTube metadata unavailable for item  (stubbed) — possible dead link worth checking: https://www.youtube.com/watch?v=225mwT-gGu8
🟠 [AcksBuilder] YouTube metadata unavailable for item  (stubbed) — possible dead link worth checking: https://www.youtube.com/watch?v=Vnn8Pq-XZyo
🟠 [AcksBuilder] YouTube metadata unavailable for item  (stubbed) — possible dead link worth checking: https://www.youtube.com/watch?v=it4053q6QOA
🟠 [AcksBuilder] YouTube metadata unavailable for item  (stubbed) — possible dead link worth checking: https://www.youtube.com/watch?v=N0S8o_LEqkw
🟠 [AcksBuilder] YouTube metadata unavailable for item  (stubbed) — possible dead link worth checking: https://www.youtube.com/watch?v=S67Qqov0CdU
🟠 [AcksBuilder] YouTube metadata unavailable for item  (stubbed) — possible dead link worth checking: https://www.youtube.com/watch?v=Pnd5L7QPoVY
🟠 [AcksBuilder] YouTube metadata unavailable for item  (stubbed) — possible dead link worth checking: https://www.youtube.com/watch?v=0DEdbj3e7O0
🟠 [AcksBuilder] YouTube metadata unavailable for item  (stubbed) — possible dead link worth checking: https://www.youtube.com/watch?v=NgRmI5Zo0F4
🟠 [AcksBuilder] YouTube metadata unavailable for item  (stubbed) — possible dead link worth checking: https://www.youtube.com/watch?v=uxIHP5OdYPY
🟠 [AcksBuilder] YouTube metadata unavailable for item  (stubbed) — possible dead link worth checking: https://www.youtube.com/watch?v=nbXLcUkae9k&t=243s
🟠 [AcksBuilder] YouTube metadata unavailable for item  (stubbed) — possible dead link worth checking: https://www.youtube.com/watch?v=Ql0N8nilEMk
🟠 [AcksBuilder] Unknown media item type "Images" (item ) — used "Images" as the prefix; add it to Acks_Formats type_prefix_map.
🟠 [AcksBuilder] YouTube metadata unavailable for item  (stubbed) — possible dead link worth checking: https://www.youtube.com/watch?v=bJzGkZwkHt4&list=PLiOil1qP-cMURN_8baOr3QWfySmIjqKIj&index=2
🟠 [AcksBuilder] YouTube metadata unavailable for item  (stubbed) — possible dead link worth checking: https://www.youtube.com/watch?v=wWW_UbrkBEw&list=PLiOil1qP-cMURN_8baOr3QWfySmIjqKIj&index=6
🟠 [AcksBuilder] YouTube metadata unavailable for item  (stubbed) — possible dead link worth checking: https://www.youtube.com/watch?v=9DIPs3T2dQk&list=PLiOil1qP-cMURN_8baOr3QWfySmIjqKIj&index=3
🟠 [AcksBuilder] Unknown media item type "Photos" (item • 109a) — used "Photos" as the prefix; add it to Acks_Formats type_prefix_map.
🟠 [AcksBuilder] YouTube metadata unavailable for item  (stubbed) — possible dead link worth checking: https://www.youtube.com/watch?v=YoOb3JSDAUo&list=PLiOil1qP-cMURN_8baOr3QWfySmIjqKIj&index=4
🟠 [AcksBuilder] Unknown media item type "Photos and vectors" (item • 110a) — used "Photos and vectors" as the prefix; add it to Acks_Formats type_prefix_map.
🟠 [AcksBuilder] YouTube metadata unavailable for item  (stubbed) — possible dead link worth checking: https://www.youtube.com/watch?v=U11B_0FCn6o&t=194s
🟠 [AcksBuilder] YouTube metadata unavailable for item  (stubbed) — possible dead link worth checking: https://www.youtube.com/watch?v=65WjYDEzi88
🟠 [AcksBuilder] YouTube metadata unavailable for item  (stubbed) — possible dead link worth checking: https://www.youtube.com/watch?v=XY1qBKOu074
🟠 [AcksBuilder] YouTube metadata unavailable for item  (stubbed) — possible dead link worth checking: https://www.youtube.com/watch?v=IPqpUFXVJb0
🟠 [AcksBuilder] YouTube metadata unavailable for item  (stubbed) — possible dead link worth checking: https://www.youtube.com/watch?v=xKCPWjTQWrY
🟠 [AcksBuilder] YouTube metadata unavailable for item  (stubbed) — possible dead link worth checking: https://www.youtube.com/watch?v=xKCPWjTQWrY
🟠 [AcksBuilder] YouTube metadata unavailable for item  (stubbed) — possible dead link worth checking: https://www.youtube.com/watch?v=nQmkiTBMy5Q
🟠 [AcksBuilder] YouTube metadata unavailable for item  (stubbed) — possible dead link worth checking: https://www.youtube.com/watch?v=nQmkiTBMy5Q
🟠 [AcksBuilder] YouTube metadata unavailable for item  (stubbed) — possible dead link worth checking: https://www.youtube.com/watch?v=yXQ5FskN5pQ
🟠 [AcksBuilder] YouTube metadata unavailable for item  (stubbed) — possible dead link worth checking: https://www.youtube.com/watch?v=gmrc3WiIlmo
🟠 [AcksBuilder] YouTube metadata unavailable for item  (stubbed) — possible dead link worth checking: https://www.youtube.com/watch?v=RMxtsOsIluk
🟠 [AcksBuilder] Unknown media item type "Images" (item • 121a) — used "Images" as the prefix; add it to Acks_Formats type_prefix_map.
🟠 [AcksBuilder] YouTube metadata unavailable for item  (stubbed) — possible dead link worth checking: https://www.youtube.com/watch?v=RMxtsOsIluk
🟠 [AcksBuilder] YouTube metadata unavailable for item  (stubbed) — possible dead link worth checking: https://www.youtube.com/watch?v=qBlQnHclT-Y
🟠 [AcksBuilder] YouTube metadata unavailable for item  (stubbed) — possible dead link worth checking: https://www.youtube.com/watch?v=eQrF-OoSC7I
🟠 [AcksBuilder] Unknown media item type "Websites" (item ) — used "Websites" as the prefix; add it to Acks_Formats type_prefix_map.
🟠 [AcksBuilder] Unknown media item type "Images" (item ) — used "Images" as the prefix; add it to Acks_Formats type_prefix_map.
🟠 [AcksBuilder] YouTube metadata unavailable for item  (stubbed) — possible dead link worth checking: https://www.youtube.com/watch?v=IuGLQc7-WgY
🟠 [AcksBuilder] YouTube metadata unavailable for item  (stubbed) — possible dead link worth checking: https://www.youtube.com/watch?v=ztLseWvJgGg&t=3s
🟠 [AcksBuilder] YouTube metadata unavailable for item  (stubbed) — possible dead link worth checking: https://www.youtube.com/watch?v=B2RSEwwRG0c
🟠 [AcksBuilder] YouTube metadata unavailable for item  (stubbed) — possible dead link worth checking: https://www.youtube.com/watch?v=CZEKuMnyS6c
🟠 [AcksBuilder] YouTube metadata unavailable for item  (stubbed) — possible dead link worth checking: https://www.youtube.com/watch?v=HMOSYabgHeQ&list=PLkER93OJYHf53NT4GYEv5nbqHvbgo7aF3
🟠 [AcksBuilder] YouTube metadata unavailable for item  (stubbed) — possible dead link worth checking: https://www.youtube.com/watch?v=20I_GRwLteY&t=24s
🟠 [AcksBuilder] YouTube metadata unavailable for item  (stubbed) — possible dead link worth checking: https://www.youtube.com/watch?v=pwsiH10accI
🟠 [AcksBuilder] YouTube metadata unavailable for item  (stubbed) — possible dead link worth checking: https://www.youtube.com/watch?v=vWlV2bjZKsA
🟠 [AcksBuilder] YouTube metadata unavailable for item  (stubbed) — possible dead link worth checking: https://www.youtube.com/watch?v=FCeYHqhZEwM
🟠 [AcksBuilder] YouTube metadata unavailable for item  (stubbed) — possible dead link worth checking: https://www.youtube.com/watch?v=lApH_83YYLA
🟠 [AcksBuilder] YouTube metadata unavailable for item  (stubbed) — possible dead link worth checking: https://www.youtube.com/watch?v=N9UjvlsEzX0
🟠 [AcksBuilder] YouTube metadata unavailable for item  (stubbed) — possible dead link worth checking: https://www.youtube.com/watch?v=RVuU7w3U-Zs
🟠 [AcksBuilder] YouTube metadata unavailable for item  (stubbed) — possible dead link worth checking: https://www.youtube.com/watch?v=GvCF99Rz_H0
🟠 [AcksBuilder] YouTube metadata unavailable for item  (stubbed) — possible dead link worth checking: https://www.youtube.com/watch?v=iQXa8UG10DQ&list=PLv-qeciwXOWYChBqgPtWh_oDYiDnXPBUl
🟢 [AcksBuilder] Media item  placed in lesson 0.0 by neighbour interpolation — verify its group.
🟠 [AcksBuilder] 39 iStock titles could not be verified (no *istock-acks*.txt was supplied); each is marked ❗ and the acks block carries a designer note.
🟢 [DocxExtractor] Media-list boilerplate dropped: 3 blocks before the media table — the template's own instructions, not content.
🟢 [ConventionResolver] HTML conventions from group 1-10 Blended Literacy|1-3: overview menu two_col_li, lesson menu two_col_li.
🟢 [PageSplitter] [end page] on the overview disregarded — an introduction-cluster marker follows ([Title]/[Introduction]/[supervisor note]; AR-1 generalised).
🟢 [ContentConverter] Page 0.0: supervisor note paired with its section paragraph (BLL family convention).
🟢 [MenuBuilder] Menu heading "Tirohanga Whānui | Overview" is the section label — consumed (the menu scaffolding names it).
🟢 [MenuBuilder] Menu heading "Know" had no content beneath it — omitted (empty preconfigured scaffolding).
🟢 [MenuBuilder] Menu heading "Do" had no content beneath it — omitted (empty preconfigured scaffolding).
🟢 [ContentConverter] Page 1.0: [activity] auto-closed before the next supervisor note.
🟠 [ContentConverter] Page 1.0: [activity] was never closed — closed at page end.
🟢 [ContentConverter] Page 1.0: activity numbers normalised (page_number_normalise): 2D → 1D, 2E → 1F.
🟢 [InteractiveScanner] Activity 2E: additional widget [modal] absorbed (modal + modal).
🟢 [InteractiveScanner] Activity 2E: additional widget [modal] absorbed (modal + modal).
🟢 [InteractiveScanner] Activity 2E: additional widget [modal] absorbed (modal + modal).
🟢 [InteractiveScanner] Activity 2E: additional widget [modal] absorbed (modal + modal).
🟢 [InteractiveScanner] Activity 2E: additional widget [modal] absorbed (modal + modal).
🟢 [InteractiveScanner] Activity 2E: additional widget [modal] absorbed (modal + modal).
🟢 [InteractiveScanner] Activity 2E: additional widget [modal] absorbed (modal + modal).
🟢 [InteractiveScanner] Activity 2E: additional widget [modal] absorbed (modal + modal).
🟢 [InteractiveScanner] Activity 2E: additional widget [modal] absorbed (modal + modal).
🟢 [InteractiveScanner] Activity 2E: additional widget [modal] absorbed (modal + modal).
🟢 [InteractiveScanner] Activity 2E: additional widget [modal] absorbed (modal + modal).
🟢 [InteractiveScanner] Activity 2E: additional widget [modal] absorbed (modal + modal).
🟢 [InteractiveScanner] Activity 2E: additional widget [modal] absorbed (modal + modal).
🟢 [ContentConverter] Page 2.0: activity box kept open for the prose after its data table (round 378).
🟢 [ContentConverter] Page 2.0: [activity] auto-closed before the next activity.
🟢 [ContentConverter] Page 2.0: [activity] auto-closed before the next activity.
🟢 [ContentConverter] Page 2.0: [activity] auto-closed before the next activity.
🟠 [AcksBuilder] 25 iStock titles could not be verified (no *istock-acks*.txt was supplied); each is marked ❗ and the acks block carries a designer note.
🟢 [SkeletonBuilder] footer_links "final" value "—" is not a footer pattern (the registry's no-evidence marker) — the KB's final-page form "prev+home" applied (footer.kb_position_defaults).
🟢 [DocxExtractor] Media-list boilerplate dropped: 3 blocks before the media table — the template's own instructions, not content.
🟢 [ConventionResolver] HTML conventions from group 1-10 Blended Literacy|1-3: overview menu two_col_li, lesson menu two_col_li.
🟢 [PageSplitter] [end page] on the overview disregarded — an introduction-cluster marker follows ([Title]/[Introduction]/[supervisor note]; AR-1 generalised).
🟢 [ContentConverter] Page 0.0: supervisor note swapped after its section heading (BLL pairing pre-pass).
🟢 [ContentConverter] Page 0.0: supervisor note paired with its section paragraph (BLL family convention).
🟢 [MenuBuilder] Menu heading "Tirohanga Whānui | Overview" is the section label — consumed (the menu scaffolding names it).
🟢 [ContentConverter] Page 1.0: activity box kept open for the prose after its data table (round 378).
🟢 [ContentConverter] Page 1.0: [activity] auto-closed before the next activity.
🟢 [ContentConverter] Page 1.0: activity box kept open for its trailing upload box (round 314).
🟢 [InteractiveBuilder] Built dropDown #6 from captured data (no placeholder needed).
🟠 [ContentConverter] Page 1.0: [activity] was never closed — closed at page end.
🟢 [ContentConverter] Page 2.0: [activity] auto-closed before the next activity.
🟢 [InteractiveBuilder] Built accordion #8 from captured data (no placeholder needed).
🟢 [InteractiveBuilder] Built dropDown #9 from captured data (no placeholder needed).
🟢 [ContentConverter] Page 2.0: [activity] auto-closed before the next activity.
🟢 [InteractiveBuilder] Built carousel #11 from captured data (no placeholder needed).
🟢 [ContentConverter] Page 2.0: activity box kept open for its trailing upload box (round 314).
🟢 [InteractiveBuilder] Built dropDown #12 from captured data (no placeholder needed).
🟢 [ContentConverter] Page 2.0: activity box closed after its upload box — the button is the box's last child (round 376).
🟠 [AcksBuilder] Unknown media item type "Embedded story" (item ) — used "Embedded story" as the prefix; add it to Acks_Formats type_prefix_map.
🟠 [AcksBuilder] YouTube metadata unavailable for item  (stubbed) — possible dead link worth checking: https://www.youtube.com/watch?v=xG-xKG7I83E
🟠 [AcksBuilder] Unknown media item type "Embedded story" (item ) — used "Embedded story" as the prefix; add it to Acks_Formats type_prefix_map.
🟠 [AcksBuilder] YouTube metadata unavailable for item  (stubbed) — possible dead link worth checking: https://www.youtube.com/watch?v=wsDQNYAOitU
🟠 [AcksBuilder] YouTube metadata unavailable for item  (stubbed) — possible dead link worth checking: https://www.youtube.com/watch?v=vcvotVlv-jU
🟠 [AcksBuilder] YouTube metadata unavailable for item  (stubbed) — possible dead link worth checking: https://www.youtube.com/watch?v=EobImOBftpY
🟠 [AcksBuilder] 9 iStock titles could not be verified (no *istock-acks*.txt was supplied); each is marked ❗ and the acks block carries a designer note.
🟢 [SkeletonBuilder] footer_links "final" value "—" is not a footer pattern (the registry's no-evidence marker) — the KB's final-page form "prev+home" applied (footer.kb_position_defaults).
🟢 [DocxExtractor] Media-list boilerplate dropped: 3 blocks before the media table — the template's own instructions, not content.
🟢 [ConventionResolver] HTML conventions from group 1-10 Blended Literacy|1-3: overview menu two_col_li, lesson menu two_col_li.
🟢 [PageSplitter] [end page] on the overview disregarded — an introduction-cluster marker follows ([Title]/[Introduction]/[supervisor note]; AR-1 generalised).
🟢 [PageSplitter] Implicit page break: content continues after [end page] without a [LESSON] tag — opened page 1.0.
🟢 [ContentConverter] Page 0.0: supervisor note swapped after its section heading (BLL pairing pre-pass).
🟢 [ContentConverter] Page 0.0: supervisor note paired with its section paragraph (BLL family convention).
🟢 [MenuBuilder] Menu heading "Tirohanga Whānui | Overview" is the section label — consumed (the menu scaffolding names it).
🟢 [InteractiveScanner] Activity 1C: additional widget [modal] absorbed (modal + modal).
🟢 [InteractiveScanner] Activity 1C: additional widget [modal] absorbed (modal + modal).
🟢 [InteractiveBuilder] Built carousel #1 from captured data (no placeholder needed).
🟢 [InteractiveBuilder] Built modal #3 from captured data (no placeholder needed).
🟢 [ContentConverter] Page 1.0: activity box kept open for its trailing upload box (round 314).
🟢 [InteractiveBuilder] Built dropDown #6 from captured data (no placeholder needed).
🟠 [ContentConverter] Page 1.0: [activity] was never closed — closed at page end.
🟢 [InteractiveBuilder] Built dragAndDrop #7 from captured data (no placeholder needed).
🟢 [ContentConverter] Page 1.1: [activity] auto-closed before the next activity.
🟢 [ContentConverter] Page 1.1: [activity] auto-closed before the next side alert.
🟢 [InteractiveBuilder] Built dropDown #9 from captured data (no placeholder needed).
🟢 [ContentConverter] Page 1.1: activity box closed after its upload box — the button is the box's last child (round 376).
🟠 [AcksBuilder] YouTube metadata unavailable for item  (stubbed) — possible dead link worth checking: https://www.youtube.com/watch?v=4TjcT7Gto3U
🟠 [AcksBuilder] YouTube metadata unavailable for item  (stubbed) — possible dead link worth checking: https://www.youtube.com/watch?v=_TM_-0-ayFk
🟠 [AcksBuilder] Unknown media item type "Embedded link" (item ) — used "Embedded link" as the prefix; add it to Acks_Formats type_prefix_map.
🟠 [AcksBuilder] Unknown media item type "Embedded link" (item ) — used "Embedded link" as the prefix; add it to Acks_Formats type_prefix_map.
🟠 [AcksBuilder] Unknown media item type "Embedded link" (item ) — used "Embedded link" as the prefix; add it to Acks_Formats type_prefix_map.
🟠 [AcksBuilder] Unknown media item type "Embedded link" (item ) — used "Embedded link" as the prefix; add it to Acks_Formats type_prefix_map.
🟠 [AcksBuilder] YouTube metadata unavailable for item  (stubbed) — possible dead link worth checking: https://www.youtube.com/watch?v=OwAPVjRqZ0s
🟠 [AcksBuilder] YouTube metadata unavailable for item  (stubbed) — possible dead link worth checking: https://www.youtube.com/watch?v=MJCq4Sk6abM
🟠 [AcksBuilder] YouTube metadata unavailable for item  (stubbed) — possible dead link worth checking: https://www.youtube.com/watch?v=X6QXucnRu-8
🟠 [AcksBuilder] 18 iStock titles could not be verified (no *istock-acks*.txt was supplied); each is marked ❗ and the acks block carries a designer note.
🟢 [SkeletonBuilder] footer_links "final" value "—" is not a footer pattern (the registry's no-evidence marker) — the KB's final-page form "prev+home" applied (footer.kb_position_defaults).
🟢 [DocxExtractor] Media-list boilerplate dropped: 3 blocks before the media table — the template's own instructions, not content.
🟢 [ConventionResolver] HTML conventions from group 1-10 Blended Literacy|1-3: overview menu two_col_li, lesson menu two_col_li.
🟢 [ContentConverter] Page 0.0: supervisor note swapped after its section heading (BLL pairing pre-pass).
🟢 [ContentConverter] Page 0.0: supervisor note paired with its section paragraph (BLL family convention).
🟢 [MenuBuilder] Menu heading "Tirohanga Whānui | Overview" is the section label — consumed (the menu scaffolding names it).
🟢 [ContentConverter] Page 1.0: [activity] auto-closed before the next activity.
🟢 [ContentConverter] Page 1.0: [activity] auto-closed before the next activity.
🟢 [ContentConverter] Page 2.0: [activity] auto-closed before the next side alert.
🟢 [InteractiveBuilder] Built accordion #5 from captured data (no placeholder needed).
🟢 [ContentConverter] Page 2.0: [activity] auto-closed before the next activity.
🟢 [ContentConverter] Page 2.0: activity box kept open for the prose after its data table (round 378).
🟢 [ContentConverter] Page 2.0: [activity] auto-closed before the next activity.
🟢 [InteractiveBuilder] Built carousel #7 from captured data (no placeholder needed).
🟠 [AcksBuilder] YouTube metadata unavailable for item  (stubbed) — possible dead link worth checking: https://www.youtube.com/watch?v=X9M32KoOpws&t=4s
🟠 [AcksBuilder] Unknown media item type "Embedded text" (item ) — used "Embedded text" as the prefix; add it to Acks_Formats type_prefix_map.
🟠 [AcksBuilder] Unknown media item type "Embedded text" (item ) — used "Embedded text" as the prefix; add it to Acks_Formats type_prefix_map.
🟠 [AcksBuilder] YouTube metadata unavailable for item  (stubbed) — possible dead link worth checking: https://www.youtube.com/watch?v=TkLBVMrcvYY
🟠 [AcksBuilder] YouTube metadata unavailable for item  (stubbed) — possible dead link worth checking: https://www.youtube.com/watch?v=YND4swViSwA
🟠 [AcksBuilder] YouTube metadata unavailable for item  (stubbed) — possible dead link worth checking: https://www.youtube.com/watch?v=EYsVyg1ODyc
🟠 [AcksBuilder] 8 iStock titles could not be verified (no *istock-acks*.txt was supplied); each is marked ❗ and the acks block carries a designer note.
🟢 [ConventionResolver] HTML conventions from group 1-10 Blended Literacy|1-3: overview menu two_col_li, lesson menu two_col_li.
🟢 [ContentConverter] Page 0.0: supervisor note swapped after its section heading (BLL pairing pre-pass).
🟢 [ContentConverter] Page 0.0: supervisor note paired with its section paragraph (BLL family convention).
🟢 [MenuBuilder] Menu heading "Tirohanga Whānui | Overview" is the section label — consumed (the menu scaffolding names it).
🟢 [ContentConverter] Page 1.0: [activity] auto-closed before the next activity.
🟢 [ContentConverter] Page 1.0: [activity] auto-closed before the next side alert.
🟢 [InteractiveBuilder] Built dragAndDrop #1 from captured data (no placeholder needed).
🟢 [ContentConverter] Page 1.0: [activity] auto-closed before the next side alert.
🟢 [ContentConverter] Page 1.0: activity numbers normalised (page_number_normalise): 1C → 1D, 1D → 1E, 1E → 1F.
🟢 [InteractiveScanner] Activity 2A: additional widget [click drop] absorbed (clickDrop + clickDrop).
🟢 [InteractiveScanner] Activity 2A: additional widget [click drop] absorbed (clickDrop + clickDrop).
🟢 [InteractiveScanner] Activity 2A: additional widget [click drop] absorbed (clickDrop + clickDrop).
🟢 [InteractiveScanner] Activity 2A: additional widget [click drop] absorbed (clickDrop + clickDrop).
🟢 [InteractiveScanner] Activity 2A: additional widget [click drop] absorbed (clickDrop + clickDrop).
🟢 [InteractiveBuilder] Built clickDrop #4 from captured data (no placeholder needed).
🟢 [ContentConverter] Page 2.0: [activity] auto-closed before the next activity.
🟢 [InteractiveBuilder] Built carousel #6 from captured data (no placeholder needed).
🟢 [ContentConverter] Page 2.0: activity box kept open for its trailing upload box (round 314).
🟢 [InteractiveBuilder] Built dropDown #7 from captured data (no placeholder needed).
🟢 [ContentConverter] Page 2.0: [activity] auto-closed before the next activity.
🟠 [AcksBuilder] Unknown media item type "embedded text" (item ) — used "Embedded text" as the prefix; add it to Acks_Formats type_prefix_map.
🟠 [AcksBuilder] Unknown media item type "embedded story" (item ) — used "Embedded story" as the prefix; add it to Acks_Formats type_prefix_map.
🟠 [AcksBuilder] YouTube metadata unavailable for item  (stubbed) — possible dead link worth checking: https://www.youtube.com/watch?v=FkR70EAR3qs
🟠 [AcksBuilder] YouTube metadata unavailable for item  (stubbed) — possible dead link worth checking: https://www.youtube.com/watch?v=PuTfak_etqM
🟠 [AcksBuilder] YouTube metadata unavailable for item  (stubbed) — possible dead link worth checking: https://www.youtube.com/watch?v=z4645B03AC4
🟠 [AcksBuilder] YouTube metadata unavailable for item  (stubbed) — possible dead link worth checking: https://www.youtube.com/watch?v=pquyfOH4iuI&t=15s
🟠 [AcksBuilder] 17 iStock titles could not be verified (no *istock-acks*.txt was supplied); each is marked ❗ and the acks block carries a designer note.
🟢 [ConventionResolver] HTML conventions from group 1-10 Blended Literacy|1-3: overview menu two_col_li, lesson menu two_col_li.
🟢 [PageSplitter] [end page] before [MODULE INTRODUCTION] disregarded — the introduction stays on the overview page (AR-1).
🟢 [ContentConverter] Page 0.0: supervisor note swapped after its section heading (BLL pairing pre-pass).
🟢 [ContentConverter] Page 0.0: supervisor note paired with its section paragraph (BLL family convention).
🟢 [MenuBuilder] Menu heading "Tirohanga Whānui | Overview" is the section label — consumed (the menu scaffolding names it).
🟢 [InteractiveScanner] flipCard: additional widget [flip card] absorbed (flipCard + flipCard).
🟢 [InteractiveScanner] flipCard: additional widget [flip card] absorbed (flipCard + flipCard).
🟢 [InteractiveScanner] flipCard: additional widget [flip card] absorbed (flipCard + flipCard).
🟢 [InteractiveScanner] flipCard: additional widget [flip card] absorbed (flipCard + flipCard).
🟢 [InteractiveScanner] flipCard: additional widget [flip card] absorbed (flipCard + flipCard).
🟢 [InteractiveScanner] flipCard: additional widget [flip card] absorbed (flipCard + flipCard).
🟢 [InteractiveScanner] flipCard: additional widget [flip card] absorbed (flipCard + flipCard).
🟢 [InteractiveScanner] flipCard: additional widget [flip card] absorbed (flipCard + flipCard).
🟢 [ContentConverter] Page 1.0: the standalone selfCheck widget renders inside the open [activity] box — no synthetic box of its own (inside_open_activity).
🟢 [ContentConverter] Page 1.0: [activity] auto-closed before the next activity.
🟢 [ContentConverter] Page 1.0: [activity] auto-closed before the next activity.
🟢 [InteractiveBuilder] Built clickDrop #5 from captured data (no placeholder needed).
🟠 [ContentConverter] Page 1.0: [activity] was never closed — closed at page end.
🟢 [InteractiveScanner] Activity 2E: additional widget [carousel] absorbed (carousel + carousel).
🟢 [ContentConverter] Page 2.0: [activity] auto-closed before the next activity.
🟢 [ContentConverter] Page 2.0: [activity] auto-closed before the next alert.
🟢 [ContentConverter] [alert] spans to an explicit end tag (writer-authored box).
🟢 [InteractiveBuilder] Built multiChoiceQuiz #7 from captured data (no placeholder needed).
🟠 [AcksBuilder] Unknown media item type "Link to Sharepoint folder" (item ) — used "Link to sharepoint folder" as the prefix; add it to Acks_Formats type_prefix_map.
🟠 [AcksBuilder] Unknown media item type "Website" (item ) — used "Website" as the prefix; add it to Acks_Formats type_prefix_map.
🟠 [AcksBuilder] Unknown media item type "Link to Sharepoint folder" (item ) — used "Link to sharepoint folder" as the prefix; add it to Acks_Formats type_prefix_map.
🟠 [AcksBuilder] Unknown media item type "Website" (item ) — used "Website" as the prefix; add it to Acks_Formats type_prefix_map.
🟠 [AcksBuilder] Unknown media item type "Website" (item ) — used "Website" as the prefix; add it to Acks_Formats type_prefix_map.
🟠 [AcksBuilder] 1 iStock title could not be verified (no *istock-acks*.txt was supplied); each is marked ❗ and the acks block carries a designer note.
🟢 [ModuleResolver] BLL272 is not in the registry members — inherited from its level BLL2 (sibling rule).
🟢 [ConventionResolver] HTML conventions from group 1-10 Blended Literacy|1-3: overview menu two_col_li, lesson menu two_col_li.
🟢 [PageSplitter] [end page] before [MODULE INTRODUCTION] disregarded — the introduction stays on the overview page (AR-1).
🟢 [ContentConverter] [supervisor note] spans to an explicit end tag (writer-authored box).
🟢 [ContentConverter] Page 0.0: [supervisor note] spans to its explicit closer — the panel holds everything between (round 390).
🟢 [MenuBuilder] Menu heading "Tirohanga Whānui | Overview" is the section label — consumed (the menu scaffolding names it).
🟢 [InteractiveScanner] clickDrop: additional widget [click drop] absorbed (clickDrop + clickDrop).
🟢 [InteractiveBuilder] Built clickDrop #1 from captured data (no placeholder needed).
🟢 [InteractiveBuilder] Built clickDrop #2 from captured data (no placeholder needed).
🟢 [ContentConverter] Page 1.0: the standalone multiChoiceQuiz widget renders inside the open [activity] box — no synthetic box of its own (inside_open_activity).
🟢 [ContentConverter] Page 1.0: [activity] auto-closed before the next activity.
🟠 [ContentConverter] Page 1.0: [activity] was never closed — closed at page end.
🟢 [InteractiveScanner] clickDrop: additional widget [click drop] absorbed (clickDrop + clickDrop).
🟢 [InteractiveScanner] clickDrop: additional widget [click drop] absorbed (clickDrop + clickDrop).
🟢 [InteractiveScanner] clickDrop: additional widget [click drop] absorbed (clickDrop + clickDrop).
🟢 [InteractiveScanner] Activity 2E: additional widget [info trigger] absorbed (unclassified + infoTrigger).
🟢 [ContentConverter] Page 2.0: the standalone multiChoiceQuiz widget renders inside the open [activity] box — no synthetic box of its own (inside_open_activity).
🟢 [ContentConverter] Page 2.0: activity box closed after its upload button — the button is the box's last child (round 376).
🟢 [ContentConverter] Page 2.0: [activity] auto-closed before the next activity.
🟢 [ContentConverter] [alert] spans to an explicit end tag (writer-authored box).
🟢 [InteractiveBuilder] Built clickDrop #9 from captured data (no placeholder needed).
🟢 [ContentConverter] Page 2.0: [end other] had no open container — ignored.
🟢 [PageAssembler] [TITLE BAR] held only "Te Reo Māori" (no English) — using the front-matter Course "Blended Literacy Learning" as the English title; Te Reo kept as the second title.
🟠 [AcksBuilder] Unknown media item type "Link to Sharepoint" (item ) — used "Link to sharepoint" as the prefix; add it to Acks_Formats type_prefix_map.
🟠 [AcksBuilder] Unknown media item type "Website" (item ) — used "Website" as the prefix; add it to Acks_Formats type_prefix_map.
🟢 [AcksBuilder] Media item  placed in lesson 1.0 by neighbour interpolation — verify its group.
🟢 [AcksBuilder] Media item  placed in lesson 1.0 by neighbour interpolation — verify its group.
🟠 [AcksBuilder] 21 iStock titles could not be verified (no *istock-acks*.txt was supplied); each is marked ❗ and the acks block carries a designer note.
🟢 [ModuleResolver] CEDO102 is a recorded page_model exception — using single-file.
🟢 [DocxExtractor] Media-list boilerplate dropped: 3 blocks before the media table and 15 blocks after it (the submission checklist) — the template's own instructions, not content.
🟢 [ConventionResolver] HTML conventions from series CEDO (deviation over ConnectED|1-3): overview menu two_col_li, lesson menu flat.
🟢 [PageSplitter] Registry says single-file but lesson/page tags exist — keeping ONE file; the tags become in-page breaks (registry rule).
🟢 [ContentConverter] Page 0.0: [activity] auto-closed before the next page.
🟢 [InteractiveBuilder] Built flipCard #3 from captured data (no placeholder needed).
🟢 [InteractiveBuilder] Built carousel #4 from captured data (no placeholder needed).
🟢 [ContentConverter] Page 0.0: [activity] auto-closed before the next activity.
🟢 [InteractiveBuilder] Built carousel #6 from captured data (no placeholder needed).
🟢 [ContentConverter] Page 0.0: [activity] auto-closed before the next activity.
🟢 [InteractiveBuilder] Built flipCard #7 from captured data (no placeholder needed).
🟢 [InteractiveBuilder] Built accordion #8 from captured data (no placeholder needed).
🟢 [ContentConverter] Page 0.0: [activity] auto-closed before the next important.
🟢 [ContentConverter] Page 0.0: [activity] auto-closed before the next activity.
🟢 [InteractiveBuilder] Built carousel #10 from captured data (no placeholder needed).
🟢 [ContentConverter] Page 0.0: [activity] auto-closed before the next activity.
🟢 [ContentConverter] Page 0.0: [activity] auto-closed before the next activity.
🟢 [ContentConverter] Page 0.0: activity box closed after its upload button — the button is the box's last child (round 376).
🟢 [MenuBuilder] Menu heading "Tirohanga Whānui | Overview" is the section label — consumed (the menu scaffolding names it).
🟢 [PanelsBuilder] 6 panel title heading(s) set to h2 (first_heading_level).
🟠 [AcksBuilder] YouTube metadata unavailable for item  (stubbed) — possible dead link worth checking: https://www.youtube.com/watch?v=yblB87dpJGc
🟠 [AcksBuilder] YouTube metadata unavailable for item  (stubbed) — possible dead link worth checking: https://www.youtube.com/watch?v=2i5qSxb6_NY
🟠 [AcksBuilder] YouTube metadata unavailable for item  (stubbed) — possible dead link worth checking: https://www.youtube.com/watch?v=eWW0FVtM4QY
🟠 [AcksBuilder] YouTube metadata unavailable for item  (stubbed) — possible dead link worth checking: https://www.youtube.com/watch?v=KymdDlOrkYM
🟠 [AcksBuilder] YouTube metadata unavailable for item  (stubbed) — possible dead link worth checking: https://www.youtube.com/watch?v=JgfjDaYZFBA
🟠 [AcksBuilder] YouTube metadata unavailable for item  (stubbed) — possible dead link worth checking: https://www.youtube.com/watch?v=J2BKd5e15Jc&t=16s
🟠 [AcksBuilder] YouTube metadata unavailable for item  (stubbed) — possible dead link worth checking: https://www.youtube.com/watch?v=zY1oS6SpBCc
🟠 [AcksBuilder] YouTube metadata unavailable for item  (stubbed) — possible dead link worth checking: https://www.youtube.com/watch?v=BVa0VnD17CY
🟠 [AcksBuilder] YouTube metadata unavailable for item  (stubbed) — possible dead link worth checking: https://www.youtube.com/watch?v=eTJWWrf6ZG4&t=17s
🟠 [AcksBuilder] YouTube metadata unavailable for item  (stubbed) — possible dead link worth checking: https://www.youtube.com/watch?v=khpkEiqtnDM
🟠 [AcksBuilder] YouTube metadata unavailable for item  (stubbed) — possible dead link worth checking: https://www.youtube.com/watch?v=29RGGBkLGeg
🟠 [AcksBuilder] YouTube metadata unavailable for item  (stubbed) — possible dead link worth checking: https://www.youtube.com/watch?v=fYsAK24le6U
🟠 [AcksBuilder] YouTube metadata unavailable for item  (stubbed) — possible dead link worth checking: https://www.youtube.com/watch?v=ajXRVwoqprE
🟠 [AcksBuilder] YouTube metadata unavailable for item  (stubbed) — possible dead link worth checking: https://www.youtube.com/watch?v=75S7Ki_q14c
🟠 [AcksBuilder] YouTube metadata unavailable for item  (stubbed) — possible dead link worth checking: https://www.youtube.com/watch?v=nFZhbEi19M8
🟠 [AcksBuilder] YouTube metadata unavailable for item  (stubbed) — possible dead link worth checking: https://www.youtube.com/watch?v=3GnaAmJCt7Y
🟠 [AcksBuilder] YouTube metadata unavailable for item  (stubbed) — possible dead link worth checking: https://www.youtube.com/watch?v=T2CJxo5drqA
🟠 [AcksBuilder] YouTube metadata unavailable for item  (stubbed) — possible dead link worth checking: https://www.youtube.com/watch?v=xd-p0evyYnY
🟠 [AcksBuilder] YouTube metadata unavailable for item  (stubbed) — possible dead link worth checking: https://www.youtube.com/watch?v=niAeTOjVbms
🟠 [AcksBuilder] YouTube metadata unavailable for item  (stubbed) — possible dead link worth checking: https://www.youtube.com/watch?v=vf4O7JIQGxY
🟠 [AcksBuilder] YouTube metadata unavailable for item  (stubbed) — possible dead link worth checking: https://www.youtube.com/watch?v=9DsuHLozzH4
🟠 [AcksBuilder] YouTube metadata unavailable for item  (stubbed) — possible dead link worth checking: https://www.youtube.com/watch?v=zCzskUyrRxA
🟠 [AcksBuilder] YouTube metadata unavailable for item  (stubbed) — possible dead link worth checking: https://www.youtube.com/watch?v=Xkubmjcc6zc
🟠 [AcksBuilder] Unknown media item type "Website" (item ) — used "Website" as the prefix; add it to Acks_Formats type_prefix_map.
🟢 [AcksBuilder] Media item  placed in lesson 0.0 by neighbour interpolation — verify its group.
🟠 [AcksBuilder] 35 iStock titles could not be verified (no *istock-acks*.txt was supplied); each is marked ❗ and the acks block carries a designer note.
🟢 [ConventionResolver] HTML conventions from group ConnectED|NCEA: overview menu tabs, lesson menu flat.
🟢 [PageSplitter] [end page] before [MODULE INTRODUCTION] disregarded — the introduction stays on the overview page (AR-1).
🟢 [PageSplitter] Implicit page break: content continues after [end page] without a [LESSON] tag — opened page 2.0.
🟢 [PageSplitter] "[the instant standard assessment task for this standard requ" mentions page inside a writer instruction — not a page boundary (lesson_boundary_guard).
🟢 [PageSplitter] Content after the final [end page] (2 blocks) is writer-form boilerplate — not emitted (AR-5).
🟠 [PageSplitter] Duplicate lesson label 2.0 (writers reused the number) — relabelled to 3.0; check the source numbering.
🟠 [PageSplitter] Duplicate lesson label 3.0 (writers reused the number) — relabelled to 4.0; check the source numbering.
🟠 [PageSplitter] Duplicate lesson label 4.0 (writers reused the number) — relabelled to 5.0; check the source numbering.
🟠 [PageSplitter] Duplicate lesson label 5.0 (writers reused the number) — relabelled to 6.0; check the source numbering.
🟠 [PageSplitter] Duplicate lesson label 6.0 (writers reused the number) — relabelled to 7.0; check the source numbering.
🟠 [PageSplitter] Duplicate lesson label 7.0 (writers reused the number) — relabelled to 8.0; check the source numbering.
🟠 [PageSplitter] Duplicate lesson label 8.0 (writers reused the number) — relabelled to 9.0; check the source numbering.
🟢 [MenuBuilder] Menu heading "Tirohanga Whānui | Overview" is the section label — consumed (the menu scaffolding names it).
🟢 [MenuBuilder] Menu section "Aromatawai | Assessment for Learning" promoted to its own "Standards" nav tab (menu.extra_tabs registry).
🟢 [InteractiveBuilder] Built flipCard #1 from captured data (no placeholder needed).
🟢 [InteractiveBuilder] Built carousel #3 from captured data (no placeholder needed).
🟢 [InteractiveScanner] speechBubble: additional widget [speech bubble] absorbed (speechBubble + speechBubble).
🟢 [InteractiveScanner] speechBubble: additional widget [speech bubble] absorbed (speechBubble + speechBubble).
🟢 [InteractiveScanner] speechBubble: additional widget [speech bubble] absorbed (speechBubble + speechBubble).
🟢 [InteractiveScanner] accordion: additional widget [accordion] absorbed (accordion + accordion).
🟢 [InteractiveScanner] accordion: additional widget [accordion] absorbed (accordion + accordion).
🟢 [InteractiveScanner] accordion: additional widget [accordion] absorbed (accordion + accordion).
🟢 [InteractiveBuilder] Built flipCard #5 from captured data (no placeholder needed).
🟢 [InteractiveBuilder] Built flipCard #6 from captured data (no placeholder needed).
🟢 [InteractiveBuilder] Built speechBubble #8 from captured data (no placeholder needed).
🟢 [InteractiveBuilder] Built accordion #9 from captured data (no placeholder needed).
🟢 [ContentConverter] Page 3.0: [end accordion] had no open container — ignored.
🟢 [InteractiveScanner] carousel: additional widget [carousel] absorbed (carousel + carousel).
🟢 [InteractiveScanner] carousel: additional widget [carousel] absorbed (carousel + carousel).
🟢 [InteractiveBuilder] Built carousel #14 from captured data (no placeholder needed).
🟢 [InteractiveScanner] Activity 4B: additional widget [typing quiz] absorbed (typing + typing).
🟢 [InteractiveBuilder] Built speechBubble #22 from captured data (no placeholder needed).
🟢 [InteractiveBuilder] Built carousel #27 from captured data (no placeholder needed).
🟢 [ContentConverter] Page 5.0: [activity] auto-closed before the next h2.
🟢 [InteractiveScanner] accordion: additional widget [accordion] absorbed (accordion + accordion).
🟢 [InteractiveScanner] accordion: additional widget [accordion] absorbed (accordion + accordion).
🟢 [InteractiveScanner] accordion: additional widget [accordion] absorbed (accordion + accordion).
🟢 [InteractiveScanner] accordion: additional widget [accordion] absorbed (accordion + accordion).
🟢 [InteractiveScanner] accordion: additional widget [accordion] absorbed (accordion + accordion).
🟢 [InteractiveScanner] accordion: additional widget [accordion] absorbed (accordion + accordion).
🟢 [InteractiveScanner] accordion: additional widget [accordion] absorbed (accordion + accordion).
🟢 [InteractiveBuilder] Built carousel #29 from captured data (no placeholder needed).
🟢 [ContentConverter] Page 6.0: [end other] had no open container — ignored.
🟢 [InteractiveBuilder] Built dragAndDrop #35 from captured data (no placeholder needed).
🟢 [InteractiveBuilder] Built speechBubble #36 from captured data (no placeholder needed).
🟢 [ContentConverter] Page 8.0: [activity] auto-closed before the next alert.
🟢 [ContentConverter] Page 8.0: [end activity] had no open container — ignored.
🟢 [ContentConverter] Page 8.0: activity box kept open for the prose after its data table (round 378).
🟢 [ContentConverter] Page 8.0: [activity] auto-closed before the next activity.
🟠 [ContentConverter] Page 8.0: [activity] was never closed — closed at page end.
🟢 [AcksBuilder] Media item 3 ("URL") is a lesson link — no acknowledgement (scope rule).
🟢 [AcksBuilder] Media item 4 ("URL") is a lesson link — no acknowledgement (scope rule).
🟢 [AcksBuilder] Media item 6 ("External Link") is a lesson link — no acknowledgement (scope rule).
🟢 [AcksBuilder] Media item 7 ("External Link") is a lesson link — no acknowledgement (scope rule).
🟠 [AcksBuilder] 1 iStock title could not be verified (no *istock-acks*.txt was supplied); each is marked ❗ and the acks block carries a designer note.
🟢 [SkeletonBuilder] footer_links "final" value "—" is not a footer pattern (the registry's no-evidence marker) — the KB's final-page form "prev+home" applied (footer.kb_position_defaults).
🟠 [ModuleResolver] Multiple module-code candidates found (CEDW501, MA000) — using CEDW501 from filename "CEDW501 Writers Template.docx".
🟢 [ConventionResolver] HTML conventions from group ConnectED|NCEA: overview menu tabs, lesson menu flat.
🟢 [PageSplitter] [end page] before [MODULE INTRODUCTION] disregarded — the introduction stays on the overview page (AR-1).
🟢 [PageSplitter] Content after the final [end page] (4 blocks) is writer-form boilerplate — not emitted (AR-5).
🟢 [MenuBuilder] Menu heading "Tirohanga Whānui | Overview" is the section label — consumed (the menu scaffolding names it).
🟢 [MenuBuilder] Menu section "Aromatawai | Assessment for Learning" promoted to its own "Standards" nav tab (menu.extra_tabs registry).
🟢 [InteractiveScanner] Activity 1A: additional widget [click drop] absorbed (clickDrop + clickDrop).
🟢 [InteractiveScanner] carousel: additional widget [carousel] absorbed (carousel + carousel).
🟢 [InteractiveScanner] carousel: additional widget [carousel] absorbed (carousel + carousel).
🟢 [InteractiveScanner] carousel: additional widget [carousel] absorbed (carousel + carousel).
🟢 [InteractiveScanner] carousel: additional widget [carousel] absorbed (carousel + carousel).
🟢 [InteractiveScanner] carousel: additional widget [carousel] absorbed (carousel + carousel).
🟢 [InteractiveScanner] carousel: additional widget [carousel] absorbed (carousel + carousel).
🟢 [InteractiveScanner] carousel: additional widget [carousel] absorbed (carousel + carousel).
🟢 [InteractiveScanner] carousel: additional widget [carousel] absorbed (carousel + carousel).
🟢 [InteractiveBuilder] Built accordion #2 from captured data (no placeholder needed).
🟢 [InteractiveBuilder] Built carousel #5 from captured data (no placeholder needed).
🟢 [ContentConverter] Page 1.0: [end carousel] had no open container — ignored.
🟢 [InteractiveScanner] carousel: additional widget [carousel] absorbed (carousel + carousel).
🟢 [InteractiveScanner] carousel: additional widget [carousel] absorbed (carousel + carousel).
🟢 [InteractiveScanner] carousel: additional widget [carousel] absorbed (carousel + carousel).
🟢 [InteractiveScanner] carousel: additional widget [carousel] absorbed (carousel + carousel).
🟢 [InteractiveBuilder] Built flipCard #6 from captured data (no placeholder needed).
🟢 [InteractiveBuilder] Built carousel #7 from captured data (no placeholder needed).
🟢 [ContentConverter] Page 2.0: [end carousel] had no open container — ignored.
🟢 [InteractiveBuilder] Built carousel #8 from captured data (no placeholder needed).
🟢 [ContentConverter] Page 2.1: the lesson's simplified menu inherited from page 2.0 — a continuation page belongs to the same lesson (KB 01B; menu.lesson_continuation_inherits).
🟢 [ContentConverter] Page 2.1: [end click drop] had no open container — ignored.
🟢 [ContentConverter] Page 2.1: [end accordion] had no open container — ignored.
🟢 [ContentConverter] Page 2.1: [end accordion] had no open container — ignored.
🟢 [InteractiveScanner] Activity 3D: additional widget [dropdown] absorbed (unclassified + dropDown).
🟢 [InteractiveScanner] Activity 3D: additional widget [dropdown] absorbed (unclassified + dropDown).
🟢 [InteractiveScanner] Activity 3D: additional widget [dropdown] absorbed (unclassified + dropDown).
🟢 [InteractiveScanner] Activity 3D: additional widget [dropdown] absorbed (unclassified + dropDown).
🟢 [InteractiveScanner] Activity 3D: additional widget [dropdown] absorbed (unclassified + dropDown).
🟢 [ContentConverter] Page 3.0: [end other] had no open container — ignored.
🟢 [InteractiveBuilder] Built flipCard #21 from captured data (no placeholder needed).
🟢 [ContentConverter] Page 3.0: [activity] auto-closed before the next activity.
🟢 [InteractiveBuilder] Built flipCard #23 from captured data (no placeholder needed).
🟢 [ContentConverter] Page 3.0: [activity] auto-closed before the next activity.
🟢 [InteractiveBuilder] Built flipCard #26 from captured data (no placeholder needed).
🟢 [ContentConverter] Page 3.0: activity numbers normalised (page_number_normalise): 3A → 3B, 3B → 3C, 3C → 3E, 101A → 3F, 3D → 3G, 3E → 3H, 3F → 3I.
🟢 [InteractiveScanner] Activity 3G: additional widget [drag and drop] absorbed (unclassified + dragAndDrop).
🟢 [ContentConverter] Page 3.1: the lesson's simplified menu inherited from page 3.0 — a continuation page belongs to the same lesson (KB 01B; menu.lesson_continuation_inherits).
🟢 [ContentConverter] Page 3.1: activity box kept open for the prose after its data table (round 378).
🟢 [ContentConverter] Page 3.1: activity box closed after its upload button — the button is the box's last child (round 376).
🟢 [InteractiveBuilder] Built flipCard #32 from captured data (no placeholder needed).
🟢 [InteractiveBuilder] Built dropDown #36 from captured data (no placeholder needed).
🟢 [ContentConverter] Page 6.0: [activity] auto-closed before the next important.
🟢 [ContentConverter] Page 6.0: activity box kept open for the prose after its data table (round 378).
🟢 [ContentConverter] Page 6.0: [activity] auto-closed before the next activity.
🟢 [ContentConverter] Page 6.0: activity box kept open for the prose after its data table (round 378).
🟢 [ContentConverter] Page 6.0: [activity] auto-closed before the next important.
🟢 [ContentConverter] Page 7.1: the lesson's simplified menu inherited from page 7.0 — a continuation page belongs to the same lesson (KB 01B; menu.lesson_continuation_inherits).
🟢 [ContentConverter] Page 7.2: the lesson's simplified menu inherited from page 7.0 — a continuation page belongs to the same lesson (KB 01B; menu.lesson_continuation_inherits).
🟢 [InteractiveBuilder] Built flipCard #40 from captured data (no placeholder needed).
🟠 [AcksBuilder] Unknown media item type "PDF (NZQA Unit Standard)" (item 1) — used "Pdf (nzqa unit standard)" as the prefix; add it to Acks_Formats type_prefix_map.
🟠 [AcksBuilder] Unknown media item type "PDF (NZQA Unit Standard)" (item 2) — used "Pdf (nzqa unit standard)" as the prefix; add it to Acks_Formats type_prefix_map.
🟠 [AcksBuilder] Unknown media item type "Video (Introductory)" (item 3) — used "Video (introductory)" as the prefix; add it to Acks_Formats type_prefix_map.
🟠 [AcksBuilder] Unknown media item type "Text / Whakataukī" (item 4) — used "Text / whakataukī" as the prefix; add it to Acks_Formats type_prefix_map.
🟠 [AcksBuilder] Unknown media item type "Website" (item 5) — used "Website" as the prefix; add it to Acks_Formats type_prefix_map.
🟠 [AcksBuilder] Unknown media item type "Website" (item 6) — used "Website" as the prefix; add it to Acks_Formats type_prefix_map.
🟠 [AcksBuilder] Unknown media item type "Video (Music)" (item 7) — used "Video (music)" as the prefix; add it to Acks_Formats type_prefix_map.
🟠 [AcksBuilder] YouTube metadata unavailable for item 7 (stubbed) — possible dead link worth checking: https://www.youtube.com/watch?v=-4Rza_aF-HQ&list=RD-4Rza_aF-HQ&start_radio=1
🟠 [AcksBuilder] Unknown media item type "Video (Music)" (item 7) — used "Video (music)" as the prefix; add it to Acks_Formats type_prefix_map.
🟢 [AcksBuilder] Media item 3 placed in lesson 0.0 by neighbour interpolation — verify its group.
🟢 [AcksBuilder] Media item 4 placed in lesson 0.0 by neighbour interpolation — verify its group.
🟢 [DocxExtractor] Media-list boilerplate dropped: 3 blocks before the media table and 15 blocks after it (the submission checklist) — the template's own instructions, not content.
🟢 [ConventionResolver] HTML conventions from group NCEA1|NCEA: overview menu tabs, lesson menu flat.
🟢 [PageSplitter] [end page] before [MODULE INTRODUCTION] disregarded — the introduction stays on the overview page (AR-1).
🟢 [PageSplitter] Implicit page break: content continues after [end page] without a [LESSON] tag — opened page 1.0.
🟢 [PageSplitter] Implicit page break: content continues after [end page] without a [LESSON] tag — opened page 2.0.
🟢 [MenuBuilder] Menu heading "Tirohanga Whānui | Overview" is the section label — consumed (the menu scaffolding names it).
🟢 [InteractiveScanner] Page 1.0: 4 id-carrying heading(s) re-tagged as [Activity N] openers (opener_rule.id_heading_opener).
🟢 [InteractiveScanner] multiChoiceQuiz: additional widget [mcq] absorbed (multiChoiceQuiz + multiChoiceQuiz).
🟢 [ContentConverter] Page 1.0: the standalone multiChoiceQuiz widget renders inside the open [activity] box — no synthetic box of its own (inside_open_activity).
🟢 [ContentConverter] Page 1.0: [activity] auto-closed before the next h2.
🟢 [ContentConverter] Page 1.0: [activity] auto-closed before the next h2.
🟢 [ContentConverter] Page 1.0: [activity] auto-closed before the next h2.
🟠 [ContentConverter] Page 1.0: [activity] was never closed — closed at page end.
🟢 [InteractiveScanner] Page 1.1: 1 id-carrying heading(s) re-tagged as [Activity N] openers (opener_rule.id_heading_opener).
🟢 [ContentConverter] Page 1.1: [activity] auto-closed before the next h3.
🟠 [AcksBuilder] YouTube metadata unavailable for item 1 (stubbed) — possible dead link worth checking: https://www.youtube.com/watch?v=i9isCQumafY
🟠 [AcksBuilder] YouTube metadata unavailable for item 3 (stubbed) — possible dead link worth checking: https://www.youtube.com/watch?v=BrkuB5WwQGE
🟠 [AcksBuilder] YouTube metadata unavailable for item 5 (stubbed) — possible dead link worth checking: https://www.youtube.com/watch?v=2-7Mpi9kLR8&list=PL31dTVJ_vkhqDVQmTJMjRtAXpMd6wtdAL
🟠 [AcksBuilder] YouTube metadata unavailable for item 6 (stubbed) — possible dead link worth checking: https://www.youtube.com/watch?v=U7Jh8NZ_2fQ
🟠 [AcksBuilder] YouTube metadata unavailable for item 7 (stubbed) — possible dead link worth checking: https://www.youtube.com/watch?v=ZyD0NlsZDac
🟠 [AcksBuilder] YouTube metadata unavailable for item 8 (stubbed) — possible dead link worth checking: https://www.youtube.com/watch?v=1DtN4185LYo
🟠 [AcksBuilder] Unknown media item type "Google drive video" (item 9) — used "Google drive video" as the prefix; add it to Acks_Formats type_prefix_map.
🟠 [AcksBuilder] Unknown media item type "Google drive video" (item 10) — used "Google drive video" as the prefix; add it to Acks_Formats type_prefix_map.
🟠 [AcksBuilder] Unknown media item type "Google drive video" (item 11) — used "Google drive video" as the prefix; add it to Acks_Formats type_prefix_map.
🟠 [AcksBuilder] Unknown media item type "Google drive video" (item 12) — used "Google drive video" as the prefix; add it to Acks_Formats type_prefix_map.
🟠 [AcksBuilder] Unknown media item type "Google drive video" (item 13) — used "Google drive video" as the prefix; add it to Acks_Formats type_prefix_map.
🟠 [AcksBuilder] YouTube metadata unavailable for item 14 (stubbed) — possible dead link worth checking: https://www.youtube.com/watch?v=hC8CH0Z3L54
🟠 [AcksBuilder] Unknown media item type "Google drive video" (item 15) — used "Google drive video" as the prefix; add it to Acks_Formats type_prefix_map.
🟠 [AcksBuilder] Unknown media item type "Google drive video" (item 16) — used "Google drive video" as the prefix; add it to Acks_Formats type_prefix_map.
🟠 [AcksBuilder] Unknown media item type "Google drive video" (item 17) — used "Google drive video" as the prefix; add it to Acks_Formats type_prefix_map.
🟠 [AcksBuilder] Unknown media item type "Google drive video" (item 18) — used "Google drive video" as the prefix; add it to Acks_Formats type_prefix_map.
🟠 [AcksBuilder] Unknown media item type "Google drive video" (item 19) — used "Google drive video" as the prefix; add it to Acks_Formats type_prefix_map.
🟠 [AcksBuilder] Unknown media item type "Google drive video" (item 20) — used "Google drive video" as the prefix; add it to Acks_Formats type_prefix_map.
🟠 [AcksBuilder] YouTube metadata unavailable for item 21 (stubbed) — possible dead link worth checking: https://www.youtube.com/watch?v=hC8CH0Z3L54
🟠 [AcksBuilder] Unknown media item type "Google drive video" (item 22) — used "Google drive video" as the prefix; add it to Acks_Formats type_prefix_map.
🟠 [AcksBuilder] Unknown media item type "Google drive video" (item 23) — used "Google drive video" as the prefix; add it to Acks_Formats type_prefix_map.
🟠 [AcksBuilder] Unknown media item type "Google drive video" (item 24) — used "Google drive video" as the prefix; add it to Acks_Formats type_prefix_map.
🟠 [AcksBuilder] Unknown media item type "Google drive video" (item 25) — used "Google drive video" as the prefix; add it to Acks_Formats type_prefix_map.
🟠 [AcksBuilder] Unknown media item type "Google drive video" (item 26) — used "Google drive video" as the prefix; add it to Acks_Formats type_prefix_map.
🟠 [AcksBuilder] Unknown media item type "Google drive video" (item 27) — used "Google drive video" as the prefix; add it to Acks_Formats type_prefix_map.
🟠 [AcksBuilder] YouTube metadata unavailable for item 28 (stubbed) — possible dead link worth checking: https://www.youtube.com/watch?v=hC8CH0Z3L54
🟠 [AcksBuilder] Unknown media item type "Google drive video" (item 29) — used "Google drive video" as the prefix; add it to Acks_Formats type_prefix_map.
🟠 [AcksBuilder] Unknown media item type "Google drive video" (item 30) — used "Google drive video" as the prefix; add it to Acks_Formats type_prefix_map.
🟠 [AcksBuilder] Unknown media item type "Google drive video" (item 31) — used "Google drive video" as the prefix; add it to Acks_Formats type_prefix_map.
🟠 [AcksBuilder] Unknown media item type "Google drive video" (item 32) — used "Google drive video" as the prefix; add it to Acks_Formats type_prefix_map.
🟠 [AcksBuilder] Unknown media item type "Google drive video" (item 33) — used "Google drive video" as the prefix; add it to Acks_Formats type_prefix_map.
🟠 [AcksBuilder] Unknown media item type "Google drive video" (item 34) — used "Google drive video" as the prefix; add it to Acks_Formats type_prefix_map.
🟠 [AcksBuilder] Unknown media item type "Google drive video" (item 35) — used "Google drive video" as the prefix; add it to Acks_Formats type_prefix_map.
🟠 [AcksBuilder] Unknown media item type "Google drive video" (item 36) — used "Google drive video" as the prefix; add it to Acks_Formats type_prefix_map.
🟠 [AcksBuilder] Unknown media item type "Google drive video" (item 37) — used "Google drive video" as the prefix; add it to Acks_Formats type_prefix_map.
🟠 [AcksBuilder] Unknown media item type "Google drive video" (item 38) — used "Google drive video" as the prefix; add it to Acks_Formats type_prefix_map.
🟠 [AcksBuilder] Unknown media item type "Google drive video" (item 39) — used "Google drive video" as the prefix; add it to Acks_Formats type_prefix_map.
🟠 [AcksBuilder] Unknown media item type "Google drive video" (item 40) — used "Google drive video" as the prefix; add it to Acks_Formats type_prefix_map.
🟠 [AcksBuilder] Unknown media item type "Google drive video" (item 41) — used "Google drive video" as the prefix; add it to Acks_Formats type_prefix_map.
🟠 [AcksBuilder] Unknown media item type "Google drive video" (item 42) — used "Google drive video" as the prefix; add it to Acks_Formats type_prefix_map.
🟠 [AcksBuilder] Unknown media item type "Youtube vudeo" (item 43) — used "Youtube vudeo" as the prefix; add it to Acks_Formats type_prefix_map.
🟠 [AcksBuilder] YouTube metadata unavailable for item 43 (stubbed) — possible dead link worth checking: https://www.youtube.com/watch?v=hC8CH0Z3L54
🟠 [AcksBuilder] Unknown media item type "Youtube vudeo" (item 43) — used "Youtube vudeo" as the prefix; add it to Acks_Formats type_prefix_map.
🟢 [AcksBuilder] Media item 4 placed in lesson 1.0 by neighbour interpolation — verify its group.
🟢 [AcksBuilder] Media item 5 placed in lesson 1.0 by neighbour interpolation — verify its group.
🟢 [AcksBuilder] Media item 6 placed in lesson 1.0 by neighbour interpolation — verify its group.
🟢 [AcksBuilder] Media item 7 placed in lesson 1.0 by neighbour interpolation — verify its group.
🟢 [AcksBuilder] Media item 8 placed in lesson 1.0 by neighbour interpolation — verify its group.
🟢 [AcksBuilder] Media item 9 placed in lesson 1.0 by neighbour interpolation — verify its group.
🟢 [AcksBuilder] Media item 10 placed in lesson 1.0 by neighbour interpolation — verify its group.
🟢 [AcksBuilder] Media item 11 placed in lesson 1.0 by neighbour interpolation — verify its group.
🟢 [AcksBuilder] Media item 12 placed in lesson 1.0 by neighbour interpolation — verify its group.
🟢 [AcksBuilder] Media item 13 placed in lesson 1.0 by neighbour interpolation — verify its group.
🟢 [AcksBuilder] Media item 14 placed in lesson 1.0 by neighbour interpolation — verify its group.
🟢 [AcksBuilder] Media item 15 placed in lesson 1.0 by neighbour interpolation — verify its group.
🟢 [AcksBuilder] Media item 16 placed in lesson 1.0 by neighbour interpolation — verify its group.
🟢 [AcksBuilder] Media item 17 placed in lesson 1.0 by neighbour interpolation — verify its group.
🟢 [AcksBuilder] Media item 18 placed in lesson 1.0 by neighbour interpolation — verify its group.
🟢 [AcksBuilder] Media item 19 placed in lesson 1.0 by neighbour interpolation — verify its group.
🟢 [AcksBuilder] Media item 20 placed in lesson 1.0 by neighbour interpolation — verify its group.
🟢 [AcksBuilder] Media item 21 placed in lesson 1.0 by neighbour interpolation — verify its group.
🟢 [AcksBuilder] Media item 22 placed in lesson 1.0 by neighbour interpolation — verify its group.
🟢 [AcksBuilder] Media item 23 placed in lesson 1.0 by neighbour interpolation — verify its group.
🟢 [AcksBuilder] Media item 24 placed in lesson 1.0 by neighbour interpolation — verify its group.
🟢 [AcksBuilder] Media item 25 placed in lesson 1.0 by neighbour interpolation — verify its group.
🟢 [AcksBuilder] Media item 26 placed in lesson 1.0 by neighbour interpolation — verify its group.
🟢 [AcksBuilder] Media item 27 placed in lesson 1.0 by neighbour interpolation — verify its group.
🟢 [AcksBuilder] Media item 28 placed in lesson 1.0 by neighbour interpolation — verify its group.
🟢 [AcksBuilder] Media item 29 placed in lesson 1.0 by neighbour interpolation — verify its group.
🟢 [AcksBuilder] Media item 30 placed in lesson 1.0 by neighbour interpolation — verify its group.
🟢 [AcksBuilder] Media item 31 placed in lesson 1.0 by neighbour interpolation — verify its group.
🟢 [AcksBuilder] Media item 32 placed in lesson 1.0 by neighbour interpolation — verify its group.
🟢 [AcksBuilder] Media item 33 placed in lesson 1.0 by neighbour interpolation — verify its group.
🟢 [AcksBuilder] Media item 34 placed in lesson 1.0 by neighbour interpolation — verify its group.
🟢 [AcksBuilder] Media item 35 placed in lesson 1.0 by neighbour interpolation — verify its group.
🟢 [AcksBuilder] Media item 36 placed in lesson 1.0 by neighbour interpolation — verify its group.
🟢 [AcksBuilder] Media item 37 placed in lesson 1.0 by neighbour interpolation — verify its group.
🟢 [AcksBuilder] Media item 38 placed in lesson 1.0 by neighbour interpolation — verify its group.
🟢 [AcksBuilder] Media item 39 placed in lesson 1.0 by neighbour interpolation — verify its group.
🟢 [AcksBuilder] Media item 40 placed in lesson 1.0 by neighbour interpolation — verify its group.
🟢 [AcksBuilder] Media item 41 placed in lesson 1.0 by neighbour interpolation — verify its group.
🟢 [AcksBuilder] Media item 42 placed in lesson 1.0 by neighbour interpolation — verify its group.
🟢 [AcksBuilder] Media item 43 placed in lesson 1.0 by neighbour interpolation — verify its group.
🟠 [AcksBuilder] Media item 1 could not be mapped to a lesson — placed in the first group (0.0); verify.
🟠 [AcksBuilder] Media item 2 could not be mapped to a lesson — placed in the first group (0.0); verify.
🟠 [AcksBuilder] 1 iStock title could not be verified (no *istock-acks*.txt was supplied); each is marked ❗ and the acks block carries a designer note.
🟠 [ModuleResolver] Multiple module-code candidates found (ENGC201, EN000) — using ENGC201 from filename "ENGC201 Writers Template + Media List.docx".
🟢 [DocxExtractor] Media-list boilerplate dropped: 3 blocks before the media table and 15 blocks after it (the submission checklist) — the template's own instructions, not content.
🟢 [ConventionResolver] HTML conventions from group 1-10 English|4-6: overview menu two_col_li, lesson menu flat.
🟢 [PageSplitter] [end page] before [MODULE INTRODUCTION] disregarded — the introduction stays on the overview page (AR-1).
🟢 [MenuBuilder] Menu heading "Tirohanga Whānui | Overview" is the section label — consumed (the menu scaffolding names it).
🟢 [InteractiveBuilder] Built carousel #1 from captured data (no placeholder needed).
🟠 [ContentConverter] Page 1.0: [activity] was never closed — closed at page end.
🟢 [InteractiveBuilder] Built carousel #6 from captured data (no placeholder needed).
🟢 [InteractiveBuilder] Built flipCard #7 from captured data (no placeholder needed).
🟠 [ContentConverter] Page 4.0: [activity] was never closed — closed at page end.
🟠 [ContentConverter] Page 5.0: [activity] was never closed — closed at page end.
🟢 [ContentConverter] Page 5.0: activity number normalised (page_number_normalise): 5B → 5C.
🟢 [ContentConverter] Page 6.0: activity box kept open for its trailing upload box (round 314).
🟢 [InteractiveBuilder] Built dropDown #19 from captured data (no placeholder needed).
🟢 [ContentConverter] Page 6.0: activity box closed after its upload box — the button is the box's last child (round 376).
🟠 [AcksBuilder] YouTube metadata unavailable for item  (stubbed) — possible dead link worth checking: https://www.youtube.com/watch?v=SNYy_PPcfmk
🟠 [AcksBuilder] YouTube metadata unavailable for item  (stubbed) — possible dead link worth checking: https://www.youtube.com/watch?v=dOkyKyVFnSs
🟠 [AcksBuilder] YouTube metadata unavailable for item  (stubbed) — possible dead link worth checking: https://www.youtube.com/watch?v=Uqi8xzH73XM
🟠 [AcksBuilder] Unknown media item type "jpg" (item ) — used "Jpg" as the prefix; add it to Acks_Formats type_prefix_map.
🟠 [AcksBuilder] Unknown media item type "jpg" (item ) — used "Jpg" as the prefix; add it to Acks_Formats type_prefix_map.
🟠 [AcksBuilder] Unknown media item type "jpg" (item ) — used "Jpg" as the prefix; add it to Acks_Formats type_prefix_map.
🟠 [AcksBuilder] Unknown media item type "jpg" (item ) — used "Jpg" as the prefix; add it to Acks_Formats type_prefix_map.
🟠 [AcksBuilder] Unknown media item type "jpg" (item ) — used "Jpg" as the prefix; add it to Acks_Formats type_prefix_map.
🟠 [AcksBuilder] Unknown media item type "jpg" (item ) — used "Jpg" as the prefix; add it to Acks_Formats type_prefix_map.
🟠 [AcksBuilder] Unknown media item type "jpg" (item ) — used "Jpg" as the prefix; add it to Acks_Formats type_prefix_map.
🟠 [AcksBuilder] YouTube metadata unavailable for item  (stubbed) — possible dead link worth checking: https://www.youtube.com/watch?v=bEYpfW5fbwQ
🟠 [AcksBuilder] Unknown media item type "jpg" (item ) — used "Jpg" as the prefix; add it to Acks_Formats type_prefix_map.
🟠 [AcksBuilder] Unknown media item type "mp4" (item ) — used "Mp4" as the prefix; add it to Acks_Formats type_prefix_map.
🟠 [AcksBuilder] Unknown media item type "mp4" (item ) — used "Mp4" as the prefix; add it to Acks_Formats type_prefix_map.
🟠 [AcksBuilder] YouTube metadata unavailable for item  (stubbed) — possible dead link worth checking: https://www.youtube.com/shorts/cPZEJGz0LCI
🟠 [AcksBuilder] Unknown media item type "jpg" (item ) — used "Jpg" as the prefix; add it to Acks_Formats type_prefix_map.
🟠 [AcksBuilder] Unknown media item type "jpg" (item ) — used "Jpg" as the prefix; add it to Acks_Formats type_prefix_map.
🟠 [AcksBuilder] Unknown media item type "jpg" (item ) — used "Jpg" as the prefix; add it to Acks_Formats type_prefix_map.
🟠 [AcksBuilder] Unknown media item type "jpg" (item ) — used "Jpg" as the prefix; add it to Acks_Formats type_prefix_map.
🟠 [AcksBuilder] Unknown media item type "jpg" (item ) — used "Jpg" as the prefix; add it to Acks_Formats type_prefix_map.
🟠 [AcksBuilder] Unknown media item type "jpg" (item ) — used "Jpg" as the prefix; add it to Acks_Formats type_prefix_map.
🟠 [AcksBuilder] Unknown media item type "jpg" (item ) — used "Jpg" as the prefix; add it to Acks_Formats type_prefix_map.
🟠 [AcksBuilder] YouTube metadata unavailable for item  (stubbed) — possible dead link worth checking: https://www.youtube.com/watch?v=_gjeTDH4XjU
🟠 [AcksBuilder] Unknown media item type "jpg" (item ) — used "Jpg" as the prefix; add it to Acks_Formats type_prefix_map.
🟠 [AcksBuilder] Unknown media item type "jpg" (item ) — used "Jpg" as the prefix; add it to Acks_Formats type_prefix_map.
🟠 [AcksBuilder] Unknown media item type "jpg" (item ) — used "Jpg" as the prefix; add it to Acks_Formats type_prefix_map.
🟠 [AcksBuilder] Unknown media item type "jpg" (item ) — used "Jpg" as the prefix; add it to Acks_Formats type_prefix_map.
🟠 [AcksBuilder] Unknown media item type "jpg" (item ) — used "Jpg" as the prefix; add it to Acks_Formats type_prefix_map.
🟠 [AcksBuilder] Unknown media item type "jpg" (item ) — used "Jpg" as the prefix; add it to Acks_Formats type_prefix_map.
🟠 [AcksBuilder] YouTube metadata unavailable for item  (stubbed) — possible dead link worth checking: https://www.youtube.com/watch?v=3_dAkDsBQyk
🟠 [AcksBuilder] Unknown media item type "jpg" (item ) — used "Jpg" as the prefix; add it to Acks_Formats type_prefix_map.
🟠 [AcksBuilder] YouTube metadata unavailable for item  (stubbed) — possible dead link worth checking: https://www.youtube.com/watch?v=t685WM5R6aM
🟠 [AcksBuilder] Unknown media item type "jmp3" (item ) — used "Jmp3" as the prefix; add it to Acks_Formats type_prefix_map.
🟠 [AcksBuilder] Unknown media item type "jpg" (item ) — used "Jpg" as the prefix; add it to Acks_Formats type_prefix_map.
🟠 [AcksBuilder] Unknown media item type "jpg" (item ) — used "Jpg" as the prefix; add it to Acks_Formats type_prefix_map.
🟠 [AcksBuilder] Unknown media item type "jpg" (item ) — used "Jpg" as the prefix; add it to Acks_Formats type_prefix_map.
🟠 [AcksBuilder] Unknown media item type "jpg" (item ) — used "Jpg" as the prefix; add it to Acks_Formats type_prefix_map.
🟠 [AcksBuilder] Unknown media item type "jpg" (item ) — used "Jpg" as the prefix; add it to Acks_Formats type_prefix_map.
🟠 [AcksBuilder] Unknown media item type "jpg" (item ) — used "Jpg" as the prefix; add it to Acks_Formats type_prefix_map.
🟠 [AcksBuilder] Unknown media item type "pdf" (item ) — used "Pdf" as the prefix; add it to Acks_Formats type_prefix_map.
🟠 [AcksBuilder] Unknown media item type "jpg" (item ) — used "Jpg" as the prefix; add it to Acks_Formats type_prefix_map.
🟠 [AcksBuilder] Unknown media item type "jpg" (item ) — used "Jpg" as the prefix; add it to Acks_Formats type_prefix_map.
🟠 [AcksBuilder] Unknown media item type "jpg" (item ) — used "Jpg" as the prefix; add it to Acks_Formats type_prefix_map.
🟠 [AcksBuilder] Unknown media item type "jpg" (item ) — used "Jpg" as the prefix; add it to Acks_Formats type_prefix_map.
🟠 [AcksBuilder] Unknown media item type "jpg" (item ) — used "Jpg" as the prefix; add it to Acks_Formats type_prefix_map.
🟠 [AcksBuilder] Unknown media item type "jpg" (item ) — used "Jpg" as the prefix; add it to Acks_Formats type_prefix_map.
🟠 [AcksBuilder] Unknown media item type "jpg" (item ) — used "Jpg" as the prefix; add it to Acks_Formats type_prefix_map.
🟠 [AcksBuilder] Unknown media item type "jpg" (item ) — used "Jpg" as the prefix; add it to Acks_Formats type_prefix_map.
🟠 [AcksBuilder] Unknown media item type "pdf" (item ) — used "Pdf" as the prefix; add it to Acks_Formats type_prefix_map.
🟠 [AcksBuilder] Unknown media item type "pdf" (item ) — used "Pdf" as the prefix; add it to Acks_Formats type_prefix_map.
🟠 [AcksBuilder] Unknown media item type "pdf" (item ) — used "Pdf" as the prefix; add it to Acks_Formats type_prefix_map.
🟠 [AcksBuilder] Unknown media item type "jpg" (item ) — used "Jpg" as the prefix; add it to Acks_Formats type_prefix_map.
🟠 [AcksBuilder] Unknown media item type "book" (item ) — used "Book" as the prefix; add it to Acks_Formats type_prefix_map.
🟠 [AcksBuilder] Unknown media item type "jpg" (item ) — used "Jpg" as the prefix; add it to Acks_Formats type_prefix_map.
🟠 [AcksBuilder] Unknown media item type "jpg" (item ) — used "Jpg" as the prefix; add it to Acks_Formats type_prefix_map.
🟠 [AcksBuilder] Unknown media item type "jpg" (item ) — used "Jpg" as the prefix; add it to Acks_Formats type_prefix_map.
🟠 [AcksBuilder] Unknown media item type "jpg" (item ) — used "Jpg" as the prefix; add it to Acks_Formats type_prefix_map.
🟠 [AcksBuilder] Unknown media item type "jpg" (item ) — used "Jpg" as the prefix; add it to Acks_Formats type_prefix_map.
🟠 [AcksBuilder] Unknown media item type "jpg" (item ) — used "Jpg" as the prefix; add it to Acks_Formats type_prefix_map.
🟠 [AcksBuilder] Unknown media item type "jpg" (item ) — used "Jpg" as the prefix; add it to Acks_Formats type_prefix_map.
🟠 [AcksBuilder] YouTube metadata unavailable for item  (stubbed) — possible dead link worth checking: https://www.youtube.com/watch?v=6AObsDxWTTc
🟠 [AcksBuilder] Unknown media item type "jpg" (item ) — used "Jpg" as the prefix; add it to Acks_Formats type_prefix_map.
🟠 [AcksBuilder] Unknown media item type "jpg" (item ) — used "Jpg" as the prefix; add it to Acks_Formats type_prefix_map.
🟠 [AcksBuilder] Unknown media item type "jpg" (item ) — used "Jpg" as the prefix; add it to Acks_Formats type_prefix_map.
🟠 [AcksBuilder] Unknown media item type "jpg" (item ) — used "Jpg" as the prefix; add it to Acks_Formats type_prefix_map.
🟠 [AcksBuilder] Unknown media item type "jpg" (item ) — used "Jpg" as the prefix; add it to Acks_Formats type_prefix_map.
🟠 [AcksBuilder] Media item  sits between lessons 4.0 and 5.0 — placed in 4.0; verify.
🟢 [AcksBuilder] Media item  placed in lesson 6.0 by neighbour interpolation — verify its group.
🟠 [AcksBuilder] 1 iStock title could not be verified (no *istock-acks*.txt was supplied); each is marked ❗ and the acks block carries a designer note.
🟠 [ModuleResolver] Multiple module-code candidates found (ENGI302, EN000) — using ENGI302 from filename "ENGI302 Writers Template + Media List.docx".
🟢 [DocxExtractor] Media-list boilerplate dropped: 3 blocks before the media table and 15 blocks after it (the submission checklist) — the template's own instructions, not content.
🟢 [ConventionResolver] HTML conventions from series ENGI (deviation over 1-10 English|7-8): overview menu two_col_li, lesson menu flat.
🟢 [PageSplitter] [end page] before [MODULE INTRODUCTION] disregarded — the introduction stays on the overview page (AR-1).
🟢 [MenuBuilder] Menu heading "Tirohanga Whānui | Overview" is the section label — consumed (the menu scaffolding names it).
🟢 [ContentConverter] Page 2.0: [activity] auto-closed before the next activity.
🟠 [ContentConverter] Page 2.0: [activity] was never closed — closed at page end.
🟢 [InteractiveBuilder] Built carousel #5 from captured data (no placeholder needed).
🟢 [InteractiveBuilder] Built dragAndDrop #7 from captured data (no placeholder needed).
🟢 [InteractiveBuilder] Built carousel #10 from captured data (no placeholder needed).
🟢 [InteractiveBuilder] Built flipCard #11 from captured data (no placeholder needed).
🟢 [ContentConverter] Page 6.0: [activity] auto-closed before the next activity.
🟢 [InteractiveBuilder] Built dropDown #14 from captured data (no placeholder needed).
🟢 [ContentConverter] Page 6.0: activity box closed after its upload box — the button is the box's last child (round 376).
🟠 [AcksBuilder] YouTube metadata unavailable for item  (stubbed) — possible dead link worth checking: https://www.youtube.com/watch?v=uOmAmZiV8TI
🟠 [AcksBuilder] YouTube metadata unavailable for item  (stubbed) — possible dead link worth checking: https://www.youtube.com/watch?v=eaVh8yGbXNc
🟠 [AcksBuilder] Unknown media item type "jpg" (item ) — used "Jpg" as the prefix; add it to Acks_Formats type_prefix_map.
🟠 [AcksBuilder] Unknown media item type "text" (item ) — used "Text" as the prefix; add it to Acks_Formats type_prefix_map.
🟠 [AcksBuilder] Unknown media item type "jpg" (item 12.) — used "Jpg" as the prefix; add it to Acks_Formats type_prefix_map.
🟠 [AcksBuilder] Unknown media item type "text" (item ) — used "Text" as the prefix; add it to Acks_Formats type_prefix_map.
🟠 [AcksBuilder] Unknown media item type "text" (item ) — used "Text" as the prefix; add it to Acks_Formats type_prefix_map.
🟠 [AcksBuilder] Unknown media item type "text" (item ) — used "Text" as the prefix; add it to Acks_Formats type_prefix_map.
🟠 [AcksBuilder] Unknown media item type "text" (item ) — used "Text" as the prefix; add it to Acks_Formats type_prefix_map.
🟠 [AcksBuilder] Unknown media item type "text" (item ) — used "Text" as the prefix; add it to Acks_Formats type_prefix_map.
🟠 [AcksBuilder] Unknown media item type "text" (item ) — used "Text" as the prefix; add it to Acks_Formats type_prefix_map.
🟠 [AcksBuilder] Unknown media item type "text" (item ) — used "Text" as the prefix; add it to Acks_Formats type_prefix_map.
🟠 [AcksBuilder] Unknown media item type "text" (item ) — used "Text" as the prefix; add it to Acks_Formats type_prefix_map.
🟠 [AcksBuilder] Unknown media item type "text" (item ) — used "Text" as the prefix; add it to Acks_Formats type_prefix_map.
🟠 [AcksBuilder] Unknown media item type "jpg" (item ) — used "Jpg" as the prefix; add it to Acks_Formats type_prefix_map.
🟠 [AcksBuilder] YouTube metadata unavailable for item  (stubbed) — possible dead link worth checking: https://www.youtube.com/watch?v=vDGrfhJH1P4
🟠 [AcksBuilder] Unknown media item type "text" (item ) — used "Text" as the prefix; add it to Acks_Formats type_prefix_map.
🟠 [AcksBuilder] YouTube metadata unavailable for item  (stubbed) — possible dead link worth checking: https://www.youtube.com/watch?v=GqV0V6bV9ZA
🟠 [AcksBuilder] Unknown media item type "jpg" (item ) — used "Jpg" as the prefix; add it to Acks_Formats type_prefix_map.
🟠 [AcksBuilder] Unknown media item type "text" (item ) — used "Text" as the prefix; add it to Acks_Formats type_prefix_map.
🟠 [AcksBuilder] YouTube metadata unavailable for item  (stubbed) — possible dead link worth checking: https://www.youtube.com/watch?v=xH5EgQS8ZIE
🟠 [AcksBuilder] Unknown media item type "jpg" (item ) — used "Jpg" as the prefix; add it to Acks_Formats type_prefix_map.
🟠 [AcksBuilder] Unknown media item type "jpg" (item ) — used "Jpg" as the prefix; add it to Acks_Formats type_prefix_map.
🟠 [AcksBuilder] Unknown media item type "jpg" (item ) — used "Jpg" as the prefix; add it to Acks_Formats type_prefix_map.
🟠 [AcksBuilder] Unknown media item type "jpg" (item 38.) — used "Jpg" as the prefix; add it to Acks_Formats type_prefix_map.
🟠 [AcksBuilder] YouTube metadata unavailable for item 39. (stubbed) — possible dead link worth checking: https://www.youtube.com/watch?v=NpWHZJZQDSE&t=8s
🟠 [AcksBuilder] Unknown media item type "jpg" (item 40.) — used "Jpg" as the prefix; add it to Acks_Formats type_prefix_map.
🟢 [AcksBuilder] Media item  placed in lesson 2.0 by neighbour interpolation — verify its group.
🟢 [AcksBuilder] Media item  placed in lesson 2.0 by neighbour interpolation — verify its group.
🟢 [AcksBuilder] Media item  placed in lesson 3.0 by neighbour interpolation — verify its group.
🟢 [AcksBuilder] Media item  placed in lesson 3.0 by neighbour interpolation — verify its group.
🟠 [AcksBuilder] Media item  sits between lessons 4.0 and 5.0 — placed in 4.0; verify.
🟢 [AcksBuilder] Media item  placed in lesson 5.0 by neighbour interpolation — verify its group.
🟢 [AcksBuilder] Media item  placed in lesson 5.0 by neighbour interpolation — verify its group.
🟠 [AcksBuilder] 3 iStock titles could not be verified (no *istock-acks*.txt was supplied); each is marked ❗ and the acks block carries a designer note.
🟢 [DocxExtractor] Media-list boilerplate dropped: 3 blocks before the media table — the template's own instructions, not content.
🟢 [ConventionResolver] HTML conventions from group 1-10 English|4-6: overview menu two_col_li, lesson menu flat.
🟢 [PageSplitter] [end page] before [MODULE INTRODUCTION] disregarded — the introduction stays on the overview page (AR-1).
🟢 [InteractiveBuilder] Built carousel #1 from captured data (no placeholder needed).
🟢 [MenuBuilder] Menu heading "Tirohanga Whānui | Overview" is the section label — consumed (the menu scaffolding names it).
🟢 [InteractiveScanner] speechBubble: additional widget [speech bubble] absorbed (speechBubble + speechBubble).
🟢 [InteractiveScanner] speechBubble: additional widget [speech bubble] absorbed (speechBubble + speechBubble).
🟢 [InteractiveScanner] speechBubble: additional widget [speech bubble] absorbed (speechBubble + speechBubble).
🟢 [InteractiveScanner] Activity 1A: additional widget [click drop] absorbed (unclassified + clickDrop).
🟢 [InteractiveScanner] Activity 1A: additional widget [speech bubble] absorbed (unclassified + speechBubble).
🟢 [InteractiveScanner] Activity 1A: additional widget [drag and drop] absorbed (unclassified + dragAndDrop).
🟢 [InteractiveScanner] speechBubble: additional widget [speech bubble] absorbed (speechBubble + speechBubble).
🟢 [InteractiveBuilder] Built speechBubble #2 from captured data (no placeholder needed).
🟢 [InteractiveBuilder] Built speechBubble #3 from captured data (no placeholder needed).
🟢 [InteractiveBuilder] Built clickDrop #4 from captured data (no placeholder needed).
🟢 [InteractiveBuilder] Built carousel #5 from captured data (no placeholder needed).
🟢 [InteractiveBuilder] Built clickDrop #7 from captured data (no placeholder needed).
🟢 [InteractiveBuilder] Built flipCard #8 from captured data (no placeholder needed).
🟢 [InteractiveBuilder] Built clickDrop #9 from captured data (no placeholder needed).
🟢 [InteractiveBuilder] Built speechBubble #10 from captured data (no placeholder needed).
🟢 [InteractiveScanner] speechBubble: additional widget [speech bubble] absorbed (speechBubble + speechBubble).
🟢 [InteractiveScanner] Activity 2B: additional widget [drag and drop] absorbed (dragAndDrop + dragAndDrop).
🟢 [InteractiveBuilder] Built speechBubble #11 from captured data (no placeholder needed).
🟢 [InteractiveBuilder] Built hintSlider #12 from captured data (no placeholder needed).
🟢 [InteractiveBuilder] Built speechBubble #13 from captured data (no placeholder needed).
🟠 [ContentConverter] Page 2.0: [activity] was never closed — closed at page end.
🟢 [InteractiveBuilder] Built speechBubble #15 from captured data (no placeholder needed).
🟢 [InteractiveBuilder] Built speechBubble #16 from captured data (no placeholder needed).
🟢 [InteractiveBuilder] Built speechBubble #17 from captured data (no placeholder needed).
🟢 [InteractiveBuilder] Built clickDrop #18 from captured data (no placeholder needed).
🟢 [ContentConverter] Page 3.0: [end click drop] had no open container — ignored.
🟢 [InteractiveScanner] Activity 4A: additional widget [accordion] absorbed (accordion + accordion).
🟢 [InteractiveScanner] Activity 4A: additional widget [accordion] absorbed (accordion + accordion).
🟢 [InteractiveBuilder] Built speechBubble #19 from captured data (no placeholder needed).
🟢 [InteractiveBuilder] Built accordion #20 from captured data (no placeholder needed).
🟢 [InteractiveBuilder] Built speechBubble #21 from captured data (no placeholder needed).
🟢 [InteractiveScanner] speechBubble: additional widget [speech bubble] absorbed (speechBubble + speechBubble).
🟢 [InteractiveScanner] speechBubble: additional widget [speech bubble] absorbed (speechBubble + speechBubble).
🟢 [InteractiveScanner] Activity 6A: additional widget [hint slider] absorbed (hintSlider + hintSlider).
🟢 [InteractiveScanner] Activity 6A: additional widget [hint slider] absorbed (hintSlider + hintSlider).
🟢 [InteractiveScanner] Activity 6A: additional widget [hint slider] absorbed (hintSlider + hintSlider).
🟢 [InteractiveScanner] speechBubble: additional widget [speech bubble] absorbed (speechBubble + speechBubble).
🟢 [InteractiveScanner] speechBubble: additional widget [speech bubble] absorbed (speechBubble + speechBubble).
🟢 [InteractiveScanner] speechBubble: additional widget [speech bubble] absorbed (speechBubble + speechBubble).
🟢 [InteractiveScanner] speechBubble: additional widget [speech bubble] absorbed (speechBubble + speechBubble).
🟢 [InteractiveBuilder] Built speechBubble #24 from captured data (no placeholder needed).
🟢 [InteractiveBuilder] Built speechBubble #25 from captured data (no placeholder needed).
🟢 [InteractiveBuilder] Built hintSlider #26 from captured data (no placeholder needed).
🟢 [InteractiveBuilder] Built speechBubble #27 from captured data (no placeholder needed).
🟢 [InteractiveScanner] clickDrop: additional widget [click drop] absorbed (clickDrop + clickDrop).
🟢 [InteractiveScanner] clickDrop: additional widget [click drop] absorbed (clickDrop + clickDrop).
🟢 [InteractiveScanner] clickDrop: additional widget [click drop] absorbed (clickDrop + clickDrop).
🟢 [InteractiveScanner] Activity 7A: additional widget [accordion] absorbed (accordion + accordion).
🟢 [InteractiveScanner] Activity 7A: additional widget [accordion] absorbed (accordion + accordion).
🟢 [InteractiveScanner] Activity 7A: additional widget [accordion] absorbed (accordion + accordion).
🟢 [InteractiveScanner] Activity 7A: additional widget [accordion] absorbed (accordion + accordion).
🟢 [InteractiveBuilder] Built carousel #28 from captured data (no placeholder needed).
🟢 [InteractiveBuilder] Built clickDrop #29 from captured data (no placeholder needed).
🟢 [InteractiveBuilder] Built accordion #30 from captured data (no placeholder needed).
🟢 [InteractiveBuilder] Built dropDown #31 from captured data (no placeholder needed).
🟠 [AcksBuilder] Unknown media item type "image / image" (item ) — used "Image / image" as the prefix; add it to Acks_Formats type_prefix_map.
🟢 [AcksBuilder] Media item  ("Link") is a lesson link — no acknowledgement (scope rule).
🟠 [AcksBuilder] YouTube metadata unavailable for item  (stubbed) — possible dead link worth checking: https://www.youtube.com/watch?v=u4jc3KzqaOM
🟠 [AcksBuilder] YouTube metadata unavailable for item  (stubbed) — possible dead link worth checking: https://www.youtube.com/watch?v=6gDzO9fZS0o
🟠 [AcksBuilder] Unknown media item type "CS Sourced image" (item ) — used "Cs sourced image" as the prefix; add it to Acks_Formats type_prefix_map.
🟠 [AcksBuilder] Unknown media item type "CS developed image(Advertisement)" (item ) — used "Cs developed image(advertisement)" as the prefix; add it to Acks_Formats type_prefix_map.
🟠 [AcksBuilder] Unknown media item type "pdf" (item ) — used "Pdf" as the prefix; add it to Acks_Formats type_prefix_map.
🟠 [AcksBuilder] Unknown media item type "pdf" (item ) — used "Pdf" as the prefix; add it to Acks_Formats type_prefix_map.
🟠 [AcksBuilder] Unknown media item type "pdf" (item ) — used "Pdf" as the prefix; add it to Acks_Formats type_prefix_map.
🟠 [AcksBuilder] Unknown media item type "CS developed image(Article)" (item ) — used "Cs developed image(article)" as the prefix; add it to Acks_Formats type_prefix_map.
🟠 [AcksBuilder] Unknown media item type "Image for CS Article" (item ) — used "Image for cs article" as the prefix; add it to Acks_Formats type_prefix_map.
🟠 [AcksBuilder] Unknown media item type "Image for CS Article" (item ) — used "Image for cs article" as the prefix; add it to Acks_Formats type_prefix_map.
🟠 [AcksBuilder] Unknown media item type "CS developed PDF (Inforamtive text)" (item ) — used "Cs developed pdf (inforamtive text)" as the prefix; add it to Acks_Formats type_prefix_map.
🟠 [AcksBuilder] Unknown media item type "CS Developed image(Lion diagram)" (item ) — used "Cs developed image(lion diagram)" as the prefix; add it to Acks_Formats type_prefix_map.
🟠 [AcksBuilder] Unknown media item type "Imagefor cs lion report" (item ) — used "Imagefor cs lion report" as the prefix; add it to Acks_Formats type_prefix_map.
🟠 [AcksBuilder] Unknown media item type "Chart for CS lion report" (item ) — used "Chart for cs lion report" as the prefix; add it to Acks_Formats type_prefix_map.
🟠 [AcksBuilder] Unknown media item type "CS Developed image( Fruit bar graph)" (item ) — used "Cs developed image( fruit bar graph)" as the prefix; add it to Acks_Formats type_prefix_map.
🟠 [AcksBuilder] 34 iStock titles could not be verified (no *istock-acks*.txt was supplied); each is marked ❗ and the acks block carries a designer note.
🟢 [DocxExtractor] Media-list boilerplate dropped: 3 blocks before the media table — the template's own instructions, not content.
🟢 [ConventionResolver] HTML conventions from group EXPlore|combo: overview menu two_col_li, lesson menu default.
🟢 [PageSplitter] Document opens without a literal [TITLE BAR] — overview page opened at the first content tag (Fundamentals-style template).
🟢 [InteractiveScanner] Page 0.0: 6 id-carrying heading(s) re-tagged as [Activity N] openers (opener_rule.id_heading_opener).
🟢 [InteractiveScanner] accordion: additional widget [accordion] absorbed (accordion + accordion).
🟢 [InteractiveScanner] accordion: additional widget [accordion] absorbed (accordion + accordion).
🟢 [InteractiveScanner] accordion: additional widget [accordion] absorbed (accordion + accordion).
🟢 [InteractiveScanner] modal: additional widget [modal] absorbed (modal + modal).
🟢 [InteractiveScanner] modal: additional widget [modal] absorbed (modal + modal).
🟢 [InteractiveScanner] modal: additional widget [modal] absorbed (modal + modal).
🟢 [InteractiveScanner] accordion: additional widget [accordion] absorbed (accordion + accordion).
🟢 [InteractiveScanner] accordion: additional widget [accordion] absorbed (accordion + accordion).
🟢 [InteractiveScanner] accordion: additional widget [accordion] absorbed (accordion + accordion).
🟢 [InteractiveScanner] modal: additional widget [modal] absorbed (modal + modal).
🟢 [InteractiveScanner] modal: additional widget [modal] absorbed (modal + modal).
🟢 [InteractiveScanner] modal: additional widget [modal] absorbed (modal + modal).
🟢 [InteractiveScanner] modal: additional widget [modal] absorbed (modal + modal).
🟢 [InteractiveScanner] accordion: additional widget [accordion] absorbed (accordion + accordion).
🟢 [InteractiveScanner] accordion: additional widget [accordion] absorbed (accordion + accordion).
🟢 [InteractiveScanner] accordion: additional widget [accordion] absorbed (accordion + accordion).
🟢 [InteractiveScanner] modal: additional widget [modal] absorbed (modal + modal).
🟢 [InteractiveScanner] modal: additional widget [modal] absorbed (modal + modal).
🟢 [InteractiveScanner] modal: additional widget [modal] absorbed (modal + modal).
🟢 [InteractiveScanner] modal: additional widget [modal] absorbed (modal + modal).
🟢 [InteractiveScanner] accordion: additional widget [accordion] absorbed (accordion + accordion).
🟢 [InteractiveScanner] accordion: additional widget [accordion] absorbed (accordion + accordion).
🟢 [InteractiveScanner] accordion: additional widget [accordion] absorbed (accordion + accordion).
🟢 [InteractiveScanner] modal: additional widget [modal] absorbed (modal + modal).
🟢 [InteractiveScanner] modal: additional widget [modal] absorbed (modal + modal).
🟢 [InteractiveScanner] modal: additional widget [modal] absorbed (modal + modal).
🟢 [InteractiveScanner] modal: additional widget [modal] absorbed (modal + modal).
🟢 [InteractiveScanner] accordion: additional widget [accordion] absorbed (accordion + accordion).
🟢 [InteractiveScanner] accordion: additional widget [accordion] absorbed (accordion + accordion).
🟢 [InteractiveScanner] accordion: additional widget [accordion] absorbed (accordion + accordion).
🟢 [InteractiveScanner] modal: additional widget [modal] absorbed (modal + modal).
🟢 [InteractiveScanner] modal: additional widget [modal] absorbed (modal + modal).
🟢 [InteractiveScanner] modal: additional widget [modal] absorbed (modal + modal).
🟢 [InteractiveScanner] modal: additional widget [modal] absorbed (modal + modal).
🟢 [InteractiveScanner] accordion: additional widget [accordion] absorbed (accordion + accordion).
🟢 [InteractiveScanner] accordion: additional widget [accordion] absorbed (accordion + accordion).
🟢 [InteractiveScanner] accordion: additional widget [accordion] absorbed (accordion + accordion).
🟢 [InteractiveScanner] modal: additional widget [modal] absorbed (modal + modal).
🟢 [InteractiveScanner] modal: additional widget [modal] absorbed (modal + modal).
🟢 [InteractiveScanner] modal: additional widget [modal] absorbed (modal + modal).
🟢 [InteractiveScanner] modal: additional widget [modal] absorbed (modal + modal).
🟢 [InteractiveBuilder] Built carousel #1 from captured data (no placeholder needed).
🟢 [InteractiveBuilder] Built accordion #2 from captured data (no placeholder needed).
🟢 [InteractiveBuilder] Built modal #3 from captured data (no placeholder needed).
🟢 [InteractiveBuilder] Built modal #4 from captured data (no placeholder needed).
🟢 [InteractiveBuilder] Built modal #5 from captured data (no placeholder needed).
🟢 [ContentConverter] Page 0.0: [end modal] had no open container — ignored.
🟢 [InteractiveBuilder] Built carousel #6 from captured data (no placeholder needed).
🟢 [InteractiveBuilder] Built accordion #7 from captured data (no placeholder needed).
🟢 [InteractiveBuilder] Built modal #8 from captured data (no placeholder needed).
🟢 [InteractiveBuilder] Built modal #9 from captured data (no placeholder needed).
🟢 [InteractiveBuilder] Built modal #10 from captured data (no placeholder needed).
🟢 [InteractiveBuilder] Built carousel #11 from captured data (no placeholder needed).
🟢 [InteractiveBuilder] Built accordion #12 from captured data (no placeholder needed).
🟢 [ContentConverter] Page 0.0: [end accordion] had no open container — ignored.
🟢 [InteractiveBuilder] Built modal #13 from captured data (no placeholder needed).
🟢 [InteractiveBuilder] Built modal #14 from captured data (no placeholder needed).
🟢 [InteractiveBuilder] Built modal #15 from captured data (no placeholder needed).
🟢 [ContentConverter] Page 0.0: [end modal] had no open container — ignored.
🟢 [InteractiveBuilder] Built carousel #16 from captured data (no placeholder needed).
🟢 [InteractiveBuilder] Built accordion #17 from captured data (no placeholder needed).
🟢 [InteractiveBuilder] Built modal #18 from captured data (no placeholder needed).
🟢 [InteractiveBuilder] Built modal #19 from captured data (no placeholder needed).
🟢 [InteractiveBuilder] Built modal #20 from captured data (no placeholder needed).
🟢 [InteractiveBuilder] Built carousel #21 from captured data (no placeholder needed).
🟢 [InteractiveBuilder] Built accordion #22 from captured data (no placeholder needed).
🟢 [InteractiveBuilder] Built modal #23 from captured data (no placeholder needed).
🟢 [InteractiveBuilder] Built modal #24 from captured data (no placeholder needed).
🟢 [InteractiveBuilder] Built modal #25 from captured data (no placeholder needed).
🟢 [InteractiveBuilder] Built carousel #26 from captured data (no placeholder needed).
🟢 [InteractiveBuilder] Built accordion #27 from captured data (no placeholder needed).
🟢 [InteractiveBuilder] Built modal #28 from captured data (no placeholder needed).
🟢 [InteractiveBuilder] Built modal #29 from captured data (no placeholder needed).
🟢 [InteractiveBuilder] Built modal #30 from captured data (no placeholder needed).
🟢 [PanelsBuilder] 6 panel title heading(s) set to h2 (first_heading_level).
🟠 [AcksBuilder] YouTube metadata unavailable for item  (stubbed) — possible dead link worth checking: https://www.youtube.com/watch?v=-_oqghnxBmY
🟠 [AcksBuilder] YouTube metadata unavailable for item  (stubbed) — possible dead link worth checking: https://www.youtube.com/watch?v=5VX7sojco3s
🟠 [AcksBuilder] YouTube metadata unavailable for item  (stubbed) — possible dead link worth checking: https://www.youtube.com/watch?v=2-5KeCM0XYQ
🟠 [AcksBuilder] YouTube metadata unavailable for item  (stubbed) — possible dead link worth checking: https://www.youtube.com/watch?v=PTD_EZWCO7w
🟠 [AcksBuilder] YouTube metadata unavailable for item  (stubbed) — possible dead link worth checking: https://www.youtube.com/watch?v=n7RTRLTIuYw
🟠 [AcksBuilder] YouTube metadata unavailable for item  (stubbed) — possible dead link worth checking: https://www.youtube.com/watch?v=BW82k7lwI_U
🟠 [AcksBuilder] YouTube metadata unavailable for item  (stubbed) — possible dead link worth checking: https://www.youtube.com/watch?v=ui8X_TTFIzI
🟠 [AcksBuilder] YouTube metadata unavailable for item  (stubbed) — possible dead link worth checking: https://www.youtube.com/watch?v=QRvpM34drpU&t=28s
🟠 [AcksBuilder] YouTube metadata unavailable for item  (stubbed) — possible dead link worth checking: https://www.youtube.com/watch?v=1DTRjAqC61s
🟠 [AcksBuilder] YouTube metadata unavailable for item  (stubbed) — possible dead link worth checking: https://www.youtube.com/watch?v=tqz7UcCgbLA
🟠 [AcksBuilder] YouTube metadata unavailable for item  (stubbed) — possible dead link worth checking: https://www.youtube.com/watch?v=O5uKJVDFHFw
🟠 [AcksBuilder] YouTube metadata unavailable for item  (stubbed) — possible dead link worth checking: https://www.youtube.com/watch?v=kQjhSXu2tqA
🟠 [AcksBuilder] YouTube metadata unavailable for item  (stubbed) — possible dead link worth checking: https://www.youtube.com/watch?v=_IZMVMf4NQ0
🟠 [AcksBuilder] YouTube metadata unavailable for item  (stubbed) — possible dead link worth checking: https://www.youtube.com/watch?v=kn8frIzQupA
🟠 [AcksBuilder] YouTube metadata unavailable for item  (stubbed) — possible dead link worth checking: https://www.youtube.com/watch?v=3hb0QXQTlV8
🟠 [AcksBuilder] YouTube metadata unavailable for item  (stubbed) — possible dead link worth checking: https://www.youtube.com/watch?v=LhQWrHQwYTk&list=PLA2DahRgmhYQp2HU8XctwwgOySAvtLn0D
🟠 [AcksBuilder] YouTube metadata unavailable for item  (stubbed) — possible dead link worth checking: https://www.youtube.com/watch?v=0GjAHJSHDTs
🟠 [AcksBuilder] 3 iStock titles could not be verified (no *istock-acks*.txt was supplied); each is marked ❗ and the acks block carries a designer note.
🟢 [DocxExtractor] Media-list boilerplate dropped: 3 blocks before the media table — the template's own instructions, not content.
🟢 [ConventionResolver] HTML conventions from group NCEA1|NCEA: overview menu tabs, lesson menu flat.
🟢 [PageSplitter] "[rollover for mana: if you are not familiar with mana, pleas" mentions lesson inside a writer instruction — not a page boundary (lesson_boundary_guard).
🟢 [PageSplitter] [end page] before [MODULE INTRODUCTION] disregarded — the introduction stays on the overview page (AR-1).
🟢 [PageSplitter] Adjacent page boundaries merged — no empty page emitted (AR-2).
🟢 [PageSplitter] Implicit page break: content continues after [end page] without a [LESSON] tag — opened page 4.0.
🟢 [PageSplitter] "[this source has the complaint pages in white but for some r" mentions page inside a writer instruction — not a page boundary (lesson_boundary_guard).
🟢 [PageSplitter] Content after the final [end page] (19 blocks) is writer-form boilerplate — not emitted (AR-5).
🟠 [PageSplitter] Duplicate lesson label 4.0 (writers reused the number) — relabelled to 5.0; check the source numbering.
🟠 [PageSplitter] Duplicate lesson label 5.0 (writers reused the number) — relabelled to 6.0; check the source numbering.
🟠 [PageSplitter] Duplicate lesson label 6.0 (writers reused the number) — relabelled to 7.0; check the source numbering.
🟠 [PageSplitter] Duplicate lesson label 7.0 (writers reused the number) — relabelled to 8.0; check the source numbering.
🟠 [PageSplitter] Duplicate lesson label 8.0 (writers reused the number) — relabelled to 9.0; check the source numbering.
🟠 [PageSplitter] Duplicate lesson label 9.0 (writers reused the number) — relabelled to 10.0; check the source numbering.
🟠 [PageSplitter] Duplicate lesson label 10.0 (writers reused the number) — relabelled to 11.0; check the source numbering.
🟠 [ContentConverter] Page 0.0: [activity] was never closed — closed at page end.
🟢 [MenuBuilder] Menu heading "Tirohanga Whānui | Overview" is the section label — consumed (the menu scaffolding names it).
🟢 [MenuBuilder] Menu section "Aromatawai | Assessment for Learning" promoted to its own "Standards" nav tab (menu.extra_tabs registry).
🟢 [MenuBuilder] Information pane composed as the group's two-column form (menu.tab2_cols registry, kind "balance").
🟢 [ActivitiesBuilder] 1 activity title heading(s) set to h3 (title_heading_level).
🟢 [ContentConverter] Page 1.0: layout-note [activity] opener merged into the adjacent numbered activity (no empty box).
🟢 [ContentConverter] Page 1.0: layout-note [activity] opener merged into the adjacent numbered activity (no empty box).
🟢 [ContentConverter] Page 1.0: layout-note [activity] opener merged into the adjacent numbered activity (no empty box).
🟢 [ContentConverter] Page 1.0: mode [activity] opener suppressed — the numbered activity after it is owned by its widget bundle (round 379, no empty box).
🟢 [InteractiveBuilder] Built accordion #1 from captured data (no placeholder needed).
🟢 [ContentConverter] Page 1.0: [end other] had no open container — ignored.
🟢 [InteractiveScanner] Activity 1E: additional widget [drag and drop] absorbed (dragAndDrop + dragAndDrop).
🟢 [ContentConverter] Page 1.2: the lesson's simplified menu inherited from page 1.0 — a continuation page belongs to the same lesson (KB 01B; menu.lesson_continuation_inherits).
🟢 [ContentConverter] Page 1.2: mode [activity] opener suppressed — the numbered activity after it is owned by its widget bundle (round 379, no empty box).
🟢 [ContentConverter] Page 1.2: layout-note [activity] opener merged into the adjacent numbered activity (no empty box).
🟢 [ContentConverter] Page 1.2: [activity] auto-closed before the next alert.
🟢 [ContentConverter] Page 1.2: activity number normalised (page_number_normalise): 1E → 1A.
🟢 [InteractiveScanner] Activity 2D: additional widget [accordion] absorbed (accordion + accordion).
🟢 [InteractiveScanner] Activity 2D: additional widget [accordion] absorbed (accordion + accordion).
🟢 [InteractiveScanner] Activity 2D: additional widget [accordion] absorbed (accordion + accordion).
🟢 [ContentConverter] Page 2.0: layout-note [activity] opener merged into the adjacent numbered activity (no empty box).
🟢 [ContentConverter] Page 2.0: layout-note [activity] opener merged into the adjacent numbered activity (no empty box).
🟢 [ContentConverter] Page 2.0: [activity] auto-closed before the next important.
🟢 [ContentConverter] [important] spans to an explicit end tag (writer-authored box).
🟢 [ContentConverter] Page 2.0: [end other] had no open container — ignored.
🟢 [ContentConverter] Page 2.0: layout-note [activity] opener merged into the adjacent numbered activity (no empty box).
🟢 [ContentConverter] Page 2.0: mode [activity] opener suppressed — the numbered activity after it is owned by its widget bundle (round 379, no empty box).
🟢 [InteractiveBuilder] Built accordion #3 from captured data (no placeholder needed).
🟢 [ContentConverter] Page 2.0: [end other] had no open container — ignored.
🟢 [ContentConverter] Page 2.0: layout-note [activity] opener merged into the adjacent numbered activity (no empty box).
🟢 [ContentConverter] Page 2.1: the lesson's simplified menu inherited from page 2.0 — a continuation page belongs to the same lesson (KB 01B; menu.lesson_continuation_inherits).
🟢 [ContentConverter] Page 2.1: layout-note [activity] opener merged into the adjacent numbered activity (no empty box).
🟢 [ContentConverter] [alert] spans to an explicit end tag (writer-authored box).
🟢 [ContentConverter] Page 2.1: layout-note [activity] opener merged into the adjacent numbered activity (no empty box).
🟢 [ContentConverter] Page 2.1: mode [activity] opener suppressed — the numbered activity after it is owned by its widget bundle (round 379, no empty box).
🟢 [ContentConverter] Page 2.1: [end other] had no open container — ignored.
🟢 [InteractiveScanner] Activity 3B: additional widget [speech bubble] absorbed (accordion + speechBubble).
🟢 [ContentConverter] [button] with a video URL → the video embed (video_destination, next-tag-url).
🟢 [ContentConverter] Page 3.0: layout-note [activity] opener merged into the adjacent numbered activity (no empty box).
🟢 [ContentConverter] Page 3.0: mode [activity] opener suppressed — the numbered activity after it is owned by its widget bundle (round 379, no empty box).
🟢 [ContentConverter] Page 3.0: [end other] had no open container — ignored.
🟢 [ContentConverter] Page 3.1: the lesson's simplified menu inherited from page 3.0 — a continuation page belongs to the same lesson (KB 01B; menu.lesson_continuation_inherits).
🟢 [ContentConverter] Page 3.1: mode [activity] opener suppressed — the numbered activity after it is owned by its widget bundle (round 379, no empty box).
🟢 [ContentConverter] Page 3.1: [end other] had no open container — ignored.
🟢 [ContentConverter] Page 3.1: mode [activity] opener suppressed — the numbered activity after it is owned by its widget bundle (round 379, no empty box).
🟢 [ContentConverter] Page 3.1: [end other] had no open container — ignored.
🟢 [ContentConverter] Page 3.1: layout-note [activity] opener merged into the adjacent numbered activity (no empty box).
🟢 [ContentConverter] Page 3.1: layout-note [activity] opener merged into the adjacent numbered activity (no empty box).
🟢 [ContentConverter] Page 5.0: layout-note [activity] opener merged into the adjacent numbered activity (no empty box).
🟢 [ContentConverter] Page 5.0: layout-note [activity] opener merged into the adjacent numbered activity (no empty box).
🟢 [ContentConverter] Page 5.0: layout-note [activity] opener merged into the adjacent numbered activity (no empty box).
🟢 [ContentConverter] [alert] spans to an explicit end tag (writer-authored box).
🟢 [ContentConverter] [button] with a video URL → the video embed (video_destination, next-tag-url).
🟢 [ContentConverter] [important] spans to an explicit end tag (writer-authored box).
🟢 [ContentConverter] Page 5.0: activity number normalised (page_number_normalise): 5D → 4D.
🟢 [ContentConverter] Page 6.0: [end other] had no open container — ignored.
🟢 [ContentConverter] Page 6.0: [end other] had no open container — ignored.
🟢 [ContentConverter] Page 6.0: mode [activity] opener suppressed — the numbered activity after it is owned by its widget bundle (round 379, no empty box).
🟢 [ContentConverter] Page 6.0: [end other] had no open container — ignored.
🟢 [ContentConverter] Page 6.0: mode [activity] opener suppressed — the numbered activity after it is owned by its widget bundle (round 379, no empty box).
🟢 [ContentConverter] Page 6.0: [end other] had no open container — ignored.
🟢 [ContentConverter] Page 6.0: the standalone dragAndDrop widget renders inside the open [activity] box — no synthetic box of its own (inside_open_activity).
🟢 [ContentConverter] Page 7.0: the standalone dragAndDrop widget renders inside the open [activity] box — no synthetic box of its own (inside_open_activity).
🟢 [ContentConverter] Page 7.0: [end shape n] had no open container — ignored.
🟢 [ContentConverter] [important] spans to an explicit end tag (writer-authored box).
🟢 [ContentConverter] Page 9.0: [end shape n] had no open container — ignored.
🟢 [ContentConverter] Page 9.0: [end other] had no open container — ignored.
🟢 [ContentConverter] Page 9.0: [end other] had no open container — ignored.
🟢 [ContentConverter] Page 9.0: [end other] had no open container — ignored.
🟢 [ContentConverter] Page 10.0: [end alert] had no open container — ignored.
🟢 [ContentConverter] Page 10.0: [end other] had no open container — ignored.
🟢 [ContentConverter] Page 11.0: [end shape n] had no open container — ignored.
🟢 [ContentConverter] Page 11.0: [activity] auto-closed before the next important.
🟢 [ContentConverter] [important] spans to an explicit end tag (writer-authored box).
🟢 [ContentConverter] Page 11.0: [end other] had no open container — ignored.
🟢 [ContentConverter] Page 11.0: [end shape n] had no open container — ignored.
🟢 [ContentConverter] [important] spans to an explicit end tag (writer-authored box).
🟠 [AcksBuilder] Unknown media item type "Video clip" (item 1.) — used "Video clip" as the prefix; add it to Acks_Formats type_prefix_map.
🟠 [AcksBuilder] YouTube metadata unavailable for item 1. (stubbed) — possible dead link worth checking: https://www.youtube.com/watch?v=Z-KFMh2PqyU
🟠 [AcksBuilder] Unknown media item type "Video clip" (item 1.) — used "Video clip" as the prefix; add it to Acks_Formats type_prefix_map.
🟠 [AcksBuilder] Unknown media item type "Video clip" (item 2.) — used "Video clip" as the prefix; add it to Acks_Formats type_prefix_map.
🟠 [AcksBuilder] YouTube metadata unavailable for item 2. (stubbed) — possible dead link worth checking: https://www.youtube.com/watch?v=AjQBgBcbOyQ
🟠 [AcksBuilder] Unknown media item type "Video clip" (item 2.) — used "Video clip" as the prefix; add it to Acks_Formats type_prefix_map.
🟠 [AcksBuilder] Unknown media item type "Photo – primary source" (item ) — used "Photo – primary source" as the prefix; add it to Acks_Formats type_prefix_map.
🟠 [AcksBuilder] Unknown media item type "Photo – primary source" (item ) — used "Photo – primary source" as the prefix; add it to Acks_Formats type_prefix_map.
🟠 [AcksBuilder] YouTube metadata unavailable for item 5. (stubbed) — possible dead link worth checking: https://www.youtube.com/watch?v=g41X6_XY1rQ
🟠 [AcksBuilder] YouTube metadata unavailable for item 6. (stubbed) — possible dead link worth checking: https://www.youtube.com/watch?v=a7sX1cn5aO4
🟠 [AcksBuilder] Unknown media item type "Quote" (item 7.) — used "Quote" as the prefix; add it to Acks_Formats type_prefix_map.
🟠 [AcksBuilder] Unknown media item type "Political Cartoon – primary source" (item 8.) — used "Political cartoon – primary source" as the prefix; add it to Acks_Formats type_prefix_map.
🟠 [AcksBuilder] YouTube metadata unavailable for item 11. (stubbed) — possible dead link worth checking: https://www.youtube.com/watch?v=l9yY9H3Y49M
🟠 [AcksBuilder] YouTube metadata unavailable for item 14. (stubbed) — possible dead link worth checking: https://www.youtube.com/watch?v=SYiI7j6GW68
🟠 [AcksBuilder] Unknown media item type "Primary source pamphlet" (item 15.) — used "Primary source pamphlet" as the prefix; add it to Acks_Formats type_prefix_map.
🟠 [AcksBuilder] YouTube metadata unavailable for item 17. (stubbed) — possible dead link worth checking: https://www.youtube.com/watch?v=FE6Yvy--5aw
🟠 [AcksBuilder] Unknown media item type "Quote source" (item 18.) — used "Quote source" as the prefix; add it to Acks_Formats type_prefix_map.
🟠 [AcksBuilder] YouTube metadata unavailable for item 19. (stubbed) — possible dead link worth checking: https://www.youtube.com/watch?v=_omQ841ZAWg
🟠 [AcksBuilder] YouTube metadata unavailable for item 20. (stubbed) — possible dead link worth checking: https://www.youtube.com/watch?v=eLanYTrI23Y&list=PLBdYacN7rFuAIBZ958Or30qJXbzMIGE_k&index=13
🟠 [AcksBuilder] Unknown media item type "Quote source" (item 21.) — used "Quote source" as the prefix; add it to Acks_Formats type_prefix_map.
🟠 [AcksBuilder] Unknown media item type "Report – primary source A" (item 22.) — used "Report – primary source a" as the prefix; add it to Acks_Formats type_prefix_map.
🟠 [AcksBuilder] Unknown media item type "Leaflet – Primary source B" (item 23.) — used "Leaflet – primary source b" as the prefix; add it to Acks_Formats type_prefix_map.
🟠 [AcksBuilder] Unknown media item type "Interview – Primary Source C" (item 24.) — used "Interview – primary source c" as the prefix; add it to Acks_Formats type_prefix_map.
🟠 [AcksBuilder] Unknown media item type "External link to exhibition" (item 25.) — used "External link to exhibition" as the prefix; add it to Acks_Formats type_prefix_map.
🟠 [AcksBuilder] YouTube metadata unavailable for item 26. (stubbed) — possible dead link worth checking: https://www.youtube.com/watch?v=1zBY6gkpbTg
🟠 [AcksBuilder] YouTube metadata unavailable for item 27. (stubbed) — possible dead link worth checking: https://www.youtube.com/watch?v=4NGk37umvRQ
🟠 [AcksBuilder] Unknown media item type "Photo – primary source" (item 30.) — used "Photo – primary source" as the prefix; add it to Acks_Formats type_prefix_map.
🟠 [AcksBuilder] YouTube metadata unavailable for item 32. (stubbed) — possible dead link worth checking: https://www.youtube.com/watch?v=_WxzBbDi0Ok
🟠 [AcksBuilder] YouTube metadata unavailable for item 33. (stubbed) — possible dead link worth checking: https://www.youtube.com/watch?v=1hkNqIQWfFs
🟠 [AcksBuilder] YouTube metadata unavailable for item 36. (stubbed) — possible dead link worth checking: https://www.youtube.com/watch?v=mZ5sm7sWBOk
🟠 [AcksBuilder] Unknown media item type "Quote" (item 38.) — used "Quote" as the prefix; add it to Acks_Formats type_prefix_map.
🟠 [AcksBuilder] Unknown media item type "Quote" (item 39.) — used "Quote" as the prefix; add it to Acks_Formats type_prefix_map.
🟠 [AcksBuilder] Unknown media item type "Speech" (item 40.) — used "Speech" as the prefix; add it to Acks_Formats type_prefix_map.
🟠 [AcksBuilder] Unknown media item type "Speech" (item 41.) — used "Speech" as the prefix; add it to Acks_Formats type_prefix_map.
🟠 [AcksBuilder] Unknown media item type "Doc X" (item 42.) — used "Doc x" as the prefix; add it to Acks_Formats type_prefix_map.
🟠 [AcksBuilder] Unknown media item type "Speech" (item 43.) — used "Speech" as the prefix; add it to Acks_Formats type_prefix_map.
🟠 [AcksBuilder] YouTube metadata unavailable for item 44. (stubbed) — possible dead link worth checking: https://www.youtube.com/watch?v=xbokJEL7CTo
🟠 [AcksBuilder] Unknown media item type "cartoon" (item 45.) — used "Cartoon" as the prefix; add it to Acks_Formats type_prefix_map.
🟠 [AcksBuilder] Unknown media item type "Photo - primary source" (item 46.) — used "Photo - primary source" as the prefix; add it to Acks_Formats type_prefix_map.
🟠 [AcksBuilder] YouTube metadata unavailable for item 47. (stubbed) — possible dead link worth checking: https://www.youtube.com/watch?v=5enZRwbnISQ
🟠 [AcksBuilder] Unknown media item type "External link to website" (item 48.) — used "External link to website" as the prefix; add it to Acks_Formats type_prefix_map.
🟠 [AcksBuilder] Unknown media item type "External link to website" (item 49.) — used "External link to website" as the prefix; add it to Acks_Formats type_prefix_map.
🟠 [AcksBuilder] Unknown media item type "External Link to web page" (item 50.) — used "External link to web page" as the prefix; add it to Acks_Formats type_prefix_map.
🟠 [AcksBuilder] Unknown media item type "Quote" (item 53.) — used "Quote" as the prefix; add it to Acks_Formats type_prefix_map.
🟠 [AcksBuilder] Unknown media item type "Quote" (item 54.) — used "Quote" as the prefix; add it to Acks_Formats type_prefix_map.
🟠 [AcksBuilder] YouTube metadata unavailable for item 55. (stubbed) — possible dead link worth checking: https://www.youtube.com/watch?v=XBMfBVsymUo
🟠 [AcksBuilder] YouTube metadata unavailable for item 56. (stubbed) — possible dead link worth checking: https://www.youtube.com/watch?v=TLberHUJgHY
🟠 [AcksBuilder] Unknown media item type "Pamphlet" (item 57.) — used "Pamphlet" as the prefix; add it to Acks_Formats type_prefix_map.
🟠 [AcksBuilder] Unknown media item type "Letter" (item 59.) — used "Letter" as the prefix; add it to Acks_Formats type_prefix_map.
🟠 [AcksBuilder] Unknown media item type "Leaflet" (item 60.) — used "Leaflet" as the prefix; add it to Acks_Formats type_prefix_map.
🟠 [AcksBuilder] Unknown media item type "Quote" (item 62.) — used "Quote" as the prefix; add it to Acks_Formats type_prefix_map.
🟠 [AcksBuilder] YouTube metadata unavailable for item 63. (stubbed) — possible dead link worth checking: https://www.youtube.com/watch?v=DRwnXUbJdfg
🟠 [AcksBuilder] Unknown media item type "Song Lyrics" (item 67.) — used "Song lyrics" as the prefix; add it to Acks_Formats type_prefix_map.
🟠 [AcksBuilder] YouTube metadata unavailable for item 68. (stubbed) — possible dead link worth checking: https://www.youtube.com/watch?v=q1_KtW-9tIg
🟠 [AcksBuilder] YouTube metadata unavailable for item 69. (stubbed) — possible dead link worth checking: https://www.youtube.com/watch?v=SXMFT6M6c7Q
🟠 [AcksBuilder] Unknown media item type "Quote" (item 70.) — used "Quote" as the prefix; add it to Acks_Formats type_prefix_map.
🟠 [AcksBuilder] YouTube metadata unavailable for item 71. (stubbed) — possible dead link worth checking: https://www.youtube.com/watch?v=6dlmBco7zsc
🟠 [AcksBuilder] YouTube metadata unavailable for item 72. (stubbed) — possible dead link worth checking: https://www.youtube.com/watch?v=ykzOhWWOAHU
🟠 [AcksBuilder] Unknown media item type "quote" (item 75.) — used "Quote" as the prefix; add it to Acks_Formats type_prefix_map.
🟠 [AcksBuilder] YouTube metadata unavailable for item 78. (stubbed) — possible dead link worth checking: https://www.youtube.com/watch?v=4hj1iWqoYEc
🟠 [AcksBuilder] Unknown media item type "quote" (item 79.) — used "Quote" as the prefix; add it to Acks_Formats type_prefix_map.
🟠 [AcksBuilder] YouTube metadata unavailable for item 80. (stubbed) — possible dead link worth checking: https://www.youtube.com/watch?v=V2u7yHD_d-o
🟠 [AcksBuilder] YouTube metadata unavailable for item 83. (stubbed) — possible dead link worth checking: https://www.youtube.com/watch?v=cRuDnigDKnI
🟠 [AcksBuilder] YouTube metadata unavailable for item 84. (stubbed) — possible dead link worth checking: https://www.youtube.com/watch?v=uVo29ejD7jA
🟠 [AcksBuilder] Unknown media item type "TV advertisement" (item 85.) — used "Tv advertisement" as the prefix; add it to Acks_Formats type_prefix_map.
🟠 [AcksBuilder] YouTube metadata unavailable for item 85. (stubbed) — possible dead link worth checking: https://www.youtube.com/watch?v=e6-xc_Oq3io
🟠 [AcksBuilder] Unknown media item type "TV advertisement" (item 85.) — used "Tv advertisement" as the prefix; add it to Acks_Formats type_prefix_map.
🟠 [AcksBuilder] YouTube metadata unavailable for item 86. (stubbed) — possible dead link worth checking: https://www.youtube.com/watch?v=c1_E5aUNzd0
🟠 [AcksBuilder] Unknown media item type "Web page" (item 87.) — used "Web page" as the prefix; add it to Acks_Formats type_prefix_map.
🟠 [AcksBuilder] Unknown media item type "Mind map" (item 88.) — used "Mind map" as the prefix; add it to Acks_Formats type_prefix_map.
🟠 [AcksBuilder] Unknown media item type "quote" (item 89.) — used "Quote" as the prefix; add it to Acks_Formats type_prefix_map.
🟠 [AcksBuilder] YouTube metadata unavailable for item 90. (stubbed) — possible dead link worth checking: https://www.youtube.com/watch?v=1lvgVqYOLZI
🟠 [AcksBuilder] Unknown media item type "website" (item 91.) — used "Website" as the prefix; add it to Acks_Formats type_prefix_map.
🟠 [AcksBuilder] Unknown media item type "quote" (item 92.) — used "Quote" as the prefix; add it to Acks_Formats type_prefix_map.
🟠 [AcksBuilder] YouTube metadata unavailable for item 93. (stubbed) — possible dead link worth checking: https://www.youtube.com/watch?v=S9SQMgHeBMw
🟠 [AcksBuilder] Unknown media item type "Newspaper headline" (item 94.) — used "Newspaper headline" as the prefix; add it to Acks_Formats type_prefix_map.
🟠 [AcksBuilder] Unknown media item type "quote" (item 95.) — used "Quote" as the prefix; add it to Acks_Formats type_prefix_map.
🟠 [AcksBuilder] Unknown media item type "Pamphlet" (item 97.) — used "Pamphlet" as the prefix; add it to Acks_Formats type_prefix_map.
🟠 [AcksBuilder] YouTube metadata unavailable for item 99. (stubbed) — possible dead link worth checking: https://www.youtube.com/watch?v=mC_BTQoaVjw
🟠 [AcksBuilder] Unknown media item type "lyrics" (item 100.) — used "Lyrics" as the prefix; add it to Acks_Formats type_prefix_map.
🟠 [AcksBuilder] Unknown media item type "Routeof the March" (item 101.) — used "Routeof the march" as the prefix; add it to Acks_Formats type_prefix_map.
🟠 [AcksBuilder] Unknown media item type "Itinerary" (item 102.) — used "Itinerary" as the prefix; add it to Acks_Formats type_prefix_map.
🟠 [AcksBuilder] Unknown media item type "Petition Page" (item 103.) — used "Petition page" as the prefix; add it to Acks_Formats type_prefix_map.
🟠 [AcksBuilder] Unknown media item type "Letter" (item 105.) — used "Letter" as the prefix; add it to Acks_Formats type_prefix_map.
🟠 [AcksBuilder] Unknown media item type "Letter" (item 107.) — used "Letter" as the prefix; add it to Acks_Formats type_prefix_map.
🟠 [AcksBuilder] Unknown media item type "Letter" (item 108.) — used "Letter" as the prefix; add it to Acks_Formats type_prefix_map.
🟠 [AcksBuilder] Unknown media item type "Letter" (item 109.) — used "Letter" as the prefix; add it to Acks_Formats type_prefix_map.
🟠 [AcksBuilder] Unknown media item type "Image - petition" (item ) — used "Image - petition" as the prefix; add it to Acks_Formats type_prefix_map.
🟠 [AcksBuilder] Unknown media item type "Quote" (item 111.) — used "Quote" as the prefix; add it to Acks_Formats type_prefix_map.
🟠 [AcksBuilder] Unknown media item type "Poem – doc x" (item 114.) — used "Poem – doc x" as the prefix; add it to Acks_Formats type_prefix_map.
🟠 [AcksBuilder] YouTube metadata unavailable for item 115. (stubbed) — possible dead link worth checking: https://www.youtube.com/watch?v=OELVhAXwS3U
🟠 [AcksBuilder] Unknown media item type "Audio interview" (item 116.) — used "Audio interview" as the prefix; add it to Acks_Formats type_prefix_map.
🟠 [AcksBuilder] Unknown media item type "quote" (item 117.) — used "Quote" as the prefix; add it to Acks_Formats type_prefix_map.
🟠 [AcksBuilder] Unknown media item type "quote" (item 118.) — used "Quote" as the prefix; add it to Acks_Formats type_prefix_map.
🟠 [AcksBuilder] Unknown media item type "Web page" (item 121.) — used "Web page" as the prefix; add it to Acks_Formats type_prefix_map.
🟠 [AcksBuilder] Unknown media item type "Quote" (item 122.) — used "Quote" as the prefix; add it to Acks_Formats type_prefix_map.
🟠 [AcksBuilder] Unknown media item type "Quote" (item 124.) — used "Quote" as the prefix; add it to Acks_Formats type_prefix_map.
🟠 [AcksBuilder] YouTube metadata unavailable for item 125. (stubbed) — possible dead link worth checking: https://www.youtube.com/watch?v=S_potLYuZSY
🟠 [AcksBuilder] Unknown media item type "Quote" (item 126.) — used "Quote" as the prefix; add it to Acks_Formats type_prefix_map.
🟠 [AcksBuilder] Unknown media item type "Quote" (item 127.) — used "Quote" as the prefix; add it to Acks_Formats type_prefix_map.
🟠 [AcksBuilder] YouTube metadata unavailable for item 127. (stubbed) — possible dead link worth checking: https://www.youtube.com/watch?v=ZEiJiSgoUX8
🟠 [AcksBuilder] Unknown media item type "Quote" (item 127.) — used "Quote" as the prefix; add it to Acks_Formats type_prefix_map.
🟠 [AcksBuilder] YouTube metadata unavailable for item 128. (stubbed) — possible dead link worth checking: https://www.youtube.com/watch?v=iwclRJ2VC6A&t=125s
🟠 [AcksBuilder] YouTube metadata unavailable for item 129. (stubbed) — possible dead link worth checking: https://www.youtube.com/watch?v=ZEiJiSgoUX8
🟢 [AcksBuilder] Media item 8. placed in lesson 1.0 by neighbour interpolation — verify its group.
🟢 [AcksBuilder] Media item 38. placed in lesson 3.0 by neighbour interpolation — verify its group.
🟢 [AcksBuilder] Media item 39. placed in lesson 3.0 by neighbour interpolation — verify its group.
🟠 [AcksBuilder] Media item 46. sits between lessons 3.1 and 5.0 — placed in 3.1; verify.
🟢 [AcksBuilder] Media item 54. placed in lesson 5.0 by neighbour interpolation — verify its group.
🟢 [AcksBuilder] Media item 62. placed in lesson 6.0 by neighbour interpolation — verify its group.
🟢 [AcksBuilder] Media item 75. placed in lesson 7.0 by neighbour interpolation — verify its group.
🟠 [AcksBuilder] Media item 88. sits between lessons 7.0 and 8.0 — placed in 7.0; verify.
🟢 [AcksBuilder] Media item 92. placed in lesson 8.0 by neighbour interpolation — verify its group.
🟠 [AcksBuilder] Media item 95. sits between lessons 8.0 and 9.0 — placed in 8.0; verify.
🟢 [AcksBuilder] Media item 97. placed in lesson 9.0 by neighbour interpolation — verify its group.
🟢 [AcksBuilder] Media item 103. placed in lesson 9.0 by neighbour interpolation — verify its group.
🟢 [AcksBuilder] Media item 104. placed in lesson 9.0 by neighbour interpolation — verify its group.
🟢 [AcksBuilder] Media item 106. placed in lesson 9.0 by neighbour interpolation — verify its group.
🟢 [AcksBuilder] Media item  placed in lesson 9.0 by neighbour interpolation — verify its group.
🟠 [AcksBuilder] Media item 111. sits between lessons 9.0 and 10.0 — placed in 9.0; verify.
🟢 [AcksBuilder] Media item 117. placed in lesson 10.0 by neighbour interpolation — verify its group.
🟢 [AcksBuilder] Media item 124. placed in lesson 11.0 by neighbour interpolation — verify its group.
🟢 [SkeletonBuilder] footer_links "final" value "—" is not a footer pattern (the registry's no-evidence marker) — the KB's final-page form "prev+home" applied (footer.kb_position_defaults).
🟢 [ConventionResolver] HTML conventions from group 1-10 Health and PE|combo: overview menu two_col_li, lesson menu two_col_li.
🟢 [PageSplitter] Document opens without a literal [TITLE BAR] — overview page opened at the first content tag (Fundamentals-style template).
🟢 [ContentConverter] Page 0.0: [end tab n] had no open container — ignored.
🟢 [InteractiveBuilder] Built carousel #2 from captured data (no placeholder needed).
🟢 [ContentConverter] Page 0.0: [end tab n] had no open container — ignored.
🟢 [ContentConverter] Page 0.0: [end tab n] had no open container — ignored.
🟢 [InteractiveBuilder] Built carousel #6 from captured data (no placeholder needed).
🟢 [ContentConverter] Page 0.0: [end tab n] had no open container — ignored.
🟢 [ContentConverter] Page 0.0: [end mcq] had no open container — ignored.
🟢 [MenuBuilder] Fundamentals [Overview] WALT/I-can block routed to the module menu as the two-col LI/SC form (menu.fundamentals_overview_li).
🟢 [PanelsBuilder] 4 panel title heading(s) set to h2 (first_heading_level).
🟠 [AcksBuilder] YouTube metadata unavailable for item 11. (stubbed) — possible dead link worth checking: https://youtu.be/8S-7NqSdZ94
🟢 [AcksBuilder] Media item 9. placed in lesson 0.0 by neighbour interpolation — verify its group.
🟢 [AcksBuilder] Media item 11. placed in lesson 0.0 by neighbour interpolation — verify its group.
🟢 [AcksBuilder] Media item 15 placed in lesson 0.0 by neighbour interpolation — verify its group.
🟠 [AcksBuilder] 38 iStock titles could not be verified (no *istock-acks*.txt was supplied); each is marked ❗ and the acks block carries a designer note.
🟢 [DocxExtractor] Media-list boilerplate dropped: 3 blocks before the media table — the template's own instructions, not content.
🟢 [ConventionResolver] HTML conventions from group 1-10 Mathematics|1-3: overview menu tabs, lesson menu flat.
🟢 [PageSplitter] [end page] before [MODULE INTRODUCTION] disregarded — the introduction stays on the overview page (AR-1).
🟢 [MenuBuilder] Menu heading "Tirohanga Whānui | Overview" is the section label — consumed (the menu scaffolding names it).
🟢 [InteractiveScanner] Activity 1D: additional widget [drag and drop] absorbed (dragAndDrop + dragAndDrop).
🟢 [ContentConverter] Page 1.0: [activity] auto-closed before the next activity.
🟠 [ContentConverter] Page 1.0: [activity] was never closed — closed at page end.
🟢 [InteractiveBuilder] Built carousel #4 from captured data (no placeholder needed).
🟢 [InteractiveBuilder] Built carousel #7 from captured data (no placeholder needed).
🟢 [ContentConverter] Page 3.0: [activity] auto-closed before the next important.
🟢 [InteractiveScanner] Activity 4C: additional widget [drag and drop] absorbed (dragAndDrop + dragAndDrop).
🟢 [InteractiveScanner] Activity 4C: additional widget [drag and drop] absorbed (dragAndDrop + dragAndDrop).
🟢 [InteractiveBuilder] Built carousel #13 from captured data (no placeholder needed).
🟢 [ContentConverter] Page 4.0: [activity] auto-closed before the next activity.
🟢 [ContentConverter] Page 4.0: [activity] auto-closed before the next activity.
🟠 [ContentConverter] Page 4.0: [activity] was never closed — closed at page end.
🟢 [ContentConverter] Page 5.0: [activity] auto-closed before the next activity.
🟢 [InteractiveBuilder] Built carousel #19 from captured data (no placeholder needed).
🟢 [InteractiveScanner] Activity 6C: additional widget [typing quiz] absorbed (unclassified + selfCheck).
🟢 [ContentConverter] Page 6.0: [activity] auto-closed before the next activity.
🟢 [ContentConverter] Page 6.0: the standalone selfCheck widget renders inside the open [activity] box — no synthetic box of its own (inside_open_activity).
🟠 [ContentConverter] Page 6.0: [activity] was never closed — closed at page end.
🟢 [ContentConverter] Page 6.0: activity numbers normalised (page_number_normalise): 6C → 6D, 6D → 6E.
🟢 [InteractiveScanner] Activity 7B: additional widget [drag and drop] absorbed (dragAndDrop + dragAndDrop).
🟢 [InteractiveBuilder] Built carousel #25 from captured data (no placeholder needed).
🟢 [ContentConverter] Page 7.0: [activity] auto-closed before the next activity.
🟢 [InteractiveScanner] Activity 8D: additional widget [typing quiz] absorbed (unclassified + selfCheck).
🟢 [InteractiveScanner] Activity 8D: additional widget [typing quiz] absorbed (unclassified + selfCheck).
🟢 [InteractiveScanner] Activity 8D: additional widget [typing quiz] absorbed (unclassified + selfCheck).
🟢 [InteractiveScanner] Activity 8D: additional widget [typing quiz] absorbed (unclassified + selfCheck).
🟢 [ContentConverter] Page 8.0: [activity] auto-closed before the next important.
🟢 [ContentConverter] Page 8.0: [activity] auto-closed before the next side alert.
🟢 [InteractiveBuilder] Built flipCard #31 from captured data (no placeholder needed).
🟠 [ContentConverter] Page 8.0: [activity] was never closed — closed at page end.
🟢 [ContentConverter] Page 8.0: activity numbers normalised (page_number_normalise): 8C → 8E, 8D → 8F, 8E → 8G.
🟠 [AcksBuilder] YouTube metadata unavailable for item  (stubbed) — possible dead link worth checking: https://www.youtube.com/watch?v=geYV-sJCVgQ
🟠 [AcksBuilder] YouTube metadata unavailable for item  (stubbed) — possible dead link worth checking: https://www.youtube.com/watch?v=FkcUV354Tqw
🟠 [AcksBuilder] YouTube metadata unavailable for item  (stubbed) — possible dead link worth checking: https://www.youtube.com/watch?v=WjoHkhEeYV0&list=PL0k-1Rf8AubvOzq7dsxe2wzOnShQPuPu_&index=2
🟠 [AcksBuilder] YouTube metadata unavailable for item  (stubbed) — possible dead link worth checking: https://www.youtube.com/watch?v=WMU10rnv3NU
🟠 [AcksBuilder] YouTube metadata unavailable for item  (stubbed) — possible dead link worth checking: https://www.youtube.com/watch?v=LKvySTJzIfo
🟠 [AcksBuilder] YouTube metadata unavailable for item  (stubbed) — possible dead link worth checking: https://www.youtube.com/watch?v=fFVMt90fglg
🟠 [AcksBuilder] YouTube metadata unavailable for item  (stubbed) — possible dead link worth checking: https://www.youtube.com/watch?v=1F3AycEDksY
🟠 [AcksBuilder] YouTube metadata unavailable for item  (stubbed) — possible dead link worth checking: https://www.youtube.com/watch?v=l9-liPFndl8
🟠 [AcksBuilder] YouTube metadata unavailable for item  (stubbed) — possible dead link worth checking: https://www.youtube.com/watch?v=P27fDK56yn0
🟠 [AcksBuilder] YouTube metadata unavailable for item  (stubbed) — possible dead link worth checking: https://www.youtube.com/watch?v=GvTcpfSnOMQ
🟠 [AcksBuilder] YouTube metadata unavailable for item  (stubbed) — possible dead link worth checking: https://www.youtube.com/watch?v=-iwgJmW1uvg
🟠 [AcksBuilder] YouTube metadata unavailable for item  (stubbed) — possible dead link worth checking: https://www.youtube.com/watch?v=pL0EZ-JoScg
🟠 [AcksBuilder] YouTube metadata unavailable for item  (stubbed) — possible dead link worth checking: https://www.youtube.com/watch?v=CRQdhS1TJdo
🟠 [AcksBuilder] YouTube metadata unavailable for item  (stubbed) — possible dead link worth checking: https://www.youtube.com/watch?v=eC1dPiC9PyM
🟠 [AcksBuilder] YouTube metadata unavailable for item  (stubbed) — possible dead link worth checking: https://www.youtube.com/watch?v=Ik4mhRKQBds
🟠 [AcksBuilder] YouTube metadata unavailable for item  (stubbed) — possible dead link worth checking: https://www.youtube.com/watch?v=5slEm_-0tSE
🟠 [AcksBuilder] YouTube metadata unavailable for item  (stubbed) — possible dead link worth checking: https://www.youtube.com/watch?v=PyzVG3xkONs
🟠 [AcksBuilder] YouTube metadata unavailable for item  (stubbed) — possible dead link worth checking: https://www.youtube.com/watch?v=nskVUMdbF6E&t=230s
🟠 [AcksBuilder] YouTube metadata unavailable for item  (stubbed) — possible dead link worth checking: https://www.youtube.com/watch?v=omkDLmfvetk
🟠 [AcksBuilder] YouTube metadata unavailable for item  (stubbed) — possible dead link worth checking: https://www.youtube.com/watch?v=qeAVXeETETI
🟠 [AcksBuilder] YouTube metadata unavailable for item  (stubbed) — possible dead link worth checking: https://www.youtube.com/watch?v=pFj-MaBigOI
🟢 [AcksBuilder] Media item  placed in lesson 5.0 by neighbour interpolation — verify its group.
🟢 [AcksBuilder] Media item  placed in lesson 5.0 by neighbour interpolation — verify its group.
🟢 [AcksBuilder] Media item  placed in lesson 5.0 by neighbour interpolation — verify its group.
🟠 [AcksBuilder] 23 iStock titles could not be verified (no *istock-acks*.txt was supplied); each is marked ❗ and the acks block carries a designer note.
🟢 [DocxExtractor] Media-list boilerplate dropped: 3 blocks before the media table and 15 blocks after it (the submission checklist) — the template's own instructions, not content.
🟢 [ConventionResolver] HTML conventions from series MXFL (deviation over 1-10 Mathematics|1-3): overview menu two_col_li, lesson menu two_col_li.
🟢 [PageSplitter] [end page] before [MODULE INTRODUCTION] disregarded — the introduction stays on the overview page (AR-1).
🟢 [MenuBuilder] Menu heading "Tirohanga Whānui | Overview" is the section label — consumed (the menu scaffolding names it).
🟢 [ContentConverter] Page 1.0: [activity] auto-closed before the next activity.
🟠 [ContentConverter] Page 1.0: [activity] was never closed — closed at page end.
🟢 [ContentConverter] Page 2.0: [activity] auto-closed before the next important.
🟢 [InteractiveBuilder] Built carousel #3 from captured data (no placeholder needed).
🟢 [ContentConverter] Page 3.0: [activity] auto-closed before the next important.
🟢 [ContentConverter] [important] wraps the following table/widget as its content (no [end important]) — closes at the next heading/section/page.
🟢 [ContentConverter] Page 3.0: activity number normalised (page_number_normalise): 3C → 4C.
🟢 [ContentConverter] Page 6.0: [activity] auto-closed before the next activity.
🟢 [ContentConverter] Page 6.0: [activity] auto-closed before the next activity.
🟢 [ContentConverter] Page 6.0: [activity] auto-closed before the next activity.
🟢 [ContentConverter] Page 6.0: [activity] auto-closed before the next activity.
🟠 [ContentConverter] Page 6.0: [activity] was never closed — closed at page end.
🟢 [ContentConverter] Page 7.0: the standalone dragAndDrop widget renders inside the open [activity] box — no synthetic box of its own (inside_open_activity).
🟢 [ContentConverter] Page 7.0: [activity] auto-closed before the next activity.
🟢 [ContentConverter] Page 7.0: the standalone dragAndDrop widget renders inside the open [activity] box — no synthetic box of its own (inside_open_activity).
🟢 [ContentConverter] Page 7.0: [activity] auto-closed before the next activity.
🟠 [ContentConverter] Page 7.0: [activity] was never closed — closed at page end.
🟢 [ContentConverter] Page 8.0: [activity] auto-closed before the next activity.
🟢 [ContentConverter] Page 8.0: [activity] auto-closed before the next activity.
🟢 [ContentConverter] Page 8.0: [activity] auto-closed before the next activity.
🟢 [ContentConverter] Page 8.0: [activity] auto-closed before the next activity.
🟠 [ContentConverter] Page 8.0: [activity] was never closed — closed at page end.
🟠 [AcksBuilder] YouTube metadata unavailable for item  (stubbed) — possible dead link worth checking: https://www.youtube.com/watch?v=FCl9E-uRl7A
🟠 [AcksBuilder] YouTube metadata unavailable for item  (stubbed) — possible dead link worth checking: https://www.youtube.com/watch?v=_EuNb2k2fKs
🟠 [AcksBuilder] YouTube metadata unavailable for item  (stubbed) — possible dead link worth checking: https://www.youtube.com/watch?v=tEmg914-9xY
🟠 [AcksBuilder] YouTube metadata unavailable for item  (stubbed) — possible dead link worth checking: https://www.youtube.com/watch?v=J5ghDUtLVK4
🟠 [AcksBuilder] YouTube metadata unavailable for item  (stubbed) — possible dead link worth checking: https://www.youtube.com/watch?v=DtMf2VaRnXs
🟠 [AcksBuilder] YouTube metadata unavailable for item  (stubbed) — possible dead link worth checking: https://www.youtube.com/watch?v=08ndF0zP-68
🟠 [AcksBuilder] YouTube metadata unavailable for item  (stubbed) — possible dead link worth checking: https://www.youtube.com/watch?v=ZDV0HxOZ_GI
🟠 [AcksBuilder] YouTube metadata unavailable for item  (stubbed) — possible dead link worth checking: https://www.youtube.com/watch?v=TaFQslk37xg
🟠 [AcksBuilder] YouTube metadata unavailable for item  (stubbed) — possible dead link worth checking: https://www.youtube.com/watch?v=xdR7s8mwyp8
🟠 [AcksBuilder] YouTube metadata unavailable for item  (stubbed) — possible dead link worth checking: https://www.youtube.com/watch?v=9p_Ca_Yb0zQ
🟠 [AcksBuilder] YouTube metadata unavailable for item  (stubbed) — possible dead link worth checking: https://www.youtube.com/watch?v=qTN_MtV5TFw
🟠 [AcksBuilder] YouTube metadata unavailable for item  (stubbed) — possible dead link worth checking: https://www.youtube.com/watch?v=mXMofxtDPUQ
🟠 [AcksBuilder] YouTube metadata unavailable for item  (stubbed) — possible dead link worth checking: https://www.youtube.com/watch?v=lPeAo1hz8GA
🟠 [AcksBuilder] YouTube metadata unavailable for item  (stubbed) — possible dead link worth checking: https://www.youtube.com/watch?v=yxBygoafUPA
🟠 [AcksBuilder] YouTube metadata unavailable for item  (stubbed) — possible dead link worth checking: https://www.youtube.com/watch?v=cGMl7597-wA&t=8s
🟠 [AcksBuilder] YouTube metadata unavailable for item  (stubbed) — possible dead link worth checking: https://www.youtube.com/watch?v=HwnMCIOdJwk
🟠 [AcksBuilder] YouTube metadata unavailable for item  (stubbed) — possible dead link worth checking: https://www.youtube.com/watch?v=r2vd685NrZQ
🟠 [AcksBuilder] YouTube metadata unavailable for item  (stubbed) — possible dead link worth checking: https://www.youtube.com/watch?v=Ea0XtcckLJY
🟠 [AcksBuilder] YouTube metadata unavailable for item  (stubbed) — possible dead link worth checking: https://www.youtube.com/watch?v=Aw7vIwqhDTc
🟠 [AcksBuilder] Media item  sits between lessons 1.0 and 2.0 — placed in 1.0; verify.
🟠 [AcksBuilder] Media item  sits between lessons 1.0 and 2.0 — placed in 1.0; verify.
🟠 [AcksBuilder] Media item  sits between lessons 1.0 and 2.0 — placed in 1.0; verify.
🟠 [AcksBuilder] Media item  sits between lessons 1.0 and 2.0 — placed in 1.0; verify.
🟠 [AcksBuilder] Media item  sits between lessons 1.0 and 2.0 — placed in 1.0; verify.
🟠 [AcksBuilder] Media item  sits between lessons 1.0 and 2.0 — placed in 1.0; verify.
🟠 [AcksBuilder] Media item  sits between lessons 1.0 and 2.0 — placed in 1.0; verify.
🟠 [AcksBuilder] Media item  sits between lessons 1.0 and 2.0 — placed in 1.0; verify.
🟠 [AcksBuilder] Media item  sits between lessons 1.0 and 2.0 — placed in 1.0; verify.
🟠 [AcksBuilder] Media item  sits between lessons 1.0 and 2.0 — placed in 1.0; verify.
🟢 [AcksBuilder] Media item  placed in lesson 2.0 by neighbour interpolation — verify its group.
🟠 [AcksBuilder] Media item  sits between lessons 3.0 and 4.0 — placed in 3.0; verify.
🟠 [AcksBuilder] Media item  sits between lessons 3.0 and 4.0 — placed in 3.0; verify.
🟠 [AcksBuilder] Media item  sits between lessons 3.0 and 4.0 — placed in 3.0; verify.
🟠 [AcksBuilder] Media item  sits between lessons 4.0 and 5.0 — placed in 4.0; verify.
🟠 [AcksBuilder] Media item  sits between lessons 4.0 and 5.0 — placed in 4.0; verify.
🟠 [AcksBuilder] Media item  sits between lessons 4.0 and 5.0 — placed in 4.0; verify.
🟠 [AcksBuilder] Media item  sits between lessons 4.0 and 5.0 — placed in 4.0; verify.
🟠 [AcksBuilder] Media item  sits between lessons 5.0 and 6.0 — placed in 5.0; verify.
🟠 [AcksBuilder] Media item  sits between lessons 5.0 and 6.0 — placed in 5.0; verify.
🟠 [AcksBuilder] Media item  sits between lessons 5.0 and 6.0 — placed in 5.0; verify.
🟠 [AcksBuilder] Media item  sits between lessons 5.0 and 6.0 — placed in 5.0; verify.
🟠 [AcksBuilder] Media item  sits between lessons 5.0 and 6.0 — placed in 5.0; verify.
🟠 [AcksBuilder] Media item  sits between lessons 5.0 and 6.0 — placed in 5.0; verify.
🟠 [AcksBuilder] Media item  sits between lessons 5.0 and 6.0 — placed in 5.0; verify.
🟠 [AcksBuilder] Media item  sits between lessons 5.0 and 6.0 — placed in 5.0; verify.
🟠 [AcksBuilder] 21 iStock titles could not be verified (no *istock-acks*.txt was supplied); each is marked ❗ and the acks block carries a designer note.
🟢 [SkeletonBuilder] footer_links "final" value "—" is not a footer pattern (the registry's no-evidence marker) — the KB's final-page form "prev+home" applied (footer.kb_position_defaults).
🟢 [DocxExtractor] Media-list boilerplate dropped: 4 blocks before the media table and 4 blocks after it (a second media table) — the template's own instructions, not content.
🟢 [ConventionResolver] HTML conventions from group 1-10 Mathematics|combo: overview menu two_col_li, lesson menu two_col_li.
🟢 [PageSplitter] Registry says single-file but lesson/page tags exist — keeping ONE file; the tags become in-page breaks (registry rule).
🟢 [PageSplitter] Document opens without a literal [TITLE BAR] — overview page opened at the first content tag (Fundamentals-style template).
🟢 [InteractiveScanner] the un-numbered [activity] span after a numbered opener's title heading joins that opener's box (round 381: 2C).
🟢 [InteractiveScanner] the un-numbered [activity] span after a numbered opener's title heading joins that opener's box (round 381: 1H).
🟢 [InteractiveScanner] the un-numbered [activity] span after a numbered opener's title heading joins that opener's box (round 381: 2A).
🟢 [InteractiveScanner] the un-numbered [activity] span after a numbered opener's title heading joins that opener's box (round 381: 2B).
🟢 [InteractiveScanner] the un-numbered [activity] span after a numbered opener's title heading joins that opener's box (round 381: 2D).
🟢 [InteractiveScanner] the un-numbered [activity] span after a numbered opener's title heading joins that opener's box (round 381: 3E).
🟢 [InteractiveScanner] the un-numbered [activity] span after a numbered opener's title heading joins that opener's box (round 381: 4A).
🟢 [InteractiveScanner] the un-numbered [activity] span after a numbered opener's title heading joins that opener's box (round 381: 4D).
🟢 [InteractiveScanner] the un-numbered [activity] span after a numbered opener's title heading joins that opener's box (round 381: 4E).
🟢 [ContentConverter] Page 0.0: [activity] auto-closed before the next activity.
🟢 [ContentConverter] Page 0.0: [end activity] had no open container — ignored.
🟢 [ContentConverter] Page 0.0: [activity] auto-closed before the next activity.
🟢 [ContentConverter] Page 0.0: [end activity] had no open container — ignored.
🟢 [ContentConverter] Page 0.0: [activity] auto-closed before the next activity.
🟢 [ContentConverter] Page 0.0: [end activity] had no open container — ignored.
🟢 [ContentConverter] Page 0.0: [end activity] had no open container — ignored.
🟢 [ContentConverter] Page 0.0: bare [activity] re-emphasis merged into the open numbered activity (no new box).
🟢 [ContentConverter] Page 0.0: bare [activity] re-emphasis merged into the open numbered activity (no new box).
🟢 [ContentConverter] Page 0.0: [activity] auto-closed before the next alert.
🟢 [ContentConverter] Page 0.0: [end activity] had no open container — ignored.
🟢 [ContentConverter] Page 0.0: [end activity] had no open container — ignored.
🟢 [ContentConverter] Page 0.0: [activity] auto-closed before the next activity.
🟢 [ContentConverter] Page 0.0: [end activity] had no open container — ignored.
🟢 [ContentConverter] Page 0.0: [end activity] had no open container — ignored.
🟢 [ContentConverter] [important] right-hand box → an alert top side column paired with the preceding content row (positional_side_alert).
🟢 [ContentConverter] Page 0.0: [end activity] had no open container — ignored.
🟢 [ContentConverter] Page 0.0: [activity] auto-closed before the next activity.
🟢 [ContentConverter] Page 0.0: [end activity] had no open container — ignored.
🟢 [ContentConverter] Page 0.0: [end activity] had no open container — ignored.
🟢 [ContentConverter] [important] right-hand box → an alert top side column paired with the preceding content row (positional_side_alert).
🟢 [ContentConverter] Page 0.0: [activity] auto-closed before the next activity.
🟢 [ContentConverter] Page 0.0: [end activity] had no open container — ignored.
🟢 [ContentConverter] Page 0.0: [end activity] had no open container — ignored.
🟢 [ContentConverter] Page 0.0: [activity] auto-closed before the next activity.
🟢 [ContentConverter] Page 0.0: [end activity] had no open container — ignored.
🟢 [ContentConverter] [alert] right-hand box → an alert top side column paired with the preceding content row (positional_side_alert).
🟢 [ContentConverter] Page 0.0: [end activity] had no open container — ignored.
🟢 [ContentConverter] Page 0.0: [end activity] had no open container — ignored.
🟢 [ContentConverter] [important] right-hand box → an alert top side column paired with the preceding content row (positional_side_alert).
🟢 [ContentConverter] Page 0.0: [end activity] had no open container — ignored.
🟢 [ContentConverter] [important] right-hand box → an alert top side column paired with the preceding content row (positional_side_alert).
🟢 [ContentConverter] Page 0.0: [end activity] had no open container — ignored.
🟢 [ContentConverter] Page 0.0: [end activity] had no open container — ignored.
🟢 [ContentConverter] [important] right-hand box → an alert top side column paired with the preceding content row (positional_side_alert).
🟢 [InteractiveBuilder] Built modal #41 from captured data (no placeholder needed).
🟢 [ContentConverter] Page 0.0: [end modal] had no open container — ignored.
🟢 [ContentConverter] Page 0.0: [activity] auto-closed before the next activity.
🟢 [ContentConverter] Page 0.0: [end activity] had no open container — ignored.
🟢 [InteractiveBuilder] Built clickDrop #43 from captured data (no placeholder needed).
🟢 [InteractiveBuilder] Built clickDrop #44 from captured data (no placeholder needed).
🟢 [InteractiveBuilder] Built carousel #45 from captured data (no placeholder needed).
🟢 [ContentConverter] Page 0.0: [end shape n] had no open container — ignored.
🟢 [InteractiveBuilder] Built carousel #46 from captured data (no placeholder needed).
🟢 [ContentConverter] Page 0.0: [ Go directly to [Activity] 3B ] — the words inside the red span "Go directly to 3B" are the activity title (embedded_free_text).
🟢 [ContentConverter] Page 0.0: [activity] auto-closed before the next activity.
🟢 [ContentConverter] Page 0.0: [activity] auto-closed before the next activity.
🟢 [ContentConverter] Page 0.0: [end shape n] had no open container — ignored.
🟢 [MenuBuilder] Menu heading "I" is the section label — consumed (the menu scaffolding names it).
🟢 [MenuBuilder] Menu heading "Number Sense" had no content beneath it — omitted (empty preconfigured scaffolding).
🟢 [MenuBuilder] Menu heading "Place value" had no content beneath it — omitted (empty preconfigured scaffolding).
🟢 [MenuBuilder] Menu heading "Operations" had no content beneath it — omitted (empty preconfigured scaffolding).
🟢 [MenuBuilder] Menu heading "Fractions" had no content beneath it — omitted (empty preconfigured scaffolding).
🟢 [ActivitiesBuilder] 1 activity title heading(s) set to h3 (title_heading_level).
🟠 [AcksBuilder] YouTube metadata unavailable for item  (stubbed) — possible dead link worth checking: https://www.youtube.com/watch?v=ib5Gf3GIzAg
🟠 [AcksBuilder] YouTube metadata unavailable for item  (stubbed) — possible dead link worth checking: https://www.youtube.com/watch?v=VPdE5aOH52g
🟠 [AcksBuilder] YouTube metadata unavailable for item  (stubbed) — possible dead link worth checking: https://www.youtube.com/watch?v=b9wa7fS-I_s
🟠 [AcksBuilder] YouTube metadata unavailable for item  (stubbed) — possible dead link worth checking: https://www.youtube.com/watch?v=uPX08O5TDjE
🟠 [AcksBuilder] YouTube metadata unavailable for item  (stubbed) — possible dead link worth checking: https://www.youtube.com/watch?v=dPksJHBZs4Q
🟠 [AcksBuilder] YouTube metadata unavailable for item  (stubbed) — possible dead link worth checking: https://www.youtube.com/watch?v=6YGqtK6BN_Y
🟠 [AcksBuilder] YouTube metadata unavailable for item  (stubbed) — possible dead link worth checking: https://www.youtube.com/watch?v=58xRM3c-aFk
🟠 [AcksBuilder] 19 iStock titles could not be verified (no *istock-acks*.txt was supplied); each is marked ❗ and the acks block carries a designer note.
🟢 [ConventionResolver] HTML conventions from group Online Safety (OS9000)|NCEA: overview menu tabs, lesson menu flat.
🟢 [PageSplitter] [end page] before [MODULE INTRODUCTION] disregarded — the introduction stays on the overview page (AR-1).
🟢 [MenuBuilder] Menu heading "Tirohanga Whānui | Overview" is the section label — consumed (the menu scaffolding names it).
🟢 [InteractiveBuilder] Built speechBubble #1 from captured data (no placeholder needed).
🟢 [InteractiveBuilder] Built flipCard #3 from captured data (no placeholder needed).
🟢 [InteractiveBuilder] Built speechBubble #5 from captured data (no placeholder needed).
🟢 [InteractiveScanner] tabs: additional widget [tabs] absorbed (tabs + tabs).
🟢 [InteractiveBuilder] Built speechBubble #6 from captured data (no placeholder needed).
🟢 [ContentConverter] Page 2.0: [end tabs] had no open container — ignored.
🟢 [InteractiveBuilder] Built carousel #9 from captured data (no placeholder needed).
🟢 [ContentConverter] [alert] wraps the following table/widget as its content (no [end alert]) — closes at the next heading/section/page.
🟢 [InteractiveBuilder] Built speechBubble #10 from captured data (no placeholder needed).
🟢 [InteractiveBuilder] Built flipCard #14 from captured data (no placeholder needed).
🟢 [ContentConverter] [alert] wraps the following table/widget as its content (no [end alert]) — closes at the next heading/section/page.
🟢 [InteractiveScanner] accordion: additional widget [accordion] absorbed (accordion + accordion).
🟢 [InteractiveScanner] accordion: additional widget [accordion] absorbed (accordion + accordion).
🟢 [InteractiveScanner] accordion: additional widget [accordion] absorbed (accordion + accordion).
🟢 [InteractiveScanner] accordion: additional widget [accordion] absorbed (accordion + accordion).
🟢 [InteractiveScanner] accordion: additional widget [accordion] absorbed (accordion + accordion).
🟢 [InteractiveBuilder] Built clickDrop #16 from captured data (no placeholder needed).
🟢 [ContentConverter] [alert] wraps the following table/widget as its content (no [end alert]) — closes at the next heading/section/page.
🟢 [InteractiveBuilder] Built speechBubble #18 from captured data (no placeholder needed).
🟢 [InteractiveBuilder] Built flipCard #19 from captured data (no placeholder needed).
🟢 [InteractiveBuilder] Built accordion #20 from captured data (no placeholder needed).
🟢 [InteractiveBuilder] Built speechBubble #21 from captured data (no placeholder needed).
🟢 [InteractiveBuilder] Built flipCard #23 from captured data (no placeholder needed).
🟢 [ContentConverter] [alert] wraps the following table/widget as its content (no [end alert]) — closes at the next heading/section/page.
🟢 [ContentConverter] [engagement quiz button] → the KB's anchored "Go to quiz" button + To Do note (kb_form).
🟠 [ContentConverter] Page 5.0: [activity] was never closed — closed at page end.
🟢 [ContentConverter] Page 5.0: activity number normalised (page_number_normalise): 5B → 5C.
🟠 [AcksBuilder] YouTube metadata unavailable for item  (stubbed) — possible dead link worth checking: https://www.youtube.com/watch?v=WJNrNVpyzSE
🟠 [AcksBuilder] YouTube metadata unavailable for item  (stubbed) — possible dead link worth checking: https://www.youtube.com/watch?v=jt5nSVlvr4Y
🟠 [AcksBuilder] YouTube metadata unavailable for item  (stubbed) — possible dead link worth checking: https://www.youtube.com/watch?v=gCfzeONu3Mo
🟠 [AcksBuilder] YouTube metadata unavailable for item  (stubbed) — possible dead link worth checking: https://www.youtube.com/watch?v=rBhxVomEN7Y
🟠 [AcksBuilder] YouTube metadata unavailable for item  (stubbed) — possible dead link worth checking: https://www.youtube.com/watch?v=d3gAWFuab90
🟠 [AcksBuilder] YouTube metadata unavailable for item  (stubbed) — possible dead link worth checking: https://www.youtube.com/watch?v=_N-PIR51t1c
🟠 [AcksBuilder] YouTube metadata unavailable for item  (stubbed) — possible dead link worth checking: https://www.youtube.com/watch?v=36NqR2hkVp8
🟠 [AcksBuilder] YouTube metadata unavailable for item  (stubbed) — possible dead link worth checking: https://www.youtube.com/watch?v=-iA17Exw9FM
🟠 [AcksBuilder] 58 iStock titles could not be verified (no *istock-acks*.txt was supplied); each is marked ❗ and the acks block carries a designer note.
🟢 [ModuleResolver] OSSM501 is not in the registry members — inherited from its level OSSM4 (sibling rule).
🟢 [ConventionResolver] HTML conventions from series OSSM (deviation over Online Safety (OS9000)|1-3): overview menu tabs, lesson menu tabs.
🟢 [PageSplitter] [end page] before [MODULE INTRODUCTION] disregarded — the introduction stays on the overview page (AR-1).
🟢 [MenuBuilder] Menu heading "Tirohanga Whānui | Overview" is the section label — consumed (the menu scaffolding names it).
🟢 [MenuBuilder] Menu heading "He aha tāku hei tīmata? | What do I need to get started?" had no content beneath it — omitted (empty preconfigured scaffolding).
🟢 [InteractiveScanner] flipCard: additional widget [flip card] absorbed (flipCard + flipCard).
🟢 [InteractiveScanner] flipCard: additional widget [flip card] absorbed (flipCard + flipCard).
🟢 [InteractiveScanner] flipCard: additional widget [flip card] absorbed (flipCard + flipCard).
🟢 [InteractiveBuilder] Built speechBubble #1 from captured data (no placeholder needed).
🟢 [InteractiveBuilder] Built flipCard #2 from captured data (no placeholder needed).
🟢 [InteractiveBuilder] Built speechBubble #4 from captured data (no placeholder needed).
🟢 [ContentConverter] [alert] wraps the following table/widget as its content (no [end alert]) — closes at the next heading/section/page.
🟢 [InteractiveScanner] clickDrop: additional widget [click drop] absorbed (clickDrop + clickDrop).
🟢 [InteractiveScanner] clickDrop: additional widget [click drop] absorbed (clickDrop + clickDrop).
🟢 [InteractiveScanner] hintSlider: additional widget [hint slider] absorbed (hintSlider + hintSlider).
🟢 [InteractiveScanner] hintSlider: additional widget [hint slider] absorbed (hintSlider + hintSlider).
🟢 [InteractiveBuilder] Built speechBubble #7 from captured data (no placeholder needed).
🟢 [InteractiveBuilder] Built clickDrop #8 from captured data (no placeholder needed).
🟢 [InteractiveBuilder] Built hintSlider #16 from captured data (no placeholder needed).
🟢 [ContentConverter] [alert] wraps the following table/widget as its content (no [end alert]) — closes at the next heading/section/page.
🟢 [InteractiveScanner] hintSlider: additional widget [hint slider] absorbed (hintSlider + hintSlider).
🟢 [InteractiveScanner] hintSlider: additional widget [hint slider] absorbed (hintSlider + hintSlider).
🟢 [InteractiveBuilder] Built speechBubble #17 from captured data (no placeholder needed).
🟢 [InteractiveBuilder] Built speechBubble #21 from captured data (no placeholder needed).
🟢 [ContentConverter] Page 3.0: [end activity] had no open container — ignored.
🟢 [InteractiveBuilder] Members rule: hintSlider #24 declined — a [video] the build did not use (the hand-off box keeps every member).
🟢 [ContentConverter] [alert] wraps the following table/widget as its content (no [end alert]) — closes at the next heading/section/page.
🟢 [InteractiveScanner] flipCard: additional widget [flip card] absorbed (flipCard + flipCard).
🟢 [InteractiveBuilder] Built speechBubble #28 from captured data (no placeholder needed).
🟢 [InteractiveBuilder] Built dragAndDrop #33 from captured data (no placeholder needed).
🟢 [ContentConverter] Page 4.0: [end activity] had no open container — ignored.
🟢 [InteractiveBuilder] Built carousel #34 from captured data (no placeholder needed).
🟢 [ContentConverter] [alert] wraps the following table/widget as its content (no [end alert]) — closes at the next heading/section/page.
🟢 [InteractiveScanner] modal: additional widget [modal] absorbed (modal + modal).
🟢 [InteractiveBuilder] Built speechBubble #35 from captured data (no placeholder needed).
🟢 [InteractiveBuilder] Built modal #36 from captured data (no placeholder needed).
🟢 [ContentConverter] [alert] wraps the following table/widget as its content (no [end alert]) — closes at the next heading/section/page.
🟢 [ContentConverter] [engagement quiz button] → the KB's anchored "Go to quiz" button + To Do note (kb_form).
🟠 [ContentConverter] Page 5.0: [activity] was never closed — closed at page end.
🟠 [AcksBuilder] YouTube metadata unavailable for item  (stubbed) — possible dead link worth checking: https://www.youtube.com/watch?v=Trs-isdu4eE
🟠 [AcksBuilder] YouTube metadata unavailable for item  (stubbed) — possible dead link worth checking: https://www.youtube.com/watch?v=QN5KOHH5gAM
🟠 [AcksBuilder] YouTube metadata unavailable for item  (stubbed) — possible dead link worth checking: https://www.youtube.com/watch?v=kZIcwH988dw
🟠 [AcksBuilder] YouTube metadata unavailable for item  (stubbed) — possible dead link worth checking: https://www.youtube.com/watch?v=HVQGYANFRsc
🟠 [AcksBuilder] Unknown media item type "youtube" (item ) — used "Youtube" as the prefix; add it to Acks_Formats type_prefix_map.
🟠 [AcksBuilder] YouTube metadata unavailable for item  (stubbed) — possible dead link worth checking: https://www.youtube.com/watch?v=NieEuQ2sZqM&t=11s
🟠 [AcksBuilder] Unknown media item type "youtube" (item ) — used "Youtube" as the prefix; add it to Acks_Formats type_prefix_map.
🟠 [AcksBuilder] YouTube metadata unavailable for item  (stubbed) — possible dead link worth checking: https://www.youtube.com/watch?v=RlXG4qeAZ2E
🟠 [AcksBuilder] YouTube metadata unavailable for item  (stubbed) — possible dead link worth checking: https://www.youtube.com/watch?v=SMd2VxgUalk
🟠 [AcksBuilder] YouTube metadata unavailable for item  (stubbed) — possible dead link worth checking: https://www.youtube.com/watch?v=ReMu7IkQecA
🟠 [AcksBuilder] YouTube metadata unavailable for item  (stubbed) — possible dead link worth checking: https://www.youtube.com/watch?v=j7dGP7IMqng
🟠 [AcksBuilder] YouTube metadata unavailable for item  (stubbed) — possible dead link worth checking: https://www.youtube.com/watch?v=CppiBYN95hE
🟠 [AcksBuilder] YouTube metadata unavailable for item  (stubbed) — possible dead link worth checking: https://www.youtube.com/watch?v=oQ2vXEMYM0A%20
🟠 [AcksBuilder] YouTube metadata unavailable for item  (stubbed) — possible dead link worth checking: https://www.youtube.com/watch?v=J6r3gfWg-vQ
🟠 [AcksBuilder] YouTube metadata unavailable for item  (stubbed) — possible dead link worth checking: https://www.youtube.com/watch?v=OIl2Hd6fNd0
🟠 [AcksBuilder] YouTube metadata unavailable for item  (stubbed) — possible dead link worth checking: https://www.youtube.com/watch?v=336H5bdIFq0
🟠 [AcksBuilder] YouTube metadata unavailable for item  (stubbed) — possible dead link worth checking: https://www.youtube.com/watch?v=wyjd73tUXig
🟠 [AcksBuilder] YouTube metadata unavailable for item  (stubbed) — possible dead link worth checking: https://www.youtube.com/watch?v=DGKFwkTh0DU
🟠 [AcksBuilder] YouTube metadata unavailable for item  (stubbed) — possible dead link worth checking: https://www.youtube.com/shorts/TbSAxfsyJvQ
🟠 [AcksBuilder] YouTube metadata unavailable for item  (stubbed) — possible dead link worth checking: https://www.youtube.com/watch?v=-5p2FqTi1Jc
🟠 [AcksBuilder] YouTube metadata unavailable for item  (stubbed) — possible dead link worth checking: https://www.youtube.com/watch?v=7_iVgqgXzi8
🟠 [AcksBuilder] 52 iStock titles could not be verified (no *istock-acks*.txt was supplied); each is marked ❗ and the acks block carries a designer note.
🟢 [SkeletonBuilder] template attribute "1-3" overridden to the level-5 preset "NCEA" (template_phase_presets — the module-level rule outranks sibling inheritance for this attribute only).
🟢 [DocxExtractor] 9 page-boundary marker(s) typed as table rows promoted to paragraphs — the one-table MTK template (round 423; env ROWMARKER_OFF reverts).
🟢 [DocxExtractor] Content opened at the [Content for DROP DOWN MENU] marker — the MTK drop-down-menu bilingual template (its overview lives before the first [LESSON N CONTENT]).
🟢 [ConventionResolver] HTML conventions from group Te Marautanga o Aotearoa TMoA|1-3: overview menu tabs, lesson menu tabs.
🟢 [PageSplitter] Document opens without a literal [TITLE BAR] — overview page opened at the first content tag (Fundamentals-style template).
🟢 [PageSplitter] [MODULE CONTENT: PAGE n] marker — its content stays on the overview page (MTK drop-down-menu template).
🟢 [PageSplitter] Content after the final [end page] (1 blocks) is writer-form boilerplate — not emitted (AR-5).
🟢 [PageAssembler] No [TITLE BAR] title — using the front-matter "Module Name" metadata "Whakapapa" as the module title (MTK drop-down-menu template).
🟠 [AcksBuilder] Unknown media item type "Button" (item ) — used "Button" as the prefix; add it to Acks_Formats type_prefix_map.
🟠 [AcksBuilder] Unknown media item type "Button" (item ) — used "Button" as the prefix; add it to Acks_Formats type_prefix_map.
🟠 [AcksBuilder] Unknown media item type "Button" (item ) — used "Button" as the prefix; add it to Acks_Formats type_prefix_map.
🟠 [AcksBuilder] Unknown media item type "Button" (item ) — used "Button" as the prefix; add it to Acks_Formats type_prefix_map.
🟠 [AcksBuilder] Unknown media item type "Button" (item ) — used "Button" as the prefix; add it to Acks_Formats type_prefix_map.
🟠 [AcksBuilder] Unknown media item type "Button" (item ) — used "Button" as the prefix; add it to Acks_Formats type_prefix_map.
🟠 [AcksBuilder] Unknown media item type "Button" (item ) — used "Button" as the prefix; add it to Acks_Formats type_prefix_map.
🟠 [AcksBuilder] Unknown media item type "Button" (item ) — used "Button" as the prefix; add it to Acks_Formats type_prefix_map.
🟠 [AcksBuilder] Unknown media item type "Button" (item ) — used "Button" as the prefix; add it to Acks_Formats type_prefix_map.
🟠 [AcksBuilder] Unknown media item type "Button" (item ) — used "Button" as the prefix; add it to Acks_Formats type_prefix_map.
🟠 [AcksBuilder] Unknown media item type "Button" (item ) — used "Button" as the prefix; add it to Acks_Formats type_prefix_map.
🟠 [AcksBuilder] Unknown media item type "Button" (item ) — used "Button" as the prefix; add it to Acks_Formats type_prefix_map.
🟠 [AcksBuilder] Unknown media item type "Button" (item ) — used "Button" as the prefix; add it to Acks_Formats type_prefix_map.
🟠 [AcksBuilder] Unknown media item type "Button" (item ) — used "Button" as the prefix; add it to Acks_Formats type_prefix_map.
🟠 [AcksBuilder] Unknown media item type "Button" (item ) — used "Button" as the prefix; add it to Acks_Formats type_prefix_map.
🟢 [AcksBuilder] Media item  placed in lesson 1.0 by neighbour interpolation — verify its group.
🟢 [AcksBuilder] Media item  placed in lesson 1.0 by neighbour interpolation — verify its group.
🟢 [AcksBuilder] Media item  placed in lesson 1.0 by neighbour interpolation — verify its group.
🟢 [AcksBuilder] Media item  placed in lesson 1.0 by neighbour interpolation — verify its group.
🟢 [AcksBuilder] Media item  placed in lesson 1.0 by neighbour interpolation — verify its group.
🟢 [AcksBuilder] Media item  placed in lesson 1.0 by neighbour interpolation — verify its group.
🟢 [AcksBuilder] Media item  placed in lesson 1.0 by neighbour interpolation — verify its group.
🟢 [AcksBuilder] Media item  placed in lesson 1.0 by neighbour interpolation — verify its group.
🟢 [AcksBuilder] Media item  placed in lesson 1.0 by neighbour interpolation — verify its group.
🟢 [AcksBuilder] Media item  placed in lesson 1.0 by neighbour interpolation — verify its group.
🟢 [AcksBuilder] Media item  placed in lesson 1.0 by neighbour interpolation — verify its group.
🟢 [AcksBuilder] Media item  placed in lesson 1.0 by neighbour interpolation — verify its group.
🟢 [AcksBuilder] Media item  placed in lesson 1.0 by neighbour interpolation — verify its group.
🟢 [AcksBuilder] Media item  placed in lesson 1.0 by neighbour interpolation — verify its group.
🟢 [AcksBuilder] Media item  placed in lesson 1.0 by neighbour interpolation — verify its group.
🟢 [AcksBuilder] Media item  placed in lesson 1.0 by neighbour interpolation — verify its group.
🟢 [AcksBuilder] Media item  placed in lesson 1.0 by neighbour interpolation — verify its group.
🟠 [AcksBuilder] Media item  sits between lessons 1.0 and 2.0 — placed in 1.0; verify.
🟠 [AcksBuilder] Media item  sits between lessons 1.0 and 2.0 — placed in 1.0; verify.
🟠 [AcksBuilder] Media item  sits between lessons 1.0 and 2.0 — placed in 1.0; verify.
🟢 [AcksBuilder] Media item  placed in lesson 2.0 by neighbour interpolation — verify its group.
🟢 [AcksBuilder] Media item  placed in lesson 2.0 by neighbour interpolation — verify its group.
🟢 [AcksBuilder] Media item  placed in lesson 2.0 by neighbour interpolation — verify its group.
🟢 [AcksBuilder] Media item  placed in lesson 2.0 by neighbour interpolation — verify its group.
🟠 [AcksBuilder] Media item  sits between lessons 2.0 and 3.0 — placed in 2.0; verify.
🟠 [AcksBuilder] Media item  sits between lessons 2.0 and 3.0 — placed in 2.0; verify.
🟠 [AcksBuilder] Media item  sits between lessons 2.0 and 3.0 — placed in 2.0; verify.
🟢 [AcksBuilder] Media item  placed in lesson 3.0 by neighbour interpolation — verify its group.
🟢 [AcksBuilder] Media item  placed in lesson 3.0 by neighbour interpolation — verify its group.
🟢 [AcksBuilder] Media item  placed in lesson 3.0 by neighbour interpolation — verify its group.
🟢 [AcksBuilder] Media item  placed in lesson 3.0 by neighbour interpolation — verify its group.
🟢 [AcksBuilder] Media item  placed in lesson 3.0 by neighbour interpolation — verify its group.
🟢 [AcksBuilder] Media item  placed in lesson 3.0 by neighbour interpolation — verify its group.
🟢 [AcksBuilder] Media item  placed in lesson 3.0 by neighbour interpolation — verify its group.
🟢 [AcksBuilder] Media item  placed in lesson 3.0 by neighbour interpolation — verify its group.
🟢 [SkeletonBuilder] Page 1.0: h1_count wants 2 title(s) but the source provided 1 — emitted what exists.
🟢 [SkeletonBuilder] Page 2.0: h1_count wants 2 title(s) but the source provided 1 — emitted what exists.
🟢 [SkeletonBuilder] Page 3.0: h1_count wants 2 title(s) but the source provided 1 — emitted what exists.
🟢 [ModuleResolver] 5 mined registry field(s) held the unknown literal "n/a" — kept the nearest real tier / library-wide default instead (universal-field fallback; env SKELDEFAULT_OFF reverts).
🟢 [ConventionResolver] No convention group found for this module — using the global Emit_Templates defaults.
🟢 [PageSplitter] Registry says single-file but lesson/page tags exist — keeping ONE file; the tags become in-page breaks (registry rule).
🟢 [PageSplitter] Document opens without a literal [TITLE BAR] — overview page opened at the first content tag (Fundamentals-style template).
🟢 [InteractiveScanner] speechBubble: additional widget [speech bubble] absorbed (speechBubble + speechBubble).
🟢 [InteractiveScanner] multiChoiceQuiz: additional widget [mcq] absorbed (multiChoiceQuiz + multiChoiceQuiz).
🟢 [InteractiveScanner] multiChoiceQuiz: additional widget [mcq] absorbed (multiChoiceQuiz + multiChoiceQuiz).
🟢 [InteractiveScanner] multiChoiceQuiz: additional widget [mcq] absorbed (multiChoiceQuiz + multiChoiceQuiz).
🟢 [InteractiveScanner] multiChoiceQuiz: additional widget [mcq] absorbed (multiChoiceQuiz + multiChoiceQuiz).
🟢 [InteractiveScanner] multiChoiceQuiz: additional widget [mcq] absorbed (multiChoiceQuiz + multiChoiceQuiz).
🟢 [InteractiveScanner] multiChoiceQuiz: additional widget [mcq] absorbed (multiChoiceQuiz + multiChoiceQuiz).
🟢 [InteractiveScanner] multiChoiceQuiz: additional widget [mcq] absorbed (multiChoiceQuiz + multiChoiceQuiz).
🟢 [InteractiveScanner] multiChoiceQuiz: additional widget [mcq] absorbed (multiChoiceQuiz + multiChoiceQuiz).
🟢 [InteractiveScanner] speechBubble: additional widget [speech bubble] absorbed (speechBubble + speechBubble).
🟢 [InteractiveScanner] speechBubble: additional widget [speech bubble] absorbed (speechBubble + speechBubble).
🟢 [InteractiveScanner] speechBubble: additional widget [speech bubble] absorbed (speechBubble + speechBubble).
🟢 [InteractiveScanner] speechBubble: additional widget [speech bubble] absorbed (speechBubble + speechBubble).
🟢 [InteractiveScanner] speechBubble: additional widget [speech bubble] absorbed (speechBubble + speechBubble).
🟢 [InteractiveScanner] speechBubble: additional widget [speech bubble] absorbed (speechBubble + speechBubble).
🟢 [InteractiveScanner] speechBubble: additional widget [speech bubble] absorbed (speechBubble + speechBubble).
🟢 [InteractiveScanner] radioQuiz: additional widget [radio quiz] absorbed (radioQuiz + radioQuiz).
🟢 [InteractiveScanner] multiChoiceQuiz: additional widget [mcq] absorbed (multiChoiceQuiz + multiChoiceQuiz).
🟢 [InteractiveScanner] multiChoiceQuiz: additional widget [mcq] absorbed (multiChoiceQuiz + multiChoiceQuiz).
🟢 [InteractiveScanner] multiChoiceQuiz: additional widget [mcq] absorbed (multiChoiceQuiz + multiChoiceQuiz).
🟢 [InteractiveScanner] multiChoiceQuiz: additional widget [mcq] absorbed (multiChoiceQuiz + multiChoiceQuiz).
🟢 [InteractiveScanner] multiChoiceQuiz: additional widget [mcq] absorbed (multiChoiceQuiz + multiChoiceQuiz).
🟢 [InteractiveScanner] multiChoiceQuiz: additional widget [mcq] absorbed (multiChoiceQuiz + multiChoiceQuiz).
🟢 [InteractiveScanner] multiChoiceQuiz: additional widget [mcq] absorbed (multiChoiceQuiz + multiChoiceQuiz).
🟢 [InteractiveBuilder] Built carousel #1 from captured data (no placeholder needed).
🟢 [ContentConverter] Page 0.0: [end activity] had no open container — ignored.
🟢 [ContentConverter] Page 0.0: [end mcq] had no open container — ignored.
🟢 [ContentConverter] Page 0.0: [end shape n] had no open container — ignored.
🟢 [InteractiveBuilder] Built carousel #3 from captured data (no placeholder needed).
🟢 [InteractiveBuilder] Built carousel #4 from captured data (no placeholder needed).
🟢 [ContentConverter] Page 0.0: [end activity] had no open container — ignored.
🟢 [ContentConverter] Page 0.0: [end mcq] had no open container — ignored.
🟢 [ContentConverter] Page 0.0: [end shape n] had no open container — ignored.
🟢 [InteractiveBuilder] Built speechBubble #6 from captured data (no placeholder needed).
🟢 [ContentConverter] Page 0.0: [end activity] had no open container — ignored.
🟢 [ContentConverter] Page 0.0: [end mcq] had no open container — ignored.
🟢 [ContentConverter] Page 0.0: [end shape n] had no open container — ignored.
🟢 [InteractiveBuilder] Built carousel #9 from captured data (no placeholder needed).
🟢 [ContentConverter] Page 0.0: [end carousel] had no open container — ignored.
🟢 [ContentConverter] Page 0.0: [end activity] had no open container — ignored.
🟢 [ContentConverter] Page 0.0: [end tab n] had no open container — ignored.
🟢 [InteractiveBuilder] Built speechBubble #12 from captured data (no placeholder needed).
🟢 [ContentConverter] Page 0.0: [end tab n] had no open container — ignored.
🟢 [ContentConverter] Page 0.0: [end mcq] had no open container — ignored.
🟢 [ContentConverter] Page 0.0: [end shape n] had no open container — ignored.
🟢 [PanelsBuilder] 3 panel title heading(s) set to h2 (first_heading_level).
🟠 [AcksBuilder] YouTube metadata unavailable for item  (stubbed) — possible dead link worth checking: https://www.youtube.com/watch?v=RvmF9OWrXWA
🟠 [AcksBuilder] YouTube metadata unavailable for item  (stubbed) — possible dead link worth checking: https://www.youtube.com/watch?v=UasMUnTQ9B0
🟠 [AcksBuilder] Unknown media item type "Line drawing of leaves and flowers" (item ) — used "Line drawing of leaves and flowers" as the prefix; add it to Acks_Formats type_prefix_map.
🟠 [AcksBuilder] YouTube metadata unavailable for item  (stubbed) — possible dead link worth checking: https://www.youtube.com/watch?v=zXtExOMCDfE
🟠 [AcksBuilder] YouTube metadata unavailable for item  (stubbed) — possible dead link worth checking: https://www.youtube.com/watch?v=KlLZKA5iUoE
🟠 [AcksBuilder] YouTube metadata unavailable for item  (stubbed) — possible dead link worth checking: https://www.youtube.com/watch?v=fBlR7taW9jk
🟠 [AcksBuilder] YouTube metadata unavailable for item  (stubbed) — possible dead link worth checking: https://www.youtube.com/watch?v=j7RRFmFrHDg
🟠 [AcksBuilder] YouTube metadata unavailable for item  (stubbed) — possible dead link worth checking: https://www.youtube.com/watch?v=iH7SaE8-qEo
🟠 [AcksBuilder] Unknown media item type "videos" (item ) — used "Videos" as the prefix; add it to Acks_Formats type_prefix_map.
🟠 [AcksBuilder] YouTube metadata unavailable for item  (stubbed) — possible dead link worth checking: https://www.youtube.com/watch?v=oSkiVcnoN5w
🟠 [AcksBuilder] Unknown media item type "videos" (item ) — used "Videos" as the prefix; add it to Acks_Formats type_prefix_map.
🟠 [AcksBuilder] Unknown media item type "iamge" (item ) — used "Iamge" as the prefix; add it to Acks_Formats type_prefix_map.
🟢 [AcksBuilder] Media item  placed in lesson 0.0 by neighbour interpolation — verify its group.
🟢 [AcksBuilder] Media item  placed in lesson 0.0 by neighbour interpolation — verify its group.
🟢 [AcksBuilder] Media item  placed in lesson 0.0 by neighbour interpolation — verify its group.
🟠 [AcksBuilder] 18 iStock titles could not be verified (no *istock-acks*.txt was supplied); each is marked ❗ and the acks block carries a designer note.
🟢 [SkeletonBuilder] footer_links "overview" value "—" is not a footer pattern (the registry's no-evidence marker) — the KB's overview-page form "home" applied (footer.kb_position_defaults).
🟠 [ModuleResolver] Multiple module-code candidates found (SSOG301, SSSO301) — using SSOG301 from filename "SSOG301 Writers Template + Media List.docx".
🟢 [DocxExtractor] Media-list boilerplate dropped: 3 blocks before the media table — the template's own instructions, not content.
🟢 [ConventionResolver] HTML conventions from group 1-10 Social Science|7-8: overview menu tabs, lesson menu default.
🟢 [PageSplitter] [end page] before [MODULE INTRODUCTION] disregarded — the introduction stays on the overview page (AR-1).
🟢 [PageSplitter] Implicit page break: content continues after [end page] without a [LESSON] tag — opened page 3.0 ("**Styles of leadership").
🟢 [PageSplitter] Implicit page break: content continues after [end page] without a [LESSON] tag — opened page 7.0.
🟢 [PageSplitter] Content after the final [end page] (17 blocks) is writer-form boilerplate — not emitted (AR-5).
🟢 [PageSplitter] Page 5.0: heading says "Lesson 6" — using the heading's number.
🟢 [PageSplitter] Page 6.0: heading says "Lesson 7" — using the heading's number.
🟠 [PageSplitter] Duplicate lesson label 7.0 (writers reused the number) — relabelled to 8.0; check the source numbering.
🟢 [MenuBuilder] Menu heading "Tirohanga Whānui | Overview" is the section label — consumed (the menu scaffolding names it).
🟢 [MenuBuilder] Menu section "Aromatawai | Assessment for Learning" promoted to its own "Assessment" nav tab (menu.extra_tabs registry).
🟢 [InteractiveScanner] Page 1.0: 3 id-carrying heading(s) re-tagged as [Activity N] openers (opener_rule.id_heading_opener).
🟢 [InteractiveScanner] Activity 1C: additional widget [info trigger] absorbed (unclassified + infoTrigger).
🟢 [ContentConverter] Page 1.0: [activity] auto-closed before the next activity.
🟢 [InteractiveScanner] Page 2.0: 2 id-carrying heading(s) re-tagged as [Activity N] openers (opener_rule.id_heading_opener).
🟢 [ContentConverter] Page 2.0: [activity] auto-closed before the next h3.
🟢 [ContentConverter] Page 2.0: [activity] auto-closed before the next important.
🟢 [InteractiveScanner] Page 3.0: 2 id-carrying heading(s) re-tagged as [Activity N] openers (opener_rule.id_heading_opener).
🟢 [ContentConverter] Page 3.0: [activity] auto-closed before the next activity.
🟠 [ContentConverter] Page 3.0: [activity] was never closed — closed at page end.
🟢 [InteractiveScanner] Page 4.0: 2 id-carrying heading(s) re-tagged as [Activity N] openers (opener_rule.id_heading_opener).
🟢 [InteractiveBuilder] Built dragAndDrop #6 from captured data (no placeholder needed).
🟢 [ContentConverter] Page 4.0: activity box closed after its upload button — the button is the box's last child (round 376).
🟢 [InteractiveBuilder] Built dragAndDrop #7 from captured data (no placeholder needed).
🟢 [InteractiveBuilder] Built dragAndDrop #8 from captured data (no placeholder needed).
🟢 [ContentConverter] Page 4.0: activity number normalised (page_number_normalise): 5B → 4D.
🟢 [InteractiveScanner] Page 6.0: 4 id-carrying heading(s) re-tagged as [Activity N] openers (opener_rule.id_heading_opener).
🟢 [InteractiveScanner] multiChoiceQuiz: additional widget [mcq] absorbed (multiChoiceQuiz + multiChoiceQuiz).
🟢 [ContentConverter] Page 6.0: 2 inline definitions woven onto the anchor word (orphan definition weave).
🟢 [InteractiveBuilder] Built dragAndDrop #11 from captured data (no placeholder needed).
🟢 [ContentConverter] Page 6.0: [activity] auto-closed before the next activity.
🟢 [ContentConverter] Page 6.0: [activity] auto-closed before the next h3.
🟢 [ContentConverter] Page 6.0: activity number normalised (page_number_normalise): 6C → 6D.
🟢 [InteractiveScanner] Page 7.0: 2 id-carrying heading(s) re-tagged as [Activity N] openers (opener_rule.id_heading_opener).
🟢 [ContentConverter] Page 7.0: [activity] auto-closed before the next activity.
🟢 [ContentConverter] Page 7.0: activity box closed after its upload button — the button is the box's last child (round 376).
🟢 [InteractiveScanner] dropDown: additional widget [dropdown] absorbed (dropDown + dropDown).
🟢 [InteractiveScanner] dropDown: additional widget [dropdown] absorbed (dropDown + dropDown).
🟢 [InteractiveScanner] dropDown: additional widget [dropdown] absorbed (dropDown + dropDown).
🟠 [AcksBuilder] YouTube metadata unavailable for item  (stubbed) — possible dead link worth checking: https://www.youtube.com/watch?v=HxEntJiIEd0&t=1s
🟠 [AcksBuilder] YouTube metadata unavailable for item  (stubbed) — possible dead link worth checking: https://www.youtube.com/watch?v=ddB20U1hQt0
🟠 [AcksBuilder] YouTube metadata unavailable for item  (stubbed) — possible dead link worth checking: https://www.youtube.com/watch?v=cTcmpRjMQS4
🟠 [AcksBuilder] YouTube metadata unavailable for item  (stubbed) — possible dead link worth checking: https://www.youtube.com/watch?v=WORnPLZE5CA
🟠 [AcksBuilder] YouTube metadata unavailable for item  (stubbed) — possible dead link worth checking: https://www.youtube.com/watch?v=qjvSLwaze5I
🟠 [AcksBuilder] YouTube metadata unavailable for item  (stubbed) — possible dead link worth checking: https://www.youtube.com/watch?v=2DPlmf-AJg8
🟠 [AcksBuilder] YouTube metadata unavailable for item  (stubbed) — possible dead link worth checking: https://www.youtube.com/watch?v=NQN4mtTagL0
🟠 [AcksBuilder] YouTube metadata unavailable for item  (stubbed) — possible dead link worth checking: https://www.youtube.com/watch?v=uGIAZYkN_lY
🟠 [AcksBuilder] YouTube metadata unavailable for item  (stubbed) — possible dead link worth checking: https://www.youtube.com/watch?v=AuMy9opKwEY
🟢 [AcksBuilder] Media item  ("Link") is a lesson link — no acknowledgement (scope rule).
🟢 [AcksBuilder] Media item  ("Link") is a lesson link — no acknowledgement (scope rule).
🟠 [AcksBuilder] YouTube metadata unavailable for item  (stubbed) — possible dead link worth checking: https://www.youtube.com/watch?v=diRy8DwM7NE
🟠 [AcksBuilder] YouTube metadata unavailable for item  (stubbed) — possible dead link worth checking: https://www.youtube.com/watch?v=2aUxNi4c2fk
🟢 [AcksBuilder] Media item  ("Link") is a lesson link — no acknowledgement (scope rule).
🟢 [AcksBuilder] Media item  ("Link") is a lesson link — no acknowledgement (scope rule).
🟢 [AcksBuilder] Media item  ("Link") is a lesson link — no acknowledgement (scope rule).
🟢 [AcksBuilder] Media item  ("Link") is a lesson link — no acknowledgement (scope rule).
🟢 [AcksBuilder] Media item  ("Link") is a lesson link — no acknowledgement (scope rule).
🟠 [AcksBuilder] YouTube metadata unavailable for item  (stubbed) — possible dead link worth checking: https://www.youtube.com/watch?v=i2ISns3r_cI
🟢 [AcksBuilder] Media item  placed in lesson 1.0 by neighbour interpolation — verify its group.
🟢 [AcksBuilder] Media item  placed in lesson 1.0 by neighbour interpolation — verify its group.
🟠 [AcksBuilder] Media item  sits between lessons 1.0 and 2.0 — placed in 1.0; verify.
🟢 [AcksBuilder] Media item  placed in lesson 2.0 by neighbour interpolation — verify its group.
🟢 [AcksBuilder] Media item  placed in lesson 4.0 by neighbour interpolation — verify its group.
🟢 [AcksBuilder] Media item  placed in lesson 4.0 by neighbour interpolation — verify its group.
🟢 [AcksBuilder] Media item  placed in lesson 7.0 by neighbour interpolation — verify its group.
🟢 [AcksBuilder] Media item  placed in lesson 7.0 by neighbour interpolation — verify its group.
🟢 [AcksBuilder] Media item  placed in lesson 7.0 by neighbour interpolation — verify its group.
🟠 [AcksBuilder] 6 iStock titles could not be verified (no *istock-acks*.txt was supplied); each is marked ❗ and the acks block carries a designer note.
🟢 [SkeletonBuilder] footer_links "final" value "—" is not a footer pattern (the registry's no-evidence marker) — the KB's final-page form "prev+home" applied (footer.kb_position_defaults).
🟠 [DocxExtractor] No [TITLE BAR]/[Fundamental content] opener — content started at the first structural tag instead; check the first page for stray front-matter.
🟢 [ConventionResolver] HTML conventions from group Te Marautanga o Aotearoa TMoA|1-3: overview menu tabs, lesson menu tabs.
🟢 [PageSplitter] Document opens without a literal [TITLE BAR] — overview page opened at the first content tag (Fundamentals-style template).
🟢 [InteractiveBuilder] Built speechBubble #1 from captured data (no placeholder needed).
🟢 [InteractiveBuilder] Built speechBubble #3 from captured data (no placeholder needed).
🟢 [PageAssembler] No [TITLE BAR] / Module Name title — MTK module title taken from the Module Code cell: "Ngā Orokati Tuatahi | First Consonants" (round 321).
🟢 [AcksBuilder] Media item  ("Link") is a lesson link — no acknowledgement (scope rule).
🟢 [AcksBuilder] Media item  ("Link") is a lesson link — no acknowledgement (scope rule).
🟠 [AcksBuilder] YouTube metadata unavailable for item  (stubbed) — possible dead link worth checking: https://www.youtube.com/watch?v=oAIAm6BF0fs
🟠 [AcksBuilder] YouTube metadata unavailable for item 24. (stubbed) — possible dead link worth checking: https://www.youtube.com/watch?v=r3TBK7MiF3Y
🟠 [AcksBuilder] YouTube metadata unavailable for item 30. (stubbed) — possible dead link worth checking: https://www.youtube.com/watch?v=QjisC1Aj-rA&list=RDQjisC1Aj-rA&start_radio=1
🟠 [AcksBuilder] Media item  sits between lessons 2.0 and 0.0 — placed in 2.0; verify.
🟠 [AcksBuilder] Media item  sits between lessons 2.0 and 0.0 — placed in 2.0; verify.
🟠 [AcksBuilder] Media item  sits between lessons 2.0 and 0.0 — placed in 2.0; verify.
🟠 [AcksBuilder] Media item  sits between lessons 2.0 and 0.0 — placed in 2.0; verify.
🟠 [AcksBuilder] Media item  sits between lessons 2.0 and 0.0 — placed in 2.0; verify.
🟠 [AcksBuilder] Media item 20. sits between lessons 2.0 and 0.0 — placed in 2.0; verify.
🟢 [AcksBuilder] Media item 23. placed in lesson 0.0 by neighbour interpolation — verify its group.
🟠 [AcksBuilder] Media item  could not be mapped to a lesson — placed in the first group (0.0); verify.
🟠 [AcksBuilder] Media item  could not be mapped to a lesson — placed in the first group (0.0); verify.
🟠 [AcksBuilder] Media item  could not be mapped to a lesson — placed in the first group (0.0); verify.
🟠 [AcksBuilder] Media item  could not be mapped to a lesson — placed in the first group (0.0); verify.
🟠 [AcksBuilder] Media item  could not be mapped to a lesson — placed in the first group (0.0); verify.
🟠 [AcksBuilder] Media item  could not be mapped to a lesson — placed in the first group (0.0); verify.
🟠 [AcksBuilder] Media item  could not be mapped to a lesson — placed in the first group (0.0); verify.
🟠 [AcksBuilder] Media item  could not be mapped to a lesson — placed in the first group (0.0); verify.
🟠 [AcksBuilder] Media item  could not be mapped to a lesson — placed in the first group (0.0); verify.
🟠 [AcksBuilder] Media item  could not be mapped to a lesson — placed in the first group (0.0); verify.
🟠 [AcksBuilder] Media item  could not be mapped to a lesson — placed in the first group (0.0); verify.
🟠 [AcksBuilder] 7 iStock titles could not be verified (no *istock-acks*.txt was supplied); each is marked ❗ and the acks block carries a designer note.
🟢 [SkeletonBuilder] footer_links "final" value "—" is not a footer pattern (the registry's no-evidence marker) — the KB's final-page form "prev+home" applied (footer.kb_position_defaults).
🟢 [DocxExtractor] Media-list boilerplate dropped: 3 blocks before the media table — the template's own instructions, not content.
🟢 [ConventionResolver] HTML conventions from group Te ara Whakapuawa -Wellbeing|combo: overview menu default, lesson menu two_col_li.
🟢 [InteractiveScanner] [[Activity 1A: Drag and drop] Dev when creating scatter the questions around. They are in the ‘correct’ place on my table.] — the heading "Essential questions" and its table are the widget's own (heading_table_owner).
🟢 [ContentConverter] Page 0.0: [end tab n] had no open container — ignored.
🟢 [InteractiveBuilder] Built dragAndDrop #1 from captured data (no placeholder needed).
🟢 [ContentConverter] Page 0.0: [end activity] had no open container — ignored.
🟢 [ContentConverter] Page 0.0: [end tab n] had no open container — ignored.
🟢 [ContentConverter] Page 0.0: [ [Activity 2B Activity box:] Ka pai! ] — the words inside the red span "Ka pai!" are the activity title (embedded_free_text).
🟢 [ContentConverter] Page 0.0: [activity] auto-closed before the next alert.
🟢 [ContentConverter] Page 0.0: [end tab n] had no open container — ignored.
🟢 [ContentConverter] Page 0.0: layout-note [activity] opener merged into the adjacent numbered activity (no empty box).
🟢 [ContentConverter] Page 0.0: [ [Activity box:] Ka pai! ] — the words inside the red span "Ka pai!" are the activity title (embedded_free_text).
🟢 [ContentConverter] Page 0.0: [activity] auto-closed before the next alert.
🟢 [ContentConverter] Page 0.0: [end tab n] had no open container — ignored.
🟢 [ContentConverter] Page 0.0: layout-note [activity] opener merged into the adjacent numbered activity (no empty box).
🟢 [ContentConverter] Page 0.0: [ [Activity box:] Ka pai! ] — the words inside the red span "Ka pai!" are the activity title (embedded_free_text).
🟢 [ContentConverter] Page 0.0: [activity] auto-closed before the next alert.
🟢 [ContentConverter] Page 0.0: [end tab n] had no open container — ignored.
🟢 [InteractiveBuilder] Built carousel #4 from captured data (no placeholder needed).
🟢 [ContentConverter] Page 0.0: layout-note [activity] opener merged into the adjacent numbered activity (no empty box).
🟢 [ContentConverter] Page 0.0: [ [Activity box:] Ka pai! ] — the words inside the red span "Ka pai!" are the activity title (embedded_free_text).
🟢 [ContentConverter] Page 0.0: [activity] auto-closed before the next alert.
🟢 [ContentConverter] Page 0.0: [end tab n] had no open container — ignored.
🟢 [MenuBuilder] Menu heading "Tirohanga Whānui | Overview" is the section label — consumed (the menu scaffolding names it).
🟢 [MenuBuilder] Menu heading "He aha tāku hei tīmata? | What do I need to get started?" had no content beneath it — omitted (empty preconfigured scaffolding).
🟢 [MenuBuilder] Menu heading "Aromatawai | Assessment for Learning" had no content beneath it — omitted (empty preconfigured scaffolding).
🟢 [PanelsBuilder] 2 panel title heading(s) set to h2 (first_heading_level).
🟠 [AcksBuilder] Unknown media item type "Images" (item ) — used "Images" as the prefix; add it to Acks_Formats type_prefix_map.
🟠 [AcksBuilder] YouTube metadata unavailable for item  (stubbed) — possible dead link worth checking: https://youtu.be/1_tgcHlWo2Y
🟠 [AcksBuilder] YouTube metadata unavailable for item  (stubbed) — possible dead link worth checking: https://youtu.be/TcvTRmH0-XQ
🟠 [AcksBuilder] YouTube metadata unavailable for item  (stubbed) — possible dead link worth checking: https://youtu.be/8NdjGTklEMQ
🟠 [AcksBuilder] YouTube metadata unavailable for item  (stubbed) — possible dead link worth checking: https://youtu.be/OdnYzKUDXKY
🟠 [AcksBuilder] 15 iStock titles could not be verified (no *istock-acks*.txt was supplied); each is marked ❗ and the acks block carries a designer note.
🟢 [DocxExtractor] Media-list boilerplate dropped: 2 blocks of the media-list heading and preamble (no media table recognised in this document) — the template's own instructions, not content.
🟢 [ConventionResolver] HTML conventions from group 1-10 Writing (MiW)|1-3: overview menu tabs, lesson menu default.
🟢 [PageSplitter] Registry says single-file but lesson/page tags exist — keeping ONE file; the tags become in-page breaks (registry rule).
🟢 [PageSplitter] Document opens without a literal [TITLE BAR] — overview page opened at the first content tag (Fundamentals-style template).
🟢 [InteractiveScanner] Activity 1A: additional widget [mcq] absorbed (dragAndDrop + multiChoiceQuiz).
🟢 [InteractiveScanner] Activity 2B: additional widget [speech bubble] absorbed (slider + speechBubble).
🟢 [ContentConverter] Tile-page fundamentals dialect: 2 tiles (Purpose, Audience) — one panel per tile, the tile LI/SC blocks routed to the module menu (fundamentals_panels.tile_pages).
🟢 [InteractiveBuilder] Built speechBubble #1 from captured data (no placeholder needed).
🟢 [ContentConverter] Page 0.0: [end speech bubble] had no open container — ignored.
🟢 [ContentConverter] Page 0.0: [end activity] had no open container — ignored.
🟢 [InteractiveBuilder] Built speechBubble #5 from captured data (no placeholder needed).
🟢 [ContentConverter] Page 0.0: [end speech bubble] had no open container — ignored.
🟢 [ContentConverter] Page 0.0: [end activity] had no open container — ignored.
🟢 [InteractiveBuilder] Built speechBubble #7 from captured data (no placeholder needed).
🟢 [ContentConverter] Page 0.0: [end speech bubble] had no open container — ignored.
🟢 [ContentConverter] Page 0.0: [end speech bubble] had no open container — ignored.
🟢 [ContentConverter] Page 0.0: [end activity] had no open container — ignored.
🟢 [MenuBuilder] Overview menu composed as level tabs (Overview + Purpose, Audience; fundamentals_panels.level_pages).
🟢 [PanelsBuilder] 2 panel title heading(s) set to h2 (first_heading_level).
🟠 [AcksBuilder] YouTube metadata unavailable for item  (stubbed) — possible dead link worth checking: https://www.youtube.com/watch?v=PkzAeRXOsN0
🟠 [AcksBuilder] YouTube metadata unavailable for item  (stubbed) — possible dead link worth checking: https://www.youtube.com/watch?v=enm4afX-izA
🟠 [AcksBuilder] YouTube metadata unavailable for item  (stubbed) — possible dead link worth checking: https://www.youtube.com/watch?v=PTD_EZWCO7w
🟠 [AcksBuilder] YouTube metadata unavailable for item  (stubbed) — possible dead link worth checking: https://www.youtube.com/watch?v=nwMI97hDTJk
🟢 [AcksBuilder] Media item  placed in lesson 0.0 by neighbour interpolation — verify its group.
🟠 [AcksBuilder] 3 iStock titles could not be verified (no *istock-acks*.txt was supplied); each is marked ❗ and the acks block carries a designer note.
🟢 [ConventionResolver] HTML conventions from group Leaving to Learn|NCEA: overview menu default, lesson menu flat.
🟢 [PageSplitter] [end page] before [MODULE INTRODUCTION] disregarded — the introduction stays on the overview page (AR-1).
🟢 [PageSplitter] Implicit page break: content continues after [end page] without a [LESSON] tag — opened page 3.0.
🟢 [PageSplitter] Content after the final [end page] (1 blocks) is writer-form boilerplate — not emitted (AR-5).
🟠 [PageSplitter] Duplicate lesson label 3.0 (writers reused the number) — relabelled to 4.0; check the source numbering.
🟢 [InteractiveScanner] speechBubble: additional widget [speech bubble] absorbed (speechBubble + speechBubble).
🟢 [InteractiveScanner] speechBubble: additional widget [speech bubble] absorbed (speechBubble + speechBubble).
🟢 [InteractiveBuilder] Built speechBubble #2 from captured data (no placeholder needed).
🟢 [MenuBuilder] Menu heading "Tirohanga Whānui | Overview" is the section label — consumed (the menu scaffolding names it).
🟢 [MenuBuilder] Menu section "Aromatawai | Assessment for Learning" promoted to its own "Standards" nav tab (menu.extra_tabs registry).
🟢 [InteractiveBuilder] Built carousel #3 from captured data (no placeholder needed).
🟢 [InteractiveBuilder] Built speechBubble #4 from captured data (no placeholder needed).
🟢 [InteractiveBuilder] Built flipCard #5 from captured data (no placeholder needed).
🟢 [InteractiveBuilder] Built speechBubble #6 from captured data (no placeholder needed).
🟢 [ContentConverter] Page 2.0: [end other] had no open container — ignored.
🟢 [ContentConverter] Page 2.0: [end other] had no open container — ignored.
🟠 [ContentConverter] Page 2.0: [activity] was never closed — closed at page end.
🟢 [InteractiveScanner] Activity 2: additional widget [accordion] absorbed (speechBubble + accordion).
🟢 [InteractiveScanner] Activity 2: additional widget [speech bubble] absorbed (speechBubble + speechBubble).
🟢 [ContentConverter] Page 3.0: [activity] auto-closed before the next activity.
🟢 [ContentConverter] Page 3.0: [activity] auto-closed before the next h3.
🟢 [InteractiveBuilder] Built speechBubble #9 from captured data (no placeholder needed).
🟢 [InteractiveBuilder] Built flipCard #10 from captured data (no placeholder needed).
🟢 [InteractiveBuilder] Built speechBubble #11 from captured data (no placeholder needed).
🟢 [InteractiveBuilder] Built speechBubble #13 from captured data (no placeholder needed).
🟢 [ContentConverter] Page 3.0: activity number normalised (page_number_normalise): 3A → 2A.
🟢 [InteractiveScanner] accordion: additional widget [accordion] absorbed (accordion + accordion).
🟢 [InteractiveScanner] accordion: additional widget [accordion] absorbed (accordion + accordion).
🟢 [InteractiveScanner] accordion: additional widget [accordion] absorbed (accordion + accordion).
🟢 [InteractiveScanner] accordion: additional widget [accordion] absorbed (accordion + accordion).
🟢 [ContentConverter] Page 4.0: [end accordion] had no open container — ignored.
🟢 [ContentConverter] Page 4.0: [activity] auto-closed before the next h3.
🟢 [InteractiveBuilder] Built speechBubble #15 from captured data (no placeholder needed).
🟢 [InteractiveBuilder] Built speechBubble #16 from captured data (no placeholder needed).
🟢 [ContentConverter] Page 4.0: [end activity] had no open container — ignored.
🟠 [AcksBuilder] YouTube metadata unavailable for item 1 (stubbed) — possible dead link worth checking: https://www.youtube.com/watch?v=RuQjYzP9PMo
🟠 [AcksBuilder] YouTube metadata unavailable for item 2 (stubbed) — possible dead link worth checking: https://www.youtube.com/watch?v=Oqu_LXbIA6Q
🟠 [AcksBuilder] YouTube metadata unavailable for item 3 (stubbed) — possible dead link worth checking: https://www.youtube.com/watch?v=bnyP7-T6LV4
🟠 [AcksBuilder] YouTube metadata unavailable for item 4 (stubbed) — possible dead link worth checking: https://www.youtube.com/watch?v=tT-0uu2yvlg
🟠 [AcksBuilder] YouTube metadata unavailable for item 5 (stubbed) — possible dead link worth checking: https://www.youtube.com/watch?v=8hiyoETX8eU)
🟠 [AcksBuilder] YouTube metadata unavailable for item 6 (stubbed) — possible dead link worth checking: https://www.youtube.com/watch?v=_HhON9fj77g&list=PLbjj-GAgB5ySDMXFwvW4T2JAFMWhfD9vc&index=13
🟠 [AcksBuilder] YouTube metadata unavailable for item 7 (stubbed) — possible dead link worth checking: https://www.youtube.com/watch?v=JY0zpYApWOI
🟠 [AcksBuilder] YouTube metadata unavailable for item 19 (stubbed) — possible dead link worth checking: https://www.youtube.com/watch?v=K3qktxK4otg
🟠 [AcksBuilder] YouTube metadata unavailable for item 20 (stubbed) — possible dead link worth checking: https://www.youtube.com/watch?v=K3qktxK4otg
🟠 [AcksBuilder] YouTube metadata unavailable for item 21 (stubbed) — possible dead link worth checking: https://www.youtube.com/watch?v=r2l3ARB1Hdc
🟠 [AcksBuilder] YouTube metadata unavailable for item 22 (stubbed) — possible dead link worth checking: https://www.youtube.com/shorts/lbfUSLtL-J4
🟠 [AcksBuilder] YouTube metadata unavailable for item 23 (stubbed) — possible dead link worth checking: https://www.youtube.com/watch?v=NUiXay_efZU
🟢 [AcksBuilder] Media item 24 ("link") is a lesson link — no acknowledgement (scope rule).
🟠 [AcksBuilder] YouTube metadata unavailable for item 25 (stubbed) — possible dead link worth checking: https://www.youtube.com/watch?v=dUW0LW_FaSM
🟢 [AcksBuilder] Media item 26 ("link") is a lesson link — no acknowledgement (scope rule).
🟢 [AcksBuilder] Media item 27 ("link") is a lesson link — no acknowledgement (scope rule).
🟢 [AcksBuilder] Media item 28 ("link") is a lesson link — no acknowledgement (scope rule).
🟠 [AcksBuilder] Unknown media item type "Link to external website" (item 31) — used "Link to external website" as the prefix; add it to Acks_Formats type_prefix_map.
🟠 [AcksBuilder] Unknown media item type "Link to external site" (item 32) — used "Link to external site" as the prefix; add it to Acks_Formats type_prefix_map.
🟠 [AcksBuilder] YouTube metadata unavailable for item 34 (stubbed) — possible dead link worth checking: https://www.youtube.com/watch?v=Hs1Tlxbm8PU
🟢 [AcksBuilder] Media item  placed in lesson 3.0 by neighbour interpolation — verify its group.
🟢 [AcksBuilder] Media item On PDF printable doc for services & facilities sheets. placed in lesson 4.0 by neighbour interpolation — verify its group.
🟠 [AcksBuilder] 14 iStock titles could not be verified (no *istock-acks*.txt was supplied); each is marked ❗ and the acks block carries a designer note.
🟢 [SkeletonBuilder] footer_links "final" value "—" is not a footer pattern (the registry's no-evidence marker) — the KB's final-page form "prev+home" applied (footer.kb_position_defaults).
🟢 [ConventionResolver] HTML conventions from series XGF (deviation over Leaving to Learn|combo): overview menu two_col_li, lesson menu flat.
🟢 [PageSplitter] Implicit page break: content continues after [end page] without a [LESSON] tag — opened page 1.0.
🟢 [PageSplitter] Implicit page break: content continues after [end page] without a [LESSON] tag — opened page 2.0.
🟢 [PageSplitter] Implicit page break: content continues after [end page] without a [LESSON] tag — opened page 3.0.
🟢 [PageSplitter] Implicit page break: content continues after [end page] without a [LESSON] tag — opened page 4.0.
🟢 [PageSplitter] Implicit page break: content continues after [end page] without a [LESSON] tag — opened page 5.0.
🟢 [PageSplitter] Implicit page break: content continues after [end page] without a [LESSON] tag — opened page 6.0.
🟢 [PageSplitter] Implicit page break: content continues after [end page] without a [LESSON] tag — opened page 7.0.
🟢 [PageSplitter] Implicit page break: content continues after [end page] without a [LESSON] tag — opened page 8.0.
🟢 [PageSplitter] Implicit page break: content continues after [end page] without a [LESSON] tag — opened page 9.0.
🟢 [PageSplitter] Implicit page break: content continues after [end page] without a [LESSON] tag — opened page 10.0.
🟢 [PageSplitter] Implicit page break: content continues after [end page] without a [LESSON] tag — opened page 11.0.
🟢 [PageSplitter] Implicit page break: content continues after [end page] without a [LESSON] tag — opened page 12.0.
🟢 [PageSplitter] Implicit page break: content continues after [end page] without a [LESSON] tag — opened page 13.0.
🟢 [PageSplitter] Implicit page break: content continues after [end page] without a [LESSON] tag — opened page 14.0.
🟢 [PageSplitter] Implicit page break: content continues after [end page] without a [LESSON] tag — opened page 2.0 ("Socratic Questioning in Everyday Life").
🟢 [PageSplitter] Implicit page break: content continues after [end page] without a [LESSON] tag — opened page 3.0 ("Socratic Questioning with Big Ideas").
🟢 [PageSplitter] Implicit page break: content continues after [end page] without a [LESSON] tag — opened page 4.0.
🟢 [PageSplitter] Page 2.0: heading says "Lesson 1" — using the heading's number.
🟢 [PageSplitter] Page 3.0: heading says "Lesson 2" — using the heading's number.
🟢 [PageSplitter] Page 4.0: heading says "Lesson 3" — using the heading's number.
🟢 [PageSplitter] Page 5.0: heading says "Lesson 4" — using the heading's number.
🟢 [PageSplitter] Page 6.0: heading says "Lesson 5" — using the heading's number.
🟢 [PageSplitter] Page 7.0: heading says "Lesson 6" — using the heading's number.
🟢 [PageSplitter] Page 8.0: heading says "Lesson 7" — using the heading's number.
🟢 [PageSplitter] Page 10.0: heading says "Lesson 4" — using the heading's number.
🟢 [PageSplitter] Page 11.0: heading says "Lesson 5" — using the heading's number.
🟢 [PageSplitter] Page 12.0: heading says "Lesson 6" — using the heading's number.
🟢 [PageSplitter] Page 13.0: heading says "Lesson 7" — using the heading's number.
🟠 [PageSplitter] Duplicate lesson label 1.0 (writers reused the number) — relabelled to 2.0; check the source numbering.
🟠 [PageSplitter] Duplicate lesson label 2.0 (writers reused the number) — relabelled to 3.0; check the source numbering.
🟠 [PageSplitter] Duplicate lesson label 3.0 (writers reused the number) — relabelled to 4.0; check the source numbering.
🟠 [PageSplitter] Duplicate lesson label 4.0 (writers reused the number) — relabelled to 5.0; check the source numbering.
🟠 [PageSplitter] Duplicate lesson label 5.0 (writers reused the number) — relabelled to 6.0; check the source numbering.
🟠 [PageSplitter] Duplicate lesson label 6.0 (writers reused the number) — relabelled to 7.0; check the source numbering.
🟠 [PageSplitter] Duplicate lesson label 7.0 (writers reused the number) — relabelled to 8.0; check the source numbering.
🟠 [PageSplitter] Duplicate lesson label 4.0 (writers reused the number) — relabelled to 10.0; check the source numbering.
🟠 [PageSplitter] Duplicate lesson label 5.0 (writers reused the number) — relabelled to 11.0; check the source numbering.
🟠 [PageSplitter] Duplicate lesson label 6.0 (writers reused the number) — relabelled to 12.0; check the source numbering.
🟠 [PageSplitter] Duplicate lesson label 7.0 (writers reused the number) — relabelled to 13.0; check the source numbering.
🟠 [PageSplitter] Duplicate lesson label 2.0 (writers reused the number) — relabelled to 15.0; check the source numbering.
🟠 [PageSplitter] Duplicate lesson label 3.0 (writers reused the number) — relabelled to 16.0; check the source numbering.
🟠 [PageSplitter] Duplicate lesson label 4.0 (writers reused the number) — relabelled to 17.0; check the source numbering.
🟢 [MenuBuilder] Menu heading "Tirohanga Whānui | Overview" is the section label — consumed (the menu scaffolding names it).
🟢 [InteractiveScanner] tabs: additional widget [tabs] absorbed (tabs + tabs).
🟢 [InteractiveScanner] Activity 1B: additional widget [drag and drop] absorbed (dragAndDrop + dragAndDrop).
🟢 [ContentConverter] Page 2.0: the standalone multiChoiceQuiz widget renders inside the open [activity] box — no synthetic box of its own (inside_open_activity).
🟢 [InteractiveBuilder] Built multiChoiceQuiz #3 from captured data (no placeholder needed).
🟢 [ContentConverter] Page 2.0: [activity] auto-closed before the next h3.
🟢 [ContentConverter] Page 2.0: [end other] had no open container — ignored.
🟢 [InteractiveBuilder] Built carousel #5 from captured data (no placeholder needed).
🟢 [ContentConverter] Page 3.0: [end carousel] had no open container — ignored.
🟢 [InteractiveBuilder] Built flipCard #6 from captured data (no placeholder needed).
🟢 [ContentConverter] Page 3.0: [activity] auto-closed before the next alert.
🟢 [ContentConverter] Page 3.0: [end drag and drop] had no open container — ignored.
🟢 [ContentConverter] Page 3.0: [end activity] had no open container — ignored.
🟢 [InteractiveScanner] dragAndDrop: additional widget [drag and drop] absorbed (dragAndDrop + dragAndDrop).
🟢 [ContentConverter] Page 4.0: [activity] auto-closed before the next h3.
🟢 [ContentConverter] Page 4.0: [end activity] had no open container — ignored.
🟢 [ContentConverter] Page 4.0: [activity] auto-closed before the next activity.
🟢 [ContentConverter] Page 4.0: activity numbers normalised (page_number_normalise): 4B → 3B, 3B → 3C, 3C → 3D, 4E → 3E.
🟢 [InteractiveScanner] Activity 4C: additional widget [drag and drop] absorbed (modal + dragAndDrop).
🟢 [ContentConverter] Page 5.0: [activity] auto-closed before the next h3.
🟢 [ContentConverter] [alert] spans to an explicit end tag (writer-authored box).
🟢 [ContentConverter] Page 5.0: [end activity] had no open container — ignored.
🟢 [ContentConverter] Page 5.0: [activity] auto-closed before the next activity.
🟢 [ContentConverter] Page 5.0: activity numbers normalised (page_number_normalise): 5B → 4B, 4B → 4C, 4C → 4D.
🟢 [ContentConverter] Page 6.0: the standalone multiChoiceQuiz widget renders inside the open [activity] box — no synthetic box of its own (inside_open_activity).
🟢 [ContentConverter] Page 6.0: activity box kept open for the prose after its data table (round 378).
🟢 [ContentConverter] Page 6.0: [activity] auto-closed before the next activity.
🟢 [ContentConverter] Page 6.0: [activity] auto-closed before the next h2.
🟢 [InteractiveBuilder] Built flipCard #15 from captured data (no placeholder needed).
🟢 [ContentConverter] Page 7.0: [end flip card] had no open container — ignored.
🟢 [ContentConverter] Page 7.0: [end activity] had no open container — ignored.
🟢 [InteractiveScanner] speechBubble: additional widget [speech bubble] absorbed (speechBubble + speechBubble).
🟢 [InteractiveScanner] Activity 7B: additional widget [drag and drop] absorbed (dragAndDrop + dragAndDrop).
🟢 [InteractiveBuilder] Built speechBubble #18 from captured data (no placeholder needed).
🟢 [InteractiveBuilder] Built flipCard #19 from captured data (no placeholder needed).
🟢 [ContentConverter] Page 8.0: the standalone multiChoiceQuiz widget renders inside the open [activity] box — no synthetic box of its own (inside_open_activity).
🟢 [InteractiveBuilder] Built multiChoiceQuiz #20 from captured data (no placeholder needed).
🟢 [ContentConverter] Page 8.0: [end activity] had no open container — ignored.
🟢 [InteractiveBuilder] Built dropDown #23 from captured data (no placeholder needed).
🟢 [InteractiveScanner] Page 9.0: 1 id-carrying heading(s) re-tagged as [Activity N] openers (opener_rule.id_heading_opener).
🟢 [InteractiveScanner] modal: additional widget [modal] absorbed (modal + modal).
🟢 [InteractiveScanner] modal: additional widget [modal] absorbed (modal + modal).
🟢 [InteractiveScanner] modal: additional widget [modal] absorbed (modal + modal).
🟢 [InteractiveScanner] modal: additional widget [modal] absorbed (modal + modal).
🟢 [InteractiveScanner] modal: additional widget [modal] absorbed (modal + modal).
🟢 [InteractiveScanner] Activity 1B: additional widget [carousel] absorbed (flipCard + carousel).
🟢 [InteractiveScanner] Activity 2A: additional widget [modal] absorbed (timeline + modal).
🟢 [InteractiveScanner] Activity 2A: additional widget [modal] absorbed (timeline + modal).
🟢 [InteractiveScanner] Activity 2A: additional widget [modal] absorbed (timeline + modal).
🟢 [InteractiveScanner] Activity 2A: additional widget [modal] absorbed (timeline + modal).
🟢 [InteractiveScanner] Activity 2A: additional widget [modal] absorbed (timeline + modal).
🟢 [InteractiveScanner] Activity 2A: additional widget [modal] absorbed (timeline + modal).
🟢 [InteractiveScanner] Activity 2A: additional widget [modal] absorbed (timeline + modal).
🟢 [InteractiveScanner] Activity 2A: additional widget [modal] absorbed (timeline + modal).
🟢 [InteractiveScanner] Activity 2B: additional widget [modal] absorbed (multiChoiceQuiz + modal).
🟢 [InteractiveScanner] Activity 2B: additional widget [modal] absorbed (multiChoiceQuiz + modal).
🟢 [InteractiveScanner] Activity 2B: additional widget [modal] absorbed (multiChoiceQuiz + modal).
🟢 [InteractiveScanner] Activity 2B: additional widget [modal] absorbed (multiChoiceQuiz + modal).
🟢 [InteractiveScanner] Activity 2B: additional widget [modal] absorbed (multiChoiceQuiz + modal).
🟢 [InteractiveScanner] Activity 3A: additional widget [drag and drop] absorbed (unclassified + dragAndDrop).
🟢 [InteractiveScanner] modal: additional widget [modal] absorbed (modal + modal).
🟢 [InteractiveScanner] modal: additional widget [modal] absorbed (modal + modal).
🟢 [InteractiveScanner] modal: additional widget [modal] absorbed (modal + modal).
🟢 [InteractiveScanner] modal: additional widget [modal] absorbed (modal + modal).
🟢 [InteractiveScanner] modal: additional widget [modal] absorbed (modal + modal).
🟢 [InteractiveScanner] modal: additional widget [modal] absorbed (modal + modal).
🟢 [InteractiveScanner] modal: additional widget [modal] absorbed (modal + modal).
🟢 [InteractiveScanner] modal: additional widget [modal] absorbed (modal + modal).
🟢 [InteractiveScanner] modal: additional widget [modal] absorbed (modal + modal).
🟢 [InteractiveScanner] modal: additional widget [modal] absorbed (modal + modal).
🟢 [InteractiveScanner] modal: additional widget [modal] absorbed (modal + modal).
🟢 [InteractiveScanner] modal: additional widget [modal] absorbed (modal + modal).
🟢 [InteractiveScanner] modal: additional widget [modal] absorbed (modal + modal).
🟢 [InteractiveScanner] Activity 3C: additional widget [modal] absorbed (clickDrop + modal).
🟢 [InteractiveScanner] Activity 3C: additional widget [modal] absorbed (clickDrop + modal).
🟢 [InteractiveScanner] Activity 3C: additional widget [modal] absorbed (clickDrop + modal).
🟢 [InteractiveScanner] Activity 3C: additional widget [modal] absorbed (clickDrop + modal).
🟢 [InteractiveScanner] Activity 3C: additional widget [modal] absorbed (clickDrop + modal).
🟢 [InteractiveScanner] Activity 3C: additional widget [modal] absorbed (clickDrop + modal).
🟢 [InteractiveScanner] Activity 3C: additional widget [modal] absorbed (clickDrop + modal).
🟢 [InteractiveScanner] Activity 3C: additional widget [modal] absorbed (clickDrop + modal).
🟢 [ContentConverter] Page 9.0: [end shape n] had no open container — ignored.
🟢 [ContentConverter] Page 9.0: the standalone multiChoiceQuiz widget renders inside the open [activity] box — no synthetic box of its own (inside_open_activity).
🟢 [InteractiveBuilder] Built flipCard #27 from captured data (no placeholder needed).
🟢 [ContentConverter] Page 9.0: [end carousel] had no open container — ignored.
🟢 [ContentConverter] Page 9.0: [activity] auto-closed before the next h3.
🟢 [ContentConverter] Page 9.0: [end activity] had no open container — ignored.
🟢 [ContentConverter] Page 9.0: [end activity] had no open container — ignored.
🟢 [InteractiveBuilder] Built carousel #30 from captured data (no placeholder needed).
🟢 [ContentConverter] [alert] spans to an explicit end tag (writer-authored box).
🟢 [ContentConverter] [alert] spans to an explicit end tag (writer-authored box).
🟢 [ContentConverter] Page 9.0: [end activity] had no open container — ignored.
🟢 [ContentConverter] Page 9.0: [activity] auto-closed before the next h3.
🟢 [ContentConverter] Page 9.0: [end alert] had no open container — ignored.
🟢 [ContentConverter] Page 9.0: [activity] auto-closed before the next h3.
🟢 [ContentConverter] Page 9.0: [activity] auto-closed before the next h2.
🟢 [InteractiveScanner] Page 10.0: 1 id-carrying heading(s) re-tagged as [Activity N] openers (opener_rule.id_heading_opener).
🟢 [InteractiveScanner] modal: additional widget [modal] absorbed (modal + modal).
🟢 [InteractiveScanner] modal: additional widget [modal] absorbed (modal + modal).
🟢 [InteractiveScanner] modal: additional widget [modal] absorbed (modal + modal).
🟢 [InteractiveScanner] modal: additional widget [modal] absorbed (modal + modal).
🟢 [InteractiveScanner] modal: additional widget [modal] absorbed (modal + modal).
🟢 [InteractiveScanner] modal: additional widget [modal] absorbed (modal + modal).
🟢 [InteractiveScanner] modal: additional widget [modal] absorbed (modal + modal).
🟢 [InteractiveScanner] modal: additional widget [modal] absorbed (modal + modal).
🟢 [InteractiveScanner] modal: additional widget [modal] absorbed (modal + modal).
🟢 [InteractiveScanner] modal: additional widget [modal] absorbed (modal + modal).
🟢 [InteractiveScanner] modal: additional widget [modal] absorbed (modal + modal).
🟢 [InteractiveBuilder] Built accordion #40 from captured data (no placeholder needed).
🟢 [ContentConverter] Page 10.0: [end activity] had no open container — ignored.
🟢 [ContentConverter] Page 10.0: [activity] auto-closed before the next activity.
🟢 [ContentConverter] Page 10.0: the standalone radioQuiz widget renders inside the open [activity] box — no synthetic box of its own (inside_open_activity).
🟢 [ContentConverter] Page 10.0: [activity] auto-closed before the next h2.
🟢 [ContentConverter] Page 10.0: activity numbers normalised (page_number_normalise): 10C → 4C, 4C → 4D, 4D → 4E.
🟢 [InteractiveScanner] modal: additional widget [modal] absorbed (modal + modal).
🟢 [InteractiveScanner] modal: additional widget [modal] absorbed (modal + modal).
🟢 [InteractiveScanner] modal: additional widget [modal] absorbed (modal + modal).
🟢 [InteractiveScanner] modal: additional widget [modal] absorbed (modal + modal).
🟢 [InteractiveScanner] modal: additional widget [modal] absorbed (modal + modal).
🟢 [ContentConverter] [alert] spans to an explicit end tag (writer-authored box).
🟢 [ContentConverter] Page 11.0: [end activity] had no open container — ignored.
🟢 [ContentConverter] Page 11.0: [end activity] had no open container — ignored.
🟢 [InteractiveScanner] Activity 6A: additional widget [modal] absorbed (modal + modal).
🟢 [InteractiveScanner] Activity 6A: additional widget [modal] absorbed (modal + modal).
🟢 [InteractiveScanner] Activity 6A: additional widget [modal] absorbed (modal + modal).
🟢 [InteractiveScanner] Activity 6A: additional widget [modal] absorbed (modal + modal).
🟢 [InteractiveScanner] Activity 6A: additional widget [modal] absorbed (modal + modal).
🟢 [InteractiveScanner] Activity 6A: additional widget [modal] absorbed (modal + modal).
🟢 [InteractiveScanner] Activity 6A: additional widget [modal] absorbed (modal + modal).
🟢 [InteractiveScanner] Activity 6B: additional widget [modal] absorbed (modal + modal).
🟢 [InteractiveScanner] Activity 6B: additional widget [modal] absorbed (modal + modal).
🟢 [InteractiveScanner] Activity 6B: additional widget [modal] absorbed (modal + modal).
🟢 [InteractiveScanner] Activity 6B: additional widget [modal] absorbed (modal + modal).
🟢 [InteractiveScanner] Activity 6B: additional widget [modal] absorbed (modal + modal).
🟢 [InteractiveScanner] Activity 6B: additional widget [modal] absorbed (modal + modal).
🟢 [InteractiveScanner] Activity 6B: additional widget [modal] absorbed (modal + modal).
🟢 [InteractiveScanner] Activity 6B: additional widget [modal] absorbed (modal + modal).
🟢 [InteractiveScanner] Activity 6B: additional widget [modal] absorbed (modal + modal).
🟢 [InteractiveScanner] Activity 6B: additional widget [modal] absorbed (modal + modal).
🟢 [InteractiveScanner] Activity 6B: additional widget [modal] absorbed (modal + modal).
🟢 [InteractiveScanner] Activity 6B: additional widget [modal] absorbed (modal + modal).
🟢 [InteractiveScanner] modal: additional widget [modal] absorbed (modal + modal).
🟢 [InteractiveScanner] modal: additional widget [modal] absorbed (modal + modal).
🟢 [InteractiveScanner] modal: additional widget [modal] absorbed (modal + modal).
🟢 [InteractiveScanner] modal: additional widget [modal] absorbed (modal + modal).
🟢 [InteractiveScanner] modal: additional widget [modal] absorbed (modal + modal).
🟢 [InteractiveScanner] modal: additional widget [modal] absorbed (modal + modal).
🟢 [InteractiveScanner] modal: additional widget [modal] absorbed (modal + modal).
🟢 [ContentConverter] Page 12.0: open [activity] closed by the next activity's widget bundle.
🟢 [ContentConverter] Page 12.0: [end activity] had no open container — ignored.
🟢 [ContentConverter] [alert] spans to an explicit end tag (writer-authored box).
🟢 [ContentConverter] Page 12.0: [end activity] had no open container — ignored.
🟢 [ContentConverter] Page 12.0: the standalone multiChoiceQuiz widget renders inside the open [activity] box — no synthetic box of its own (inside_open_activity).
🟢 [ContentConverter] [alert] spans to an explicit end tag (writer-authored box).
🟢 [ContentConverter] [alert] spans to an explicit end tag (writer-authored box).
🟢 [ContentConverter] Page 12.0: activity numbers normalised (page_number_normalise): 6A → 6B, 6B → 6C, 6C → 6D, 6D → 6E.
🟢 [InteractiveScanner] modal: additional widget [modal] absorbed (modal + modal).
🟢 [InteractiveScanner] modal: additional widget [modal] absorbed (modal + modal).
🟢 [InteractiveScanner] modal: additional widget [modal] absorbed (modal + modal).
🟢 [InteractiveScanner] modal: additional widget [modal] absorbed (modal + modal).
🟢 [InteractiveScanner] modal: additional widget [modal] absorbed (modal + modal).
🟢 [InteractiveScanner] modal: additional widget [modal] absorbed (modal + modal).
🟢 [InteractiveScanner] modal: additional widget [modal] absorbed (modal + modal).
🟢 [ContentConverter] Page 13.0: the standalone dragAndDrop widget renders inside the open [activity] box — no synthetic box of its own (inside_open_activity).
🟢 [ContentConverter] Page 13.0: the standalone multiChoiceQuiz widget renders inside the open [activity] box — no synthetic box of its own (inside_open_activity).
🟢 [ContentConverter] Page 13.0: [activity] auto-closed before the next activity.
🟢 [ContentConverter] Page 13.0: [activity] auto-closed before the next alert.
🟢 [ContentConverter] [alert] spans to an explicit end tag (writer-authored box).
🟢 [ContentConverter] Page 13.0: [end activity] had no open container — ignored.
🟢 [ContentConverter] [alert] spans to an explicit end tag (writer-authored box).
🟢 [InteractiveBuilder] Built dropDown #54 from captured data (no placeholder needed).
🟢 [ContentConverter] Page 13.0: [end shape n] had no open container — ignored.
🟢 [InteractiveScanner] Page 14.0: 3 id-carrying heading(s) re-tagged as [Activity N] openers (opener_rule.id_heading_opener).
🟢 [InteractiveScanner] Activity 3: additional widget [modal] absorbed (dragAndDrop + modal).
🟢 [InteractiveScanner] Activity 3: additional widget [modal] absorbed (dragAndDrop + modal).
🟢 [InteractiveScanner] Activity 3: additional widget [modal] absorbed (dragAndDrop + modal).
🟢 [InteractiveScanner] Activity 3: additional widget [modal] absorbed (dragAndDrop + modal).
🟢 [InteractiveScanner] Activity 3: additional widget [modal] absorbed (dragAndDrop + modal).
🟢 [InteractiveScanner] Activity 3: additional widget [modal] absorbed (dragAndDrop + modal).
🟢 [InteractiveScanner] modal: additional widget [modal] absorbed (modal + modal).
🟢 [InteractiveScanner] modal: additional widget [modal] absorbed (modal + modal).
🟢 [InteractiveScanner] modal: additional widget [modal] absorbed (modal + modal).
🟢 [InteractiveScanner] modal: additional widget [modal] absorbed (modal + modal).
🟢 [InteractiveScanner] modal: additional widget [modal] absorbed (modal + modal).
🟢 [InteractiveScanner] modal: additional widget [modal] absorbed (modal + modal).
🟢 [InteractiveScanner] modal: additional widget [modal] absorbed (modal + modal).
🟢 [InteractiveScanner] modal: additional widget [modal] absorbed (modal + modal).
🟢 [InteractiveScanner] modal: additional widget [modal] absorbed (modal + modal).
🟢 [InteractiveScanner] modal: additional widget [modal] absorbed (modal + modal).
🟢 [InteractiveScanner] modal: additional widget [modal] absorbed (modal + modal).
🟢 [InteractiveScanner] modal: additional widget [modal] absorbed (modal + modal).
🟢 [InteractiveScanner] modal: additional widget [modal] absorbed (modal + modal).
🟢 [InteractiveScanner] modal: additional widget [modal] absorbed (modal + modal).
🟢 [InteractiveScanner] modal: additional widget [modal] absorbed (modal + modal).
🟢 [InteractiveScanner] modal: additional widget [modal] absorbed (modal + modal).
🟢 [InteractiveScanner] Activity 3: additional widget [drag and drop] absorbed (dragAndDrop + dragAndDrop).
🟢 [ContentConverter] Page 14.0: [activity] auto-closed before the next h3.
🟢 [ContentConverter] Page 14.0: [end activity] had no open container — ignored.
🟢 [ContentConverter] Page 14.0: [end activity] had no open container — ignored.
🟢 [ContentConverter] Page 14.0: [activity] auto-closed before the next h3.
🟢 [ContentConverter] Page 14.0: [end other] had no open container — ignored.
🟢 [ContentConverter] Page 14.0: [end activity] had no open container — ignored.
🟢 [ContentConverter] Page 14.0: [end activity] had no open container — ignored.
🟢 [ContentConverter] Page 14.0: [activity] auto-closed before the next h3.
🟢 [ContentConverter] Page 14.0: [end other] had no open container — ignored.
🟢 [ContentConverter] Page 14.0: [end activity] had no open container — ignored.
🟢 [ContentConverter] Page 14.0: [end activity] had no open container — ignored.
🟢 [ContentConverter] Page 14.0: activity numbers normalised (page_number_normalise): 1A → 14A, 1B → 14D, 1C → 14G.
🟢 [InteractiveScanner] Page 15.0: 3 id-carrying heading(s) re-tagged as [Activity N] openers (opener_rule.id_heading_opener).
🟢 [InteractiveScanner] modal: additional widget [modal] absorbed (modal + modal).
🟢 [InteractiveScanner] modal: additional widget [modal] absorbed (modal + modal).
🟢 [InteractiveScanner] modal: additional widget [modal] absorbed (modal + modal).
🟢 [InteractiveScanner] modal: additional widget [modal] absorbed (modal + modal).
🟢 [InteractiveScanner] modal: additional widget [modal] absorbed (modal + modal).
🟢 [InteractiveScanner] modal: additional widget [modal] absorbed (modal + modal).
🟢 [InteractiveScanner] modal: additional widget [modal] absorbed (modal + modal).
🟢 [InteractiveScanner] modal: additional widget [modal] absorbed (modal + modal).
🟢 [InteractiveScanner] modal: additional widget [modal] absorbed (modal + modal).
🟢 [InteractiveScanner] modal: additional widget [modal] absorbed (modal + modal).
🟢 [InteractiveScanner] modal: additional widget [modal] absorbed (modal + modal).
🟢 [InteractiveScanner] modal: additional widget [modal] absorbed (modal + modal).
🟢 [InteractiveScanner] modal: additional widget [modal] absorbed (modal + modal).
🟢 [InteractiveScanner] modal: additional widget [modal] absorbed (modal + modal).
🟢 [InteractiveScanner] modal: additional widget [modal] absorbed (modal + modal).
🟢 [InteractiveScanner] modal: additional widget [modal] absorbed (modal + modal).
🟢 [InteractiveScanner] modal: additional widget [modal] absorbed (modal + modal).
🟢 [ContentConverter] Page 15.0: [activity] auto-closed before the next h3.
🟢 [ContentConverter] Page 15.0: [end other] had no open container — ignored.
🟢 [ContentConverter] Page 15.0: [end activity] had no open container — ignored.
🟢 [ContentConverter] Page 15.0: [activity] auto-closed before the next h3.
🟢 [ContentConverter] Page 15.0: [end other] had no open container — ignored.
🟢 [ContentConverter] Page 15.0: [end activity] had no open container — ignored.
🟢 [ContentConverter] Page 15.0: [activity] auto-closed before the next h3.
🟢 [ContentConverter] Page 15.0: [end other] had no open container — ignored.
🟢 [ContentConverter] Page 15.0: [end activity] had no open container — ignored.
🟢 [ContentConverter] Page 15.0: activity numbers normalised (page_number_normalise): 15B → 2B, 2B → 2C, 2C → 2D, 15E → 2E.
🟢 [InteractiveScanner] modal: additional widget [modal] absorbed (modal + modal).
🟢 [InteractiveScanner] modal: additional widget [modal] absorbed (modal + modal).
🟢 [InteractiveScanner] modal: additional widget [modal] absorbed (modal + modal).
🟢 [InteractiveScanner] modal: additional widget [modal] absorbed (modal + modal).
🟢 [InteractiveScanner] modal: additional widget [modal] absorbed (modal + modal).
🟢 [InteractiveScanner] modal: additional widget [modal] absorbed (modal + modal).
🟢 [InteractiveScanner] modal: additional widget [modal] absorbed (modal + modal).
🟢 [InteractiveScanner] modal: additional widget [modal] absorbed (modal + modal).
🟢 [InteractiveScanner] modal: additional widget [modal] absorbed (modal + modal).
🟢 [InteractiveScanner] modal: additional widget [modal] absorbed (modal + modal).
🟢 [InteractiveScanner] modal: additional widget [modal] absorbed (modal + modal).
🟢 [ContentConverter] Page 16.0: [end other] had no open container — ignored.
🟢 [ContentConverter] [alert] spans to an explicit end tag (writer-authored box).
🟢 [ContentConverter] [alert] spans to an explicit end tag (writer-authored box).
🟢 [ContentConverter] Page 16.0: [end activity] had no open container — ignored.
🟢 [ContentConverter] Page 16.0: [end other] had no open container — ignored.
🟢 [ContentConverter] Page 16.0: [end activity] had no open container — ignored.
🟢 [InteractiveScanner] modal: additional widget [modal] absorbed (modal + modal).
🟢 [InteractiveScanner] modal: additional widget [modal] absorbed (modal + modal).
🟢 [InteractiveScanner] modal: additional widget [modal] absorbed (modal + modal).
🟢 [InteractiveScanner] modal: additional widget [modal] absorbed (modal + modal).
🟢 [InteractiveScanner] modal: additional widget [modal] absorbed (modal + modal).
🟢 [InteractiveScanner] modal: additional widget [modal] absorbed (modal + modal).
🟢 [InteractiveScanner] modal: additional widget [modal] absorbed (modal + modal).
🟢 [InteractiveScanner] modal: additional widget [modal] absorbed (modal + modal).
🟢 [InteractiveScanner] modal: additional widget [modal] absorbed (modal + modal).
🟢 [InteractiveScanner] modal: additional widget [modal] absorbed (modal + modal).
🟢 [InteractiveScanner] modal: additional widget [modal] absorbed (modal + modal).
🟢 [InteractiveScanner] modal: additional widget [modal] absorbed (modal + modal).
🟢 [InteractiveScanner] accordion: additional widget [accordion] absorbed (accordion + accordion).
🟢 [InteractiveScanner] accordion: additional widget [accordion] absorbed (accordion + accordion).
🟢 [InteractiveScanner] accordion: nested [flip card] absorbed as a sub-bundle (flipCard); host continues.
🟢 [InteractiveScanner] accordion: additional widget [accordion] absorbed (accordion + accordion).
🟢 [InteractiveScanner] accordion: additional widget [accordion] absorbed (accordion + accordion).
🟢 [InteractiveScanner] accordion: additional widget [accordion] absorbed (accordion + accordion).
🟢 [InteractiveScanner] accordion: additional widget [accordion] absorbed (accordion + accordion).
🟢 [InteractiveScanner] accordion: additional widget [accordion] absorbed (accordion + accordion).
🟢 [InteractiveScanner] accordion: additional widget [accordion] absorbed (accordion + accordion).
🟢 [ContentConverter] Page 17.0: [end other] had no open container — ignored.
🟢 [ContentConverter] [alert] spans to an explicit end tag (writer-authored box).
🟢 [ContentConverter] Page 17.0: [end activity] had no open container — ignored.
🟢 [ContentConverter] Page 17.0: [end other] had no open container — ignored.
🟢 [InteractiveBuilder] Built carousel #75 from captured data (no placeholder needed).
🟢 [InteractiveBuilder] Built flipCard #78 from captured data (no placeholder needed).
🟢 [InteractiveBuilder] Built flipCard #79 from captured data (no placeholder needed).
🟢 [InteractiveBuilder] Built flipCard #80 from captured data (no placeholder needed).
🟢 [InteractiveBuilder] Built dropDown #81 from captured data (no placeholder needed).
🟢 [ContentConverter] Page 17.0: [end other] had no open container — ignored.
🟢 [ContentConverter] Page 17.0: [end tabs] had no open container — ignored.
🟢 [InteractiveBuilder] Built dropDown #82 from captured data (no placeholder needed).
🟠 [AcksBuilder] YouTube metadata unavailable for item  (stubbed) — possible dead link worth checking: https://youtu.be/3N98Am5AprY?si=stGWb7Keu7JoVsbB
🟠 [AcksBuilder] YouTube metadata unavailable for item  (stubbed) — possible dead link worth checking: https://youtu.be/59DSEIWsZCw?si=m1tpAX-0MeVOPhVb
🟠 [AcksBuilder] YouTube metadata unavailable for item  (stubbed) — possible dead link worth checking: https://youtu.be/a6tpha9AT1k?si=4Ho1CtOH9tuaBase
🟠 [AcksBuilder] YouTube metadata unavailable for item  (stubbed) — possible dead link worth checking: https://youtu.be/ILJrckjuQLg?si=R4KGifxZtn5n_X43
🟠 [AcksBuilder] YouTube metadata unavailable for item  (stubbed) — possible dead link worth checking: https://youtu.be/wkeAlMQMQ3w?si=pmPlrNMiDDZbhoqN
🟠 [AcksBuilder] YouTube metadata unavailable for item  (stubbed) — possible dead link worth checking: https://youtu.be/dmypT396bus?si=jQ-R6_Mhzhx5F_Se
🟠 [AcksBuilder] YouTube metadata unavailable for item  (stubbed) — possible dead link worth checking: https://youtu.be/jF925qEKgmM?si=OLXwNtwzypGSfhFy
🟠 [AcksBuilder] YouTube metadata unavailable for item  (stubbed) — possible dead link worth checking: https://youtu.be/-Ehf-lS4oMI?si=zzjb0VPKmvd_8Lyz
🟠 [AcksBuilder] YouTube metadata unavailable for item  (stubbed) — possible dead link worth checking: https://youtu.be/NqV66fimWa8?si=_cB_Mb1ZauUX9W9K
🟠 [AcksBuilder] YouTube metadata unavailable for item  (stubbed) — possible dead link worth checking: https://youtu.be/b-8hMbJiqeE?si=UuFB-e9iBruRcMQM
🟠 [AcksBuilder] YouTube metadata unavailable for item  (stubbed) — possible dead link worth checking: https://youtu.be/cNHc2XCultQ?si=xwu-6CMlZO5cneSY
🟠 [AcksBuilder] YouTube metadata unavailable for item  (stubbed) — possible dead link worth checking: https://youtu.be/MIAFhYo4z-Y?si=jUmiWjRa7gE_h7z2
🟠 [AcksBuilder] YouTube metadata unavailable for item  (stubbed) — possible dead link worth checking: https://youtu.be/UrElYjbllTk?si=4ycfFzoq_rd4swt8
🟠 [AcksBuilder] YouTube metadata unavailable for item  (stubbed) — possible dead link worth checking: https://youtu.be/6OAqNtueu0U?si=TfTYgqGKHFH-hVM8
🟠 [AcksBuilder] YouTube metadata unavailable for item  (stubbed) — possible dead link worth checking: https://youtu.be/bGKYmjaYqhY?si=DzXrIwd9Ymgu2dd7
🟠 [AcksBuilder] YouTube metadata unavailable for item  (stubbed) — possible dead link worth checking: https://youtu.be/3N98Am5AprY?si=UoKUOum-Lf8gapCR
🟠 [AcksBuilder] YouTube metadata unavailable for item  (stubbed) — possible dead link worth checking: https://youtu.be/6YZnEys5clg?si=0cCetQokO_5v9opP
🟠 [AcksBuilder] YouTube metadata unavailable for item  (stubbed) — possible dead link worth checking: https://youtu.be/L8k8dXiV11U?si=jKxkp79UbvbPPrRz
🟠 [AcksBuilder] YouTube metadata unavailable for item  (stubbed) — possible dead link worth checking: https://youtu.be/gqePfti8IrA?si=QMF3fw8X5OfqNpT_
🟠 [AcksBuilder] YouTube metadata unavailable for item  (stubbed) — possible dead link worth checking: https://youtu.be/hG8gMbSwWmM?si=kqL3exqTVeps5ett
🟠 [AcksBuilder] YouTube metadata unavailable for item  (stubbed) — possible dead link worth checking: https://youtu.be/enr-AvvU398?si=vaBJGrslXrktARom
🟠 [AcksBuilder] YouTube metadata unavailable for item  (stubbed) — possible dead link worth checking: https://youtu.be/QNrQNqPEbKE?si=-eUgNC5_4SilqDYk
🟠 [AcksBuilder] Unknown media item type "Website" (item ) — used "Website" as the prefix; add it to Acks_Formats type_prefix_map.
🟠 [AcksBuilder] YouTube metadata unavailable for item  (stubbed) — possible dead link worth checking: https://youtu.be/wFt_VGG0kJU?si=Z7bIMog--HfGah1n
🟠 [AcksBuilder] YouTube metadata unavailable for item  (stubbed) — possible dead link worth checking: https://youtu.be/wkeAlMQMQ3w?si=lFuI8IYpx00b2656
🟠 [AcksBuilder] Unknown media item type "Website" (item ) — used "Website" as the prefix; add it to Acks_Formats type_prefix_map.
🟠 [AcksBuilder] YouTube metadata unavailable for item  (stubbed) — possible dead link worth checking: https://youtu.be/GoZXanOzxLo?si=fmoI344mx5eGI8xL
🟠 [AcksBuilder] YouTube metadata unavailable for item  (stubbed) — possible dead link worth checking: https://youtu.be/Wf-egVPts1c?si=9UJ4LOPe2heZwz1E
🟠 [AcksBuilder] Unknown media item type "Website" (item ) — used "Website" as the prefix; add it to Acks_Formats type_prefix_map.
🟠 [AcksBuilder] YouTube metadata unavailable for item  (stubbed) — possible dead link worth checking: https://youtu.be/MvRRmbOv_g8?si=y9hKnL1TvRP-hESR
🟠 [AcksBuilder] YouTube metadata unavailable for item  (stubbed) — possible dead link worth checking: https://youtu.be/KDs5d_qFbEs?si=RCvysRDXmvD4w-6d
🟠 [AcksBuilder] YouTube metadata unavailable for item  (stubbed) — possible dead link worth checking: https://youtu.be/pLwfMnSReyE?si=6eACZqZ4wqZTBCH2
🟠 [AcksBuilder] YouTube metadata unavailable for item  (stubbed) — possible dead link worth checking: https://youtu.be/nKBzdtADTiY?si=g0pp4GjBLnnl6LPk
🟠 [AcksBuilder] YouTube metadata unavailable for item  (stubbed) — possible dead link worth checking: https://youtu.be/N2genqtP9Co?si=9QIPLxZkeWBbYd6N
🟠 [AcksBuilder] YouTube metadata unavailable for item  (stubbed) — possible dead link worth checking: https://youtu.be/vSwQI38ZjdQ?si=vnScC3Ci1Cj8zY8w
🟠 [AcksBuilder] YouTube metadata unavailable for item  (stubbed) — possible dead link worth checking: https://youtu.be/GARcC0Dw-Ug?si=7N73QxBXj8dgpjR8
🟠 [AcksBuilder] Unknown media item type "PDF" (item ) — used "Pdf" as the prefix; add it to Acks_Formats type_prefix_map.
🟠 [AcksBuilder] YouTube metadata unavailable for item  (stubbed) — possible dead link worth checking: https://youtu.be/6OAqNtueu0U?si=LJ6RqL6I-kQbv0h4
🟠 [AcksBuilder] YouTube metadata unavailable for item  (stubbed) — possible dead link worth checking: https://youtu.be/UN8zEu9dhPg?si=AiUTtmn1AEPt7LRw
🟠 [AcksBuilder] YouTube metadata unavailable for item  (stubbed) — possible dead link worth checking: https://youtu.be/yH86jaBQ0F4?si=MCIG4OyPAxebGEXp
🟠 [AcksBuilder] Unknown media item type "PDF" (item ) — used "Pdf" as the prefix; add it to Acks_Formats type_prefix_map.
🟠 [AcksBuilder] YouTube metadata unavailable for item  (stubbed) — possible dead link worth checking: https://youtu.be/a9K-sAKdk2Y?si=9vd05_FsqPMG6kfV
🟠 [AcksBuilder] YouTube metadata unavailable for item  (stubbed) — possible dead link worth checking: https://youtu.be/HMbRpxGiH4g?si=Ph6lVgUNxFJvD_pd
🟠 [AcksBuilder] YouTube metadata unavailable for item  (stubbed) — possible dead link worth checking: https://youtu.be/uezGdrm9XI8?si=fL7Jd10YI4Sz1uNq
🟠 [AcksBuilder] YouTube metadata unavailable for item  (stubbed) — possible dead link worth checking: https://youtu.be/FkdwXvQprAI?si=9jWI9FDW2BIWAOhM
🟠 [AcksBuilder] YouTube metadata unavailable for item  (stubbed) — possible dead link worth checking: https://youtu.be/mHH28N7LgGw?si=RPgdLCgrVC0IHtJH
🟠 [AcksBuilder] YouTube metadata unavailable for item  (stubbed) — possible dead link worth checking: https://youtu.be/vAay4myoEDE?si=wgtuIlXyoro62FP8
🟠 [AcksBuilder] YouTube metadata unavailable for item  (stubbed) — possible dead link worth checking: https://youtube.com/shorts/OYCO3dKkNew?si=WGCCX9gSXzeCTkZF
🟠 [AcksBuilder] YouTube metadata unavailable for item  (stubbed) — possible dead link worth checking: https://youtu.be/oRnSdwCnxZo?si=wA9Fko65C-1SaaMg
🟠 [AcksBuilder] YouTube metadata unavailable for item  (stubbed) — possible dead link worth checking: https://youtu.be/cFmZV5THGYc?si=-hSenHtAltCyMu4i
🟠 [AcksBuilder] YouTube metadata unavailable for item  (stubbed) — possible dead link worth checking: https://youtu.be/5hrWtoD3XWk?si=5Au9W_cHAADWd80e
🟠 [AcksBuilder] YouTube metadata unavailable for item  (stubbed) — possible dead link worth checking: https://youtu.be/OFYkcx5NVrk?si=3CTbTpQi7b2kHTDZ
🟢 [AcksBuilder] Media item  placed in lesson 3.0 by neighbour interpolation — verify its group.
🟠 [AcksBuilder] Media item  sits between lessons 3.0 and 4.0 — placed in 3.0; verify.
🟠 [AcksBuilder] 68 iStock titles could not be verified (no *istock-acks*.txt was supplied); each is marked ❗ and the acks block carries a designer note.
🟢 [DocxExtractor] Activity-table template adapted (round 425): 5 activity box(es) over 2 page(s), the Overview row as each page's menu, 7 row(s) not emitted (the Quiz / 'I can' self-assessment rows are the D2L quiz, never a page); the reader book's images and matching sentences are not in the document — those widgets ship as hand-off boxes. Env ACTTABLEADAPT_OFF reverts.
🟠 [ModuleResolver] No media list found — acknowledgements will hold the standing items plus per-lesson designer-media check lines only.
🟢 [ConventionResolver] HTML conventions from series XOTPB (deviation over Leaving to Learn|1-3): overview menu tabs, lesson menu two_col_li.
🟢 [PageSplitter] Title-bar-only opening segment folded into lesson 1 as a lesson page — this module has no overview page (round 425).
🟢 [ContentConverter] [alert] spans to an explicit end tag (writer-authored box).
🟢 [ContentConverter] Page 2.0: bare [activity] re-emphasis merged into the open numbered activity (no new box).
🟢 [ContentConverter] Page 2.0: [activity] auto-closed before the next h3.
shard 9 -> 34 modules, 626 records
