BM	AGH1006	tabs	4/15	0	0	Protective structures provide a controlled environment for growing plants. If you’ve ever eaten a tomato in the middle o
BM	AGH1009	accordion	8/9	1	0	Transitioning from conventional tillage to no-till may require adjustments in weed and pest management practices. There 
BM	AGH1009	accordion	8/23	1	1	For both crop growers and livestock farmers the application of nutrients to crops and pastures can have a massive impact
BM	AGH1009	accordion	11/23	1	1	Trees absorb carbon dioxide (CO₂) from the atmosphere during photosynthesis and convert it into carbon, which is stored 
BM	AGH1009	accordion	15/23	1	1	Some innovations in feed technology involve the use of microbial additives in animal diets to enhance nutrient utilisati
BM	AGH1009	accordion	17/23	1	1	Integrated pest management (IPM) is a holistic and sustainable approach to managing pests in agriculture that seeks to m
BM	ANZH104	unclassified	1/3	0	0	What do we need to survive? Can you sort these items into wants and needs?
BM	ANZH104	interactive	6/8	1	0	Share your learning with your kaiako by uploading your journal to the dropbox below.
BM	ANZH105	accordion	2/16	0	1	Have a look at where Nelly and her new friend’s families have come from.
BM	ANZH105	accordion	7/16	0	1	Learn how to ask and answer the question “Where are you from?” in te reo Māori!
BM	ANZH105	accordion	12/16	0	1	After watching the Nelly in Aotearoa video, think about the following questions and discuss them with your supervisor.
BM	ANZH105	dragAndDrop	1/4	0	0	Can you sort these examples into past and present?
BM	ANZH105	dragAndDrop	2/3	0	0	Students from Room 3 brought some of their special taonga from home to show their class. These precious objects had been
BM	ANZH105	interactive	6/8	1	0	Share your learning with your kaiako by uploading your journal to the dropbox below.
BM	ANZH203	multiChoiceQuiz	1/23	0	0	Answer the following questions to show your understanding of Tasman’s voyage:
BM	ANZH203	multiChoiceQuiz	22/23	1	0	Did you find the last question tricky? If you want to learn more about numbering centuries correctly, you can look throu
BM	ANZH203	interactive	1/4	0	0	You will find this document in your journal which will help you to analyse this source.
BM	ANZH205	unclassified	1/21	1	0	Before we can learn about the different perspectives on Te Tiriti o Waitangi, we are going to need to travel back in tim
BM	ANZH205	unclassified	6/21	1	0	This artwork was painted by Tupaia, a Tahitian High Priest. He sailed with Captain Cook to explore the Southern Seas. Th
BM	ANZH205	flipCard	1/6	0	1	Can you use the videos above to help you answer these questions? Have a think about your answer to the questions and the
BM	ANZH205	accordion	28/30	1	1	Congratulations for completing this module!
BM	ANZH301	interactive	2/11	0	0	The illustration below of Pūtiki Pa near Whanganui from 1840 shows both the central wharenui and the whare raupō surroun
BM	ANZH301	interactive	3/11	0	0	Things changed a lot during and after the war.
BM	ANZH301	interactive	1/6	0	0	Go to your learning journal to complete this activity.
BM	ANZH301	interactive	3/6	0	0	Watch the following video and complete the cloze activity that summarises some of the changes and challenges for Māori c
BM	ANZH301	interactive	3/4	0	0	When we look at the movement of people from one place to another, we consider the “push factors”reasons to leave a plac
BM	ANZH301	interactive	1/3	0	0	One of the first actions they took was to find out about living conditions for urban Māori. Their findings showed that m
BM	ANZH301	interactive	2/3	0	0	The 1980s saw a renaissancere-birth of Māori culture and the kaupapa (principle or idea) of matauranga Māori (a Māori 
BM	ANZH302	interactive	2/11	0	0	The illustration below of Pūtiki Pa near Whanganui from 1840 shows both the central wharenui and the whare raupō surroun
BM	ANZH302	interactive	3/11	0	0	Things changed a lot during and after the war.
BM	ANZH302	interactive	1/6	0	0	Go to your learning journal to complete this activity.
BM	ANZH302	interactive	3/6	0	0	Watch the following video and complete the cloze activity that summarises some of the changes and challenges for Māori c
BM	ANZH302	interactive	3/4	0	0	When we look at the movement of people from one place to another, we consider the “push factors”reasons to leave a plac
BM	ANZH302	interactive	1/3	0	0	One of the first actions they took was to find out about living conditions for urban Māori. Their findings showed that m
BM	ANZH302	interactive	2/3	0	0	The 1980s saw a renaissancere-birth of Māori culture and the kaupapa (principle or idea) of matauranga Māori (a Māori 
BM	ANZH303	carousel	3/16	0	1	The four colours of the flag all have deep traditional and spiritual meaning for Tangata Whenua. Ma/White is the symbol 
BM	ANZH303	carousel	8/16	0	1	The story of St. George would certainly be of interest to Tangata Whenua as he was a “Toa” (Warrior) of the “Taniwha” (D
BM	ANZH303	carousel	11/16	0	1	This refers to the use of the black lines that border the smaller Red Cross. It is suggested that this was also represen
BM	ANZH303	carousel	15/16	0	1	The stars reference “Te Arikitanga o te Ahurewa Tapu” (Absolute Sovereignty) i raro i te maru o “Io Matua Te Kore” (Unde
BM	ANZH304	dragAndDrop	1/13	0	0	In the early 1800s, New Zealand was seen as a good place for a British colony. Māori were admired for their organised so
BM	ANZH304	carousel	3/5	0	0	By May 1840, Hobson published the Proclamation of Sovereignty, declaring Queen Victoria’s ‘full sovereignty of the Islan
BM	ANZH304	interactive	3/10	0	0	Colonial officials mainly understood te Tiriti o Waitangi (the Treaty of Waitangi) based on its English version. Within 
BM	ANZH401	interactive	2/6	0	0	When we think about a person from the past and their actions/decisions they made, we think about their perspective. As y
BM	ANZH401	interactive	2/4	0	0	- occupations such as office workers, businessmen, teachers
BM	ANZH401	interactive	3/4	0	0	- occupations such as blacksmiths, wheel makers, flax-workers
BM	ANZH401	interactive	2/3	0	0	The ‘Yellow Peril’danger was a racist term used to warn against lots of Asian immigrants coming to Aotearoa New Zealan
BM	ANZH404	clickDrop	5/13	1	0	The Young Māori Party established: this group of Māori men were interested in improving Māori health and welfare. The me
BM	ANZH404	clickDrop	8/13	1	0	Tahupōtiki Wiremu Rātana founded a Māori religious movement which, in the late 1920s, also became a major political move
BM	ANZH404	clickDrop	10/13	1	0	Mana Motuhake Party: Founded by Matiu Rata, who split from the Labour Party, this movement and political party promoted 
BM	ANZH404	clickDrop	12/13	1	0	The Māori Party was formed to represent Māori interests. It contests Māori electorates. In 2005 it won four of the six M
BM	ANZH404	tabs	2/19	0	0	Tahupōtiki Wiremu Rātana, of Ngāti Apa and Ngā Rauru, was born at Te Kawau, near Bulls, in 1873.
BM	ANZH404	clickDrop	4/11	1	1	Te Kauhanganui (Te Kauwhanganui) is the Māori Parliament for many of the tribes descended from the Tainui waka. It was a
BM	ANZHFUN05	dropDown	2/4	0	0	When you learn more about the motivation and intent behind a statue or memorial, you may develop a different understandi
BM	ARFUN02	carousel	37/38	1	1	When you hear a sound, if it makes you think of something high up, like a balloon, it’s a high pitch. If it sounds deep,
BM	ARFUN02	multiChoiceQuiz	1/13	0	0	Check your understanding of the different elements of music by completing this short quiz.
BM	ARFUN04	dragAndDrop	1/18	0	0	Below, you will see eight images of different items. Your task is to match each image to either the **Warm colours** gro
BM	ARFUN04	dragAndDrop	1/16	0	0	**Instructions:** Match the correct numbers to each definition.
BM	ART1003	carousel	1/6	0	0	Read the information about the following artist models. This is called
BM	ART1003	carousel	10/16	0	1	Approximately 40 hours in total, including independent learning time photographing, gathering, and/or processing informa
BM	ART1003	carousel	12/16	0	1	**Task 1:** Place Investigation up to 3 x A3 Pages approx.
BM	ART1004	carousel	40/62	1	1	**Well done! Label the activities from Task 2 and submit to dropbox**
BM	ART1004	dropDown	1/3	0	1	**Well done! Label the activities from Task 3 and submit to dropbox**
BM	ART1005	carousel	3/8	0	0	On your “Landscape” resource page brainstorm a list of things that inhabit
BM	ART1005	sketcher	1/4	0	0	*For example in the seascape you might have decided to do waves falling on a beach with some seagulls, sandcastles and s
BM	ART1005	sketcher	3/4	0	0	See 3 examples of this activity
BM	ART1006	carousel	8/38	0	1	Click on the video to view.
BM	ART1006	carousel	16/38	0	1	**Well done! Label the activities from Task 1 and submit to dropbox.**
BM	BLL110	modal	19/20	1	1	Congratulations on completing this module where you have learned all about the letters s, a, t, p, i, and n and the soun
BM	BLL111	dragAndDrop	2/4	0	0	When you have made a correct word, can you tell your supervisor a sentence that has that word in it? For example, “I put
BM	BLL111	dragAndDrop	1/3	0	0	When you have made a word, can you tell your supervisor a sentence that has that word in it? For example, “I
BM	BLL112	dragAndDrop	1/3	0	0	When you have made a correct word, can you tell your supervisor a sentence that has that word in it? For example, “I
BM	BLL114	dragAndDrop	1/2	0	0	When you have made a correct word, can you tell your supervisor a sentence that has that word in it? For example, “This 
BM	BLL116	unclassified	1/3	1	0	Now it’s your turn…
BM	BLL117	unclassified	1/4	1	0	Drag the pictures to match the homonyms. Start by reading the word and then look at the pictures to see which ones will 
BM	BLL120	unclassified	1/13	0	0	Where is the /k/ sound? Check the box:
BM	BLL120	modal	15/17	1	1	Upload photos of your work.
BM	BLL120	modal	16/18	1	1	Upload photos of your work.
BM	BLL120	selfCheck	1/16	0	0	Use your knowledge from the previous two lessons to click on the words that start with the *kicking* K.
BM	BLL120	selfCheck	14/16	1	0	Click on the image.
BM	BLL120	modal	20/22	1	1	Upload photos of your work.
BM	BLL120	modal	15/17	1	1	Upload photos of your work.
BM	BLL120	flipCard	6/7	0	0	Once you think you have it, click on the word to see if you were correct.
BM	BLL120	flipCard	6/8	0	0	Once you think you have it, click on the word to see if you were correct.
BM	BLL120	flipCard	10/11	0	0	Once you think you have it, click on the word to see if you were correct.
BM	BLL120	flipCard	6/7	0	0	Once you think you have it, click on the word to see if you were correct.
BM	BLL120	modal	17/19	1	1	Congratulations! You've mastered the sounds of the letters c, k, ck, e, h, r, m, and d, building on what you learned wit
BM	BLL122	dragAndDrop	1/10	0	0	Let’s make 3 sound words first (remember when we need to end with ‘ck’ we will have 4 letters but 3 sounds).
BM	BLL123	flipCard	12/13	1	1	If possible, take a video of yourself flipping the cards and reading each sentence. Upload this to the dropbox to show y
BM	BLL123	selfCheck	2/8	0	0	Once you have identified your winning line, look through the grid to see if you can read all the words that were not sel
BM	BLL124	dragAndDrop	1/2	0	0	Read each sentence below and decide if it is asking a question (needs a question mark) or if it is showing excitement or
BM	BLL124	selfCheck	5/6	1	0	Now, in your best handwriting **write the word** **helmet** in the middle of your paper or whiteboard.Choose a different
BM	BLL125	unclassified	3/8	1	0	Today we are going to learn a new one. Today’s heart word is ‘not’.
BM	BLL125	unclassified	5/8	1	0	Click on all the boxes that have the word ‘not’ in them.
BM	BLL125	accordion	6/7	1	1	Go back and re-read the story. If you can, take a video of you reading the story and upload it to show your kaiako to sh
BM	BLL125	modal	18/19	1	1	Congratulations on completing Module 6. You are now ready to start Module 7. Go back to the landing page and click on Mo
BM	BLL126	accordion	25/26	1	1	After you have answered the questions, go back and reread the story. If you can, take a video of you reading the story a
BM	BLL127	selfCheck	2/3	0	0	Once you have identified your winning line, look through the grid to see if you can read all the words that were not sel
BM	BLL127	accordion	6/7	1	1	After you have answered the questions, go back and reread the story. If you can, take a video of you reading the story a
BM	BLL135	dragAndDrop	1/3	0	0	On your white board or on a piece of paper, write the words ‘what’ and ‘have’ out five times each. When you have finishe
BM	BLL141	unclassified	1/3	1	0	Take a photo of the words you have written and upload it to show your kaiako (teacher).
BM	BLL141	accordion	7/8	0	1	When you have finished reading ‘A grub and a bun’ and answering the questions, go back and re-read the story again. If y
BM	BLL141	dropDown	1/2	0	1	Congratulations on completing Module 1. You are now ready to start Module 2. Go back to the landing page and click on Mo
BM	BLL142	dropDown	1/2	0	1	Congratulations on completing Module 3. You are now ready to start Module 4. Go back to the landing page and click on Mo
BM	BLL143	carousel	3/11	0	0	**Please only write these heart words, and not the full sentences you hear in the audio clips.**
BM	BLL143	carousel	10/11	1	0	Take a photo of your mahi and upload it to the dropbox.
BM	BLL143	dragAndDrop	1/10	0	0	We have previously looked at how to use the question mark punctuation feature. See if you can identify how to use **what
BM	BLL143	unclassified	1/4	1	0	Drag the pictures to match the homonyms. Start by reading the word and then look at the pictures to see which ones will 
BM	BLL143	dragAndDrop	1/7	0	0	Drag and drop the words into the correct order to make the sentence
BM	BLL143	carousel	4/10	0	1	After reading, discuss these questions with your supervisor. You may want to read or look back through the text.
BM	BLL144	dragAndDrop	1/12	0	0	Put speech marks around the correct parts of the sentence. Remember, these are parts that the character would be saying.
BM	BLL144	carousel	4/9	0	1	After reading, discuss these questions with your supervisor. You may want to read or look back through the text.
BM	BLL144	carousel	8/9	0	1	Congratulations on completing Module 4. Tino pai, you are tracking so well! You are now ready to start Module 5. Go back
BM	BLL145	selfCheck	2/8	0	0	Once you have identified your winning line, look through the grid to see if you can read all the words that were not sel
BM	BLL145	carousel	4/11	0	1	After reading, discuss these questions with your supervisor. You may want to read or look back through the text.
BM	BLL145	dropDown	1/2	0	1	Congratulations on completing Module 5. Tino pai, you are tracking so well! You are now ready to start Module 5. Go back
BM	BLL146	accordion	7/8	1	1	When you have finished reading ‘Stuck in a rut’ and answering the questions, go back and re-read the story again. If you
BM	BLL147	carousel	4/13	0	0	After reading, discuss these questions with your supervisor. You may want to read or look back through the text.
BM	BLL147	carousel	1/3	0	0	Choose one or more of these foods from Jill’s list to make, or pick another item you discussed. You can use these foods 
BM	BLL152	unclassified	2/4	1	0	If you can, take a video of you reading the words and upload it to show your kaiako how well you can read.
BM	BLL152	carousel	4/11	0	0	After reading, discuss these questions with your supervisor. You may want to read or look back through the text.
BM	BLL152	dropDown	1/2	0	1	Congratulations! You have now completed module 2 and ready for the next lesson. Please return to the landing page and fi
BM	BLL153	selfCheck	1/8	0	0	Drag these words to the correct place so the sentences make sense. Check your answers once to have finished to see if yo
BM	BLL153	carousel	4/10	0	0	After reading, discuss these questions with your supervisor. You may want to read or look back through the text.
BM	BLL153	dropDown	1/2	0	1	Congratulations! You have now completed module 3 and ready for the next lesson. Please return to the landing page and fi
BM	BLL154	crossword	1/12	0	0	Now it is time to look at some new words, as well as words and sounds you may have already come across. Complete this cr
BM	BLL154	carousel	4/11	0	0	After reading, discuss these questions with your supervisor. You may want to read or look back through the text.
BM	BLL154	dropDown	1/2	0	1	Congratulations! You have now completed module 4 and ready for the next lesson. Please return to the landing page and fi
BM	BLL155	flipCard	7/19	0	0	Now Let’s Look at Closed Syllables.
BM	BLL155	carousel	4/11	0	0	After reading, discuss these questions with your supervisor. You may want to read or look back through the text.
BM	BLL155	selfCheck	18/19	0	0	Congratulations! You have now completed module 5 and ready for the next lesson. Please return to the landing page and fi
BM	BLL156	carousel	4/12	0	0	After reading, discuss these questions with your supervisor. You may want to read or look back through the text.
BM	BLL156	dropDown	1/2	0	1	Congratulations! You have now completed module 6 and ready for the next lesson. Please return to the landing page and fi
BM	BLL157	carousel	4/11	0	0	After reading, discuss these questions with your supervisor. You may want to read or look back through the text. When yo
BM	BLL161	unclassified	1/3	1	0	Once you have written all of the words down, read the list of words back to your supervisor. Take a photo of the words y
BM	BLL161	carousel	4/5	0	1	After reading, retell the story in your own words.
BM	BLL161	dropDown	1/2	0	1	Congratulations on completing Module 1. You are now ready to start Module 2. Go back to the landing page and click on Mo
BM	BLL162	carousel	4/5	0	1	After reading, retell the story in your own words.
BM	BLL163	carousel	4/12	0	0	After reading, discuss these questions with your supervisor. You may want to read or look back through the text.
BM	BLL163	dropDown	1/2	0	1	Congratulations! You have now completed module 3 and ready for the next lesson. Please return to the landing page and fi
BM	BLL164	carousel	4/11	0	0	After reading, discuss these questions with your supervisor. You may want to read or look back through the text.
BM	BLL164	dropDown	1/2	0	1	Congratulations! You have now completed module 4 and ready for the next lesson. Please return to the landing page and fi
BM	BLL165	unclassified	1/2	1	0	If possible, take a video of you reading these words and upload it to show your kaiako.
BM	BLL165	carousel	4/11	0	0	After reading, discuss these questions with your supervisor. You may want to read or look back through the text.
BM	BLL165	dropDown	1/2	0	1	Congratulations! You have now completed module 5 and ready for the next lesson. Please return to the landing page and fi
BM	BLL166	selfCheck	2/3	0	0	Once you have identified your winning line, look through the grid to see if you can read all the words that were not sel
BM	BLL166	carousel	4/5	0	1	When you have finished reading, discuss with your supervisor, if you were a superhero what would you do?
BM	BLL167	unclassified	1/4	1	0	The list of words below are all two syllable words. Say each word out loud and then decide if it has two closed syllable
BM	BLL167	carousel	3/5	0	0	When you have finished reading, retell the story in your own words. Then go back and reread the story again. Reading the
BM	BLL171	unclassified	1/3	1	0	Take a photo of the words you have written and upload it to show your kaiako (teacher).
BM	BLL172	accordion	7/8	1	1	After you have finished answering the questions, go back and reread the story again. Reading the same story a few times 
BM	BLL172	modal	24/25	1	1	Congratulations! You have now completed Module 2 learning all about the letters and sounds of qu, ou, oi, ue, er, ar. Wh
BM	BLL173	carousel	4/12	0	0	After reading, retell the story in your own words. Then answer the questions below.
BM	BLL173	dropDown	1/3	0	1	Congratulations on completing Module 2. You are now ready to start Module 3. Go back to the landing page and click on Mo
BM	BLL173	dropDown	2/3	0	1	Congratulations! You have now completed Module 3 and ready for the next lesson. Please return to the landing page and fi
BM	BLL174	selfCheck	1/2	0	0	Now see if you can write a sentence using this word. It might help you to say your sentence out loud 3 times before writ
BM	BLL174	unclassified	1/5	1	0	Now drag two different letters before ‘at’. Can you make 4 words? Read the words you have made to your supervisor
BM	BLL174	carousel	4/13	0	0	After reading, retell the story in your own words. Then answer the questions below.
BM	BLL174	dropDown	1/2	0	1	Congratulations! You have now completed Module 4 and ready for the next lesson. Please return to the landing page and fi
BM	BLL175	unclassified	1/4	1	0	**Now let’s look at the suffix ‘er’ and ‘est’. These suffix change the meanings of words as well. For example small to s
BM	BLL175	unclassified	1/5	1	0	Now drag two different letters before ‘eed’. Can you make 3 words? Read the words you have made to your supervisor
BM	BLL175	selfCheck	20/21	0	0	Now try and write your own sentences using these words. Take a photo of your work and upload it to the dropbox for your 
BM	BLL175	carousel	4/5	0	1	After reading, retell the story in your own words. Then answer the questions below.
BM	BLL175	dropDown	1/2	0	1	Congratulations! You have now completed Module 5 and ready for the next lesson. Please return to the landing page and fi
BM	BLL176	selfCheck	21/22	1	0	Now try and write your own sentences using these words. Take a photo of your work and upload it to the dropbox for your 
BM	BLL176	carousel	4/5	0	1	After reading, retell the story in your own words. Then answer the questions below.
BM	BLL176	dropDown	1/2	0	1	Congratulations! You have now completed Module 6 and ready for the next lesson. Please return to the landing page and fi
BM	BLL177	dragAndDrop	2/5	0	0	Once you have created all of the words, listen to each audio again and write the words down on your whiteboard or paper.
BM	BLL177	accordion	7/8	1	1	After you have finished answering the questions, go back and reread the story again. Reading the same story a few times 
BM	BLL210	modal	3/10	1	0	Watch these videos to learn more about how the ‘e’ at the end of the word can change the vowel sound and remain silent:
BM	BLL211	dragAndDrop	2/5	0	0	Once you have created all of the words, read the list of words that you have written down. Take a photo of your list of 
BM	BLL211	accordion	8/9	1	1	After you have answered the questions go back and re-read the story. If you can get your supervisor to video you reading
BM	BLL212	accordion	6/7	1	1	After you have finished answering the questions, go back and reread the story again. Reading the same story a few times 
BM	BLL213	accordion	7/8	1	1	After you have finished answering the questions, go back and reread the story again. Reading the same story a few times 
BM	BLL214	accordion	5/6	1	1	After you have finished answering the questions, go back and reread the story again. Reading the same story a few times 
BM	BLL215	accordion	10/11	1	1	After you have answered the questions go back and re-read the story. If you can, get your supervisor to video you readin
BM	BLL216	unclassified	1/12	1	0	Watch these videos to learn more about exclamation marks and question marks.
BM	BLL220	dragAndDrop	1/4	0	0	In the above activity the digraph ‘igh’ has been grouped together for you and in the second activity you will need to dr
BM	BLL221	dropDown	1/2	0	1	Congratulations on completing Module 1. You are now ready to start Module 2. Go back to the landing page and click on Mo
BM	BLL222	accordion	17/24	1	0	After you have finished reading the text, answer the questions below.
BM	BLL223	carousel	4/5	0	1	When you have finished reading the text, play a game of I spy with your supervisor.
BM	BLL224	carousel	4/11	0	0	When you have finished reading the story, answer the following questions. You may want to go back and look through the s
BM	BLL224	carousel	10/11	1	0	When you have finished answering the questions, go back and re-read the story again. If you can, get your supervisor to 
BM	BLL225	carousel	4/14	0	0	When you have finished reading the story, answer the following questions. You may want to go back and look through the s
BM	BLL227	accordion	9/12	0	0	Read the word and then drag the picture that matches that word. The words have been broken into their syllables to help 
BM	BLL230	dragAndDrop	3/8	0	0	Each activity below focuses on the ‘ir’ spelling pattern.
BM	BLL235	accordion	6/7	1	1	When you have finished reading and answering the questions, read the story again to help develop fluency. Get your super
BM	BLL236	accordion	6/7	1	1	When you have finished reading and answering the questions, read the story again to help develop fluency. Get your super
BM	BLL237	unclassified	1/3	1	0	Once you have written all of the words down, read the list of words back to your supervisor. Take a photo of the words y
BM	BLL237	accordion	6/7	1	1	When you have finished reading and answering the questions, read the story again to help develop fluency. Get your super
BM	BLL241	clickDrop	3/27	1	1	Fog is thick, damp air that looks like mist and can make things hard to see. Choose one of these images and then tell yo
BM	BLL241	clickDrop	12/27	1	1	The word loops means moves around in circle shapes. In our text, it is used to describe the movement of the fog. Choose 
BM	BLL241	clickDrop	21/27	1	1	To glide means to move slowly and smoothly, without stopping or bumping. When something glides, it moves gently and quie
BM	BLL243	typing	7/10	0	0	When you have filled in the correct question word, try answering the questions. You can record your answers to send to y
BM	BLL244	clickDrop	3/24	1	1	These words are used to talk about playing basketball. Understanding these words will help us understand what the charac
BM	BLL244	clickDrop	12/24	1	1	These words are about music and loud sounds. They help us understand what the characters hear and what is happening when
BM	BLL245	selfCheck	2/3	0	0	Once you have identified your completed line, look through the grid to see if you can read all the words that were not s
BM	BLL245	clickDrop	4/7	0	1	Can you see how using personal pronouns helps the story to flow better? The person or thing is named first, but if the n
BM	BLL246	accordion	12/29	1	0	Find the compound sentences in the short text below. First, click on the conjunction that is shown beside the passage. T
BM	BLL246	hintSlider	6/9	1	0	When you have finished writing all six sentences, read these back to your supervisor and then take a photo and upload th
BM	BLL246	clickDrop	3/25	1	1	A **parade** is a special event where people move along the street together, often with music, costumes and decorations.
BM	BLL246	clickDrop	12/25	1	1	The word **exclaim** means to say something suddenly and with a strong feeling, like excitement or surprise. Look at eac
BM	BLL246	clickDrop	20/25	1	1	A **gown** is a long, formal dress a woman wears to important events. This could be a wedding, a special dance or a cere
BM	BLL246	clickDrop	3/26	1	0	The **beginning** of a story tells us who
BM	BLL246	clickDrop	11/26	1	0	Read each sentence and move them into the correct order to show the **beginning**, **middle** and **end** of today’s sto
BM	BLL247	clickDrop	3/23	1	0	The **beginning** of a story tells us who
BM	BLL247	clickDrop	11/23	1	0	Read each sentence and move them into the correct order to show the **beginning**, **middle** and **end** of today’s sto
BM	BLL251	selfCheck	2/3	0	0	Once you have identified your winning line, look through the grid to see if you can read all the words that were not sel
BM	BLL251	memoryGame	1/4	0	0	Click on these cards to find the matching verbs. For example: seek → sought
BM	BLL251	clickDrop	1/5	0	1	You may have noticed an unusual word in the title of this story. The word gnome has a silent g so we say nome
BM	BLL252	clickDrop	1/14	0	1	Not all poems include rhyme but it does help create a rhythm when read out loud.
BM	BLL252	clickDrop	3/14	1	1	The poem is written in lines, not full sentences that run across the whole page. Each new line starts a new idea or imag
BM	BLL252	clickDrop	5/14	1	1	The poem is grouped into three small sections called stanzas.
BM	BLL252	clickDrop	7/14	1	1	The poem creates a picture in the reader’s mind.
BM	BLL252	clickDrop	10/14	1	1	The poem uses words that **sound like** the noises they describe.
BM	BLL252	clickDrop	12/14	1	1	The poet uses strong describing words to make the poem more interesting.
BM	BLL252	clickDrop	13/14	1	1	Use this information to help you identify the ways the two texts in the accordion are the same and the ways they are dif
BM	BLL252	accordion	1/7	0	1	Look at the poem again beside a page from a story. Talk to your supervisor about the ways the two texts are the same and
BM	BLL252	accordion	5/7	0	1	If you thought the opening page of *Ring! Ring!* looked interesting, watch for the full story in the next *Reading for* 
BM	BLL252	multiChoiceQuiz	32/33	1	0	Congratulations on completing this module. You have done some super learning and are now ready to start working on the n
BM	BLL253	clickDrop	3/46	1	1	A **sculpture** is a large artwork made to look like something real. Sculptures are often placed outside where many peop
BM	BLL253	clickDrop	12/46	1	1	A **community** is a group of people who live in the same place. Each community has its own identity, which is what make
BM	BLL253	clickDrop	21/46	1	1	The **economy** is the way people earn and spend money in a place. When tourists visit, they often spend money, which he
BM	BLL253	clickDrop	30/46	1	1	**Produce** is food that is grown on farms, such as fruit and vegetables. Some produce is grown in an **orchard**, which
BM	BLL253	clickDrop	40/46	1	1	**Population** means the number of people or animals living in a place. Some animals have a very small population and ma
BM	BLL253	accordion	3/5	0	1	Some people think the Cromwell fruit sculpture is out of date. Why do you think they feel that way? Do you agree with th
BM	BLL254	flipCard	10/13	1	0	When you have finished your list of words, read them back to your supervisor and then take a photo of the words you have
BM	BLL254	clickDrop	10/18	1	1	These events give us clues about what *might* happen next. We can explain our thinking by using words like *if*, *then*,
BM	BLL255	clickDrop	1/4	0	1	The sounds we have been focusing on in this set of modules have some new homophones for us to learn. Look at the informa
BM	BLL255	multiChoiceQuiz	51/52	1	0	Some of these words are tricky, so go back and read the definition with your correct answer. This will help you feel sur
BM	BLL255	clickDrop	1/2	0	1	In Chapter 1 of *Zapped!*, Ana and Tai made a robot for a school project using old junk and named it Tidy-bot. The robot
BM	BLL255	clickDrop	8/12	1	1	After we make predictions and read on, it’s a good idea to think about whether those predictions were right or not. Reme
BM	BLL256	clickDrop	9/14	1	1	In the last two modules, you made predictions and then read on to see what happened. We keep using this cycle as we read
BM	BLL257	accordion	2/35	0	1	You are a news reporter! Tell everyone about the crazy Science Fair.
BM	BLL257	accordion	14/35	1	1	Design a better version of Tidy-Bot that does not make mistakes.
BM	BLL257	accordion	21/35	1	1	Write a funny conversation between you and Tidy-Bot.
BM	BLL257	accordion	29/35	1	1	Create some funny “robot mistakes” at home.
BM	BLL264	multiChoiceQuiz	14/32	1	0	Choose the option that best describes how the language being used in each sentence:
BM	BLL266	carousel	3/4	0	0	When you have read the article dicuss some facts that you have learned with your supervisor. Then go back and record you
BM	BLL271	unclassified	4/9	1	0	As we say these syllables a few times, we can become more confident with the sound each makes and slowly start blending 
BM	BLL271	dragAndDrop	18/21	0	0	Ka mau te wehi!
BM	BLL272	clickDrop	4/10	1	1	A *taniwha* is a powerful creature from Māori stories. It usually lives in water, such as rivers, lakes, or the sea. Tan
BM	BLL272	clickDrop	9/10	1	1	Waiwhetū Stream is a small watercourse in Lower Hutt in the North Island. It is not far from Wellington.
BM	BLL273	clickDrop	2/11	0	1	The words “*in rage*” tell us how the taniwha is feeling.
BM	BLL273	clickDrop	7/11	1	1	The word “*attack*” tells us what the lizard is trying to do. We can ask ourselves: what is happening in this moment? Is
BM	BLL273	clickDrop	10/11	1	1	As we read a text, it is important to monitor our understanding. This means stopping to check if what we are reading mak
BM	BLL275	clickDrop	2/32	0	1	Write or record yourself explaining what happened in the story.
BM	BLL275	clickDrop	11/32	1	1	Think about what happened in the story. What might be some **who, what, where, why** or **how** questions you could ask 
BM	BLL275	clickDrop	15/32	1	1	Write down each question with your answer beside it. You may also choose to make a recording of your questions and answe
BM	BLL275	clickDrop	18/32	1	1	Pretend you are Nan. Press the ‘Record’ button and explain to your supervisor:
BM	BLL275	clickDrop	25/32	1	1	Good readers use words like *might, could, maybe* and *what if* to explore ideas. Think about the text and come up with 
BM	BLL276	carousel	3/7	0	1	Listen to the song a few times and try to join in singing the names of the animals.
BM	BLL276	carousel	6/7	0	1	Listen to the song and join in, then come up with a few new verses that add some more animals to the farm.
BM	BLLR201	clickDrop	1/29	0	0	The first step to borrowing books from the library is to register.
BM	BLLR201	clickDrop	3/29	1	0	Once registered, start your search by logging in with your Te Kura ID number.
BM	BLLR201	clickDrop	5/29	1	0	If you know what you are looking for, you can click one of these options.
BM	BLLR201	clickDrop	7/29	1	0	Type your keyword, genre, subject, title, author’s name, series name or list in this box.
BM	BLLR201	clickDrop	9/29	1	0	These show you some Aotearoa New Zealand stories available from the library.
BM	BLLR201	clickDrop	12/29	1	0	This tells you how many pages of results you can choose from, up to 100 items.
BM	BLLR201	clickDrop	14/29	1	0	The corner of each book tells you about availability. A green tick means it is available. A red cross means it is on loa
BM	BLLR201	clickDrop	16/29	1	0	If you find a book you like, drag the book here to put it in your *basket*.
BM	BLLR201	clickDrop	20/29	1	0	This tells you about the book. You can use it to help you decide if it sounds interesting.
BM	BLLR201	clickDrop	22/29	1	0	This shows you other books in the library that’s written by the same person.
BM	BLLR201	clickDrop	24/29	1	0	If this book isn’t quite what you want, these books might be a better match to investigate.
BM	BLLR201	clickDrop	26/29	1	0	This takes you back to your search so you can keep looking.
BM	BLLR201	clickDrop	28/29	1	0	Once you find a book you want to read, click here to add it to your *basket.*
BM	BLLR201	accordion	5/8	1	1	Read the first part of the story, from the beginning to the end of the second page of text. As you read, pay attention t
BM	BLLR201	accordion	3/4	0	1	Now you’ve read *After the Storm*, it’s time to think about how the story ends. The ending shows what has changed and ho
BM	BLLR201	accordion	1/37	0	1	Why is it a good thing Kit and Dad have lots of cat food?
BM	BLLR201	accordion	3/37	0	1	Look at the section of highlighted text from page two of our story. The answer is **right there**. We just needed to **l
BM	BLLR201	accordion	6/37	1	1	A **connect the clues** question asks us to use information from different parts of the text and put it together. We nee
BM	BLLR201	accordion	8/37	1	1	What problems has the storm caused for Kit, Dad and the wider community?
BM	BLLR201	accordion	10/37	1	1	Look at the section of highlighted text from our story. The clues are spread across these two pages. To answer this ques
BM	BLLR201	accordion	13/37	1	1	An **inference** question asks us to figure something out using clues from the text and what we already know. The answer
BM	BLLR201	accordion	15/37	1	1	How is Dad feeling when he says, “Milk is overrated”?
BM	BLLR201	accordion	17/37	1	1	Think about what Dad was doing at the start of the story – sweating and working hard. Add this to the highlighted parts 
BM	BLLR201	accordion	20/37	1	1	Some questions ask us to **go beyond** the words on the page. They ask what we think about the text. With these question
BM	BLLR201	accordion	22/37	1	1	Do you think Casper’s surprise visit made a big difference? Why or Why not?
BM	BLLR201	accordion	24/37	1	1	Look at the highlighted sections from the page of the story. Once Casper and his family arrive, notice the laughing and 
BM	BLLR201	accordion	29/37	1	1	When we infer, we don’t just guess. We look for clues and think carefully.
BM	BLLR202	multiChoiceQuiz	31/38	1	0	We have made predictions, explored new words and practised using clues to work out meaning. Now, we’re ready to start re
BM	BLLR202	reorder	9/19	0	0	With the events in order, we can now see how the story unfolds from beginning to end. Our next step is to decide which p
BM	BLLR202	clickDrop	2/22	0	1	At the bottom of the first page of our story we read:
BM	BLLR202	clickDrop	9/22	1	1	At the top of the fifth page of our story, Min gets a phone call. Afterwards, we read:
BM	BLLR202	clickDrop	16/22	1	1	Taylor gets curious about the phone call and goes into Min’s bedroom. The text says:
BM	BLLR203	radioQuiz	30/37	1	0	When you choose an example, think about these questions:
BM	BLLR203	accordion	1/16	0	1	Each part of the narrative organiser focuses on structure. Let’s look at **actions**.
BM	BLLR203	accordion	6/16	1	1	We have learned already how powerful language choices can create a mood or feeling. Let’s look at the short phrase: “Nes
BM	BLLR203	accordion	11/16	1	1	Pictures in stories often give us extra information. Many shorter narratives use pictures to help us understand what is 
BM	CBI1004	accordion	2/11	1	1	Genetics can be used to diagnose genetic diseases, track these diseases within families, and work out if someone is at r
BM	CBI1004	accordion	4/11	1	1	Genetics can be used to help work out who was present at a crime scene.
BM	CBI1004	accordion	6/11	1	1	Genetics can be useful for identifying and protecting endangered species.
BM	CBI1004	accordion	8/11	1	1	Genetics can be used alongside other evidence such as oral histories, to find out about family history or whakapapa. It 
BM	CBI1004	accordion	10/11	1	1	Knowledge of genetics can be used to improve food crops and farm animals.
BM	CBI1004	tabs	2/11	0	0	Some characteristics are determined by genetics. Genetic characteristics can be inherited. This is why some of your char
BM	CBI1004	tabs	5/11	0	0	Some characteristics are determined by the environment and are not inherited. For example, scars or tattoos are gained d
BM	CBI1004	accordion	1/2	0	1	Proteins are made up of long strings of amino acids. There are 20 different types of amino acids. These amino acids are 
BM	CBI1004	interactive	1/18	0	0	A population of finches in the Galapagos Islands showed variation in the size of their beaks. They ate mostly small seed
BM	CBI1004	radioQuiz	1/9	0	0	Decide whether the following statements are true or false.
BM	CBI1004	tabs	2/5	0	0	Mutations can be harmful. It may mean that the body is missing something important or something is not functioning corre
BM	CBI1004	tabs	3/5	0	0	Cystic fibrosis is a condition where people have a build-up of thick, sticky mucous in their lungs. It is caused by a mu
BM	CBI1004	tabs	4/5	0	0	This video describes what it is like to have cystic fibrosis.
BM	CBI1004	accordion	2/5	1	1	This image shows crossing over in more detail. Homologous chromosomes have the same genes but may have different alleles
BM	CBI1004	accordion	1/4	0	1	When homologous chromosomes line up in pairs along the centre of the cell in meiosis, the way they line up is random. Ea
BM	CBI1004	accordion	2/4	0	1	The image below shows a cell with two pairs of chromosomes. There are two different ways the chromosomes could be assort
BM	CBI1005	dragAndDrop	1/6	0	0	Decide which of these tools would be useful for each scenario. Drag and drop the tool into the correct place.
BM	CBI1005	dragAndDrop	1/7	0	0	The DNA base sequence of genetic markers in New Zealand parrots has been studied. The DNA base sequence in kākā is more 
BM	CBI1005	interactive	1/31	0	0	Drag each key vocabulary term to the correct definition.
BM	CEDK101	modal	20/26	1	0	Play a game of shadow tag with some friends or your whānau. Shadow tag is best played outdoors on a sunny day. The main 
BM	CEDK501	unclassified	1/15	1	0	Talia has made a list of her expenses. Can you help her sort them into weekly, monthly, and annual (yearly) costs?
BM	CEDK501	unclassified	5/15	1	0	If your income is larger than your expenses you will be able to save and reach your goals faster. We call the money left
BM	CEDK501	unclassified	8/15	1	0	Alex needs to build up some savings so he is able to meet his goals. This is a budget he put together.
BM	CEDK501	unclassified	6/16	1	0	One goal that Alex has is to complete his personal training qualification in the next 12 months.
BM	CEDO102	accordion	5/6	0	1	Talk to your whānau to see what small things you can do to help.
BM	CEDO105	carousel	3/13	0	1	You can walk (or jump) through a puddle.
BM	CEDO105	carousel	6/13	0	1	You can walk around the tree.
BM	CEDO105	carousel	9/13	0	1	You can walk over the logs.
BM	CEDO105	carousel	12/13	0	1	You can crawl under the table.
BM	CEDO105	dragAndDrop	1/10	0	0	Drop and drag the pictures into the boxes to write an algorithm which gets the kākāpō to the rimu tree for breakfast. Yo
BM	CEDO105	multiChoiceQuiz	1/15	0	0	Think about your obstacle course then answer the questions below.
BM	CEDO105	multiChoiceQuiz	2/15	0	0	1. What parts/obstacles did you go over?
BM	CEDO105	multiChoiceQuiz	4/15	0	0	2. What parts/obstacles did you go under?
BM	CEDO105	multiChoiceQuiz	6/15	0	0	3. What parts/obstacles did you go through?
BM	CEDO105	multiChoiceQuiz	8/15	0	0	4. What parts/obstacles did you go around?
BM	CEDO105	multiChoiceQuiz	10/15	0	0	5. How did it feel to move like a kidbot?
BM	CEDO105	multiChoiceQuiz	12/15	0	0	. Think about when you had to follow the instructions. What was challenging about it?
BM	CEDO204	dragAndDrop	1/11	0	0	Label some features of beavers that are useful for building their dams. Drag and drop the text boxes into the right plac
BM	CEDO204	accordion	1/17	0	1	Build your very own dam like a beaver. This activity can get messy so do it outside or somewhere where a bit of mess is 
BM	CEDO204	accordion	2/3	0	1	Hydroelectric dams have water wheels in them that are used to generate electricity. This video shows you how to build a 
BM	CEDO204	flipCard	14/15	1	0	This mound was built by **termites**. Mound-building termites build mounds with a complex system of chambers, tunnels an
BM	CEDO204	clickDrop	1/7	0	1	Worker bees visit flowers, slurp up the nectar, and store it in a special stomach called a honey pouch. They take the ne
BM	CEDO204	clickDrop	3/7	0	1	There are so many interesting structures made by insects, that they are a great source of ideas for designers, architect
BM	CEDO204	clickDrop	6/7	0	1	Some people make casts of abandoned ant nests. It is a way to study them, but also a way to create art. Watch this video
BM	CEDO204	accordion	1/29	0	1	In this activity, try observing and drawing an animal structure like a scientist.
BM	CEDO402	accordion	3/21	0	0	It is important that you read this time as 1 minute and 48 point “one six” seconds.
BM	CEDO402	carousel	2/4	0	0	*Now go to this website and read through the examples. Then complete the 12 questions at the bottom:*
BM	CEDO402	accordion	2/15	0	0	*This is Rita and her coach, Hoani.*
BM	CEDO501	accordion	3/5	1	1	This is a weekly payment that does not need to be repaid for people aged 18+ who are not in full-time employment. They m
BM	CEDO501	accordion	2/4	0	1	The **Student Allowance** is money the government gives to help **ākonga** (students) pay for living costs while they st
BM	CEDO501	unclassified	5/17	1	0	Now read about Aroha’s experience.
BM	CEDO501	unclassified	11/17	1	0	Read here how Tama’s situation is different to Aroha’s.
BM	CEDO501	accordion	3/5	0	1	The Disability Allowance is money from the government to help people who have regular, ongoing costs because of a disabi
BM	CEDO501	accordion	2/5	0	1	**Sole Parent Support** is money the government gives to single parents or caregivers who are the main person looking af
BM	CEDO501	accordion	2/4	0	1	When people in Aotearoa New Zealand turn 65, they can apply for NZ Super. This is a weekly payment from the government t
BM	CEDO501	accordion	2/5	0	1	A metasearch engine searches across multiple search engines at once and combines the results.
BM	CEDO501	accordion	2/5	0	1	Artificial Intelligence (AI) is changing how we search online.
BM	CEDO502	carousel	7/10	1	0	Unmanageable debt means you’ve borrowed more than you can afford to pay back. Your repayments are too high, and your bud
BM	CEDO502	clickDrop	3/8	1	1	A personal loan is money borrowed from a bank, credit union or finance company that you pay back in regular payments (ca
BM	CEDO502	clickDrop	2/6	0	0	A mortgage is a big loan used to buy a house or land. It’s called a secured loan, which means the house is used as secur
BM	CEDO502	clickDrop	2/6	0	1	A credit card lets you buy things now and pay for them later. Each month, you get a bill showing how much you owe.
BM	CEDO502	clickDrop	2/7	0	1	Hire purchase lets you take home an item straight away and pay for it over time (like with Afterpay, Zip or Laybuy). The
BM	CEDO502	dragAndDrop	1/4	0	0	Drag and drop the credit providers to match each situation example here.
BM	CEDO502	selectionBox	10/12	1	0	If you are ready to start this assessment task, contact your Te Kura kaiako. Once you have completed this task upload it
BM	CEDR101	carousel	9/14	0	1	There are lots of ways to make the sticks, and you can decorate them, too.
BM	CEDR101	carousel	13/14	0	1	When you have practised a stick game, you can show your kaiako how clever you are. You can put a video or a sound file i
BM	CEDR101	dropDown	1/6	0	1	Here is a dropbox for you to share your learning with your kaiako. You can:
BM	CEDR203	modal	6/18	1	0	making an educated guess based on questions/observations and our prior knowledge
BM	CEDR203	modal	15/18	1	0	Who are eco-leaders in Aotearoa? Are there any in your community or any you’ve noticed in other spaces? Learn about the 
BM	CEDR203	interactive	1/3	0	0	You have been learning about the challenges of plastics around us and the impact they have on the environment. There are
BM	CEDR203	modal	3/11	0	0	mutual caring and sharing
BM	CEDR203	modal	5/27	1	0	making you want to read the poster and take action
BM	CEDR203	modal	7/27	1	0	work to create change
BM	CEDR204	carousel	9/18	0	1	When you are creating patterns, you can also add in a rest.
BM	CEDR302	accordion	2/8	0	0	When we wonder about light and dark, we can consider the influence that culture, people, places can have.
BM	CEDR401	dropDown	2/5	0	0	This is a problem of not enough data because it captured two unusual weeks:
BM	CEDR401	accordion	5/6	1	0	Sometimes we need to look closely at changes in the data, and a y-axis that starts at 0 can make those changes hard to s
BM	CEDR501	accordion	33/39	1	0	The **charting method** is a note-taking technique that organises information into a table or grid. It works by dividing
BM	CEDR501	multiChoiceQuiz	4/5	0	1	Let’s explore some individual behaviours that will help you to make a great impression.
BM	CEDR501	unclassified	1/3	1	0	You can find a selection of note-taking templates available to download here.
BM	CEDT101	dropDown	4/7	0	0	Each member of Moana’s tribe has different chores/jobs to do around the village. Each of the chores/jobs are important f
BM	CEDT104	unclassified	6/10	0	0	The best part? You can mix it up.
BM	CEDT104	dropDown	3/8	0	0	A poi is a Māori taonga (treasure) for dancing. It's a soft ball on a string that you can swing and spin and use to tell
BM	CEDT104	dropDown	1/6	0	0	**A** fun game where we:
BM	CEDT104	dropDown	1/4	0	0	Your poi can make different sounds: Listen to the sounds below and match with its written description
BM	CEDT104	dropDown	1/6	0	0	Kia ora Tamāriki mā. *E Rere Taku Po*i is a beautiful traditional waiata poi that:
BM	CEDT104	dropDown	1/4	0	0	Let’s watch a video of other tamāriki performing
BM	CEDT104	dropDown	1/5	0	0	Hey there, tī rākau stars today:
BM	CEDT104	dropDown	9/10	1	0	Let’s learn the lyricsWords. Watch the video below and sing along.
BM	CEDT208	modal	12/14	1	1	These are some of the magical tapa cloths from the Pacific Islands. Each one is unique and represents the rich culture a
BM	CEDT301	unclassified	1/4	0	0	Fill out the grid below using Who, What, Where, When, Why and How? Finding out as much information as you can about your
BM	CEDT501	dragAndDrop	1/4	0	0	Drag and drop the following labels into the box of the behaviour type it matches.
BM	CEDT501	selectionBox	8/14	0	0	Describe why this was a barrier.
BM	CEDW101	modal	16/21	1	0	Sam is watching a group of kids play. Sam is getting annoyed because he wants to play too. What would be a good thing to
BM	CEDW101	modal	2/11	1	0	Make thank you cards for people who have been kind to you. Remember to mention what it was that they did and why you app
BM	CEDW101	modal	5/11	1	0	Watch the video about Abby’s Pay it Forward Project and then bake or make something and give this to someone that you th
BM	CEDW101	modal	9/11	1	0	Help somebody out without being asked.
BM	CEDW101	dragAndDrop	1/5	0	0	Drag the friendship ingredients into the pot to show what you think is important.
BM	CEDW101	dragAndDrop	3/5	0	0	In your journal write the recipe for your own friendship soup.
BM	CEDW101	modal	2/11	1	0	Watch the video and then create a friendship bracelet to give to one of your friends.
BM	CEDW101	modal	6/11	1	0	Plan and organise a surprise picnic for you and a whānau member or friend to have in your backyard or a local park.
BM	CEDW101	modal	9/11	1	0	Create some friendship rocks that have positive messages and/or drawings on them. Hide them around your local community 
BM	CEDW101	modal	2/10	1	0	Prepare a simple meal or treat together, like baking or making sandwiches. Discuss how helping out and sharing food with
BM	CEDW101	modal	5/10	1	0	Help someone in your whānau with a job that needs doing around the house. This could be something like helping wash the 
BM	CEDW101	modal	8/10	1	0	Keep a record or list of things that you do that help other people.
BM	CEDW101	modal	2/12	1	0	Watch this video to learn how to make a bird feeder from recycled materials.
BM	CEDW101	modal	7/12	1	0	Litter clean up – Go for a walk and take a small bag with you. Pick up any rubbish you see on the way.
BM	CEDW101	modal	10/12	1	0	Taking care of living things and sharing the beauty of nature is a form of manaakitanga so plant a vegetable garden or s
BM	CEDW501	clickDrop	1/11	0	0	Listen to the podcast here to get a better understanding of tapu and noa. Click on the image to start the podcast.
BM	CEDW501	clickDrop	6/11	0	0	Drag the kupu (words) “tapu” or “noa” to complete a summary of what you have heard.
BM	CEDW501	dragAndDrop	1/4	0	0	Drag and drop the descriptions below into the correct columns.
BM	CEDW501	unclassified	1/5	0	0	Here are some common greetings in te reo Māori. Can you pronounce these correctly?
BM	CEDW501	unclassified	4/5	1	0	Try using new words with your friends or whānau. The more often you practise, the more confident you will become.
BM	CEDW501	unclassified	2/12	1	0	Once you’ve chosen an aspect of your hauora to improve, the next step is to turn it into a **SMART goal.** The acronym S
BM	CEDW501	unclassified	1/4	1	0	For your SMART goal, select three specific methods you will use to improve your personal wellbeing. Each action should b
BM	CEDW501	unclassified	1/3	1	0	You’ll work towards developing methods to measure progress in the next lesson. Here is an example.
BM	CHFUN01	dropDown	1/12	0	0	Choose the correct answer.
BM	CHFUN01	carousel	1/3	0	1	Click to see the image and video on Chinese number hand gestures.
BM	CHFUN01	clickingOrder	4/6	0	0	Click in the right order from 1 to 10.
BM	CHFUN01	carousel	1/3	0	1	Click to watch more videos about Chinese number culture.
BM	CHFUN01	radioQuiz	1/5	0	0	Choose lucky or unlucky according to Chinese culture.
BM	CHFUN04	dropDown	1/7	0	0	David was born in 2013, the Year of the Snake. Here is the order of the Chinese Zodiac animals.
BM	CHFUN04	dragAndDrop	1/3	0	0	Drag and drop the right meaning to the colour in Chinese culture.
BM	CHFUN04	radioQuiz	1/5	0	0	Choose Chinese or Western
BM	CHFUN04	carousel	1/3	0	1	Watch the videos to learn more about these Chinese festivals.
BM	CHFUN04	dragAndDrop	1/3	0	0	Match the festivals with their correct season.
BM	CHFUN05	typing	1/3	0	0	Click on the audio and drag the alphabet to form correct pinyin that matches the Chinese characters.
BM	CHFUN05	radioQuiz	1/3	0	0	Choose **true or false** for what I want to find out according to the Chinese sentence.
BM	CHFUN05	multiChoiceQuiz	1/8	0	0	Match the English meaning to the Chinese pronoun.
BM	CHFUN05	reorder	2/7	0	0	Drag the words to put them in the right order.
BM	CHFUN05	carousel	1/5	0	0	Watch the video for more examples on SOV structure.
BM	CHFUN05	clickingOrder	1/6	0	0	Click in the order from 14-19 in Chinese characters.
BM	CHFUN05	clickingOrder	4/6	1	0	Click in the order from 40-90 in Chinese characters.
BM	CHFUN05	typing	1/10	0	0	What are these numbers?
BM	CHFUN05	typing	1/10	0	0	Turn these into a yes-no question and type the pinyin in the space. (Ignore the tone marks)
BM	CHFUN05	radioQuiz	2/4	0	0	**Do I use 和 (hé)? Choose ‘Yes’ or ‘No’.**
BM	CHFUN05	clickDrop	6/14	1	1	Watch the video for more examples.
BM	CHFUN05	dropDown	1/6	0	0	Choose the best option: **要 (yào) or 想 (xiǎng)?**
BM	CHFUN05	dragAndDrop	1/6	0	0	Drag the words to form correct sentences using 有that either expresses “have” or “there is”.
BM	CHFUN05	flipCard	1/3	0	1	Flip the card to see the sentence in English.
BM	CHFUN05	dragAndDrop	1/3	0	1	Drag the words to form a correct sentence using **很 (hěn).**
BM	CHFUN05	dropDown	1/8	0	0	Choose appropriate description that fits the situation.
BM	CHFUN05	reorder	1/5	0	0	Drag the words to form a noun phrase using ‘的’ de.
BM	CHFUN05	carousel	1/3	0	1	Watch the video for more examples with **other animals and insects**.
BM	CHFUN05	reorder	1/3	0	0	Reorder the words to form a correct sentence using the measure word (MW) 只zhī.
BM	CHFUN05	accordion	10/36	1	1	Watch the video for more examples.
BM	CHFUN05	accordion	13/36	1	1	And when we talk about more than one thing, we use:
BM	CHFUN05	accordion	25/36	1	1	Watch the video for demonstration.
BM	CHFUN05	dragAndDrop	1/3	0	0	drag the sentence that matches the image.
BM	CHFUN05	radioQuiz	1/3	0	0	Choose if the word 大 **(dà)** or 小 **(xiǎo)** is used for **size** or **age**.
BM	CHFUN05	timeline	1/2	0	0	Drag each sentence into the correct category on the timeline. Each sentence shows **“I read”** but in a different time t
BM	CHFUN05	reorder	1/5	0	0	Reorder the words to correctly form a past tense sentence using **了(le)**.
BM	CHFUN05	accordion	10/17	1	1	Watch the video for more examples
BM	CHFUN05	dragAndDrop	1/5	0	0	Drag and order the words to form a correct sentence with **要 (yào)**:
BM	CHFUN05	accordion	12/19	1	1	Think of it like this: **不**(bù) **= not**; **没 / 没有**(méi / méiyǒu) **= did not**
BM	CHFUN05	radioQuiz	1/4	0	0	Choose the correct negation word for the sentence.
BM	CHFUN05	dragAndDrop	1/3	0	0	Drag the sentence to the correct image.
BM	CHFUN05	reorder	1/5	0	0	Reorder the words to form correct sentences using 在.
BM	CHFUN05	reorder	1/4	0	0	Reorder the words to form correct sentences using 跟(gēn).
BM	CHFUN05	dragAndDrop	1/3	0	0	Drag each item that you might politely ask for using 请给我(qǐng gěi wǒ) from different people.
BM	CHFUN05	typing	1/4	0	0	Choose one that is more appropriate for the situation.
BM	CHFUN05	dragAndDrop	1/5	0	0	Drag and reorder the words to form correct sentences using **比(bǐ)**.
BM	CHFUN05	typing	1/5	0	0	Highlight the ‘verb directional’ words and select if it is going towards, away from or return to the speaker.
BM	CHFUN05	dropDown	1/5	0	0	Choose the correct particle for the situation. 吧 (ba) or呢 (ne)?
BM	CHFUN05	dropDown	1/6	0	0	Select the correct sequencing word in the sentence.
BM	CHFUN05	reorder	1/5	0	0	Drag and reorder the words to form correct sentences using …的时候
BM	CHFUN05	typing	1/5	0	0	Choose the correct “think” word to suit the situation.
BM	CHFUN05	reorder	1/4	0	0	Reorder the words to form correct sentence using **因为(yīn wèi) …所以(suǒ yǐ)…**
BM	CHFUN05	typing	1/8	0	0	Choose the correct transport verb for the situation.
BM	CHFUN05	reorder	1/4	0	0	Reorder the words to form correct sentences using **从 (cóng ) and到 (dào)**
BM	CHFUN06	carousel	1/3	0	1	Watch the video to see more about how to read and write Chinese characters.
BM	CHFUN06	radioQuiz	1/8	0	0	Is the statement true or false?
BM	CHFUN06	multiChoiceQuiz	1/3	0	0	Choose the options that are correct stroke-order rules.
BM	CHFUN06	sketcher	1/2	0	0	Here are the top 3 rules to get you started. Try to follow the correct stroke order with the video for the following
BM	CHFUN06	crossword	1/12	0	0	Use the clues to work out what you think the English meaning is
BM	CHFUN06	wordDrag	1/6	0	0	Drag the components you can see to build the Chinese character.
BM	CHFUN06	dragAndDrop	1/4	0	0	Drag and drop each Chinese character into the correct component structure.
BM	CHFUN07	reorder	1/4	0	0	Drag and reorder the words to form a correct sentence.
BM	CHFUN07	clickingOrder	2/4	0	0	Click in the correct order from the most general to the most specific.
BM	CHFUN07	reorder	1/3	0	0	Reorder the words to turn these answer statements into a question.
BM	CHFUN07	timeline	1/3	0	0	Here are three sentences that say the same thing (I do homework) but at different times when it happened. Drag the sente
BM	CHFUN07	typing	1/6	0	0	Which one should go where? Look at the English sentence. Decide which one is more or -er in the description.
BM	CHFUN08	typing	1/4	0	0	How will you write these numbers in Chinese characters? Type the answer in Chinese characters. Here is an image to help 
BM	CHFUN08	typing	1/4	0	0	How will you say these sentences to talk about age in Chinese? Use the example and type your answers in pinyin (ignore t
BM	CHFUN08	reorder	1/3	0	0	Reorder the words, so it follows the structure who + when + how + where + what
BM	CHFUN08	multiChoiceQuiz	1/3	0	0	Find the one that is similar but different radical.
BM	CHFUN08	selfCheck	1/5	0	0	Choose the correct Hanzi that fits the situation.
BM	CHWHA	clickingOrder	1/4	0	0	Modern China is a mix of fast-moving cities, cool technology and creative new ideas. Kids and teens enjoy high-speed tra
BM	CHWHA	clickingOrder	2/4	0	0	Click in the order of what interests you most to least.
BM	CHWHA	typing	1/5	0	0	Watch the video and type up to three of the most interesting things you learned from the video.
BM	CHWHA	dragAndDrop	1/4	0	0	Hover to listen. Drag the Chinese word to the correct image.
BM	CHWHA	wordDrag	2/4	1	0	Drag and spell the word correctly for ‘Mandarin’ in Chinese.
BM	CHWHA	dropDown	1/15	0	0	Here is some information we would like to know before you start (you are not limited to these).
BM	COM1005	accordion	2/35	0	1	New Zealand exports a number of goods, these include dairy products, beef, lamb, wool, forestry etc. As well as goods, N
BM	COM1005	accordion	6/35	1	1	The goods and services New Zealand buys from overseas countries are called imports. We import because:
BM	COM1005	accordion	15/35	1	1	There are two types of flows between producers and the rest of the world:
BM	COM1005	accordion	22/35	1	1	The overseas sector can be added to the circular flow diagram shown below to give a model of the whole economy.
BM	COM1005	accordion	25/35	1	1	Households and overseas countries depend on each other because:
BM	COM1005	accordion	33/35	1	1	During Covid-19 pandemic, New Zealand became heavily reliant on overseas firms for the supply of PPE gear, masks, hand s
BM	COM1005	dropDown	1/23	0	0	Interdependence refers to the mutual
BM	DTC1005	clickDrop	51/52	0	1	By following these steps and continually learning and practicing, you can create better-quality videos and develop your 
BM	ENFUN01	multiChoiceQuiz	1/2	0	0	Who is reading, watching, or listening to us when we create things? This is important to consider this before creating a
BM	ENFUN03	multiChoiceQuiz	1/2	0	0	In this lesson, we have learned about simple, compound and complex sentences. We have practised using conjunctions and h
BM	ENFUN03	reorder	1/3	0	0	Reorder these boxes to create a complex sentence.
BM	ENFUN03	carousel	3/4	0	1	Starting your sentences in different ways makes your writing more engaging. In Phase 2, we covered prepositional phrases
BM	ENFUN03	multiChoiceQuiz	1/2	0	0	In this lesson, we learned about three types of sentences: simple, compound, and complex. We practised using coordinatin
BM	ENFUN03	multiChoiceQuiz	1/2	0	0	In this lesson, we learned how sentence length affects writing pace. Short sentences speed up the pace and add urgency, 
BM	ENFUN04	multiChoiceQuiz	5/33	0	0	Here is a small snippet of the picture book ‘A Hippo in Havelock’.
BM	ENFUN04	multiChoiceQuiz	9/33	0	0	Can you identify what ‘peered’ means? Use the pictures to help you.
BM	ENFUN04	multiChoiceQuiz	15/33	1	0	Here is a small snippet of the picture book The Tuatara and the Skink.
BM	ENFUN04	multiChoiceQuiz	18/33	1	0	Can you identify what ‘reflection’ means? Use the pictures to help you.
BM	ENFUN04	multiChoiceQuiz	24/33	1	0	Here is a small snippet of the picture book ‘Weka’s Waiata’.
BM	ENFUN04	multiChoiceQuiz	27/33	1	0	Can you identify what ‘drift or drifted’ means? Use the pictures to help you.
BM	ENFUN04	multiChoiceQuiz	1/2	0	0	In this lesson, we have learned about synonyms and antonyms. We have also looked at homophones, homonyms and homographs 
BM	ENFUN05	unclassified	1/4	1	0	Now you have a go. Add a question mark, exclamation mark or full stop to finish the sentence correctly.
BM	ENFUN07	unclassified	1/5	1	0	Choose one of the pictures below. Write three sentences about what you see in the picture. This is your paragraph.
BM	ENFUN09	carousel	2/4	0	0	Drafting is where your ideas begin to take shape on the page. Your writing doesn’t have to be perfect at this point – th
BM	ENG1004	accordion	9/25	1	1	Complete the tasks required for Achieved then explain the connections between your specific examples of verbal language 
BM	ENG1004	accordion	12/25	1	1	Complete the tasks required for Achieved and Merit then draw conclusions about the interaction of the context and specif
BM	ENG1004	accordion	3/7	0	0	1. Select the text you wish to use.
BM	ENG1004	accordion	2/12	0	1	You can choose to do this verbally, on the graphic organiser provided or some other way that makes sense to you. You nee
BM	ENG1004	accordion	2/23	0	0	Complete a draft of your assessment, this is your chance to get feedback before it is finally assessed. First tick off t
BM	ENG1004	accordion	5/23	0	0	Tick each one off BEFORE submitting your draft assessment for marking.
BM	ENG1004	accordion	21/23	1	0	Only submit into this dropbox when your kaiako says you are ready. This is the formal assessment dropbox and your work w
BM	ENG1004	accordion	3/7	0	0	1. Select the text you wish to use.
BM	ENG1004	accordion	2/12	0	1	You can choose to do this verbally, on the graphic organiser provided or some other way that makes sense to you. You nee
BM	ENG1004	accordion	2/23	0	0	Complete a draft of your assessment, this is your chance to get feedback before it is finally assessed. First tick off t
BM	ENG1004	accordion	5/23	0	0	Tick each one off BEFORE submitting your draft assessment for marking.
BM	ENG1004	accordion	21/23	1	0	Only submit into this dropbox when your Kaiako says you are ready. This is the formal assessment dropbox and your work w
BM	ENG1004	accordion	3/7	0	0	1. Select the text you wish to use.
BM	ENG1004	accordion	2/12	0	1	You can choose to do this verbally, on the graphic organiser provided or some other way that makes sense to you. You nee
BM	ENG1004	accordion	2/23	0	0	Complete a draft of your assessment, this is your chance to get feedback before it is finally assessed. First tick off t
BM	ENG1004	accordion	5/23	0	0	Tick each one off BEFORE submitting your draft assessment for marking.
BM	ENG1004	accordion	21/23	1	0	Only submit into this dropbox when your Kaiako says you are ready. This is the formal assessment dropbox and your work w
BM	ENG1004	accordion	2/25	1	1	To reinforce ideas, link to imagery, make a particular statement or point memorable.
BM	ENG1004	accordion	4/25	1	1	Look for emotive words – they help express a particular emotion and help add to mood.
BM	ENG1004	accordion	6/25	1	1	Shows passing of time, flashback or flash forward.
BM	ENG1004	accordion	8/25	1	1	Identify tone (sincere, sarcastic, envious, insulting, flippant, nostalgic, conversational, hostile, mournful, uplifting
BM	ENG1004	accordion	10/25	1	1	Change from one language to another – find the connotations of the non-English word e.g. French = sophistication, Māori 
BM	ENG1004	accordion	12/25	1	1	This could be connected to tone. The level of formality of the text:
BM	ENG1004	accordion	24/25	1	1	How do techniques/syntax/style position the reader i.e. manipulate the reader’s emotional response to a character/event/
BM	ENG1004	accordion	2/16	1	1	When parts of a passage are deliberately repeated. Effect: establishes links within a passage, emphasises main ideas, cl
BM	ENG1004	accordion	4/16	1	1	Conversational, adds variety and interest through posing and solving problems, used for suspense and expectation.
BM	ENG1004	accordion	6/16	1	1	Leaves the reader with a particular thought, used for humour, adds intensity, reinforces ideas.
BM	ENG1004	accordion	8/16	1	1	Passive could make tone more formal whereas active more confronting.
BM	ENG1004	accordion	10/16	1	1	Simple, a makes it immediate, informal, easy to understand, narrative, child-like, unsophisticated. Compound and/or Comp
BM	ENG1004	accordion	2/33	1	1	Effect: emphasise a particular image/theme. Look for links and comment on specifics – what two things are being compared
BM	ENG1004	accordion	7/33	1	1	Effect: highlights words – comment on the importance of those words – do they link to imagery? Do they reflect an import
BM	ENG1004	accordion	13/33	1	1	A pleasant way of saying something unpleasant. It softens an idea. Adds child-like tones (gone to heaven) or humour as a
BM	ENG1004	accordion	15/33	1	1	Stresses an idea, theme, or imagery. Sometimes it is an indication of character revelation.
BM	ENG1004	accordion	17/33	1	1	Reference to another aspect already in existence – literary, media, biblical, religious, political etc. It links to the 
BM	ENG1004	accordion	19/33	1	1	Adds to tone, creates a sense of familiarity, is easy to understand and remember, relevant, distinct to a particular reg
BM	ENG1004	accordion	21/33	1	1	adds humour, sometimes used as foreshadowing. Note, make sure you always explain both meanings and why theauthor chose t
BM	ENG1004	accordion	23/33	1	1	The placing of opposite phrases and/or words in close proximity to emphasises the contrast, adds depth to an idea by con
BM	ENG1004	accordion	30/33	1	1	Using figurative language to create an ‘image’ to involve the reader, creates a picture in the mind’s eye, adds visual s
BM	ENG1004	accordion	32/33	1	1	The emotive meaning of a word which adds to mood, links to other ideas, themes, issues etc.
BM	ENG1005	accordion	9/22	1	1	You explain how specific aspects work together to create engagement with, or viewpoints on, a text with specific example
BM	ENG1005	accordion	3/8	0	0	Please provide quick answers to the following questions, these are not fixed. You may change the thinking and aspects as
BM	ENG1005	accordion	2/22	0	0	Your brainstorm needs to include three parts. Before, during and after.
BM	ENG1005	accordion	2/10	0	1	Complete a draft of your assessment, this is your chance to get feedback before it is finally assessed. First tick off t
BM	ENG1005	accordion	4/10	0	1	Tick each one off BEFORE submitting your draft assessment for marking.
BM	ENG1005	accordion	9/10	0	1	Now, drop in your completed assessment for checking.
BM	ENG1005	accordion	1/3	0	0	Only submit into this dropbox when your kaiako says you are ready. This is the formal assessment dropbox and your work w
BM	ENG1005	accordion	3/8	0	0	Please provide quick answers to the following questions, these are not fixed, you may change the thinking and aspects as
BM	ENG1005	accordion	2/9	0	0	Your brainstorm needs to include three parts. Before, during, and after.
BM	ENG1005	accordion	5/9	0	0	Your worldview is the way you see and understand the world, especially regarding issues such as politics, philosophy, an
BM	ENG1005	accordion	6/9	0	0	Here are two different graphic organisers you may like to use while you work through this brainstorm. You can provide yo
BM	ENG1005	accordion	2/18	0	1	Complete a draft of your assessment, this is your chance to get feedback before it is finally assessed. First tick off t
BM	ENG1005	accordion	4/18	0	1	Tick each one off BEFORE submitting your draft assessment for marking.
BM	ENG1005	accordion	17/18	0	1	Now, drop in your completed assessment for checking.
BM	ENG1007	accordion	11/19	1	1	You need to: Explain how significant aspects of texts work together to create the meaning and effects, using specific an
BM	ENG1007	accordion	2/7	1	1	You need to provide an aspect of the text with an example that is specific and relevant. Sometimes underlining can help 
BM	ENG1007	accordion	4/7	1	1	You need to give an aspect of the text, with its exact evidence, and write out how it is used for the purpose of the tex
BM	ENG1007	accordion	6/7	1	1	You need to make known the cause of the aspect. Why did the author select this? Try and weave two aspects together and h
BM	ENGC101	carousel	1/16	0	1	After you have read this article, answer the following questions in your journal:
BM	ENGC101	carousel	8/16	1	1	At Te Kura, we work with others online. Sometimes we send emails to our kaiako (teacher). Sometimes we write messages in
BM	ENGC101	flipCard	3/12	0	0	Email is a quick and easy way to send longer messages to people.
BM	ENGC101	flipCard	6/12	0	0	Discuss these questions with your supervisor:
BM	ENGC101	accordion	2/24	0	1	When you read or write a story, you might have noticed that there are special punctuation marks that are used when a cha
BM	ENGC102	accordion	6/11	1	0	Choose the correct answer from the drop down menu. You may want to look back at the examples above to help you with the 
BM	ENGC102	accordion	15/17	1	1	Once you are happy with your draft and have fixed any error, you are now ready to make your own book. Think about what p
BM	ENGC201	unclassified	2/13	1	0	You have planned your comic conversation, so now it is time to create. Using your planner, **draw your comic!**
BM	ENGC201	unclassified	7/13	1	0	Watch this video before you start for some helpful tips.
BM	ENGC201	dropDown	1/2	0	1	Ka pai for completing this module and learning more about conversations through comics. Remember our **whakatauki**Prov
BM	ENGC202	unclassified	15/16	1	0	Upload an image of your drawing into the dropbox.
BM	ENGC202	dropDown	1/6	0	0	The instructions you just heard were meant to help you draw a specific picture. Now, click here to see what the inspirat
BM	ENGC202	dropDown	4/6	1	0	Your drawing may look different from the inspiration picture. That’s okay! It shows us that the instructions were not cl
BM	ENGC202	carousel	3/11	0	0	Answer the following questions in your journal.
BM	ENGC202	carousel	10/11	1	0	Kai pai, well done. By the end of this module, you will be writing your own set of instructions just like these.
BM	ENGC202	dropDown	4/10	1	0	Kai pai, great work!
BM	ENGC204	unclassified	1/11	1	0	Think about how the instructions are set out, what they look like, and how easy they are to follow.
BM	ENGC204	unclassified	6/11	1	0	Record your ideas using the audio function in the dropbox.
BM	ENGC206	flipCard	11/24	1	1	Let’s look at the example recipe for macaroni cheese above. Each part of the recipe has a purpose. The structure helps t
BM	ENGC206	carousel	1/4	0	0	Knowledge about food is often passed down through people and stories.
BM	ENGC206	accordion	1/25	0	1	Your food blog should follow this structure:
BM	ENGC206	accordion	9/25	1	1	Visuals help your reader understand your writing. They also make your blog more interesting.
BM	ENGC206	accordion	17/25	1	1	Before we publish our final blog it is important to read our writing and look for mistakes.
BM	ENGC302	multiChoiceQuiz	1/4	0	0	Phew! Kahu just got word that his plane’s now boarding. Watch the video to see him touch down in Aotearoa.
BM	ENGC302	dropDown	3/4	0	0	Thank you so much for showing me around your favourite places in Aotearoa. I had a blast!
BM	ENGC403	tabs	23/47	1	0	Allow 20 hours for the learning in this module.
BM	ENGC403	tabs	31/47	1	0	Learning connected to this module can be found in:
BM	ENGC403	tabs	37/47	1	0	*You will work towards producing your own debate or persuasive speech at the very end of this module.*
BM	ENGC403	slider	1/6	0	0	At the end of the lesson you will be able to see whether your opinion has shifted.
BM	ENGC403	slider	3/6	0	0	Here we have a list of skills that are strengthened and developed in debating. Click on the key life skill tiles below t
BM	ENGC403	accordion	2/23	0	0	When we actively listen, we give the person speaking to us our **full attention**. We track them with our eyes, and we w
BM	ENGC403	accordion	9/23	1	0	You must listen to what the argument points and ideas are. Try to get them clear in your mind. Do not allow your persona
BM	ENGC403	accordion	14/23	1	0	Here you need to decide whether anything they have shared makes sense. Has your opinion been challenged? Has it changed?
BM	ENGC403	accordion	19/23	1	0	If you have a point to make, then be sure that you have strong evidence to support your points. This is what makes a wel
BM	ENGC403	dragAndDrop	1/3	0	0	Look at the examples below and then drag them into the correct column.
BM	ENGC403	dropDown	1/2	0	1	Ka pai, you are going well.
BM	ENGC403	reorder	1/4	0	0	Reorder the definitions so that they are in the correct place.
BM	ENGC403	dropDown	1/2	0	1	Tino pai! You are going well!
BM	ENGC403	reorder	1/4	0	0	Look at the list of quotes below and put them into order of what is most trustworthy to least trustworthy.
BM	ENGC403	dragAndDrop	1/5	0	0	Go through the activity below and match each power verb with the effect
BM	ENGC403	hint	2/4	0	0	Be sure to self assess your own speech now that you can do it.
BM	ENGC403	dropDown	1/2	0	1	Ka pai! Let’s continue.
BM	ENGC403	dropDown	1/2	0	1	Ka pai! Let’s continue.
BM	ENGFUN02	accordion	1/15	0	1	The key light is the primary and most intense light source in a scene. It serves to illuminate the subject or actor, pro
BM	ENGFUN02	accordion	3/15	1	1	The fill light is used to soften the shadows created by the key light. It is placed on the opposite side of the key ligh
BM	ENGFUN02	accordion	5/15	1	1	The backlight is positioned behind the subject and shines from the back or side, opposite the camera. It helps to separa
BM	ENGFUN02	accordion	7/15	1	1	Natural lights refer to the light sources that are visible within the scene itself and are part of the set or location. 
BM	ENGFUN02	accordion	9/15	1	1	Soft lighting involves diffusing the light source to create a gentle and even illumination. It minimizes harsh shadows a
BM	ENGFUN02	accordion	11/15	1	1	Hard lighting involves using a direct and focused light source that creates distinct, sharp shadows. It produces high co
BM	ENGFUN02	accordion	13/15	1	1	Match the technique with the example or definition
BM	ENGI101	dragAndDrop	1/3	0	0	What does the word BOMB mean in the context of this story? Match the picture and definition. Choose the best meaning for
BM	ENGI101	unclassified	1/6	1	0	In your journal record what activities can you do well that might impress people? Look at the pictures in the banner to 
BM	ENGI101	unclassified	1/5	1	0	Drag these words to put them in alphabetical order. You can choose to do the list of English words or the list of te reo
BM	ENGI101	dropDown	1/3	0	0	Tino pai rawe atu. You have now finished the module. Share what you have been learning with your kaiako by uploading you
BM	ENGI102	wordFind	10/11	0	0	Tino pai! You have completed lesson four of this module. We hope you have enjoyed learning about traditional stories fro
BM	ENGI103	modal	2/3	0	1	This story shows how proud the boys are of their culture, and how hard they have worked to achieve their goals. One part
BM	ENGI103	modal	2/6	0	1	In the story, there is a kaihautū who looks at the sea and helps guide the waka. The kaihautū gives clear instructions s
BM	ENGI103	modal	5/6	0	1	Using words relating to direction are important to the kaihautū so that the rowers know where to paddle. We can also use
BM	ENGI103	dragAndDrop	2/5	0	0	Drag and drop the emoji to show how each word makes you feel when you hear it. You might choose a happy face if you like
BM	ENGI103	unclassified	1/2	1	0	Tino pai, well done! You have completed this module and learned a lot about waka ama and your own traditions.
BM	ENGI201	accordion	10/11	1	0	Upload your presentation to the dropbox. If you have created your poster by hand, you can take a photo of your work and 
BM	ENGI202	clickDrop	4/6	1	0	Take a minute to discuss with those around you: What do you think the important message was in this video? Why is this m
BM	ENGI202	accordion	3/8	0	0	If you find this activity difficult ask your kaiako/teacher for help.
BM	ENGI202	accordion	5/8	0	0	Our traditional story from Tonga is called The Sons of Ma'afu. In this story two brothers with a reputation for trouble 
BM	ENGI301	dropDown	1/6	0	0	Use your skills of **skimming and scanning** to find information on a professional athlete from any form of sport. You m
BM	ENGI303	dropDown	26/27	1	0	Sam learned a valuable lesson in this story.
BM	ENGI303	unclassified	4/5	1	0	You have now finished your first journal for this module. Please upload it into your dropbox for your kaiako to see your
BM	ENGI303	dropDown	1/2	0	1	In the next part of this module, you will put your skills together to share your own story of overcoming obstacles.
BM	ENGI303	dropDown	1/2	0	1	Ka pai, you have now completed this module. You have explored how people can overcome obstacles and written your own rec
BM	ENGI400	accordion	4/13	1	0	When we talk about texts, we mean books, stories, films and just about anything created for an audience.
BM	ENGI400	accordion	10/13	1	0	Ākonga from Te Kura can use our school library. If you are at a different school be sure to use the library there. Also,
BM	ENGI401	dropDown	1/7	0	0	Have you completed one creative and one formal activity?
BM	ENGI401	dropDown	1/7	0	0	Have you completed one creative and one formal activity?
BM	ENGI401	dropDown	1/7	0	0	Have you completed one creative and one formal activity?
BM	ENGI405	dragAndDrop	1/7	0	0	Reorganise the following sentences so that they are in the correct order.
BM	ENGJ101	accordion	1/2	0	1	What do you know about Taniwha?
BM	ENGJ101	accordion	1/8	0	1	Discuss these questions with your supervisor and then record your answers in your journal.
BM	ENGJ102	unclassified	1/13	1	0	Watch this video to learn more about verbs:
BM	ENGJ102	unclassified	3/13	1	0	Click on the verb in each of these sentences:
BM	ENGJ102	unclassified	11/13	1	0	When we are writing sentences, stories or poems, the verbs we choose to use can make our sentences simple or they can ma
BM	ENGJ102	unclassified	1/15	1	0	In this activity, drag the adverbs into the sentences. The verbs have been highlighted for you. When you have finished, 
BM	ENGJ102	accordion	1/9	0	1	Think about lots of different things that are around you or people you know or places you have been to, to help you to d
BM	ENGJ102	accordion	4/9	1	1	Once you have chosen your theme, brainstorm a list of words that relate to that theme. When we brainstorm, we are gettin
BM	ENGJ102	accordion	7/9	1	1	Begin by writing the letters of your theme vertically then start crafting your sentences that relate to your theme. Reme
BM	ENGJ102	accordion	4/21	0	1	After your brainstorm, start crafting your alliteration poem.
BM	ENGJ102	accordion	14/21	1	1	After your brainstorm, start crafting your alliteration poem.
BM	ENGJ201	unclassified	1/10	1	0	Sort these people from **youngest to oldest.**
BM	ENGJ201	unclassified	4/10	1	0	Sort these people from **shortest to tallest.**
BM	ENGJ201	unclassified	7/10	1	0	Sort these people from **lightest to heaviest.**
BM	ENGJ201	unclassified	1/4	1	0	Click and drag the given synonyms into the image, showing them in order from least to most exciting. Be careful – some o
BM	ENGJ301	carousel	4/9	1	1	A narrative is a text that tells a story. It can be fact or fiction. The purpose of a narrative is to entertain the read
BM	ENGJ301	unclassified	2/7	1	0	While all narratives contain the same elements, there are different styles
BM	ENGJ301	memoryGame	2/4	0	0	Match the famous protagonist with their antagonist.
BM	ENGJ301	tabs	2/14	0	0	Of the four, Veronica Usherwood looked most at home. An ostrich-skin briefcase was stowed tidily beside her chair. Her h
BM	ENGJ301	tabs	5/14	0	0	Harry had a thin face, knobbly knees, black hair and bright green eyes. He wore round glasses held together with a lot o
BM	ENGJ301	tabs	9/14	0	0	Now that he had the opportunity, he studied the man's face. He was older than Halt, perhaps fifty or sixty years old. It
BM	ENGJ301	tabs	12/14	0	0	On the sledge, driving the reindeer, sat a fat dwarf who would have been about three feet high if he had been standing. 
BM	ENGJ301	carousel	5/9	0	1	Stories happen in all sorts of settings.
BM	ENGJ301	accordion	2/27	1	1	Royce’s bedroom was directly above the laundry. On the floor beside his bed, he had cut a hole as big as a basketball. T
BM	ENGJ301	accordion	8/27	1	1	The clearing station was tents and men, trucks and mud and chaos; a temporary hotchpotch that looked as though it had gr
BM	ENGJ301	accordion	19/27	1	1	They were looking down upon a lovely valley. There were green meadows on either side of the valley, and along the bottom
BM	ENGJ301	accordion	25/27	1	1	It was late afternoon when our wagon pulled up to a large estate several miles outside the town of Tithio. An engraved w
BM	ENGJ301	dragAndDrop	1/3	0	0	Drag the correct word into the following description.
BM	ENGJ301	carousel	5/10	0	1	**Introduction** – Here, you introduce the reader or listener to the main character and the setting – the *who*, *when* 
BM	ENGJ301	accordion	2/21	0	0	This graph shows us the relationship between the distance from home Hemi travelled on his visit to Moana’s house and the
BM	ENGJ301	accordion	11/21	1	0	This graph shows us the relationship between the distance from home Luana was on her outings and the time of day these o
BM	ENGJ301	accordion	17/21	1	0	This graph shows the relationship between the level of tension in a potential novel called *Hinemoa’s Great Adventure* a
BM	ENGJ301	tabs	2/20	0	1	It hurts to think about Buddy, and it's almost impossible to talk about him. Even though he's always in my mind, every s
BM	ENGJ301	tabs	7/20	0	1	I stare at the police car and wonder if someone broke into the vacant house. Didn't Mum say it was trouble to have an em
BM	ENGJ301	tabs	13/20	0	1	Satisfied that the tribe had food to last the winter, Te Kōkōrangi set off for home. Her target was Pekerangi Mountain, 
BM	ENGJ301	tabs	18/20	0	1	Matt Logan was enjoying his first-ever flight. He had a window seat, and the weather had been fine all the way from Dune
BM	ENGJ301	carousel	5/33	0	1	**Indirect speech** does not use any special punctuation. It is telling us the *idea* of what someone said rather than t
BM	ENGJ301	carousel	5/7	0	1	When a writer ‘tells’ they present information by simply stating it. It can feel like they are just providing a summary 
BM	ENGJ301	dropDown	2/13	0	1	Select the most appropriate word or phrase to **show** what has been told.
BM	ENGJ301	accordion	3/29	1	0	Before you start writing, brainstorm your thoughts and ideas, and organise them using a planning template.
BM	ENGJ301	accordion	9/29	1	0	It is time to take the bullet points on your plan and turn them into a text. Your writing does not need to be perfect – 
BM	ENGJ301	accordion	14/29	1	0	Once they have written the first draft of a text, many people think the job is done but you are not finished yet. Now yo
BM	ENGJ301	accordion	19/29	1	0	Editing means proofreading and looking for any mistakes that need fixing. This is the time to make sure each sentence ma
BM	ENGJ301	accordion	25/29	1	0	The last step in the writing process is deciding on the best way to present your work. This might be typed on Word or a 
BM	ENGJ301	carousel	6/18	0	1	Revising is making changes to your story to improve it.
BM	ENGJ301	typing	1/3	0	0	Examine these pairs of sentences. Select the version of each you think has been revised and now sparkles.
BM	ENGJ302	modal	16/17	1	0	Good writing does not just happen. It takes effort and the deliberate selection of words or phrases to create the effect
BM	ENGJ302	accordion	2/40	0	1	Here, we select our topic and gather our ideas. Let’s work with the amazing leafy seadragon.
BM	ENGJ302	accordion	11/40	1	1	Now we have our raw material, let’s put them into statements that make sense. Notice how we have not used all our ideas.
BM	ENGJ302	accordion	19/40	1	1	Are there words that need to be added, removed or moved around? Could we improve the order of our statements?
BM	ENGJ302	accordion	29/40	1	1	We need to go through each line and ask ourselves: Does this make sense? Check for spelling errors or missing punctuatio
BM	ENGJ302	accordion	38/40	1	1	We have worked through the writing process and polished our piece nicely. It’s time to publish. In this final version, w
BM	ENGJ302	carousel	5/60	0	1	The ‘mean’ is another word for the ‘average’. It refers to the value you would get if your data could be evenly shared.
BM	ENGJ302	accordion	1/33	0	1	Rhyme happens when words have the same ending sounds, like “found” and “hound” or “there” and “care”. The words do not n
BM	ENGJ302	accordion	13/33	1	1	Rhythm is the beat of a poem. You can hear the rhythm in the pattern of stressed and unstressed syllables. When a poem i
BM	ENGJ302	accordion	26/33	1	1	Repetition is when words or phrases are repeated to make them stand out or to create a certain rhythm. Poets use repetit
BM	ENGJ302	accordion	2/51	0	1	Alliteration is the repetition of the same sound at the beginning of words. Tongue twisters would not exist without the 
BM	ENGJ302	accordion	6/51	0	1	Can you spot the alliteration in this poem? Notice how it does not overtake the poem but adds some lovely detail that ro
BM	ENGJ302	accordion	14/51	0	1	This type of poem can be as long or short as you like. The rule is to incorporate as much of the same sound in each line
BM	ENGJ302	accordion	27/51	1	1	Personification is when non-human objects, ideas or animals are given human characteristics, actions or emotions.
BM	ENGJ302	accordion	40/51	1	1	Imagery uses vivid and descriptive language to create pictures in the mind of the reader or listener. For example, when 
BM	ENGJ302	modal	4/18	1	0	It is thought that one day William Blake visited the Tower of London. This is a famous tourist attraction in London, but
BM	ENGJ302	modal	8/18	1	0	This is a poem about the tiger and its creator. The speaker in the poem is in awe of the tiger but also puzzled by its f
BM	ENGJ302	accordion	2/3	0	1	The title of a poem can give you valuable clues about the subject and content of the poem. It is a great starting place.
BM	ENGJ302	carousel	4/13	0	1	A noun names a person, animal, place, thing, idea or feeling.
BM	ENGJ302	carousel	8/13	0	1	An adjective describes a noun – its appearance, behaviour, colour, size, feelings, movement, texture or any other featur
BM	ENGJ302	carousel	11/13	0	1	Verbs are doing words. They show actions (*jumping, stalking*) or a state of being (*is, are*)
BM	ENGJ302	accordion	1/42	0	1	After searching through the three websites, *National Geographic Kids* is the one that gives the clearest information fo
BM	ENGJ302	accordion	11/42	1	1	Now we know where warthogs live and a little about how they live, we can draft our poem using the format above.
BM	ENGJ302	accordion	19/42	1	1	We have read that the warthog only ‘looks’ fierce but is generally peaceful. Let’s change the first line to reflect this
BM	ENGJ302	accordion	29/42	1	1	In this step, we must proofread for grammar, punctuation and spelling. We want to be sure everything makes sense.
BM	ENGJ302	clickDrop	1/36	0	1	In this rhyme scheme, consecutive lines rhyme with each other. They are often called ‘couplets’.
BM	ENGJ302	clickDrop	12/36	1	1	In this rhyme scheme, alternate lines rhyme. This means the first and third lines rhyme, and the second and fourth lines
BM	ENGJ302	clickDrop	20/36	1	1	In this rhyme scheme, the second and fourth lines rhyme.
BM	ENGJ302	clickDrop	28/36	1	1	Originating in Ireland, limericks are a popular five line poem with an AABBA rhyme scheme. They are usually about people
BM	ENGJ302	carousel	4/28	0	1	In free verse poetry there are NO rules to follow.
BM	ENGJ302	carousel	11/28	1	1	You should always seek to select your words carefully when writing poetry but because free verse has no rules, it is eve
BM	ENGJ302	carousel	17/28	1	1	You learned about alliteration in Lesson 3. It is a language feature used in poetry when two or more words start with th
BM	ENGJ302	carousel	23/28	1	1	You learned about personification in Lesson 3. It is another language feature used often in poetry to give something tha
BM	ENGJ402	accordion	3/41	1	0	Lyric poetry traces back thousands of years, from the ancient civilisations like Greece and Rome to the shores of Aotear
BM	ENGJ402	accordion	6/41	1	0	In ancient Greece, poets like Sappho and Pindar composed lyrical verses celebrating love, beauty, and nature.
BM	ENGJ402	accordion	10/41	1	0	In history we talk about different time periods. One such period in time is the Renaissance, which occurred between the 
BM	ENGJ402	accordion	12/41	1	0	During this time in England, renowned poets like William Shakespeare (1564–1616) penned sonnets and love poems, explorin
BM	ENGJ402	accordion	15/41	1	0	Another period of time was the Romantic era. This came after the Enlightenment period where people liked to focus on thi
BM	ENGJ402	accordion	18/41	1	0	In the Romantic era of the late 18th and early 19th centuries, poets like William Wordsworth (1770–1850) and John Keats 
BM	ENGJ402	accordion	23/41	1	0	In the 20th century, lyric poetry continued to evolve, with poets from around the world addressing social and political 
BM	ENGJ402	accordion	28/41	1	0	Aotearoa New Zealand has its own history of lyric poems. Writers like Katherine Mansfield (1888–1923) wrote poems like *
BM	ENGJ402	accordion	35/41	1	0	Today’s contemporary lyric poets, spanning the corners of the globe, continue to breathe new life into this rich traditi
BM	ENGJ402	accordion	3/7	0	0	Pindar was an ancient Greek poet who lived around 500 BCE. He was talented at writing ode poems. These poems celebrated 
BM	ENGJ402	carousel	2/5	0	0	This sonnet written in the 1840s is so well loved it has found its way to many modern films and TV Shows. This 1970s car
BM	ENGJ402	carousel	2/5	0	0	Sonnets aren't only about old-time romance. Nowadays, people use them to express deep feelings about important topics, l
BM	ENGJ402	carousel	4/7	1	1	Carol Ann Duffy is a renowned British poet celebrated for her lyric poetry. Duffy’s work often explores themes such as l
BM	ENGJ403	tabs	18/44	1	0	Allow 20 hours for the learning in this module.
BM	ENGJ403	tabs	25/44	1	0	Learning connected to this module can be found in
BM	ENGJ403	tabs	30/44	1	0	At the end of this module you will submit a piece of script writing for assessment.
BM	ENGJ403	dragAndDrop	1/3	0	0	Look at the examples below and see if you can match them with their purpose.
BM	ENGJ403	clickDrop	60/61	1	1	The following video has a clear explanation of scriptwriting and formatting.
BM	ENGJ403	clickDrop	61/62	1	0	Here we will look at the opening sequence of *Inside Out* by Pixar both in screenplay format and then the actual video o
BM	ENGR102	dragAndDrop	1/2	0	0	Play a game with your supervisor. How many words can you make with these letters?
BM	ENGR102	dragAndDrop	1/5	0	0	Play a game with your supervisor. How many words can you make with these walking vowels?
BM	ENGR102	clickDrop	2/6	0	0	We are going to read the story *The Sneetches* by Dr Suess.
BM	ENGR102	dragAndDrop	1/2	0	0	Play a game with your supervisor. How many words can you make with these letters?
BM	ENGR102	dragAndDrop	1/8	0	0	Play a game with your supervisor. How many words can you make with these blends?
BM	ENGR102	dragAndDrop	1/3	0	0	Play a game with your supervisor. How many words can you make with these blends?
BM	ENGR102	selfCheck	1/13	0	0	Can you write these numbers as doubles?
BM	ENGR102	dragAndDrop	1/2	0	0	Play a game with your supervisor. How many words can you make with the FLoSS rule?
BM	ENGR201	dropDown	7/8	1	0	I hope you enjoyed your first taste of an article for the Te Kura Daily. Follow me on to our next training session.
BM	ENGR201	carousel	2/4	0	0	There are a few new words in this text, but to make sure the readers understand, Keri has added some brackets with the d
BM	ENGR201	unclassified	2/3	1	0	Once you have completed your writing, upload it to the dropbox for the Editor in Chief (your kaimanaaki) to read over.
BM	ENGR202	clickDrop	1/4	0	1	Size refers to how big or small something is.
BM	ENGR202	unclassified	2/8	1	0	Shapes are the forms that objects take, like circles, squares, and triangles. Different shapes can make us feel differen
BM	ENGR202	clickDrop	1/5	0	1	Colours can create mood and highlight important information.
BM	ENGR202	clickDrop	4/5	0	1	What do you think each of these colours represent? Click on them to flip the cards over!
BM	ENGR202	clickDrop	1/4	0	1	Space is the area around and between objects. How things are arranged can help us focus on what’s important.
BM	ENGR202	clickDrop	2/4	0	1	There are two types of space; negative space and positive space.
BM	ENGR202	dragAndDrop	1/4	0	0	Match the shapes to their description below.
BM	ENGR202	clickDrop	1/10	0	1	Check out these ideas
BM	ENGR202	accordion	1/15	0	1	Read the poem carefully. Think about how it makes you feel.
BM	ENGR202	accordion	6/15	1	1	Print your poem and illustrate over the poem or use the drawing tool to create your illustration around the poem.
BM	ENGR202	accordion	10/15	1	1	Share your artwork with your supervisor and then complete these answers in your learning journal.
BM	ENGR202	clickDrop	1/8	0	1	**Big and Small**: In an infographic, things that are bigger catch your eye first. For example, if the title is big, you
BM	ENGR202	clickDrop	3/8	1	1	**Different Shapes:** Infographics use different shapes to help organize information. For example, circles might show nu
BM	ENGR202	clickDrop	5/8	1	1	**Room to Breathe**: Just like you need space to move around, infographics need space between pictures and words. This m
BM	ENGR202	clickDrop	7/8	1	1	**Bright and Fun:** Colours make infographics exciting! Bright colours can highlight important information, like fun fac
BM	ENGR202	accordion	1/38	0	1	Decide if you want to create your poster or infographic about yourself or someone else. Think about the traits, interest
BM	ENGR202	accordion	3/38	1	1	Consider these questions to help you think about the key points:
BM	ENGR202	accordion	10/38	1	1	Make a list of important traits and interests. Here are some categories you can use:
BM	ENGR202	accordion	16/38	1	1	Now it’s time to get creative! You can choose to:
BM	ENGR202	accordion	20/38	1	1	Focus on these visual elements as you design:
BM	ENGR202	accordion	26/38	1	1	Include pictures, icons, or drawings that represent your personality or the person you’re describing. For example, you m
BM	ENGR202	accordion	31/38	1	1	Once you finish your infographic or poster, take a moment to look it over. Make sure it clearly represents the personali
BM	ENGR302	multiChoiceQuiz	13/14	1	0	Yertle, the king, holds power over all the other turtles. This power is highlighted when he orders them to stack on top 
BM	ENGR302	clickingOrder	1/4	0	0	Drag and drop the images below to show the sequence or order of events of this story. Hover over the images and question
BM	ENGR302	dragAndDrop	1/8	0	0	*The Sneetches* by Dr. Seuss is a story about two groups of creatures who learn that superficial differences do not matt
BM	ENGR302	modal	2/3	0	1	When using prime factors to simplify fractions, you do not have to worry about using exponents. It is best to line them 
BM	ENGR302	typing	3/6	0	0	Watch the clip below to learn about simplifying fractions or swipe across to read the main points yourself. If this is a
BM	ENGR302	accordion	1/20	0	1	Click on the buttons on these three images to learn more about the mother.
BM	ENGR302	accordion	13/20	1	1	Study these three images to learn more about the father.
BM	ENGR302	accordion	1/6	0	1	Click on the buttons on these images to learn more about Charles.
BM	ENGR302	accordion	1/5	0	1	You have already learned a lot about Smudge through the other voices. The illustrations in this section of the story rep
BM	ENGR302	dropDown	26/27	1	1	This story shows each character’s perspective (points of view) through their words and actions. However, the reader must
BM	ENGR302	clickingOrder	1/4	0	0	Drag and drop the images below to show the sequence or order of events of this story. Hover over the images and question
BM	ENGR302	modal	8/10	1	0	It is now time to share all the work you have completed with your kaiako by uploading your journal to the dropbox.
BM	ENGS101	accordion	2/18	1	1	If you don’t understand something, it’s okay to ask a teacher, supervisor, or friend for help. You can say, “Can you hel
BM	ENGS101	accordion	4/18	1	1	Share your thoughts with others! You can say, “I think…” or “I wonder why…” to get the conversation going.
BM	ENGS101	accordion	6/18	1	1	When someone else is talking, listen carefully. You can ask questions afterward to learn even more!
BM	ENGS101	accordion	8/18	1	1	Be brave and try new activities! You can say, “I want to try that!” to see what you can learn.
BM	ENGS101	accordion	10/18	1	1	Doing things again and again helps you get better. You can practice reading, counting, or drawing every day!
BM	ENGS101	accordion	12/18	1	1	Drawing or using toys can help you understand things better. You can make a picture to show your ideas.
BM	ENGS101	accordion	14/18	1	1	Learning with others is fun! You can say, “Let’s solve this together!” and share your ideas.
BM	ENGS101	accordion	16/18	1	1	After you finish something, think about what you learned. You can ask yourself, “What did I enjoy?” or “What was hard?”
BM	ENGS102	unclassified	1/2	1	0	Once you have created your Kiwiana scene, take a screenshot and upload this into your dropbox.
BM	ENGS102	dragAndDrop	13/14	1	0	Now add some details like this to your own writing.
BM	ENGS102	unclassified	1/2	1	0	Ka pai, well done for writing your own switched-up story! Upload your completed journal into your dropbox.
BM	ENGS201	unclassified	2/5	1	0	This simple question can be used to create an entirely different story.
BM	ENGS201	dropDown	1/2	0	1	In the next part of this module, you will put your skills together to write a full origin story.
BM	ENGS201	modal	1/16	0	0	Drag and drop the parts of his story into the story mountain.
BM	ENGS201	modal	7/16	1	0	You may even like to create a make-believe story of your own origin story!
BM	ENGS201	unclassified	1/2	1	0	Once you’re happy with your edited work, you have finished your fictional origin story! Please upload your work into the
BM	ENGS201	modal	1/16	0	0	Drag and drop the parts of his story into the burger planner.
BM	ENGS201	modal	7/16	1	0	You may even like to write an autobiography – a real story about your own origin.
BM	ENGS202	unclassified	1/2	1	0	Once you have completed your chosen task, upload your work into your dropbox.
BM	ENGS301	modal	1/3	0	1	Write your own line of personification on a topic of your choice.
BM	ENGS302	dragAndDrop	1/4	0	0	Have a go at this drag and drop activity. See if you can get all the plot points in the right order, as they were in the
BM	ENGS302	dragAndDrop	1/3	0	0	In this activity you will consider how the characters changed over the course of the movie. You will also identify what 
BM	ENGS302	dropDown	1/7	0	1	Kia ora, tamariki mā! 🎬 Congratulations on completing our film study module! You’ve learned so much about plot, charact
BM	ENGS302	dropDown	2/7	0	1	Ngā mihi nui for your dedication and enthusiasm. Remember, the skills you’ve developed here are just the beginning. Whet
BM	ENGS302	dropDown	3/7	0	1	Feel free to revisit any of the lessons if you need a refresher, and don’t hesitate to reach out to your kaiako if you h
BM	ENGS302	dropDown	4/7	0	1	Ka pai on all your efforts. We hope you continue to enjoy the magic of filmmaking and storytelling. Haere rā and keep cr
BM	ENGS404	tabs	21/45	1	0	Allow 20 hours for the learning in this module.
BM	ENGS404	tabs	29/45	1	0	Learning connected to this module can be found in
BM	ENGS404	tabs	33/45	1	0	At the end of this module you will submit a narrative piece of writing for assessment.
BM	ENGS404	accordion	14/18	1	0	Every author will use these elements of narrative across a range of forms and genres depending on their purpose.
BM	ENGS404	accordion	15/18	1	0	Why they are writing – what they want to achieve for the reader.
BM	ENGS404	tabs	2/14	0	0	Take a look at the following video for another perspective
BM	ENGS404	tabs	9/14	0	0	**Pacing** in a narrative is the speed at which a story unfolds and how quickly or slowly events happen for the reader. 
BM	ENGS404	tabs	12/14	0	0	Now, have a go at the activities below to practise identifying events that help create a well-paced narrative.
BM	ENGS404	tabs	2/3	0	0	Well done, now that you have explored some of the key elements of narrative, you have the opportunity to share that new 
BM	ENGS404	dragAndDrop	1/3	0	0	Click on the writing examples given and match them with the correct sense being affected.
BM	ENO2060	accordion	1/5	0	1	Visual texts may include digital or digital presentations and visual essays, graphic stories that focus on the visual mo
BM	ENO2060	accordion	3/5	1	1	Visual features may include the use of visual (such as images, sequence, symbols, colour) and verbal (such as dialogue o
BM	ENO2060	accordion	4/5	1	1	Any found or generated images must be crafted and reworked so that the final product is original and the features have b
BM	ENO2060	clickDrop	18/19	0	0	This is just an excerpt from the whole manga, so it does not have the complete structure in place; however, there are so
BM	ENO2060	multiChoiceQuiz	24/25	1	0	Use structural features like motif and repetition to help with building on an idea. Colour choice and style are also ver
BM	ENO2060	carousel	8/13	1	1	Visual texts may include digital or digital presentations and visual essays, Graphic stories that focus on the visual mo
BM	ENO2060	carousel	10/13	1	1	You must be able to develop and sustain the ideas, therefore a sequence or series of images is required. Integrating vis
BM	EXBP901	interactive	3/4	0	0	Now it is time to start looking for other sources of information and recording what you find. Some possible sources are 
BM	EXBP901	accordion	2/15	0	1	To complete your project, you will need to stay motivated. Sometimes we may feel unmotivated and start putting off thing
BM	EXIP901	multiChoiceQuiz	1/9	0	0	Read Sophie’s essential questions and select if they’re an open or closed question.
BM	EXIP901	carousel	12/13	1	1	Kiddle is a safe visual search engine for kids to use to search the internet. Click on the videos below for some helpful
BM	EXIP901	accordion	1/9	0	1	When Sophie was researching for her project, she looked for information for each of her key questions. As she found link
BM	EXPFUN02	modal	3/6	1	1	Sione, aged 9, loves to bake with his Nan and share the baked treats with his whānau. But when Sione goes to the doctor,
BM	EXPFUN02	modal	5/6	1	1	Sione thinks about what it means to be a good learner. He knows that good learners can manage themselves in different si
BM	EXPFUN02	accordion	1/3	0	1	Here’s what the general success criteria look like for Be a Learner. Your task is to use these to make success criteria 
BM	EXPFUN02	modal	4/7	1	1	Sione, aged 9, loves to bake with his Nan and share the baked treats with his whānau. But when Sione goes to the doctor,
BM	EXPFUN02	modal	6/7	1	1	Sione knows he will need to communicate well to carry out his project. He will need to read and follow recipes. He also 
BM	EXPFUN02	accordion	1/3	0	1	Here’s what the generic Success Criteria look like for ‘Be a communicator’. Your task is to use these to make success cr
BM	EXPFUN02	modal	4/7	1	1	Sione, aged 9, loves to bake with his Nan and share the baked treats with his whānau. But when Sione goes to the doctor,
BM	EXPFUN02	modal	6/7	1	1	Sione is trying to work out which gluten-free flour will be the best replacement for wheat flour. He thinks that doing e
BM	EXPFUN02	accordion	1/3	0	1	Here’s what the general success criteria look like for Think Like a Scientist. Your task is to use these to make success
BM	EXPFUN02	modal	4/7	1	1	Sione, aged 9, loves to bake with his Nan and share the baked treats with his whānau. But when Sione goes to the doctor,
BM	EXPFUN02	modal	6/7	1	1	Sione knows that he is not the only person with celiacs disease. Other people have it too. He wonders how common it is. 
BM	EXPFUN02	accordion	1/3	0	1	Here’s what the general success criteria look like for ‘Think like a social scientist’. Your task is to use these to mak
BM	EXPFUN02	modal	4/7	1	1	Sione, aged 9, loves to bake with his Nan and share the baked treats with his whānau. But when Sione goes to the doctor,
BM	EXPFUN02	modal	6/7	1	1	Sione knows that measurement is important for baking and wants to get better at this. He uses measuring cups, scales and
BM	EXPFUN02	accordion	1/3	0	1	Here’s what the general success criteria look like for ‘Think like a mathematician’. Your task is to use these to make S
BM	EXPFUN02	modal	4/11	1	1	Sione, aged 9, loves to bake with his Nan and share the baked treats with his whānau. But when Sione goes to the doctor,
BM	EXPFUN02	modal	6/11	1	1	Innovators use creativity to solve problems for people. Sione’s problem is that he can’t eat his usual baked treats beca
BM	EXPFUN02	accordion	1/3	0	1	Here’s what the generic success criteria look like for ‘Think like an Innovator’.
BM	EXPFUN03	accordion	2/16	1	1	In the project module you will have had a taster of what learning goals and learning intentions are.
BM	EXPFUN03	accordion	8/16	1	1	Your success criteria for your project are designed by you. They are markers of progress towards your learning goals. Yo
BM	EXPFUN03	accordion	13/16	1	1	Here’s what the general success criteria look like for ‘Be a learner’.
BM	EXPFUN03	modal	3/6	1	1	Sophie is 12 years old. She loves drawing and reading books. Since there isn’t a library close by, it can be hard to get
BM	EXPFUN03	modal	5/6	1	1	Sophie thinks about what it means to be a good learner. She knows that good learners try and work independently, and ask
BM	EXPFUN03	accordion	2/15	1	1	In the project module you will have had a taster of what learning goals and learning intentions are.
BM	EXPFUN03	accordion	8/15	1	1	Your success criteria for your project are designed by you. They are markers of progress towards your learning goals. Yo
BM	EXPFUN03	accordion	13/15	1	1	Here’s what the general success criteria look like for ‘Be a communicator’.
BM	EXPFUN03	modal	3/6	1	1	Sophie is 12 years old. She loves drawing and reading books. Since there isn’t a library close by, it can be hard to get
BM	EXPFUN03	modal	5/6	1	1	Sophie wants to develop her skills in communicating using art. There are so many different artistic techniques she could
BM	EXPFUN03	accordion	2/16	1	1	In the project module you will have had a taster of what learning goals and learning intentions are.
BM	EXPFUN03	accordion	8/16	1	1	Your success criteria for your project are designed by you. They are markers of progress towards your learning goals. Yo
BM	EXPFUN03	accordion	13/16	1	1	Here’s what the general success criteria look like for Think Like a Scientist at Phase Three:
BM	EXPFUN03	modal	4/7	1	1	Sophie is 12 years old. She loves drawing and reading books. Since there isn’t a library close by, it can be hard to get
BM	EXPFUN03	modal	6/7	1	1	Sophie is trying to decide what medium she should use to make signs for her book swap. Oil paints, acrylic paints, paste
BM	EXPFUN03	accordion	2/15	1	1	In the project module you will have had a taster of what learning goals and learning intentions are.
BM	EXPFUN03	accordion	8/15	1	1	Your success criteria for your project are designed by you. They are markers of progress towards your learning goals. Yo
BM	EXPFUN03	accordion	13/15	1	1	Here’s what the general success criteria look like for ‘Think like a social scientist’.
BM	EXPFUN03	modal	3/6	1	1	Sophie is 12 years old. She loves drawing and reading books. Since there isn’t a library close by, it can be hard to get
BM	EXPFUN03	modal	5/6	1	1	Sophie thinks that access to books is an important social issue. She realises that if she wants to include everyone in t
BM	EXPFUN03	accordion	2/15	1	1	In the project module you will have had a taster of what learning goals and learning intentions are.
BM	EXPFUN03	accordion	8/15	1	1	Your success criteria for your project are designed by you. They are markers of progress towards your learning goals. Yo
BM	EXPFUN03	accordion	13/15	1	1	Here’s what the general success criteria look like for ‘‘Think like a mathematician’.
BM	EXPFUN03	accordion	2/15	1	1	In the project module you will have had a taster of what learning goals and learning intentions are.
BM	EXPFUN03	accordion	8/15	1	1	Your success criteria for your project are designed by you. They are markers of progress towards your learning goals. Yo
BM	EXPFUN03	accordion	13/15	1	1	Here’s what the general success criteria look like for ‘‘Think like an Innovator’.
BM	EXPFUN05	modal	5/10	1	1	**Tipene** is 17 and an avid gardener and often helps on the marae with the māra kai
BM	EXPFUN05	modal	9/10	1	1	Tipene’s goal for being a learner is to discover the best way for him to grow mara kai at his marae. There are a range o
BM	EXPFUN05	modal	5/6	1	1	Shaz thinks about what it means to be a good learner and she wants to try and work collaboratively on this project with 
BM	EXPFUN05	accordion	2/4	1	1	Here’s what the generic success criteria look like for ‘Be a learner’.
BM	EXPFUN05	modal	5/10	1	1	**Tipene** is 17 and an avid gardener and often helps on the marae with the māra kai
BM	EXPFUN05	modal	9/10	1	1	Tipene thinks about how he will develop his skills in communication for his project. There are a lot of different whānau
BM	EXPFUN05	modal	3/7	1	1	**Edmund** is a 16-year-old active young man who loves anything outdoors, exploring, fitness and most of all climbing. H
BM	EXPFUN05	modal	6/7	1	1	Edmund is keen to communicate a message to his father about his connection to the outdoors and his love of his childhood
BM	EXPFUN05	modal	2/5	1	1	**Shaz** is 15 years old and loves clothes, fashion and keeping up with the latest designs. She has an Aunty who recentl
BM	EXPFUN05	modal	4/5	1	1	Shaz wants to develop her skills in communicating about an important issue: Raising awareness of cancer. There are so ma
BM	EXPFUN05	accordion	1/3	0	1	Here’s what the generic success criteria look like for ‘Be a communicator’.
BM	EXPFUN05	modal	5/10	1	0	**Tipene** is 17 and an avid gardener and often helps on the marae with the māra kai
BM	EXPFUN05	modal	9/10	1	0	Tipene would like to know which type of seeds will work best for his māra kai. Also what other types of things the plant
BM	EXPFUN05	modal	3/7	1	1	**Edmund** is a 16-year-old active young man who loves anything outdoors, exploring, fitness and most of all climbing. H
BM	EXPFUN05	modal	6/7	1	1	Edmund wants to know how his fitness is tracking as he prepares to cycle his Strava course. Collecting evidence like a s
BM	EXPFUN05	modal	3/6	1	1	**Shaz** is 15 years old and loves clothes, fashion and keeping up with the latest designs. She has an Aunty who recentl
BM	EXPFUN05	modal	5/6	1	1	Shaz is trying to decide what materials she should use to make her wearable art. She will need to design ‘’art to wear” 
BM	EXPFUN05	accordion	1/3	0	1	Here’s what the generic success criteria look like for Think Like a Scientist at Phase Five:
BM	EXPFUN05	modal	5/10	1	0	**Tipene** is 17 and an avid gardener and often helps on the marae with the māra kai
BM	EXPFUN05	modal	9/10	1	0	Tipene is curious about how other people produce their māra kai. He also wonders if māra kai have always been grown the 
BM	EXPFUN05	modal	3/7	1	1	**Edmund** is a 16-year-old active young man who loves anything outdoors, exploring, fitness and most of all climbing. H
BM	EXPFUN05	modal	6/7	1	1	Edmund is aware that he is a lot fitter than some other people. He is curious to know how that impacts them. How does th
BM	EXPFUN05	modal	2/5	1	1	**Shaz** is 15 years old and loves clothes, fashion and keeping up with the latest designs. She has an Aunty who recentl
BM	EXPFUN05	modal	4/5	1	1	Shaz is aware that cancer is an important social issue. She is keen to include other ākonga in helping with her wearable
BM	EXPFUN05	accordion	1/3	0	1	Here’s what the generic success criteria look like for ‘Think Like a Social Scientist’.
BM	EXPFUN05	modal	5/10	1	0	**Tipene** is 17 and an avid gardener and often helps on the marae with the māra kai
BM	EXPFUN05	modal	9/10	1	0	Tipene knows that he needs to know the surface area needed for his māra kai so that all his kai has room to grow. He is 
BM	EXPFUN05	modal	6/7	1	1	Edmund wants to use geographic calculations to work out the best route to cycle to produce the high resolution image nee
BM	EXPFUN05	modal	3/6	1	1	**Shaz** is 15 years old and loves clothes, fashion and keeping up with the latest designs. She has an Aunty who recentl
BM	EXPFUN05	modal	5/6	1	1	Shaz has to figure out the sizes needed for her design. The pattern has to fit a friend of hers who has agreed to be the
BM	EXPFUN05	accordion	1/3	0	1	Here’s what the generic success criteria look like for ‘‘Think Like a Mathematician’.
BM	EXPFUN05	modal	5/10	1	0	**Tipene** is 17 and an avid gardener and often helps on the marae with the māra kai
BM	EXPFUN05	modal	9/10	1	0	Tipene needs to find a solution to where to place his māra kai. He needs to access water, have full sun as well as be cl
BM	EXPFUN05	modal	3/7	1	1	**Edmund** is a 16-year-old active young man who loves anything outdoors, exploring, fitness and most of all climbing. H
BM	EXPFUN05	modal	6/7	1	1	My goal is to understand more about design thinking and how Strava Art is produced.
BM	EXPFUN05	modal	3/10	1	1	**Shaz** is 15 years old and loves clothes, fashion and keeping up with the latest designs. She has an Aunty who recentl
BM	EXPFUN05	modal	5/10	1	1	Shaz knows that her wearable-art design will affect other people. She is keen to identify who her audience is and what s
BM	EXPFUN05	accordion	1/3	0	1	Here’s what the generic success criteria look like for ‘‘Think Like an Innovator’.
BM	EXPFUN06	tabs	3/18	1	0	Clearly state the purpose of your email and what specific feedback you are seeking.
BM	EXPFUN06	tabs	6/18	1	0	Always address your mentor politely and express gratitude for their time and assistance.
BM	EXPFUN06	tabs	9/18	1	0	Give enough background information so your mentor understands the context of your questions or the work you are seeking 
BM	EXPFUN06	tabs	12/18	1	0	Instead of asking for general feedback, ask specific questions that can guide your mentor's response. For example, ‘what
BM	EXPFUN06	tabs	15/18	1	0	If you don't receive a response within a reasonable time (at least two days), it's okay to send a polite follow-up email
BM	EXPFUN06	tabs	17/18	1	0	Below is an email template that you can send to your mentor. The template is blank for you to copy and paste into your e
BM	FRFUN06	multiChoiceQuiz	2/8	0	0	Listen to the sound file and then choose the letter that you hear from the available options.
BM	FRFUN06	multiChoiceQuiz	5/8	0	0	Choose the letter that you hear.
BM	FRFUN06	dragAndDrop	2/4	0	0	Drag the words into the sound group column that they belong to.
BM	FRFUN06	dragAndDrop	1/3	0	1	Drag the words into the correct column.
BM	FRFUN06	radioQuiz	5/7	0	0	Question: Which sound do you hear?
BM	FRFUN06	dragAndDrop	2/4	0	0	Drag each word into the sound column it belongs to.
BM	FRFUN06	multiChoiceQuiz	2/6	0	0	How does the g sound in the French word “gare”? **[**
BM	FRFUN06	multiChoiceQuiz	1/3	0	0	Which of these words contain the “ill” sound?
BM	FRFUN06	multiChoiceQuiz	1/4	0	0	Click the words where you know that the final consonant is **quiet.**
BM	FRFUN06	radioQuiz	3/6	0	0	Question: Do you hear the final e?
BM	FRFUN06	typing	1/5	0	0	You are going to hear a name spelled out, letter by letter in French.
BM	FRFUN06	typing	2/5	0	0	Type out each letter that you hear in the space provided.
BM	FRFUN06	multiChoiceQuiz	1/4	0	0	Click the accent that is leaning forward
BM	FRFUN06	typing	1/10	0	0	Option + e → e = é
BM	FRFUN06	typing	2/10	0	0	Option + ` → e = è
BM	FRFUN06	typing	3/10	0	0	Option + i → e = ê
BM	FRFUN06	typing	4/10	0	0	Option + c = ç
BM	FRFUN06	typing	4/6	0	0	] If keyboard shortcuts do not work, try the insert symbol method.
BM	FRFUN06	multiChoiceQuiz	1/11	0	0	Now have a go and listen to the following phrases. Do the sentences show that someone has something (possession) or is g
BM	FRFUN06	dropDown	1/7	0	0	Listen to the sentences provided below and decide which one sounds robotic, and which one sounds natural.
BM	FRFUN06	dropDown	6/7	1	0	Read these sentences yourself so you can hear the difference in your reading of French between robotic and more natural.
BM	FRFUN07	dragAndDrop	1/4	0	0	Match each French sentence to the correct English meaning.
BM	FRFUN07	dropDown	1/11	0	0	Pick the sentence that follows the French capital letter rule correctly.
BM	FRFUN07	flipCard	1/3	0	1	False friends can feel a little annoying! Do not worry – once you know, you know! So, what do these three false friends 
BM	FRFUN07	unclassified	1/17	0	0	In English, we usually use the word “you” when speaking to anyone.
BM	FRFUN07	unclassified	2/17	0	0	We say you to a friend, a teacher, a stranger, or even a group of people.
BM	FRFUN07	unclassified	3/17	0	0	However, this was not always the case.
BM	FRFUN07	unclassified	4/17	0	0	In older forms of English, there were actually two different words for “you”.
BM	FRFUN07	unclassified	5/17	0	0	Over time, English stopped using one of these forms. But French still keeps this difference today.
BM	FRFUN07	unclassified	6/17	0	0	Understanding how French uses tu and vous helps you communicate politely and appropriately in different situations.
BM	FRFUN07	unclassified	8/17	0	0	Look at the table below to compare languages.
BM	FRFUN07	unclassified	11/17	1	0	Older English used two forms of “you”.
BM	FRFUN07	unclassified	12/17	1	0	Modern English now uses only one.
BM	FRFUN07	unclassified	13/17	1	0	French still keeps the two different forms.
BM	FRFUN07	unclassified	14/17	1	0	French uses tu and vous to show relationships between speakers.
BM	FRFUN07	dragAndDrop	1/5	0	0	Which version of “you” that you use in French will depend upon the situation. Have a go at choosing the correct option f
BM	FRFUN07	dragAndDrop	2/5	0	0	Choose between “tu” or “vous”.
BM	FRFUN07	dragAndDrop	1/2	0	0	Complete this Language Layer Cake correctly by dragging the phrases into the layers according to the labels.
BM	FRFUN07	sketcher	5/6	0	0	As you read French, you may notice that some sentences do not translate word-for-word into English. The words may look s
BM	FRFUN08	dragAndDrop	4/8	0	0	Use the ingredients provided to fill the layer cakes below correctly.
BM	FRFUN08	typing	1/9	0	1	Fix the sentences below using what you have just learnt about the contraction above. Type the correct answer in the area
BM	FRFUN08	multiChoiceQuiz	1/5	0	0	Choose the one that is correct.
BM	FRFUN08	multiChoiceQuiz	1/5	0	0	Read the following sentences and pick the sentence that has the words in the correct order.
BM	FRFUN08	multiChoiceQuiz	2/4	0	0	You hear a word or phrase that you do not understand. What could you say to ask for help?
BM	FRFUN08	multiChoiceQuiz	2/4	0	0	You notice a mistake in a sentence you have just said. You have just said “Je suis 15 ans” How can you repair this sente
BM	FRNO901	reorder	1/5	0	0	Listen carefully to the greetings below and select the matching French word. Replay the audio if you need to.
BM	FRNO901	dragAndDrop	1/4	0	1	Drag each greeting into the correct group: formal or informal.
BM	FRNO901	dragAndDrop	2/4	0	1	Think carefully about when each greeting would be used.
BM	FRNO901	multiChoiceQuiz	1/3	0	0	Watch this video again and tick the greetings you hear in this video. Replay the clip if you need to.
BM	FRNO901	multiChoiceQuiz	1/4	0	0	Answer the questions below to check your understanding of this lesson.
BM	FRNO901	multiChoiceQuiz	2/4	0	0	Question 1 – Which greeting is usually more formal?
BM	FRNO901	wordFind	1/6	0	0	Find six French words and expressions in the Word Find below.
BM	FRNO901	dropDown	1/4	0	0	Download the Lesson 1 Task for this lesson below and when you have completed it, upload to the Dropbox linked below.
BM	FRNO901	reorder	1/4	0	0	Drag the words into the correct order to build the question:
BM	FRNO901	dragAndDrop	1/3	0	1	Match the person to their nickname in the video.
BM	FRNO901	reorder	1/3	0	0	Drag the conversation parts into the correct order, from start to finish.
BM	FRNO901	crossword	1/5	0	0	Find six French words from the conversation above in the crossword below.
BM	FRNO901	dropDown	1/4	0	0	Download the task for this lesson below and when you have completed it, upload to the Dropbox linked below.
BM	FRNO901	dragAndDrop	1/6	0	1	Drag each expression into the correct group:
BM	FRNO901	multiChoiceQuiz	1/3	0	0	Tick all of the expressions you hear in the video. Replay as you need, to help you do this.
BM	FRNO901	reorder	1/6	0	0	Drag the different parts of the conversation into the correct order below.
BM	FRNO901	wordFind	1/6	0	0	Find six French words from the conversation above, in the word find below.
BM	FRNO901	dropDown	1/12	0	1	Now that you have covered three lessons of content, it is a great moment to pull it all together and show you and your F
BM	FRNO901	dropDown	2/12	0	1	**Task**: Create a short French greeting conversation between two people.
BM	FRNO901	dropDown	3/12	0	1	In this conversation you must include, in French:
BM	FRNO901	dropDown	9/12	1	1	This work must be submitted in written **and** spoken formats. You can use any document software you have access to for 
BM	FRNO901	dropDown	10/12	1	1	When you are happy that you have written out your French conversation and have made the audio, or are ready to make the 
BM	FRNO901	memoryGame	1/3	0	0	Match the French expressions to their English definitions below.
BM	FRNO901	dragAndDrop	1/3	0	1	Match the French age sentence to the correct number below.
BM	FRNO901	multiChoiceQuiz	1/3	0	0	Watch the video again, and this time, tick the numbers you hear in the video.
BM	FRNO901	dropDown	1/4	0	0	Download the lesson task for this lesson below and when you have completed it, upload to the dropbox linked below.
BM	FRNO901	carousel	1/4	0	0	Watch Sophie and Luc in the videos below. Read and listen carefully to each expression. The expressions are captioned in
BM	FRNO901	carousel	2/4	0	0	Repeat each expression aloud, replaying the videos to support you.
BM	FRNO901	dragAndDrop	1/3	0	1	Drag the answers to the matching questions below.
BM	FRNO901	memoryGame	1/3	0	0	Match the French expression to the correct image.
BM	FRNO901	multiChoiceQuiz	1/4	0	0	Watch the video again and tick the places you hear named in the video. The correct answers are highlighted in green belo
BM	FRNO901	reorder	1/3	0	0	Drag the conversation parts into the correct order.
BM	FRNO901	dropDown	1/4	0	0	Download the lesson task for this lesson below and when you have completed it, upload to the dropbox linked below.
BM	FRNO901	typing	1/4	0	0	Watch the video again and then tick the language names you hear below.
BM	FRNO901	reorder	1/3	0	0	Drag the conversation parts into the correct order.
BM	FRNO901	wordFind	1/3	0	0	Find the French words for the days in the word find below.
BM	FRNO901	wordFind	1/3	0	0	Find the French words for the months in the word find below.
BM	FRNO901	dragAndDrop	1/4	0	0	Match the French celebration to the English meaning.
BM	FRNO901	reorder	1/5	0	0	Put the conversation parts into the correct order.
BM	FRNO901	clickDrop	1/6	0	1	In official situations, when filling in forms at the bank or applying for a job, you are more likely to be asked when yo
BM	FRNO901	dropDown	1/4	0	0	Download the lesson task for this lesson below and when you have completed it, upload to the dropbox linked below.
BM	FRNO901	typing	1/5	0	0	Answer the multiple-choice questions below. There are a few questions covering each lesson.
BM	FRNO901	typing	2/5	0	0	Take your time and think carefully before choosing your answer.
BM	FRNO901	wordFind	1/13	0	0	Find the familiar French words hidden in the wordfind.
BM	FRNO901	dropDown	1/10	0	0	When you are ready:
BM	FRNO902	memoryGame	1/3	0	0	Can you match the words to the pictures?
BM	FRNO902	selectionBox	1/17	0	0	You are about to hear real French speakers. Do not worry if you cannot understand everything.
BM	FRNO902	selectionBox	2/17	0	0	You are NOT expected to understand every word. Instead, listen carefully to the video and tick off any of the words belo
BM	FRNO902	dragAndDrop	1/8	0	0	Replay the video above and listen carefully to the conversation between Sophie and Luc.
BM	FRNO902	dragAndDrop	6/8	1	0	Match up the family member with the correct picture and the correct name below.
BM	FRNO902	typing	1/4	0	0	Pick the correct word for “my” to match the words below.
BM	FRNO902	reorder	1/3	0	0	Put the words in the correct order below to build the phrases.
BM	FRNO902	dropDown	1/6	0	0	Download the task for Lesson 1 below. When you have completed it, upload it to the lesson dropbox.
BM	FRNO902	dragAndDrop	1/3	0	1	Match each question in French to the correct meaning in English.
BM	FRNO902	dragAndDrop	1/3	0	1	Decide whether the phrase is positive, indicating “Yes, I have” or whether the phrase is negative indicating “No, I do n
BM	FRNO902	reorder	1/3	0	0	Put the words in the correct order to create clear French sentences.
BM	FRNO902	reorder	1/3	0	0	Put the words in the correct order to create clear French sentences.
BM	FRNO902	selectionBox	1/4	0	0	Replay the video as many times as you need to. Notice the various answers to the question:
BM	FRNO902	selectionBox	2/4	0	0	Tick the expressions about family members that you hear mentioned from the list below.
BM	FRNO902	dropDown	1/6	0	0	Download the task for Lesson 2 below. When you have completed it, upload it to the lesson dropbox.
BM	FRNO902	memoryGame	1/3	0	0	Match the French words to the correct pet pictures.
BM	FRNO902	dragAndDrop	1/9	0	0	Label the parts of the dog’s body correctly using the French words you have just learnt.
BM	FRNO902	dragAndDrop	1/6	0	0	Decide if the adjective goes before or after the French word for the animal below.
BM	FRNO902	reorder	1/3	0	0	Look at the words below and put them in the correct order to make the question phrases.
BM	FRNO902	reorder	1/3	0	0	Look at the words below and put them in the correct order to make the answer phrases.
BM	FRNO902	reorder	1/9	0	0	Now that you have explored the pet conversation, have a look at the different conversation parts below and put them into
BM	FRNO902	dropDown	1/13	0	0	Now that you have covered three lessons of content, it is a great moment to pull it all together and show you and your k
BM	FRNO902	dropDown	2/13	0	0	**Task**: Create a simple introduction to a family in French. It does not have to be your own real family though! You ca
BM	FRNO902	dropDown	3/13	0	0	In this introduction you must include, in French:
BM	FRNO902	dropDown	8/13	1	0	This work must be submitted in written **and** spoken formats. You can use any document software you have access to for 
BM	FRNO902	dropDown	9/13	1	0	You could use drawings with labels, a comic strip, audio, video, slideshow or comic strip to enhance the delivery of you
BM	FRNO902	dropDown	10/13	1	0	When you are happy that you have written out your French conversation and have made the audio, or are ready to make the 
BM	FRNO902	dragAndDrop	1/3	0	0	Match each question with the correct answer. Look carefully at the structure of each sentence.
BM	FRNO902	dragAndDrop	1/3	0	1	Match the eye colour image with the correct French description.
BM	FRNO902	typing	1/3	0	0	Look at each picture and choose the correct description in French. Focus on what you can clearly see.
BM	FRNO902	typing	1/14	0	0	Look at the options for the translation of the following hair descriptions and pick the correct one.
BM	FRNO902	reorder	1/6	0	0	Reorder the sentences below into correct French sentences.
BM	FRNO902	multiChoiceQuiz	1/8	0	0	Look carefully at the eight character cards below.
BM	FRNO902	multiChoiceQuiz	2/8	0	0	For each question, you will hear a short conversation between Luc and Sophie. They ask questions and answer **oui** for 
BM	FRNO902	multiChoiceQuiz	3/8	0	0	Listen carefully and follow each clue.
BM	FRNO902	multiChoiceQuiz	4/8	0	0	After each clue, flip any characters that do NOT match.
BM	FRNO902	multiChoiceQuiz	5/8	0	0	By flipping the characters that do not match correctly, you will be left with the correct person at the end.
BM	FRNO902	multiChoiceQuiz	6/8	0	0	After you have finished each question, click the Reveal answer button to check
BM	FRNO902	dragAndDrop	1/4	0	0	Notice how the spelling of the adjective that followed “Il est” and “Elle est” changed sometimes. Use what you have lear
BM	FRNO902	dropDown	1/5	0	0	Download the task for Lesson 4 below. When you have completed it, upload it to the lesson dropbox.
BM	FRNO902	dragAndDrop	1/4	0	0	Match each French word to its meaning.
BM	FRNO902	multiChoiceQuiz	1/8	0	0	Choose the correct form of the verb to describe more than one person.
BM	FRNO902	dragAndDrop	1/6	0	0	Now you will use what you have learned to understand **groups of people**.
BM	FRNO902	dragAndDrop	2/6	0	0	Look carefully at each group.
BM	FRNO902	dragAndDrop	3/6	0	0	Notice what they have in common and think about what French expressions you might use to describe their features.
BM	FRNO902	multiChoiceQuiz	1/7	0	0	Read each sentence carefully. Choose the correct group. The sentence either describes Group C or Group D.
BM	FRNO902	multiChoiceQuiz	2/7	0	0	**Group C:** Gaëlle + Nicholas**Group D:** Léo + Marie
BM	FRNO902	dropDown	1/24	0	0	Click on the audio button and listen carefully to each set of guess who clues for each question.
BM	FRNO902	dropDown	2/24	0	0	Use the clues you hear to identify the correct pair. Look at the characters as you listen.
BM	FRNO902	dropDown	3/24	0	0	Choose the correct answer for each pair of characters from the dropdown options available.
BM	FRNO902	dropDown	20/24	1	0	Download the task for Lesson 5 below. When you have completed it, upload it to the lesson dropbox.
BM	FRNO902	dragAndDrop	1/3	0	1	Match the French expression with its English meaning.
BM	FRNO902	multiChoiceQuiz	1/4	0	0	You will now practise combining what you already know.
BM	FRNO902	multiChoiceQuiz	2/4	0	0	Look at the people again. Choose the best description.
BM	FRNO902	typing	1/20	0	0	Join the sentences to make one sentence
BM	FRNO902	reorder	1/6	0	0	Put the words in the correct order to make a correct French sentence.
BM	FRNO902	multiChoiceQuiz	1/8	0	0	Show your understanding of what you see in the images above by picking the correct comparison expression below.
BM	FRNO902	typing	1/16	0	0	Look at the two people and listen to the statement.
BM	FRNO902	typing	2/16	0	0	Listen for the expressions “plus longs” and “plus courts”
BM	FRNO902	typing	3/16	0	0	Once you have listened to the audio, decide which of the two people shown the audio is describing and pick the correct a
BM	FRNO902	typing	1/6	0	0	Look at the pairs of people below. Then look at the question and decide who has the longer hair or the shorter hair.
BM	FRNO902	dropDown	1/5	0	0	Download the task for Lesson 6 below. When you have completed it, upload it to the lesson dropbox.
BM	FRNO902	dragAndDrop	1/4	0	0	Match each French sentence to the correct English meaning.
BM	FRNO902	reorder	2/7	0	0	In this activity, you must put the words in the correct order.
BM	FRNO902	multiChoiceQuiz	1/9	0	0	Listen carefully. Choose the correct answer.
BM	FRNO902	selectionBox	1/11	0	0	Which answer gives the clearest clue?
BM	FRNO902	typing	1/4	0	0	Put the words in the correct order.
BM	FRNO902	dropDown	1/3	0	1	When you are happy that you have written out all the French clues correctly for all three sections of this module task, 
BM	GENO901	hintSlider	5/10	1	0	Listen to the audio. Now click the image and listen again with the English translations of the German greetings.
BM	GENO901	hintSlider	9/10	1	0	Listen to the audio. Now click the image and listen again with the English translations of the German greetings.
BM	GENO901	memoryGame	1/7	0	0	Match these Aotearoa New Zealand greetings to the equivalent German greeting.
BM	GENO901	dropDown	13/15	1	0	If you need any special German letters, you can copy them from here.
BM	GENO901	typing	1/6	0	0	Pick out phrases from the Eintopf (soup pot), then create suitable greetings. The first one, Mr. Braun, a German teacher
BM	GENO901	multiChoiceQuiz	1/4	0	0	Let’s start by thinking back to what you did last lesson. You learnt how to greet people in both formal and informal way
BM	GENO901	dragAndDrop	1/2	0	0	We are learning to ask the question “How are you?” Listen to the audio clips and choose the expression you hear.
BM	GENO901	reorder	19/21	1	0	Herr Blumentopf has a handy tip for you.
BM	GENO901	unclassified	2/5	1	0	That’s it for greetings for now. Spend a few minutes reading over the key words again.
BM	GENO901	typing	1/20	0	0	Watch the video again. Choose the German phrase used by each speaker to give their name.
BM	GENO901	multiChoiceQuiz	1/66	0	0	Click on the images you see mentioned. There are 25 for you to find.
BM	GENO901	dragAndDrop	1/9	0	0	Sort the words from the *Alphabet Son*g video into categories. Use a translation app or website, or a dictionary to help
BM	GENO901	selfCheck	1/18	0	0	Listen and type the missing letters and numbers into the numberplates.
BM	GENO901	dragAndDrop	1/9	0	0	There were lots of great ways to express your feelings in the video, especially from the boys, who most definitely had a
BM	GENO901	multiChoiceQuiz	1/4	0	0	Write the numbers in full in German. Click here if you need to use any special German letters.
BM	GENO901	reorder	1/15	0	0	Put the following sentences into the correct order.
BM	GENO901	typing	5/9	0	0	Listen to the audio track where people say where they live and where they come from. For each speaker type the answers y
BM	GENO901	typing	7/20	1	0	Read the following text and highlight all the verbs. Can you find all 10?
BM	GENO901	typing	14/20	1	0	Before you finish this lesson, watch the two video clips again to revise the key language used for talking about where y
BM	GENO901	typing	19/20	1	0	That’s all for this lesson. Well done!
BM	GENO901	dragAndDrop	1/4	0	0	Arihi recently went to a welcome event for international exchange students in her new German hometown, Lippstadt. Everyo
BM	GENO901	hintSlider	1/4	0	1	Here are the questions from the module again, but this time in a more logical order to form a simple conversation. Do yo
BM	GENO901	dropDown	1/40	0	1	Record a voice message for your kaiako to listen to. Use the ‘record video’ option available for use in the dropbox area
BM	GENO901	dropDown	17/40	1	1	**Your kaiako will mark this.**
BM	GENO901	dropDown	20/40	1	1	Imagine you attended the welcome event for international students with Arihi. Remember how everyone had to introduce the
BM	GENO901	dropDown	24/40	1	1	**Your kaiako will mark this.**
BM	GEO1004	accordion	1/10	0	1	The first step in a research project or investigation is to select or form a hypothesis. A hypothesis is a clear and tes
BM	GEO1004	accordion	4/10	0	1	Once a research hypothesis has been selected, the next step is to collect a range of data to test it. Data can be suppli
BM	GEO1004	accordion	8/10	0	1	Once data has been collected and recorded it is processed and presented by choosing visuals that most effectively show f
BM	GEO1004	carousel	2/10	0	1	resented data can now be described and explained as findings. Findings are understandings about an environment that is f
BM	GEO1004	carousel	5/10	0	1	The final part of exploring an environment using data is to describe and explain how the data can strengthen or limit th
BM	GEO1004	carousel	8/10	0	1	A conclusion is an overall summary of the findings of presented data about the environment. It will clearly accept or re
BM	GEO1004	dropDown	1/2	0	0	You have learnt about exploring an environment following the research process. You now have the opportunity to further i
BM	GEO1005	tabs	2/17	0	0	The planet has warmed by around 0.7° C over the past 100 years. Much of the warming is due to greenhouse gases emitted i
BM	GEO1006	tabs	13/27	1	0	The lower course of a river is the final stretch before the river reaches its mouth, usually when it flows into a sea, o
BM	GER1002	accordion	1/8	0	0	*Diese Wörter solltest du lernen.*
BM	GER1002	accordion	2/8	0	0	Listen to the new words and practise saying them in the pauses.
BM	GER1002	accordion	1/6	0	0	*Diese Wörter solltest du lernen.*
BM	GER1002	accordion	2/6	0	0	Listen to the new words and repeat them in the pauses.
BM	GER1002	accordion	3/7	1	0	Some of the most commonly used adjectives have irregular comparative forms you need to know:
BM	GER1002	accordion	5/7	1	0	Remember that, when you use the comparative, the word **als** comes directly after the adjective.
BM	GER1002	accordion	6/7	1	0	Jetzt bist du dran.
BM	GER1002	accordion	1/6	0	1	*Diese Wörter solltest du lernen.*
BM	GER1002	accordion	2/6	0	1	Listen to the new words and repeat them in the pauses.
BM	GER1002	accordion	1/6	0	1	Listen to the new words and repeat them in the pauses.
BM	GER1002	accordion	3/6	0	1	*Diese Wörter solltest du lernen.*
BM	GER1002	accordion	1/6	0	1	*Diese Wörter solltest du lernen.*
BM	GER1002	accordion	2/6	0	1	Listen to the new words and repeat them in the pauses.
BM	GER1002	accordion	1/18	0	1	*Diese Wörter solltest du lernen.*
BM	GER1002	accordion	2/18	0	1	Listen to the new words and repeat them in the pauses.
BM	GER1002	accordion	8/18	0	1	Label the rooms and floors in Ulli’s house following his description.
BM	GER1002	accordion	17/18	1	1	Here is a little “culture crumb” for you:
BM	GER1002	accordion	1/7	0	1	*Diese Wörter solltest du lernen:*
BM	GER1002	accordion	2/7	0	1	Listen to the new words and repeat them in the pauses.
BM	GER1002	accordion	5/7	0	1	In the recording, Ulli also used some additional words that may be new to you.
BM	GER1002	accordion	6/7	0	1	Here you can listen to the complete list and practise saying the words.
BM	GER1002	accordion	1/8	0	1	Listen to the new words and repeat them in the pauses.
BM	GER1002	accordion	3/8	0	1	Diese Wörter solltest du lernen.
BM	GER1002	accordion	7/8	0	1	Here you can listen to the **full** word list for 8B and download the resource.
BM	GEWHA	dragAndDrop	1/3	0	0	Match the English words to the German words using your knowledge of cognates.
BM	GEWHA	typing	1/5	0	0	Match the German brand names to the products you might see here in Aotearoa, New Zealand.
BM	GEWHA	hintSlider	23/24	1	1	You will learn more useful German phrases as you continue the course.
BM	HES1002	clickDrop	2/3	0	0	1. Enjoy a variety of nutritious foods every day:
BM	HES1002	clickDrop	2/3	0	0	2. Choose and/or prepare foods and drinks:
BM	HES1002	clickDrop	2/3	0	0	3. Make plain water your first choice over other drinks.
BM	HES1002	slider	3/7	0	0	Firstly, one serving of vegetables is different to one serving of meat. An easy way to measure is by using your hand.
BM	HES1002	flipCard	1/18	0	0	Your style is passive when you’re afraid to make others angry by expressing your opinion or you suppress your feelings b
BM	HES1002	flipCard	3/18	1	0	You tend to say what’s on your mind without pausing to consider other people’s feelings. When talking to others, your ne
BM	HES1002	flipCard	5/18	1	0	Someone with a passive aggressive style uses tools like sarcasm or the silent treatment to express their feelings instea
BM	HES1002	flipCard	7/18	1	0	This is the style we all aspire to. If you are assertive, you are not afraid of communicating honestly and asking for wh
BM	HES1002	flipCard	10/18	1	0	In difficult conversations with others, you can avoid misunderstandings and hurt feelings by using the following techniq
BM	HES1002	reorder	1/9	0	0	Sort the following methods of contraception from least effective to most effective at preventing pregnancy.
BM	HES1002	flipCard	17/36	0	0	We can all go through times where we struggle with our mental fitness. It’s important to have an idea of what some of th
BM	HES1002	flipCard	24/36	1	0	This website is a fantastic resource if you are feeling a bit down and want to feel like yourself again: https://www.aro
BM	HES1004	clickDrop	12/33	1	1	I know I can not realistically afford them and it will mean that it will take longer for me to save for my car. If I buy
BM	HES1004	clickDrop	21/33	1	1	1. I would have to save another $250 to replenish my savings and goals
BM	HES1004	clickDrop	26/33	1	1	1. It takes me approximately five weeks to save this amount of money and that is a long time when I am getting close to 
BM	HES1004	clickDrop	31/33	1	1	I have decided to wait and get some second-hand ones.
BM	HES1005	clickDrop	1/19	0	1	Cook for your whānau, neighbour or someone in need. Try this recipe as a starting point.
BM	HES1005	clickDrop	4/19	1	1	Volunteer with a local Kai Rescue programme or food bank.
BM	HES1005	clickDrop	6/19	1	1	Sit down together with whānau, friends and/or manuhiri and share a meal together.
BM	HES1005	clickDrop	9/19	1	1	Complete the Hikitia te hā yoga session of your choice.
BM	HES1005	clickDrop	11/19	1	1	A gratitude journal is a type of journal where you write down things that you are thankful for or appreciate in your lif
BM	HES1005	clickDrop	13/19	1	1	Decluttering and having minimal mess allows you to feel more organised and in control. Take some time to tidy up your st
BM	HES1005	clickDrop	16/19	1	1	Try to reach out to a friend or family member. Call this person, or spend time with them, and check in to see how they a
BM	HES1005	clickDrop	18/19	1	1	Create your own compliment tabs that are designed to make the recipient feel good about themselves. You can use an onlin
BM	HES1005	clickDrop	2/5	0	1	Pack up some kai and go to a local park, the beach or place outdoors with your friends and family and eat together. Thin
BM	HES1005	clickDrop	4/5	1	1	Set up a community pantry outside your house where people can put their surplus vegetables, fruit, tins or preserves to 
BM	HES1005	clickDrop	2/12	0	0	Use the video to inspire you to plant a few vegetable seeds in pots to get started. Explore maramataka and see where thi
BM	HES1005	clickDrop	5/12	1	0	Book in a time when you and your whānau/friends can play games or puzzles without using a screen.
BM	HES1005	clickDrop	7/12	1	0	Invite someone to spend some time with you. Someone in your extended whānau or a friend.
BM	HES1005	clickDrop	10/12	1	0	Make a wall of love with nine speech bubbles. Ask yourself, family members and/or friends what love means to them. Each 
BM	HES1005	dragAndDrop	1/2	0	0	Place these sentences into the column where you think they belong. Get a friend or family member to do it too. Discuss w
BM	HES1005	tabs	2/16	0	1	Be a kaitiaki of the land that grows our food by reducing your food waste.
BM	HES1005	tabs	5/16	0	1	Start out by loving your leftovers to make another meal. Make these broccoli fritters, pies, or crumble.
BM	HES1005	tabs	11/16	0	1	Watch the sun rise or set and take the time to appreciate the environment around you by taking in the colours and sounds
BM	HES1005	tabs	14/16	0	1	With friends and/or whānau, plan a hikoi to clean up the natural environment, such as the beach, forest, or local park.
BM	HES1005	tabs	3/4	0	0	Enjoy a variety of nutritious foods every day.
BM	HES1005	carousel	5/13	1	0	Choose and/or prepare foods and drinks:
BM	HES1005	carousel	12/13	1	0	Make plain water your first choice over other drinks.
BM	HES1006	flipCard	16/17	1	0	Watch the following video on interpersonal skills and how they are a part of everyday life.
BM	HES1006	modal	1/7	0	0	Mealtimes in the Smith household are stressful. Everyone likes different foods. Hone will eat just about anything and as
BM	HES1006	carousel	1/10	0	0	Resource A – Children gardening, cooking and cleaning at school
BM	HES1006	carousel	4/10	1	0	Resource B – Thrifty Mum shares top tips
BM	HES1006	carousel	7/10	1	0	Resource C – Making family meals enjoyable
BM	HES1006	modal	2/7	0	0	Riz and Jo have been in a relationship for some months, and they have decided they are ready to have sex with each other
BM	HES1006	modal	2/7	0	0	Like many teenagers in New Zealand Chrissie and Craig have both tried vaping. While Craig decided he didn’t like it, he 
BM	HES1007	clickDrop	1/8	0	1	To summarise means to ‘sum up’ a larger text by extracting key information and rephrasing it in a simple, concise way. T
BM	HES1007	clickDrop	1/15	0	1	Skimming involves running your eye very quickly over large chunks of text. It allows you to pick up some of the main ide
BM	HES1007	clickDrop	7/15	1	1	Scanning involves searching for facts as needed from a piece of text instead of reading from start to finish.
BM	HES1007	clickDrop	1/8	0	1	To summarise means to ‘sum up’ a larger text by extracting key information and rephrasing it in a simple, concise way. T
BM	HES1007	clickDrop	1/15	0	1	Skimming involves running your eye very quickly over large chunks of text. It allows you to pick up some of the main ide
BM	HES1007	clickDrop	7/15	1	1	Scanning involves searching for facts as needed from a piece of text instead of reading from start to finish.
BM	HES1007	clickDrop	1/8	0	1	To summarise means to ‘sum up’ a larger text by extracting key information and rephrasing it in a simple, concise way. T
BM	HES1007	clickDrop	1/15	0	1	Skimming involves running your eye very quickly over large chunks of text. It allows you to pick up some of the main ide
BM	HES1007	clickDrop	7/15	1	1	Scanning involves searching for facts as needed from a piece of text instead of reading from start to finish.
BM	HES1007	clickDrop	1/8	0	1	To summarise means to ‘sum up’ a larger text by extracting key information and rephrasing it in a simple, concise way. T
BM	HES1007	clickDrop	1/15	0	1	Skimming involves running your eye very quickly over large chunks of text. It allows you to pick up some of the main ide
BM	HES1007	clickDrop	7/15	1	1	Scanning involves searching for facts as needed from a piece of text instead of reading from start to finish.
BM	HES1007	clickDrop	1/8	0	1	To summarise means to ‘sum up’ a larger text by extracting key information and rephrasing it in a simple, concise way. T
BM	HES1007	clickDrop	1/15	0	1	Skimming involves running your eye very quickly over large chunks of text. It allows you to pick up some of the main ide
BM	HES1007	clickDrop	7/15	1	1	Scanning involves searching for facts as needed from a piece of text instead of reading from start to finish.
BM	HES1007	clickDrop	1/8	0	1	To summarise means to ‘sum up’ a larger text by extracting key information and rephrasing it in a simple, concise way. T
BM	HES1007	clickDrop	1/15	0	1	Skimming involves running your eye very quickly over large chunks of text. It allows you to pick up some of the main ide
BM	HES1007	clickDrop	7/15	1	1	Scanning involves searching for facts as needed from a piece of text instead of reading from start to finish.
BM	HES1007	clickDrop	1/10	0	1	Riley and Jordan are both 16 and in a romantic relationship and have known each other since intermediate school. They ar
BM	HIS1003	interactive	5/6	1	0	The rights that directly relate to individuals and groups being able to carry out **protest actions** are; the right to 
BM	HIS1003	interactive	3/4	0	0	We will continue to develop our understanding of the external, internal, community and personal factors influencing the 
BM	HIS1003	interactive	3/8	0	0	The **whakapapa of the union movement** was impacted heavily. There would no longer be a national watersiders union. Ins
BM	HIS1003	interactive	3/5	0	0	In the fundamental lesson on significance, HISFUN08, we use several criteria to evaluate significance. If you have not y
BM	HIS1004	carousel	2/3	0	1	In this module you are going to be learning about the **whakapapa**A connection to the people and events that have gone
BM	HIS1004	interactive	1/3	0	0	While these 30 Human Rights are guaranteed by the nations who signed the declaration, there are many countries around th
BM	HIS1004	interactive	9/10	1	0	These activities link to the fundamentals of sources and source evaluation in History. If you have not yet completed the
BM	HIS1004	interactive	2/5	0	0	In August 1962 Mandela, the Justice Department's *most wanted man*, was back in the country. Within a few days, Vorster'
BM	HPFUN101	carousel	7/12	0	0	In this FUNdamental, we are learning to recognise when we need help and how to ask for it. Sometimes, we might feel stuc
BM	HPFUN101	carousel	9/12	0	0	You need help when you feel scared, hurt, or confused. Also, if you are feeling sad, lost, or if something is wrong and 
BM	HPFUN101	unclassified	1/8	0	0	It’s always good to have people to turn to that we trust. Discuss with your supervisor about the people in your life tha
BM	HPFUN102	flipCard	10/18	1	0	Moving your body in lots of different ways – like jumping, crawling, spinning, and stretching – is super fun and good fo
BM	HPFUN102	dropDown	1/3	0	1	Think about your new game idea. Select the best option for your game for each question.
BM	HPFUN103	selectionBox	1/13	0	0	Think about what respect looks, feels and sounds like. Read the following scenarios. Discuss with your supervisor if you
BM	HPFUN201	unclassified	1/3	0	0	Flip two cards over at a time, match the picture card to the correct number. You will find the numbers to match the acti
BM	HPFUN203	dropDown	9/10	1	0	Take the time to think about what makes your identity unique. Type the answers into the survey below.
BM	HPFUN301	carousel	3/28	1	1	**Improved mood** – Exercise releases endorphins, which help reduce stress, anxiety, and mood swings.
BM	HPFUN301	carousel	6/28	1	1	**Better sleep** – Physical activity helps regulate sleep patterns, which can be disrupted during puberty.
BM	HPFUN301	carousel	9/28	1	1	**Healthy growth** – It supports bone and muscle development, which is crucial during growth spurts.
BM	HPFUN301	carousel	12/28	1	1	**Boosted confidence** – Achieving fitness goals or simply feeling stronger can improve self-esteem.
BM	HPFUN301	carousel	15/28	1	1	**Weight management** – Helps maintain a healthy weight.
BM	HPFUN301	carousel	18/28	1	1	**Social benefits** – Team sports and group activities can build friendships and social skills.
BM	HPFUN301	carousel	21/28	1	1	**Improved focus** – Regular activity can enhance concentration and academic performance.
BM	HPFUN301	carousel	22/28	1	1	In Aotearoa New Zealand it is recommended by Te Whatu Ora [
BM	HPFUN302	unclassified	2/3	1	0	All of these New Zealanders have experienced challenges. They have shown resilience and a positive attitude. Reflect on 
BM	HPFUN303	unclassified	2/3	1	0	There is no correct order for these activities. Each situation could be safe for some people and unsafe for someone else
BM	HPFUN403	carousel	9/17	0	0	Relationships are a key part of our everyday lives—whether they’re with friends, family members, classmates, or teammate
BM	HPFUN901	clickDrop	2/11	0	1	Medication should be kept in a safe place away from children and pets. A good place is a high cupboard or shelf. You may
BM	HPFUN901	clickDrop	6/11	1	1	You can use medications that you buy from the chemist. This might be paracetamol to help a headache or cream for a rash.
BM	HPFUN901	clickDrop	9/11	1	1	Each time you get medication, from the chemist or pharmacy or from the doctor, it will have instructions. It is importan
BM	HPFUN901	carousel	1/3	0	0	Molly’s parents gave her some medicine a few weeks ago when she felt unwell. Molly wakes up in the night feeling unwell 
BM	HPFUN901	clickDrop	1/3	0	0	Look at the following slide show. Read the statements from each child, do you believe their choice is safe? Discuss your
BM	HPFUN902	carousel	2/10	0	1	Red and yellow flags mean it’s safe to swim between them because lifeguards are watching that area. Black and white flag
BM	HPFUN902	carousel	4/10	0	1	Beach signs can warn us about strong currents, deep water, jellyfish, or other hazards. Always check the beach for any w
BM	HPFUN902	carousel	6/10	0	1	Be sun safe at the beach. Wear a hat and a rash vest, and don’t forget to put on sunscreen before you go out in the sun.
BM	HPFUN902	carousel	9/10	0	1	Never swim alone. Always have an adult in the water with you as they can watch for danger, help you if something goes wr
BM	HPFUN903	unclassified	1/7	0	0	If you want to pat a dog you don’t know, always ask the owner first. If they say yes, let the dog sniff your hand and th
BM	HPFUN903	unclassified	5/7	1	0	Did you know that lots of people in New Zealand have dogs? In fact, there are about **850,000 pet dogs** living here – t
BM	HPRE203	dragAndDrop	1/5	0	0	Match the statements below into ‘verbal communication’ or ‘non-verbal communication’.
BM	HPRE203	unclassified	1/7	1	0	Make sure that you show facial expressions that represent your emotion.
BM	HPRE203	hint	1/2	0	1	Email or phone the kaiako. You can ring 0800 65 99 88 and ask for them or email them. If you do not know the name of you
BM	HPRE203	hint	1/2	0	1	Email or phone the kaiako. You can ring 0800 65 99 88 and ask for them or email them. If you do not know the name of you
BM	HPRE203	multiChoiceQuiz	1/38	0	0	Tick all the correct statements.
BM	HPRE203	hint	1/2	0	1	Email or phone the kaiako. You can ring 0800 65 99 88 and ask for them or email them. If you do not know the name of you
BM	HPRE203	slider	1/3	0	0	When I was younger, I liked to …
BM	HPRE203	carousel	1/15	0	0	Choose **one** of the would you rather statements from the slideshow above.
BM	HPRE203	hint	1/2	0	1	Email or phone the kaiako. You can ring 0800 65 99 88 and ask for them or email them. If you do not know the name of you
BM	HPRE203	hint	1/2	0	1	Email or phone the kaiako. You can ring 0800 65 99 88 and ask for them or email them. If you do not know the name of you
BM	HPRE203	hint	1/2	0	1	Email or phone the kaiako. You can ring 0800 65 99 88 and ask for them or email them. If you do not know the name of you
BM	HPRE203	hint	1/2	0	1	Email or phone the kaiako. You can ring 0800 65 99 88 and ask for them or email them. If you do not know the name of you
BM	HPRE301	accordion	2/17	0	1	We all move through many social spaces each day – with whānau, friends, classmates, teachers, and online communities. To
BM	HPRE301	accordion	12/17	1	1	Within our social world, there are people and stories that influence us. These influences are often called role models. 
BM	HPRE301	hint	1/2	0	1	Email or phone the Kaiako. You can ring 0800 65 99 88 and ask for them or email them. If you do not know the name of you
BM	HPRE301	accordion	5/31	1	0	Every day, we communicate with others; face-to-face, through messages, and online. Communication includes:
BM	HPRE301	accordion	20/31	1	0	In te ao Māori, assertive communication reflects manaakitanga and mana, because the way we communicate affects others as
BM	HPRE301	accordion	24/31	1	0	Using assertive communication can help you:
BM	HPRE301	hint	1/2	0	1	Email or phone the Kaiako. You can ring 0800 65 99 88 and ask for them or email them. If you do not know the name of you
BM	HPRE301	accordion	3/16	0	1	Before expressing feelings, they must be recognised, which isn’t always easy.
BM	HPRE301	accordion	7/16	1	1	Once a feeling is recognised, naming it can help make sense of it. Having words for feelings supports clearer communicat
BM	HPRE301	accordion	10/16	1	1	Feelings are often linked to colour, and these meanings can vary across cultures. For example, on this wheel, anger is s
BM	HPRE301	accordion	15/16	1	1	People express feelings differently depending on culture, personality, and situation. Some encourage openness, while oth
BM	HPRE301	accordion	2/21	1	1	Kai is hanging out with a group when someone makes a joke about their clothes and says, “That’s such a Kai outfit,” and 
BM	HPRE301	accordion	6/21	1	1	Kai and Alex are at the beach with friends. Everyone wants to swim further out, but Kai doesn’t feel confident in the wa
BM	HPRE301	accordion	11/21	1	1	Alex is at a whānau gathering. A younger cousin keeps picking up Alex’s things without asking. Alex feels annoyed but al
BM	HPRE301	accordion	15/21	1	1	Kai receives an online message that makes them feel uncomfortable. The person tells Kai not to tell anyone and says it’s
BM	HPRE301	accordion	2/9	0	1	A percentage is a special type of fraction which means “per 100” in latin.
BM	HPRE301	accordion	1/14	0	1	The independent variable is what we compare. In the chart above the independent variable is the age groups. This allows 
BM	HPRE301	accordion	4/14	1	1	The dependent variables are what changes. In this case we are looking at how people felt. These are measured as percenta
BM	HPRE301	accordion	2/29	0	0	In te ao Māori, boundaries are closely connected to mana and tikanga.
BM	HPRE301	accordion	6/29	0	0	Tikanga guides how people behave in ways that show respect, care, and responsibility within relationships.
BM	HPRE301	accordion	8/29	0	0	Tikanga sets the boundaries, so people know how to behave. Each iwi, hapu or whānau will have its own tikanga that helps
BM	HPRE301	accordion	9/29	0	0	When people listen, check in, and respond respectfully to boundaries, they strengthen whanaungatanga, the relationships 
BM	HPRE301	accordion	13/29	1	0	Consent means freely agreeing to something. It involves a clear choice - not pressure, not guessing, and not assuming. C
BM	HPRE301	accordion	15/29	1	0	Consent applies in many situations, including:
BM	HPRE301	accordion	23/29	1	0	Sometimes people change their minds. They might feel uncomfortable, unsafe, or just feel differently.
BM	HPRE301	flipCard	7/9	0	0	Assertive communication is helpful, but it is important to understand that not everyone can access it right away. When b
BM	HPRE301	accordion	2/13	1	1	Kai shares a device or gaming console at home with a sibling or cousin. Lately, it’s been used without asking and someti
BM	HPRE301	accordion	6/13	1	1	Alex spends time with extended whānau or family friends where playful teasing or physical closeness is common. Lately, i
BM	HPRE301	accordion	10/13	1	1	Kai is part of an online interest group (gaming, art, fandom, or hobby-based). Kai shares something personal in a privat
BM	HPRE301	accordion	2/31	0	1	Being respectful is not just about saying “please” and “thank you.” Respecting diversity means recognising that people h
BM	HPRE301	accordion	10/31	1	1	Diversity exists in many forms, including:
BM	HPRE301	accordion	18/31	1	1	Language is powerful. The words people choose can:
BM	HPRE301	accordion	25/31	1	1	In te ao Māori, inclusion is closely connected to whanaungatanga, the understanding that people are shaped through relat
BM	HPRE301	accordion	2/7	0	1	Sometimes exclusion is not obvious. It can happen when:
BM	HPRE301	accordion	2/26	0	1	When people think about bullying or harassment, they often imagine shouting, name calling, or physical actions. While th
BM	HPRE301	accordion	8/26	1	1	Not every disagreement or mistake is bullying. What often matters is the pattern:
BM	HPRE301	accordion	2/18	0	1	Protective behaviours are actions people take to reduce risk and protect their wellbeing online. These behaviours are im
BM	HPRE301	accordion	2/8	0	1	Protective behaviours work best when combined with:
BM	HPRE301	accordion	2/13	0	0	Algorithms are tools that online apps use to decide what you see.
BM	HPRE301	flipCard	24/41	1	0	You can make choices to help your social media become healthier.
BM	HPRE301	flipCard	29/41	1	0	The data below shows how New Zealand teens are using social media. They filled out a form about themselves and social me
BM	HPRE301	flipCard	34/41	1	0	To double check they filled out the forms correctly their parents filled out the same form. This showed:
BM	HPRE301	flipCard	40/41	1	0	Do you notice these figures are very similar? This means when the teenagers filled out the form they put similar answers
BM	HPRE301	modal	3/4	1	0	Follow these steps to explain what your data shows:
BM	HPRE301	accordion	2/22	0	1	Stereotypes are simplified ideas about groups of people. They can affect how people are treated, what is expected of the
BM	HPRE301	accordion	14/22	1	1	Social norms are the unwritten rules about how people are expected to behave in different groups or situations. These no
BM	JPFUN01	dragAndDrop	1/3	0	1	Match the correct meaning to each Japanese gesture.
BM	JPFUN01	dropDown	1/4	0	0	Remember, meeting people for the first time, or someone who is older than you, will mean you use a different honorific a
BM	JPFUN01	dropDown	2/4	0	0	Select the correct answer for each question.
BM	JPFUN01	clickDrop	1/3	0	1	You can read more about ‘Shichi-Go-San' here.
BM	JPFUN01	clickDrop	1/3	0	1	You can read more about ‘Seijin no Hi’ here.
BM	JPFUN01	radioQuiz	1/11	0	0	Choose True or False for each statement.
BM	JPFUN01	dragAndDrop	1/3	0	1	Match the Japanese word/ expression to when it is said during the day. Watch the video again to review these if you need
BM	JPFUN01	typing	2/4	0	0	Think About Your Own Life. Fill in the table with your own thoughts. This is a reflection activity. Remember there are n
BM	JPFUN02	accordion	3/42	1	1	The skill of listening, is usually the first one you develop when learning a new language. It is really important to tak
BM	JPFUN02	accordion	15/42	1	1	Building confidence with speaking a new language takes time and effort. It is never easy when you first begin. Use model
BM	JPFUN02	accordion	26/42	1	1	Conversing and interacting in a new language is exciting. With practice, you will become more competent and able to take
BM	JPFUN02	clickDrop	1/5	0	1	Watch the video more than once. Practice saying the greeting words and expressions.
BM	JPFUN02	clickDrop	4/5	0	1	Now it is your turn to say the greetings. When you are ready (video or audio) record yourself saying **your choice of 10
BM	JPFUN02	clickDrop	2/4	1	0	Listen to each of these people introduce themselves. As you listen, drag the information into the correct column for eac
BM	JPFUN02	clickDrop	1/6	0	1	Watch the video, sing along when you are comfortable to do so (it is fast, so do your best!)
BM	JPFUN02	clickDrop	3/6	0	1	Here is a video presenting a longer introduction with more information included about yourself. Watch the basic example 
BM	JPFUN02	clickDrop	5/6	0	1	Now it is your turn to introduce yourself. You are welcome to do the basic introduction or add a bit more information ab
BM	JPFUN02	clickDrop	2/6	1	1	Review your understanding of classroom expressions by doing this quiz. Choose the correct answer for each question.
BM	JPFUN02	accordion	3/54	1	1	Comprehension of a spoken text (listening passage) is really important as you are learning a language. Listening passage
BM	JPFUN02	accordion	14/54	1	1	As you have learnt at Novice level, building confidence with speaking a language takes time and effort. Practice makes p
BM	JPFUN02	accordion	26/54	1	1	Conversing and interacting in a new language is exciting. There is a lot to remember and a lot to incorporate into a con
BM	JPFUN02	accordion	40/54	1	1	Here are some classroom instructions and expressions you would expect to hear in a Japanese classroom while learning Jap
BM	JPFUN02	accordion	44/54	1	1	When learning a new language the hardest skill to master can be speaking. Sometimes it is just a matter of giving it a g
BM	JPFUN02	accordion	48/54	1	1	This is the key to sounding natural and showing interest when listening to a Japanese friend. You can try these phrases,
BM	JPFUN02	accordion	52/54	1	1	Choose a listening and speaking task to complete. Share with a friend or your sensei (teacher). Your sensei may ask to s
BM	JPN1004	typing	1/37	0	0	Answer the following questions in English.
BM	JPN1004	unclassified	1/22	0	0	Draw your own daily timetable in your journal. Include your break time and lunchtime and any (after school) club activit
BM	JPN1004	unclassified	1/8	0	0	What are the main similarities and differences between your own school timetable and Kazu’s school timetable in Japan? W
BM	JPN1004	unclassified	5/8	0	0	What are the main similarities and differences between your own school timetable and Kazu’s school timetable in Japan? W
BM	JPN1004	unclassified	1/11	0	0	Listen to Kenji and Emi, both high school students at Anahera’s school, describe their uniform. See how much you can und
BM	JPN1004	typing	1/14	0	0	Join these pairs of sentences together using the **て** form of the first verb and ～**て います** for the second verb. Check 
BM	JPN1004	unclassified	2/4	0	0	Match the REASON first half of the sentence with the RESULT in the second half of the sentence.
BM	JPN1004	typing	1/18	0	0	Anahera needs your help. Decide what she should say to make a polite request for the situations below.
BM	JPN1004	unclassified	1/4	0	0	Have a look around the room you are in. If you are on your own, describe where various objects and people are in the roo
BM	JPN1004	unclassified	1/3	0	0	After you have read the discussion about the bus trip between the classmates, complete the chart. Who wants to do the fo
BM	JPN1004	unclassified	2/5	0	0	Match the Japanese sentence with the English meaning.
BM	JPN1004	typing	1/9	0	0	After you have read the information about Nikko and looked at the photos and map, answer these questions in English.
BM	JPN1004	unclassified	1/6	0	0	Using the pictures to help you, select the correct verb of wearing to complete each part of the sentence.
BM	JPN1004	unclassified	1/6	0	0	Now it is your turn to write a passage of your choice. Use the content of this module to help you. This is your opportun
BM	JPN1004	unclassified	1/3	0	0	Reflect on what you learnt about in this module. Consider how well you have understood and completed each of these throu
BM	JPN1004	unclassified	1/2	0	0	Complete some critically reflective action statements about your next steps. You will reflect on what you can do to make
BM	MXDB102	dragAndDrop	1/4	0	0	Drag the shapes into the correct columns to match the shape at the top.
BM	MXDB102	dropDown	1/5	0	0	Kai pai! Your kaiako would love to see what you have learned so far. When you have had some feedback from your kaiako, c
BM	MXDB102	dropDown	1/5	0	0	Kai pai! Your kaiako would love to see what you have learned. Download your journal and upload it into the dropbox.
BM	MXDB201	modal	21/31	1	1	What was the price that Garden Solutions offered? _________________
BM	MXDB201	modal	23/31	1	1	Work out how much it would cost if they chose Design Your Garden’s raised gardens:
BM	MXDB201	modal	26/31	1	1	Work out how much it would cost if they chose Look Sharp Gardens:
BM	MXDB201	unclassified	1/4	1	0	Work out the volume of these shapes:
BM	MXDB201	unclassified	1/4	1	0	Shelley headed to the garden centre to purchase some seeds. Type in the correct answer to each question.
BM	MXDB202	unclassified	1/5	1	0	Before we delve into learning more about the Colosseum, take some time to explore the Colosseum through Google Earth.
BM	MXDB202	selfCheck	3/26	0	0	To work out how many spectators are in each section we need to multiply the number of spectators per row by the number o
BM	MXDB202	selfCheck	20/36	1	0	Now that we have seen some different strategies to work out the number of spectators in the lower section, choose one of
BM	MXDB202	selfCheck	34/36	1	0	Go to your journal to practise some more multiplication problems.
BM	MXDB202	tabs	24/25	0	1	Let’s practise some subtraction equations. You may need a pen and paper to help you work out the answers.
BM	MXDB202	selfCheck	11/13	1	0	Go to your journal to practise some more subtraction problems.
BM	MXDB202	selfCheck	9/27	1	0	Starting from the bottom, the tower is broken into 4 main sections.
BM	MXDB202	selfCheck	25/27	1	0	Go to your journal to complete some more comparison activities.
BM	MXDB202	unclassified	1/11	1	0	Answer these questions by selecting the correct answer from the dropdown box.
BM	MXDB202	unclassified	1/16	1	0	Choose the correct answer from the dropdown menu.
BM	MXDB202	selfCheck	2/7	0	0	Sometimes patterns can come in shapes and a rule is followed to increase the size of the shape. For example:
BM	MXDB202	selfCheck	4/7	0	0	If we decided to continue this pattern with more sticks, complete the table by filling in the missing boxes:
BM	MXDB202	flipCard	17/19	1	0	After learning some fun facts about the Sky Tower it's time for you to get a bit creative. Your challenge is to build yo
BM	MXDB202	tabs	1/9	0	1	The One World Trade Center, also known as the Freedom Tower, is a remarkable skyscraper located in New York City, USA. A
BM	MXDB202	tabs	4/9	0	1	Landmark 81 is a skyscraper that was built as a symbol of progress and modernity in Vietnam. Built in Ho Chi Minh City, 
BM	MXDB202	tabs	7/9	0	1	The Burj Khalifa is not actually a tower but a gigantic skyscraper that stands tall and proud in Dubai, which is in the 
BM	MXDB202	dropDown	1/3	0	0	Ka Pai! You have completed the module Landmarks Around the World. We hope you enjoyed your learning. It is now time to s
BM	MXDB302	memoryGame	6/37	0	0	When we convert between these units, we either multiply or divide by 10, 100 or 1000. This often means working with deci
BM	MXDB302	memoryGame	13/37	1	0	The examples in this clip do not specifically use measurement units but the process you would go through is the same.
BM	MXDB302	modal	1/4	0	1	While the examples in this clip do not specifically use measurement units, the process you would go through is the same.
BM	MXDB302	typing	19/20	1	0	Think about how you got on with these tasks. Do you need to go back and review the videos before you move on to the task
BM	MXDB302	dragAndDrop	1/4	0	0	Drag each item into the correct column to show which is the most appropriate unit to use to calculate perimeter.
BM	MXDB302	accordion	12/18	1	1	There will be times where you will need to find the area of a triangle as well. Watch the clip below to see how this is 
BM	MXDB302	carousel	5/8	0	1	When faced with real-life problems, organising information in a table or on a graph can be useful. It can help you to se
BM	MXDB302	accordion	1/9	0	0	Tables are one way you can visually represent the relationship between two variables. They can be vertical or horizontal
BM	MXDB302	accordion	1/9	0	1	Graphs are another way to visually show the relationship between two variables. The coordinates created from a table for
BM	MXDB302	clickDrop	2/9	0	1	A family of facts is a group of related Maths equations that use the same numbers. These equations show how addition and
BM	MXDB302	accordion	1/16	0	1	Maia knows her whānau eat a lot of potatoes, but their favourite vegetable is still kūmera. She drew up this table to sh
BM	MXDB302	selfCheck	13/15	1	0	As you completed that activity, did you read every word carefully or did you **skim** the text by looking at the subhead
BM	MXDB302	carousel	3/18	0	1	The first building block we have is 1 and these blocks get bigger as we multiply by 10.
BM	MXDB302	carousel	12/18	0	1	When we divide by 10, we get numbers that are smaller than 1. These are fractions.
BM	MXDB302	accordion	1/19	0	0	Place Value Partitioning is a method where one or both numbers are broken into their expanded form and added together on
BM	MXDB302	accordion	12/19	1	0	Rounding and Compensating is a method that rounds a number up or down to a tidy number
BM	MXDB302	carousel	4/17	0	1	To multiply decimals together we:
BM	MXDB302	carousel	4/12	0	1	When re-inserting the decimal point after the calculations have been made, it is easy to get the point in the wrong plac
BM	MXDB302	multiChoiceQuiz	19/55	1	0	See how estimating and solving for an exact answer is all put together by working through the two examples below.
BM	MXDB302	dropDown	1/5	0	0	This is a good method to use when your divisor is ten or less. Learn how to carry out these division problems by watchin
BM	MXDB302	dropDown	4/5	1	0	This is a good method to use when you have a large divisor. Learn how to carry out these division problems by watching t
BM	MXDB302	multiChoiceQuiz	17/43	0	0	Division can sometimes look and feel a bit daunting, but if you select the best method to use and follow the steps, it d
BM	MXDB302	carousel	4/19	0	0	A percent is a special fraction that **always** has 100 as the bottom number.
BM	MXDB302	carousel	10/19	0	0	When an item is discounted in a sale, there are two possible things we would want to find out:
BM	MXDB302	carousel	15/19	1	0	Percentages, fractions and decimals are all related. Any percentage can be turned into a fraction by placing it over 100
BM	MXDB302	accordion	1/27	0	1	This approach turns the percentage into a fraction then multiplies. It is a good choice if you are finding 10%, 20%, 25%
BM	MXDB302	accordion	4/27	0	1	We can make this even easier, by converting the percentage into its fraction’s **simplest** form.
BM	MXDB302	accordion	16/27	1	1	This method is useful if you need to find a multiple of 10% and has one easy step to let you find 5% or 15%. As you prac
BM	MXDB302	accordion	10/22	1	1	This is a strategy that can be used for any equation but could be especially useful if you have to find a tricky looking
BM	MXDI101	modal	2/10	0	0	Thread some beads onto a string in patterns of two. Use this to practise counting forwards and backwards in 2’s.
BM	MXDI101	modal	5/10	1	0	Build a tower with blocks, changing colour every 2 blocks. Practise counting in 2s to see how many blocks you have in yo
BM	MXDI101	modal	8/10	1	0	Draw some stepping stones outside with chalk. Write numbers in the stepping stones and then jump from number to number c
BM	MXDI101	modal	2/11	0	0	Paint or draw around your hand lots of times. Practise counting in 5 to work out how many fingers are on your drawing.
BM	MXDI101	modal	5/11	1	0	Listen to the story ‘Lots of Ladybugs’ to practise counting in fives.
BM	MXDI101	modal	9/11	1	0	Go outside and gather a collection of items and group these together into groups of 5. Practise skip counting in 5s by c
BM	MXDI101	modal	2/10	0	0	Build several different towers with blocks that have ten blocks in each tower. Skip count in 10s to work out how many bl
BM	MXDI101	modal	5/10	1	0	Draw with chalk outside or create a paper path. Skip counting in 10s, write these numbers on each spot. Practise jumping
BM	MXDI101	modal	8/10	1	0	Skip count in 10s to work out how many fingers there are altogether with everybody that lives in your house.
BM	MXDI102	modal	2/13	1	0	Look around your house, section and/or neighbourhood to find and take photos of things that have been cut or divided in 
BM	MXDI102	modal	6/13	1	0	Practise splitting a group of objects in half or cutting things in half. Take photos and upload these into your journal.
BM	MXDI102	modal	10/13	1	0	Read or listen to the following story.
BM	MXDI102	unclassified	1/5	1	0	Let’s practise by dragging the images into the correct row to show what fraction has been coloured in yellow:
BM	MXDI102	modal	2/6	1	0	Find and take photos of things that have been cut or split into quarters.
BM	MXDI102	modal	5/6	1	0	Practise splitting a group of objects into quarters. These could be blocks, leaves, a sandwich etc. Take photos of these
BM	MXDI102	unclassified	1/6	0	0	When something is split equally into 3, (thirds), each equal part is 72. Look at the table below to see how much of ea
BM	MXDI102	modal	2/8	1	0	Find and take photos of things that have been cut or split into quarters.
BM	MXDI102	modal	6/8	1	0	Practice splitting a group of objects into thirds. These could be blocks, leaves, cupcakes etc. Take photos of these and
BM	MXDI102	unclassified	7/13	1	0	Put these fractions in order from smallest to largest:
BM	MXDI102	unclassified	1/7	0	0	When something is split equally into 5, (fifths), each equal part is 130. Look at the table below to see how much of e
BM	MXDI102	modal	2/12	1	0	Find and make a recipe that uses fractions in it. Upload photos of your cooking or baking into your journal and explain 
BM	MXDI102	modal	6/12	1	0	Start with a full sheet of newspaper. Turn the music up and dance only on this piece of newspaper. When the song finishe
BM	MXDI102	modal	10/12	1	0	Create some shapes with playdough and practise cutting them up into equal sized pieces. Discuss with your supervisor wha
BM	MXDI103	unclassified	2/5	1	0	Now count the number of objects in each row and then drag the correct answer up to match the row.
BM	MXDI103	dragAndDrop	2/5	0	0	Now it's time to put these numbers in the correct order, but this time we are working backwards from 20 to 1.
BM	MXDI103	carousel	2/8	0	0	When we are working with numbers over 10 we can still use tens frames to help us. For example, the image below shows one
BM	MXDI103	carousel	3/8	0	0	Watch this video to learn more about the tens place and then complete the activity.
BM	MXDI103	carousel	5/8	0	0	Complete the table below by typing in the correct number of dots to complete the equation shown in the tens frames. The 
BM	MXDI103	selfCheck	18/21	1	0	Ka pai! You have now completed the Numbers to 1,000 module. It is now time to show your kaiako what you have been learni
BM	MXDI202	unclassified	1/6	1	0	Select the most appropriate graphs or charts for the following sets of data. Remember there is often more than one optio
BM	MXEO201	carousel	6/10	0	0	Remember there are no wrong answers, just lots of fun! It might take you a few times to get your tessellation to work, a
BM	MXEO201	carousel	5/7	0	1	When you are happy with your array artwork, go to the journal and complete the questions and share your learning with yo
BM	MXEO301	modal	1/2	0	1	Congratulations, brave adventurer! By accepting this challenge, you have taken your first bold step on a path to treasur
BM	MXEO301	accordion	1/8	0	1	Every composite number is made up of a single set of **prime** factors. This means you can get to every composite number
BM	MXEO301	accordion	5/8	0	1	Let’s look at the composite number 24 again and use a factor tree to find its single set of prime factors. Remember, it 
BM	MXEO301	accordion	6/8	0	1	The prime factors of 24 = 2 × 2 × 2 × 3
BM	MXEO301	accordion	2/4	0	1	There are a variety of ways you can express exponential notation. Look at the chart below to see a few different ways ex
BM	MXEO301	accordion	1/9	0	1	Our number system can also be called a ‘base-10’ system. This is all related to exponents and there is a pattern to base
BM	MXEO301	accordion	2/12	0	1	A base raised to the second power has a special term – squared. You may have come across it already when learning about 
BM	MXEO301	accordion	4/12	0	1	We would say this number as “four squared”. The exponent tells us how to multiply four by itself two times → 4 × 4 = 16.
BM	MXEO301	accordion	7/12	0	1	A base raised to the third power has a special term as well – cubed. It is used when we calculate volume.
BM	MXEO301	accordion	9/12	0	1	We would say this number as “two cubed”. The exponent is telling us to multiply two by itself three times. This would gi
BM	MXEO301	accordion	2/14	0	0	Can you find the 4-digit code? Within every answer, the digit in the **ones** column is the number you are after. The co
BM	MXEO301	accordion	13/14	1	0	Ka pai, codebreaker! You have built a strong foundation, the first step to mastering this journey. In Maths, just as in 
BM	MXEO301	carousel	3/33	0	1	When brackets appear in an equation, you solve whatever is inside the brackets first.
BM	MXEO301	carousel	12/33	0	1	You learned in Lesson 1 that an exponent is a small superscripted number written above and to the right of another numbe
BM	MXEO301	carousel	17/33	0	1	Division and multiplication are grouped together. This means you divide or multiply equations as you come across them wh
BM	MXEO301	carousel	26/33	0	1	Just like division and multiplication are grouped together, so are addition and subtraction. This means you add and subt
BM	MXEO301	accordion	3/17	0	0	Find the 4-digit code by solving the equations below. The digit in the **tens** column is the number you are after. The 
BM	MXEO301	accordion	14/17	1	0	Congratulations, adventurer! You have cracked the code by working step by step to the correct answer – mahi pai
BM	MXEO301	tabs	1/12	0	1	Positive or negative integers are shown as dots on the number line. They sit directly on the number itself because they 
BM	MXEO301	tabs	4/12	0	1	Fractions on a number line sit between two whole numbers. Fractions are not generally labelled on a number line, so you 
BM	MXEO301	tabs	10/12	0	1	With decimals being another way to show part of a whole, the same care needs to be taken when placing negative decimals 
BM	MXEO301	modal	2/5	0	1	You read the greater than or less than statements from left to right.
BM	MXEO301	typing	13/22	1	0	Subtraction works in the same way, but we will be moving to the **left** on the number line.
BM	MXEO301	accordion	2/29	0	1	When your starting point is a negative number, the digit you want to revolve around is **zero**.
BM	MXEO301	accordion	16/29	1	1	When you start with a positive number, the digit you again want to revolve around is **zero**.
BM	MXEO301	modal	1/16	0	1	You might decide the two rules are too tricky for you to remember. If that is the case, the examples we will look at now
BM	MXEO301	modal	4/16	0	1	If we applied rule 1 to the equation 3 + -7 this equation would turn into 3 – 7.
BM	MXEO301	modal	10/16	0	1	If we applied rule 2 to the equation –2 – -4 this equation would turn into –2 + 4.
BM	MXEO301	typing	14/19	1	0	To multiply and divide negative numbers, you follow a similar rule to the one we've already explored.
BM	MXEO301	accordion	2/12	0	1	Find the 4-digit code by solving the equations below. The digit in the **tens** column is the number you are after. The 
BM	MXEO301	modal	1/2	0	1	Bravo, adventurer! You have mastered the challenge of negative numbers—impressive! Now, prepare for the next test. Just 
BM	MXEO301	dragAndDrop	10/25	1	0	Within an equation, a variable may only have one value, or its value can change depending on the context. Click on each 
BM	MXEO301	dragAndDrop	12/25	1	0	When a variable is included in an equation, it can only equal one value.
BM	MXEO301	carousel	4/21	0	1	You can do **anything** you want to an equation, as long as you do it to **BOTH** sides of the equal sign. This keeps th
BM	MXEO301	carousel	9/21	0	1	Let’s work through some examples together using the + / – inverse operations to undo each other.
BM	MXEO301	accordion	1/14	0	1	In the equation 4*x* + 7 = 19, we have two operations to deal with – addition and multiplication.
BM	MXEO301	clickDrop	1/12	0	1	Moana has 40 stickers in her sticker collection. For her birthday, she was given some more stickers and now has 82 in to
BM	MXEO301	clickDrop	3/12	1	1	Liam had some marbles. After he got 4 more marbles, he had 10 marbles in total. How many marbles did he start with?
BM	MXEO301	clickDrop	5/12	1	1	Ariki had some money. After spending $14, he had $20 left. How much money did Ariki have at first?
BM	MXEO301	clickDrop	7/12	1	1	Olivia had 30 stamps in her collection. She gave some to her friend, and now has 11 stamps left. How many stamps did she
BM	MXEO301	clickDrop	9/12	1	1	Each packet of pencils has the same number of pencils. If 6 packets contain 30 pencils in total, how many pencils are in
BM	MXEO301	clickDrop	11/12	1	1	A father divided his comic book collection equally among his five children. Each child received seven comic books. How m
BM	MXEO301	accordion	2/16	0	0	Find the 4-digit code by solving the equations below. The correct code will release your next clue.
BM	MXEO301	dragAndDrop	13/14	1	1	As well as the ‘greater than’ and ‘less than’ symbols, inequality expressions also use two other symbols that allow for 
BM	MXEO301	carousel	4/10	0	1	An acceptable speed limit in some areas might be at least 45 km/h but no faster than 50 km/h. If we use *s* to represent
BM	MXEO301	carousel	8/10	0	1	Certain organisations have age restrictions on admittance or membership. A club that only allows membership to people be
BM	MXEO301	clickDrop	1/8	0	1	Every text has readers. This is your audience. Thinking about who will read your text helps you understand what they mig
BM	MXEO301	clickDrop	3/8	1	1	Every piece of writing has a purpose, or your "why." This guides your message and structure. If your text does not match
BM	MXEO301	clickDrop	5/8	1	1	Different types of writing use specific formats. Choosing the right format helps readers follow your message easily.
BM	MXEO301	clickDrop	7/8	1	1	Tone is the attitude or feeling behind your words. The way you write gives readers a sense of your feelings or opinions.
BM	MXEO301	accordion	2/14	0	0	Find the 4-digit code by solving the equations below. The correct code will release your next message.
BM	MXEO301	accordion	13/14	1	0	Well done, adventurer! You have conquered inequalities, reaching a turning point in your journey. You have mastered many
BM	MXEO301	accordion	3/25	0	0	Despite the advanced technology we have today, the compass is still regarded as one of the most important instruments us
BM	MXEO301	accordion	11/25	1	0	Angles are measured in units called ‘degrees’ – a 50 degree angle is written as 50°.
BM	MXEO301	accordion	18/25	1	0	Understanding these degrees lets us navigate accurately, giving exact bearings to find locations or describe directions 
BM	MXEO301	accordion	21/25	1	0	Using landmarks alongside compass points is an effective strategy for giving precise directions. Landmarks can help conf
BM	MXEO301	accordion	5/29	1	0	When we move up to a four-quadrant Cartesian plane, we need to start thinking of the *x* coordinate as being able to mov
BM	MXEO301	accordion	10/29	1	0	Some grids only show Quadrant I.
BM	MXEO301	accordion	17/29	1	0	Let’s use this coordinate grid to explore the different quadrants further.
BM	MXEO301	modal	1/5	0	0	Tino pai rawa atu
BM	MXEO401	dragAndDrop	4/21	0	0	Now that you have revised how to measure in centimetres (and to the closest half cm), you will now learn how to take you
BM	MXEX202	dropDown	1/3	0	0	Your kaiako (teacher) would love to see the learning you have done. Upload your journal and anything else you have compl
BM	MXEX301	dragAndDrop	1/3	0	0	Identify which measurement will be most suitable to find out the length or width of the following.
BM	MXEX301	multiChoiceQuiz	1/15	0	0	Read the statements below and apply what you have learned in this lesson without the use of a calculator.
BM	MXEX301	dragAndDrop	1/3	0	0	Drag and drop the measurement units to their correct pair by using your knowledge of measurement prefixes.
BM	MXEX301	dragAndDrop	1/5	0	0	Drag and drop the following to their corresponding measurement units and converted equivalent. Use the diagrams as a gui
BM	MXEX301	multiChoiceQuiz	1/7	0	0	Identify the name of the shape, number of faces, edges or vertices by choosing the correct answer.
BM	MXEX301	dragAndDrop	1/5	0	0	Match the plan-view of each of the following structures by dragging and dropping them to their correct pair.
BM	MXEX302	accordion	7/8	1	1	Watch this video to learn more about planning a survey.
BM	MXEX302	carousel	2/8	0	1	To learn more about different types of graphs and how to create them, watch the videos in this slideshow. You don’t need
BM	MXEX401	carousel	1/3	0	0	*Knowing this special feature about triangles will help you to work out missing angles. This skill will benefit you in G
BM	MXEX401	flipCard	3/16	0	0	*Watch this video and then attempt to construct an equilateral triangle.*
BM	MXEX401	flipCard	8/16	0	0	*Draw a net on cardboard, cut, fold and tape/glue it together to create one of these 3D shapes:*
BM	MXEX401	carousel	7/8	0	0	If you need to revise parallel rules like “Alternate angles” and “Corresponding angles” please go to the fundamentals.
BM	MXFL103	accordion	10/23	1	1	Match the correct time to each clock.
BM	MXFL104	carousel	13/14	1	1	This module will focus on **taha tinana** (your body and physical wellbeing). You will be learning why looking after you
BM	MXFL104	carousel	11/33	1	1	Drinking enough is important. Staying hydrated means drinking enough water, milk or other **liquid**
BM	MXFL104	carousel	15/33	1	1	In Mathematics, the amount of water or **liquid inside** a container is called **volume**
BM	MXFL104	carousel	23/33	1	1	Most children need around five or six cups of water (or other liquid) a day.
BM	MXFL104	carousel	26/33	1	1	When we talk about drinking five or six cups of water a day, we mean that each cup is at its capacity. A **full** cup.
BM	MXFL104	carousel	9/11	1	0	In this lesson, you will be learning to work out how long something takes as well as read the time on a 12-hour clock as
BM	MXFL201	accordion	1/18	0	0	Now go to your learning journal and add the cost of your activities into your budget.
BM	MXFL201	accordion	4/18	0	0	What will you choose to eat when you are away? You will need to think about breakfast, lunch, dinner and snacks for each
BM	MXFL201	accordion	7/18	0	0	$72 per person per meal. The meal will include an entrée, main meal, dessert and drink.
BM	MXFL201	accordion	10/18	0	0	$26 per person, per meal. Includes a light meal and drink.
BM	MXFL201	accordion	13/18	0	0	$8 per person, per meal. Cook your own food at your accommodation, by shopping at the supermarket.
BM	MXFL201	accordion	17/18	0	0	$2 per snack – purchase at dairies or supermarkets
BM	MXFL202	dragAndDrop	1/3	0	0	Read the statements below and decide which step they are in the PPDAC cycle. Drag and drop them to the correct row.
BM	MXFL202	multiChoiceQuiz	1/33	0	0	Practise using the **PPDAC** **cycle** as a guide to solve problems. Read the situation and then answer the questions fo
BM	MXFL202	multiChoiceQuiz	1/20	0	0	Fill in the blanks from the drop down menu.
BM	MXFL202	dropDown	1/4	0	0	Kai pai! You have completed your module on pets. Your kaiako would love to see the learning you have done. Upload your j
BM	MXFL203	unclassified	2/4	1	0	Go to your learning journal and demonstrate your understanding of these words.
BM	MXFL203	dragAndDrop	1/4	0	0	Drag the correct fraction to the correct fraction.
BM	MXFL203	carousel	1/3	0	0	Show off your baking skills by following the steps below:
BM	MXFL204	unclassified	2/4	1	0	Select the observation or wondering each child has identified.
BM	MXFL204	dragAndDrop	1/8	0	0	Read the following questions and sort them into two groups.
BM	MXFL204	unclassified	6/20	1	0	Use the information from the table above to complete the following statements
BM	MXFL204	dragAndDrop	1/2	0	0	Use the information on the flip cards to order the dogs energy levels on the scale below
BM	MXFL204	carousel	1/2	0	0	Look at the misleading data on the following flip cards. Then tick all the options that apply for each misleading graph.
BM	MXFL204	accordion	2/42	1	1	What types of animals interest you? What questions do you have about animals? Thorough this module there have been sever
BM	MXFL204	accordion	7/42	1	1	How will you gather information?
BM	MXFL204	accordion	16/42	1	1	Have you created survey or interview questions? If you have upload them into your learning journal.
BM	MXFL204	accordion	22/42	1	1	Display your data in an easy to read, eye catching way. Select an appropriate graph. Explain what you notice from your d
BM	MXFL204	accordion	27/42	1	1	What did the data tell you? Was your hypothesis (estimation) correct? Would more results give you more accurate informat
BM	MXFL204	accordion	33/42	1	1	Complete a presentation about your investigation.
BM	MXFL301	dropDown	1/13	0	1	Locate Aotearoa New Zealand on the map below then use the compass directions to help you make each statement true.
BM	MXFL301	accordion	1/11	0	1	Maps are like a graph as they have pairs of numbers used to show locations. These pairs are known as **coordinates** or 
BM	MXFL301	typing	15/46	1	0	Instead of using numbers to form the coordinate pairs, latitude and longitude use degrees as their unit.
BM	MXFL301	typing	23/46	1	0	The Great Pyramids of Giza in Egypt
BM	MXFL301	typing	32/46	1	0	Look at the map of Aotearoa New Zealand. Around the edge are the measures of latitude and longitude but notice there are
BM	MXFL301	dragAndDrop	1/6	0	0	Use the map below to match the latitude and longitude coordinate to the correct letter in the table.
BM	MXFL301	modal	1/12	0	1	In maths, a ratio is a comparison between two numbers.
BM	MXFL301	modal	6/12	0	1	The ratio of strawberries to blueberries would compare the number of one fruit to the number of the other. It can be wri
BM	MXFL301	accordion	1/9	0	1	Let’s work through an example together of this park, where the scale is **1cm : 50m**
BM	MXFL301	modal	1/5	0	1	When working with distance, the important fact to remember is **1,000 metres = 1 kilometre**
BM	MXFL301	carousel	1/13	0	1	Identify three locations on the page: the ruler on the top banner, Wellington and Fiji.
BM	MXFL301	carousel	3/13	0	1	Click on the ruler. This will bring up a box asking you to click the points on the map you want to measure distances. Cl
BM	MXFL301	carousel	5/13	0	1	The box in the top right corner states the distance between Wellington and Fiji is 2,617.59 km. To make this easier for 
BM	MXFL301	carousel	7/13	0	1	Estimate the length of the line or hold a ruler up to your screen to measure. This line measured 10cm
BM	MXFL301	accordion	1/2	0	1	Relative frequency is the number of times a particular outcome occurs divided by the total number of outcomes. It can be
BM	MXFL301	accordion	1/7	0	0	Not all sample sizes
BM	MXFL301	accordion	1/33	0	1	This first method converts the percentage back into its fraction form and uses multiplication to solve the problem. Watc
BM	MXFL301	accordion	4/33	0	1	Using this method, our problem of finding 20 % of 300 is turned into 20/100 × 300/1
BM	MXFL301	accordion	15/33	1	1	The first method converted the percentage into a fraction. This method uses the decimal form to solve the problem. If yo
BM	MXFL301	accordion	17/33	1	1	The clip below converts the percentage back to a fraction and then to a decimal. Do not let this confuse you → all three
BM	MXFL301	accordion	20/33	1	1	Let’s use our original problem: What is 20 % of 300?
BM	MXFL301	accordion	27/33	1	1	This is a good alternative method. It follows the same principles we looked at above, so the same rule applies → the tot
BM	MXFL301	accordion	30/33	1	1	Using our original problem one more time, let’s use this method to find 20 % of 300. Luckily, there are no decimal place
BM	MXFL301	accordion	2/26	0	1	This strategy follows the method we have just explored by reducing every percentage to 1 %. It is a good method to use w
BM	MXFL301	accordion	10/26	1	1	This strategy uses a formula to solve the problem.
BM	MXFL301	accordion	16/26	1	1	Let’s apply this to a problem → 20 % of people enjoy the bustling markets of Asia. If another 60 people like this idea a
BM	MXFL301	modal	2/6	0	1	Rounding and estimating are useful ways to make numbers easier to work with. When we round, we adjust a number to the ne
BM	MXFL301	accordion	1/8	0	1	The word **algorithm** means a set of steps you take to complete a task. Watch the clip below to see these steps being u
BM	MXFL301	accordion	3/8	0	1	The step to be the most careful about is remembering to add the placeholder 0s. Let’s look at one more example, step by 
BM	MXFL301	accordion	6/8	1	1	The box method uses place value and might be a good option if you tend to forget to include placeholder 0s as you solve 
BM	MXFL301	accordion	1/7	0	1	This is a good method to use if you prefer breaking up numbers into smaller chunks but do not want to have to draw a gri
BM	MXFL301	accordion	4/7	0	1	Let’s work through the steps once more using the equation 465 × 26
BM	MXFL301	accordion	1/10	0	1	When multiplying decimals, these are the important actions:
BM	MXFL301	accordion	8/10	1	1	We have already done some work on this module about estimating and multiplying. Let’s revisit it once more by multiplyin
BM	MXFL301	accordion	1/7	0	1	When using an algorithm to find your answer, the important thing is to stack your numbers carefully, making sure the dec
BM	MXFL301	accordion	5/7	1	1	Partitioning means *pulling apart.* By splitting one of the numbers, we can add it in stages according to place value. L
BM	MXFL301	accordion	1/3	0	1	The reversibility method allows you to turn any subtraction into an addition and make gradual jumps along a number line 
BM	MXFL301	accordion	2/80	0	1	To convert between seconds and minutes we will need to either multiply or divide by 60.
BM	MXFL301	accordion	5/80	0	1	We will be multiplying by 60 to convert minutes to seconds.
BM	MXFL301	accordion	11/80	0	1	We will be dividing by 60 to convert seconds to minutes.
BM	MXFL301	accordion	20/80	1	1	To convert between minutes and hours we again need to either multiply or divide by 60.
BM	MXFL301	accordion	23/80	1	1	Watch the short clip below to learn about the two types of conversion questions you could be asked.
BM	MXFL301	accordion	30/80	1	1	A simple problem would give us an exact hour figure.
BM	MXFL301	accordion	42/80	1	1	To convert between seconds and minutes we will need to either multiply or divide by 24.
BM	MXFL301	accordion	45/80	1	1	We will be multiplying by 24 to convert days to hours.
BM	MXFL301	accordion	53/80	1	1	We will be dividing by 24 to convert hours into days.
BM	MXFL301	accordion	62/80	1	1	Test your conversion skills with these two activities.
BM	MXFL301	accordion	66/80	1	1	There are two ways to tell the time during a day.
BM	MXFL301	accordion	70/80	1	1	The 12-hour clock is based on each day being split into two 12-hour halves.
BM	MXFL301	accordion	75/80	1	1	The 24-hour clock is based on a full day of 24 hours. It is often used in places like airports and travel documents, whe
BM	MXFL301	accordion	1/8	0	1	Elapsed time is the amount of time that passes from one event to another. It can also refer to the total time from the b
BM	MXFL301	accordion	3/8	0	1	Let’s apply both these methods to solve a travel problem.
BM	MXFL301	accordion	7/8	1	1	Some time problems require us to add or take away time. In these cases, a systematic approach is a smart strategy. We ju
BM	MXFL301	accordion	3/33	0	1	Let’s use this information to answer the questions on the screen.
BM	MXFL301	accordion	17/33	1	1	Let’s start with a few questions before we tackle the ones on the screen.
BM	MXFL301	accordion	1/38	0	1	It is possible to calculate the time differences between two locations using the 24 time zones. Watch the clip below to 
BM	MXFL301	accordion	4/38	0	1	Let’s practice this calculation with a few examples.
BM	MXFL301	accordion	6/38	0	1	What is the time difference between Aotearoa New Zealand during daylight saving (+13) and Japan (+9)?
BM	MXFL301	accordion	10/38	0	1	What is the time difference between Germany (+1) and New York, United States (-5)?
BM	MXFL301	accordion	14/38	1	1	Once we know the time difference between two locations, it is possible to calculate the time in another location in rela
BM	MXFL301	accordion	17/38	1	1	We can solve problems like this by applying the skills of adding and subtracting time we learned in the last lesson. Let
BM	MXFL301	accordion	19/38	1	1	Kiri Atkins has a friend in Kenya and wants to phone her. If it is daylight saving time in Aotearoa New Zealand (+13) an
BM	MXFL301	accordion	26/38	1	1	Ariki Atkins has a friend in Rio de Janeiro who wants to phone him. If it is daylight saving time in Aotearoa, New Zeala
BM	MXFL301	accordion	32/38	1	1	While 0° longitude measures the Prime Meridian, on the other side of the world, at 180°, is the International Date Line.
BM	MXFL301	accordion	36/38	1	1	Let’s practise these calculations with some activities.
BM	MXFL302	carousel	3/8	0	1	Hemi is a bright and enthusiastic 18-year-old. He is a whizz with numbers and has an analytical mind. This makes him the
BM	MXFL302	carousel	5/8	0	1	Aria is another bright and enthusiastic 17-year-old. She has a flair for cooking and menu planning and brings her culina
BM	MXFL302	carousel	7/8	0	1	Portia is a fun-loving 18-year-old bursting with creativity. Her talent for decorating and ability to organise activitie
BM	MXFL302	carousel	2/36	0	1	When brackets are present in the equation, you calculate whatever is inside the brackets first.
BM	MXFL302	carousel	11/36	0	1	An exponent is a small superscripted number written above and to the right of a larger number – the base.
BM	MXFL302	carousel	17/36	0	1	Division and multiplication are grouped together. This means you divide or multiply equations as you come across them wh
BM	MXFL302	carousel	23/36	0	1	Just like DM is grouped together, so is addition and subtraction. This means you add or subtract equations as you come a
BM	MXFL302	carousel	32/36	1	1	As this is the newest of the acronyms to help you remember the order of operations rule, let’s look at what each letter 
BM	MXFL302	carousel	34/36	1	1	You can see the biggest difference is G – Grouping. This just refers to the equations grouped together inside brackets. 
BM	MXFL302	modal	1/2	0	1	In Algebra, when a pronumeral is multiplied by a number
BM	MXFL302	accordion	1/49	0	1	There are two ways to find this answer.
BM	MXFL302	accordion	8/49	1	1	Abbreviations can be useful for this task to save a lot of writing. Let’s organise a few now.
BM	MXFL302	accordion	16/49	1	1	You could be asked a range of probability questions based on this tree diagram.
BM	MXFL302	accordion	31/49	1	1	Sometimes you might be asked about the probability of one event AND a second event. Alternatively, you could also be ask
BM	MXFL302	modal	1/4	0	1	To explore this concept, watch the example in the video below. Notice the use of probability fractions along the branche
BM	MXFL302	typing	15/22	1	0	As you move through your learning, most of the equivalent fractions you will be asked to work with will not be presented
BM	MXFL302	modal	1/9	0	1	The types of questions in the quiz are often used by kaiako to make sure you understand how to create and simplify equiv
BM	MXFL302	modal	4/9	0	1	Remember to apply a little bit of logic. Find out what has already been done on the finished part of the fraction and do
BM	MXFL302	modal	8/9	0	1	Remember you can start with a known number, do your operation and find the missing number just using multiplication ever
BM	MXFL302	carousel	9/14	0	1	1/6 + 2/3 + 2/9
BM	MXFL302	accordion	2/16	0	1	Let’s do one more example together.
BM	MXFL302	accordion	10/16	1	1	Let’s do one more example together.
BM	MXFL302	accordion	9/31	1	1	For easy subtraction equations that involve mixed numbers, we can use the same procedure we used for adding mixed number
BM	MXFL302	accordion	12/31	1	1	Before we move onto looking at how to solve trickier problems, let’s work through an easier equation together.
BM	MXFL302	accordion	22/31	1	1	Let’s work through one last example here before you have a go at solving some of these equations yourself.
BM	MXFL302	accordion	3/24	0	1	It is literally that simple:
BM	MXFL302	accordion	10/24	1	1	Remember that any whole number can be turned into a fraction by placing it over 1.
BM	MXFL302	accordion	1/7	0	1	Aria is making some finger food for a dinner party and has a recipe for some special meatballs. This recipe makes about 
BM	MXFL302	clickDrop	1/8	0	1	Aria knows that 2/6 is the same as 1/3 and she does have a measuring cup this size. If she halves the amount in the 1/3 
BM	MXFL302	clickDrop	3/8	1	1	Aria knows she cannot have ½ egg. She will use three whole eggs and whisk the fourth separately. She can put half of thi
BM	MXFL302	clickDrop	5/8	1	1	Aria knows 5/8 is just over 4/8, which is the same as ½. Salt is used for flavouring so she will use 2 ½ teaspoons and a
BM	MXFL302	clickDrop	7/8	1	1	Aria knows 7/8 is close to 8/8, which is a whole teaspoon, so she will add just under a teaspoon of pepper.
BM	MXFL302	modal	1/13	0	1	If you already know how to multiply using an algorithm, that is great! You can move on to look at the second strategy. H
BM	MXFL302	modal	4/13	0	1	Let’s use this strategy to solve 435 × 6
BM	MXFL302	modal	7/13	1	1	When you are only multiplying by one digit, using place value can be a good choice of strategy, particularly if you find
BM	MXFL302	modal	10/13	1	1	Let’s use this strategy to solve 426 × 4
BM	MXFL302	accordion	1/6	0	1	Aria has a delicious recipe for cheesy chicken fritters but wants to triple the quantities to make enough fritters for e
BM	MXFL302	clickDrop	1/12	0	1	The gram is the base unit of measurement used to measure mass. You will use it often when measuring out small amounts of
BM	MXFL302	clickDrop	3/12	1	1	Milligrams (mg) are tiny amounts – in fact, 1/1000 of a gram. One milligram (1mg) is about the weight of one grain of sa
BM	MXFL302	clickDrop	7/12	1	1	The kilogram is a unit you will probably be very familiar with already. It is used widely in everyday life to measure ma
BM	MXFL302	clickDrop	9/12	1	1	There is one more unit of mass you have probably heard about. It is one thousand times heavier than a kilogram and it is
BM	MXFL302	modal	1/19	0	1	When you multiply a number by 1000 you make it 1000 times bigger and when you divide a number by 1000 you make it 1000 t
BM	MXFL302	carousel	2/24	0	1	Ratios show us the relationship between two numbers using division. Mathematically, they are the same as fractions and c
BM	MXFL302	carousel	9/24	0	1	Ratios are used often in the real world, especially in the kitchen or to do with food.
BM	MXFL302	carousel	18/24	0	1	If expressed as a fraction, the bottom number in a unit rate is 1. If it is not, then it can be reduced to 1, just like 
BM	MXFL302	accordion	3/9	0	1	Let’s look at solving some time problems Hui & Kai need to grapple with on the event planning front.
BM	MXFL302	accordion	5/9	0	1	Hemi knows it takes 2 hours and 45 minutes for a hāngi to cook. If the pit is sealed at 2:20pm, what time will the food 
BM	MXFL302	accordion	3/20	0	1	Let’s use a timeline to solve some problems Hui & Kai face.
BM	MXFL302	accordion	5/20	0	1	Aria starts making her lasagna from scratch at 1:17pm. She knows it will take her 1 hour and 45 minutes in total. What t
BM	MXFL302	accordion	10/20	0	1	Aria starts her cooking for a small event at 2:30pm. She finishes at 6:12pm. How long has the cooking taken her?
BM	MXFL302	accordion	16/20	0	1	Aria knows the finger food for an afternoon tea will take her 2 hours and 27 minutes to prepare. She needs to have it fi
BM	MXFL302	accordion	3/19	0	1	You could think of this operation as a three-step method.
BM	MXFL302	clickDrop	1/9	0	1	Hui & Kai have been hired to organise a 13-year-old’s birthday party, but it is a big job, so they have asked you to coo
BM	MXFL302	clickDrop	5/9	1	1	This option gives you complete freedom to coordinate an event for Hui & Kai for 30 people. You may choose how you presen
BM	MXFL401	memoryGame	12/13	0	0	You have learnt a lot about percentages and now it is time to do some practice with word problems. Pay close attention t
BM	MXFL401	selectionBox	1/20	0	0	Choose the correct answer to the ratio questions below:
BM	MXFU201	unclassified	1/13	1	0	Discuss with your supervisor what you notice about these results. What hour has the greatest number of cars? What hour h
BM	MXFU202	flipCard	2/16	0	0	Read Magic Tree House #16 Hour of the Olympics by Mary Pope Osborne or Ancient Greece and the Olympics by Mary Pope Osbo
BM	MXFU202	flipCard	5/16	0	0	Look at photos of Ancient Olympia. Create a model or painting of the stadium. Label important structures and explain the
BM	MXFU202	flipCard	8/16	0	0	Choose one of the ancient Olympic sports. Draw a picture of it then annotate the picture by writing details about what y
BM	MXFU202	flipCard	11/16	0	0	Download and play Ancient Olympic board game by clicking on this link. Take photos of you playing it and upload them to 
BM	MXFU202	tabs	1/7	0	1	The first modern summer Olympic games were hosted in Athens, Greece, in 1896. They have continued to be held every four 
BM	MXFU202	tabs	4/7	0	1	The Summer Olympics have increased from a 42-event competition with fewer than 250 male competitors from 14 different co
BM	MXFU202	unclassified	5/8	1	0	Look at the following table and then calculate the difference between the weights lifted.
BM	MXFU202	unclassified	1/27	1	0	Double Susan scores. Remember double means to multiple by 2. For example:
BM	MXFU202	unclassified	16/27	1	0	Triple Katie’s scores. Remember triple means to multiple by 3.
BM	MXFU202	selfCheck	3/7	0	0	Type the letters that were selected in your answers from the 3 sections of the multiple-choice questions to reveal the s
BM	MXFU202	dragAndDrop	1/18	0	0	Drag each numeral needed to complete the answer for the division sums. For example,
BM	MXFU202	flipCard	7/30	0	0	337 seats divided into 5 sections
BM	MXFU202	flipCard	10/30	0	0	520 seats divided between 6 sections
BM	MXFU202	flipCard	13/30	0	0	741 seats divided between 4 sections
BM	MXFU202	flipCard	16/30	0	0	921 seats divided into 5 sections
BM	MXFU202	flipCard	19/30	0	0	829 seats divided into 10 sections
BM	MXFU301	speechBubble	7/11	0	0	Each person judged the situation and used probability words to describe how likely they thought it would be for a spin t
BM	MXFU301	dragAndDrop	1/4	0	0	Drag each of these events to the column that best describes the likelihood of that event happening.
BM	MXFU301	tabs	2/36	0	1	The carousel spun slowly as cheerful music played. Rawinia held on tightly to her horse, waving to her mom every time sh
BM	MXFU301	tabs	15/36	0	1	The smell of candy floss and popcorn filled the air as Mia wandered through the carnival, clutching her prize – a stuffe
BM	MXFU301	tabs	28/36	0	1	At the Spinner Splash booth, a colourful spinner was divided into four equal parts: purple, yellow, orange, and pink. Pl
BM	MXFU301	tabs	3/14	0	1	It is **certain** there will be food of some kind at the carnival. How do we express this as a fraction, a decimal or a 
BM	MXFU301	tabs	8/14	0	1	We know that when a fair coin is flipped, there are two possible outcomes: a head OR a tail. We might say we have an ‘ev
BM	MXFU301	accordion	1/19	0	1	The two-way table is a grid that is systematically filled in. Let’s see how it works by throwing a single dice and tossi
BM	MXFU301	accordion	10/19	1	1	A tree diagram looks a little like a tree, branching out. The first set of branches shows all the outcomes for the first
BM	MXFU301	dragAndDrop	11/14	1	0	Work through two more examples below.
BM	MXFU301	accordion	2/14	0	1	At the Carnival of Probability, the spinner has 24 sections. There are 7 yellow segments, 7 blue segments, 6 green segme
BM	MXFU301	accordion	2/44	0	0	A base-10 fraction has a denominator
BM	MXFU301	accordion	7/44	0	0	Watch the clip below before we work through some examples together.
BM	MXFU301	accordion	10/44	0	0	Fractions that have a denominator of 2, 5, 20, 25 or 50 can also be boosted or simplified to 10 or 100 by finding their 
BM	MXFU301	accordion	16/44	0	0	A percentage is a way of showing a part of something out of 100. It is like writing a fraction where the denominator is 
BM	MXFU301	accordion	24/44	0	0	To convert a decimal into a percentage, you **multiply** the decimal by 100.
BM	MXFU301	accordion	38/44	1	0	It is possible to turn any fraction into its decimal equivalent. Let’s start by watching the clip below to see the proce
BM	MXFU301	accordion	41/44	1	0	Dividing the numerator by the denominator turns any fraction into a decimal.
BM	MXFU301	multiChoiceQuiz	1/3	0	0	Apply your understanding of the two types of probability by answering the questions below.
BM	MXFU301	dropDown	2/3	0	0	Tally charts chunk in groups of five. This makes it easier to total up at the end of your investigations.
BM	MXFU301	modal	2/12	0	0	Watch the short clip below to learn about relative frequency.
BM	MXFU301	modal	4/12	0	0	The video used categorical data
BM	MXFU301	modal	10/12	1	0	Our calculations tell us that the spinner landed on blue 26% of the time while it landed on red 20% of the time, and so 
BM	MXFU301	multiChoiceQuiz	1/23	0	0	Answer the questions below based on the two experimental probability experiments below.
BM	MXFU301	accordion	1/15	0	1	Imagine we have a bag of jewelry consisting of:
BM	MXFU301	clickDrop	1/7	0	0	Let’s go back to our carnival spinning wheel to work through the process of displaying our data.
BM	MXFU301	clickDrop	5/7	0	0	We can also present this same information horizontally.
BM	MXFU301	carousel	6/14	0	1	There are two steps required to add titles for our x- and y-axes.
BM	MXFU301	carousel	2/24	0	1	A carnival prize has been won. The event is picking a red spinning top out of the bag without looking.
BM	MXFU301	carousel	5/24	0	1	There are 20 spinning tops in the bag so there are **20 possible outcomes**.
BM	MXFU301	carousel	8/24	0	1	There are 5 red spinning tops in the bag so there are **5 favourable outcomes**.
BM	MXFU301	carousel	12/24	0	1	As this is a theoretical probability scenario, and the event is only one draw, we use our theoretical probability formul
BM	MXFU301	carousel	14/24	0	1	There are many true statements we can make about this scenario.
BM	MXFU301	radioQuiz	2/34	0	0	The prize for getting three balls into the mouths of three clowns is a lucky dip from the prize bin. There are 50 prizes
BM	MXFU301	modal	2/27	0	1	Complete a probability experiment using a deck of cards.
BM	MXFU301	modal	9/27	1	1	Complete a probability experiment using a bag of colourful lollies (M&Ms or Skittles)
BM	MXFU301	modal	16/27	1	1	Use a homemade spinner or an interactive spinner online to complete your probability experiment.
BM	MXFU301	modal	19/27	1	1	Draw marbles out of a bag to complete your probability experiment
BM	MXFU301	modal	26/27	1	1	You might have an investigative probability question of your own. This is your chance to run with your question or quest
BM	MXFU302	flipCard	1/2	0	0	Watch the video below for an explanation of theoretical probability compared with experimental probability.
BM	MXFU302	multiChoiceQuiz	1/10	0	0	A basketball player shoots 25 free throws during basketball practice and makes 10 of them. What is the experimental prob
BM	MXFU302	multiChoiceQuiz	8/10	0	0	Use this formula to answer the questions below.
BM	MXFU302	accordion	1/3	0	0	Each of the accordion tabs has symbols that represent a number. Click through each and work out the value of each symbol
BM	MXFU302	dragAndDrop	1/3	0	0	Find the gradient of the line by dragging and dropping each to its correct pair.
BM	MXFU302	dragAndDrop	1/3	0	0	Find the negative of the line by dragging and dropping each to its correct pair.
BM	MXFU302	dragAndDrop	1/8	0	0	Drag and drop the following to their correct pair.
BM	MXFU302	dragAndDrop	1/4	0	0	Complete the missing values in each of the tables and graph the following below.
BM	MXFU402	unclassified	1/4	1	0	In your journal, find the **theoretical probability** of each event when two dice are rolled once. You can write your an
BM	MXFUN01	dragAndDrop	2/11	0	0	Think carefully about the place value to decide where each digit card goes.
BM	MXFUN02	radioQuiz	1/5	0	0	Look at these equations below. Use your knowledge to tell if they are true or false. Do the equations balance?
BM	MXFUN03	carousel	3/5	0	1	Watch this video to learn more about clockwise and anticlockwise direction.
BM	MXFUN03	multiChoiceQuiz	1/4	0	0	Which ladybird has turned a half turn clockwise?
BM	MXS1004	carousel	2/7	0	1	A population is **ALL** the individual members or items that make up a group.
BM	MXS1004	carousel	4/7	0	1	A Sample is a **group** of individuals or items **selected** from a population.
BM	MXS1004	carousel	6/7	0	1	A census is when the information is collected about **EVERY** individual in a population.
BM	MXS1004	tabs	2/3	0	0	If we want to know if there is a **difference** between **two groups**, we ask a comparative question
BM	MXS1004	carousel	3/6	0	1	Most of cluster B data seems to start further to the right and the peak of the data also looks further to the right than
BM	MXS1004	carousel	5/6	0	1	Now that we can see the middle 50% (the box) it is obvious that group B looks further to the right than group A. The val
BM	MXS1004	tabs	9/14	0	0	**Standardised Definitions, Units and Measurement:** Data collectors provided standardised definitions, units of measure
BM	MXS1004	typing	1/7	0	0	Write one S,E,E statement describing the above graph.
BM	MXS1004	typing	1/7	0	0	Write one S,E,E statement describing the above graph.
BM	OSAH301	flipCard	2/3	0	1	I know what online abuse and harassment is.
BM	OSAH301	flipCard	2/3	0	1	I know what the HDCA says about digital harm
BM	OSAH301	flipCard	2/4	0	0	I know how to respond and who to report to for help with online abuse and harassment.
BM	OSAH301	flipCard	3/4	0	0	Hopefully, you have added heaps to your kete or baskets of online safety knowledge about what to do if you or someone yo
BM	OSAH401	reorder	1/3	0	0	Match the correct factor with the explanation and example by dragging the tiles into the correct place.
BM	OSAH401	typing	1/2	0	0	Type in the definition of online abuse and harassment as you understand it. Then click the answer button to see if yours
BM	OSAH401	radioQuiz	1/4	0	0	Tick ‘yes’ if you think the example counts as online abuse or harassment. Tick ‘no’ if it does not.
BM	OSAH401	dragAndDrop	1/6	0	0	Would a typical person your age feel seriously upset (emotional distress) or hurt by this?
BM	OSAH501	clickDrop	8/9	1	1	Online abuse and harassment can be **ANY** harmful calls, messages or images that are unwanted and posted without your c
BM	OSAH501	accordion	1/8	0	1	The Harmful Digital Communications Act (HDCA) is a law passed in 2015 to help protect people from being harmed online. I
BM	OSAH501	accordion	3/8	1	1	Before this Act, there weren’t strong legal tools to deal with things like cyberbullying, online threats, or sharing pri
BM	OSAH501	accordion	6/8	1	1	The process started with a review by the Law Commission, which looked at whether Aotearoa New Zealand’s laws were strong
BM	OSAH501	carousel	3/13	0	1	Step 1. Talk to a trusted person. Before anything else, let someone you trust know what’s happening. They can help you s
BM	OSAH501	carousel	6/13	0	1	Step 2. Identify if the communication is harmful – check whether the digital communication breaches any of the 10 Commun
BM	OSAH501	carousel	9/13	0	1	Step 3. Gather evidence before reporting. Take screenshots of the harmful content, record dates, times, platforms, and u
BM	OSAH501	carousel	12/13	0	1	Step 4. Report to Netsafe. Netsafe is the first point of contact for HDCA complaints. Go to netsafe.org.nz/report or cal
BM	OSAH501	shapeHover	2/13	0	0	You or a trusted adult report the incident to Netsafe. This can be done via their website, email, or text.
BM	OSAH501	shapeHover	4/13	0	0	Netsafe will assess the situation and offer advice. They may help you report the content to social media platforms, prov
BM	OSAH501	shapeHover	6/13	0	0	If Netsafe determines the issue is serious or criminal, they may refer the case to the police. This usually happens when
BM	OSAH501	shapeHover	8/13	0	0	Police investigate the complaint and determine whether legal action is needed. They may collect evidence and speak with 
BM	OSAH501	shapeHover	10/13	0	0	If legal action is taken, the District Court may issue orders to remove harmful content, restrict contact, or impose pen
BM	OSAH501	shapeHover	12/13	0	0	You can access emotional support from a counsellor at any time. They can help you process what’s happened and manage str
BM	OSAH501	accordion	6/9	1	1	Click on the images below to see the potential criminal consequences if prosecuted for Harmful Digital Communication.
BM	OSAI101	carousel	27/31	0	1	**Photo sorting and video suggestions**
BM	OSAI101	clickDrop	1/3	0	0	Click on the buttons to see a few types of AI.
BM	OSAI101	dropDown	1/15	0	0	Read the story sentences. Choose which words fit. Try different ones and see if they change the story.
BM	OSAI101	hintSlider	2/4	0	1	Read the prompt and decide if it is a good or bad prompt. Then click to see if you were right.
BM	OSAI201	clickDrop	1/2	0	0	Aria is telling us about three types of AI. Hover over the speech bubble to see an example of each.
BM	OSAI201	dragAndDrop	1/3	0	0	Below is a list of good and bad prompts. Drag each good prompt example to its matching reason.
BM	OSAI301	carousel	2/16	0	1	Predictive text and autocorrect – learns how people write and suggests or fixes words while you type.
BM	OSAI301	carousel	4/16	0	1	Gaming – controls characters, makes smart enemies, and adjusts difficulty to match how you play.
BM	OSAI301	carousel	6/16	0	1	Chatbots and customer service – answers questions, helps with orders, and chats with users. Often on websites or apps.
BM	OSAI301	carousel	8/16	0	1	Navigation and maps – finds the fastest routes, avoids traffic, and gives real-time directions using GPS data.
BM	OSAI301	carousel	10/16	0	1	Robots – use AI to help move, see, and make decisions such as sorting items or avoiding collisions.
BM	OSAI301	carousel	12/16	0	1	Social media – shows you posts you might like; filters content and makes suggestions of accounts to follow.
BM	OSAI301	carousel	14/16	0	1	Search engines – attempts to find the best results for your questions by predicting what you’re really asking.
BM	OSAI301	accordion	2/16	0	1	If you’re writing a story or a letter, generative AI (GenAI) can help you come up with ideas, fix spelling, or suggest b
BM	OSAI301	accordion	6/16	1	1	Generative AI can help explain tricky ideas, summarise information, and offer different ways to understand a topic. It’s
BM	OSAI301	accordion	10/16	1	1	Generative AI can help the creative process by generating ideas, drafting content, or organising information. More time 
BM	OSAI301	accordion	14/16	1	1	Generative AI can quickly complete tasks that would normally take a lot of time like writing, organising, or searching f
BM	OSAI401	flipCard	5/17	0	1	AI is changing how we work by making tasks faster and giving suggestions. It can summarise long texts, create charts, dr
BM	OSAI401	flipCard	11/17	1	1	AI can make posters, edit photos, and even design layouts, but it also influences style. If you ask for a poster, AI mig
BM	OSAI401	flipCard	16/17	1	1	AI is in everyday technology such as phones, smart speakers, and wearables. It learns your habits, predicts what you’ll 
BM	OSAI401	carousel	3/13	0	1	You can ask AI for different ideas on a topic, like “climate change,” and then pick the ones that fit your argument. AI 
BM	OSAI401	carousel	6/13	0	1	AI can help break down tricky readings, like science articles, into summaries. This saves time but don’t trust it blindl
BM	OSAI401	carousel	9/13	0	1	You could ask AI for pros and cons, then check them and add examples from Aotearoa New Zealand. AI might give ideas from
BM	OSAI401	carousel	12/13	0	1	AI can help tidy up your writing, but it shouldn’t replace your ideas or voice. Use it for small fixes like spelling, pu
BM	OSAI401	tabs	3/21	0	0	Before you use AI, think about what you need, not just any random question. AI answers depend on your question, so if yo
BM	OSAI401	tabs	11/21	0	0	AI can sound confident even when it’s wrong. It doesn’t “know” facts. It predicts answers based on patterns, which means
BM	OSAI401	tabs	19/21	1	0	Plagiarism is taking someone’s work and pretending it is your own – even if it from a machine. Don’t copy and paste AI a
BM	OSAI401	shapeHover	2/18	0	0	You cannot use AI for any external NCEA assessments, including exams. This means no chatbots, generative AI, or tools th
BM	OSAI401	shapeHover	4/18	0	0	For internal assessments, rules can vary. Always check with your kaiako first. Some standards focus on planning, researc
BM	OSAI401	shapeHover	6/18	0	0	Your work must show your **own voice** and understanding. Submitting AI-generated work as your own is plagiarism and bre
BM	OSAI401	shapeHover	8/18	0	0	Using AI incorrectly can lead to an invalid assessment. Your results should reflect your learning, not what a tool produ
BM	OSAI401	shapeHover	10/18	0	0	AI can sound confident even when it’s wrong. It doesn’t “know” facts. It predicts patterns, so mistakes and bias can hap
BM	OSAI401	shapeHover	2/15	0	1	AI doesn’t “know” facts, it predicts words based on patterns. Sometimes it gives answers that sound correct but are fals
BM	OSAI401	shapeHover	7/15	0	1	If you share private details, AI systems might store or use that information in ways you didn’t expect. Some tools keep 
BM	OSAI401	shapeHover	11/15	0	1	AI uses huge amounts of computing power, which means high energy use and environmental impact. Training and running AI m
BM	OSAI401	clickDrop	2/26	0	0	These are collections of information that anyone can use legally because they have clear licences (like Creative Commons
BM	OSAI401	clickDrop	6/26	1	0	This is data that AI uses with the creator’s permission or through a paid licence.
BM	OSAI401	clickDrop	10/26	1	0	This is information people share on purpose, like drafts or notes, with clear privacy settings.
BM	OSAI401	clickDrop	15/26	1	0	This means taking books, articles, images, music, or videos from the internet without asking the creator. Some AI system
BM	OSAI401	clickDrop	18/26	1	0	Some datasets look free to use but include parts with restrictive licences. Example: A dataset marked “commercial use” m
BM	OSAI401	clickDrop	21/26	1	0	This means no one knows where the data came from or what rules apply. Example: Large web crawls often include biased or 
BM	OSAI401	clickDrop	24/26	1	0	This happens when names, IDs, addresses, or private files are kept in prompts or datasets. Example: Uploading your full 
BM	OSAI401	carousel	3/18	0	1	AI starts by gathering huge amounts of data – text, images, videos, and more. *Example:* AI collects thousands of scienc
BM	OSAI401	carousel	7/18	0	1	Raw data is messy. AI removes errors, ads, duplicates, and private info, then converts the data into a format it underst
BM	OSAI401	carousel	11/18	0	1	AI studies the cleaned data to learn patterns. Later, when you ask a question, it predicts the best answer based on what
BM	OSAI401	carousel	15/18	0	1	AI records decisions and uses feedback to improve. *Example:* If users say an answer was unclear, AI learns to give bett
BM	OSAI401	carousel	17/18	0	1	AI is only as good as the data it learns from. If the data is messy, biased, or incomplete, the AI’s answers will be too
BM	OSAI401	tabs	3/4	0	0	AI learns from data created by humans. If that data includes bias, AI can copy and even amplify it. This means the answe
BM	OSAI401	hintSlider	1/3	0	1	AI might suggest resources or examples that favour one perspective and ignore others.
BM	OSAI401	hintSlider	1/2	0	1	Explanations may reinforce stereotypes or leave out important cultural context like Te Ao Māori.
BM	OSAI401	flipCard	10/11	1	0	To see our Te Kura Ākonga AI Use Guidelines click here
BM	OSAI501	accordion	1/18	0	1	AI is changing how we work by speeding up tasks and making suggestions that can influence decisions. It can summarise lo
BM	OSAI501	accordion	4/18	1	1	AI can generate images, edit photos, and design layouts – but it also influences style and trends. If you ask for a post
BM	OSAI501	accordion	7/18	1	1	AI can help with grammar, tone, and ideas, but it also decides what sounds “right.” If you’re stuck on an essay, AI migh
BM	OSAI501	accordion	10/18	1	1	AI can clean up audio, edit videos, and even create voices. It also decides what sounds clear or professional. If you re
BM	OSAI501	accordion	13/18	1	1	Phones, smart speakers, and wearables use AI to make life easier. They also learn from your habits. They predict what yo
BM	OSAI501	accordion	16/18	1	1	Your computer or phone’s system uses AI to predict apps, organise files, and improve accessibility. It’s convenient, but
BM	OSAI501	shapeHover	2/13	0	1	Generative AI (GenAI) can assist with writing tasks by suggesting ideas, improving sentence structure, and checking gram
BM	OSAI501	shapeHover	5/13	0	1	GenAI can explain complex ideas in simpler terms, summarise long texts, and provide examples to help you understand a to
BM	OSAI501	shapeHover	8/13	0	1	GenAI can boost creativity by generating ideas, drafting content, or organising information for projects. Whether you’re
BM	OSAI501	shapeHover	11/13	0	1	GenAI can complete tasks in seconds that might take you hours like summarising research, drafting text, or organising da
BM	OSAI501	accordion	2/20	1	1	AI doesn’t “know” facts. It predicts words based on patterns in data. Sometimes it gives answers that sound correct but 
BM	OSAI501	accordion	5/20	1	1	AI doesn’t truly understand culture, emotions, or intentions. It works from patterns, not meaning. This means it might g
BM	OSAI501	accordion	8/20	1	1	AI learns from the internet, which includes stereotypes and unfair ideas. This means it can repeat harmful assumptions o
BM	OSAI501	accordion	11/20	1	1	If you share private details, AI systems might store or use that information in ways you didn’t expect. Some tools keep 
BM	OSAI501	accordion	14/20	1	1	Training and running AI models requires huge amounts of computing power, which uses energy and impacts the environment. 
BM	OSAI501	accordion	18/20	1	1	AI can be used in ways that aren’t fair or transparent, such as copying someone’s work or spreading false information. O
BM	OSAI501	accordion	3/34	1	1	Before you use AI, think about what you need, not just what you want to ask. AI gives answers based on your question, so
BM	OSAI501	accordion	11/34	1	1	AI can sound confident even when it’s wrong. It can give outdated information or make mistakes because it doesn’t actual
BM	OSAI501	accordion	19/34	1	1	Don’t copy and paste. Use AI as a starting point, then write in your own words. Your mahi should reflect your understand
BM	OSAI501	accordion	25/34	1	1	AI learns from patterns in data collected from the internet and other sources. This data often reflects the culture, lan
BM	OSAI501	accordion	29/34	1	1	There are times when using AI is not allowed or does not meet assessment rules. Knowing these limits is important for yo
BM	OSAI501	accordion	32/34	1	1	AI can make mistakes, reflect bias, and give misleading answers because it predicts patterns. It doesn’t “know” facts. N
BM	OSAI501	flipCard	5/21	0	1	These are collections of information that anyone can use legally because they have clear licences (like Creative Commons
BM	OSAI501	flipCard	12/21	1	1	This is data that AI uses with the creator’s permission or through a paid licence.
BM	OSAI501	flipCard	19/21	1	1	This is information people share on purpose, like drafts or notes, with clear privacy settings.
BM	OSAI501	flipCard	5/27	0	1	This means taking books, articles, images, music, or videos from the internet without asking the creator. Some AI system
BM	OSAI501	flipCard	11/27	1	1	Some datasets look free to use but include parts with different or restrictive licences.
BM	OSAI501	flipCard	18/27	1	1	This means no one knows where the data came from or what rules apply.
BM	OSAI501	flipCard	25/27	1	1	This happens when names, IDs, addresses, or private files are kept in prompts or datasets.
BM	OSAI501	carousel	3/31	0	1	AI starts by collecting huge amounts of data from different sources. This includes text, numbers, images, videos, and mo
BM	OSAI501	carousel	5/31	0	1	Example: AI gathers thousands of science articles and diagrams to learn patterns in how topics are explained. If the dat
BM	OSAI501	carousel	8/31	0	1	Raw data is messy. It can include errors, duplicates, or irrelevant details. Cleaning removes things like broken links, 
BM	OSAI501	carousel	10/31	0	1	Example: Removing ads and incomplete sentences so the learning is based on useful content. If cleaning is done poorly, i
BM	OSAI501	carousel	13/31	0	1	After cleaning, the data is converted into a format AI can understand. This might mean turning different file types into
BM	OSAI501	carousel	15/31	0	1	Example: A messy web page becomes a clear block of text with headings and keywords. If transformation changes the meanin
BM	OSAI501	carousel	18/31	0	1	Once the data is ready, AI studies it to learn patterns. This is called training. AI looks at millions of examples to fi
BM	OSAI501	carousel	20/31	0	1	Example: AI learns that “photosynthesis” often appears with “chlorophyll” and “sunlight.” If the training data is biased
BM	OSAI501	carousel	23/31	0	1	After training, AI can start making predictions in real time. This is called inference. When you ask AI a question, it u
BM	OSAI501	carousel	25/31	0	1	Example: you ask, “Explain photosynthesis for Year 11 science,” and AI gives a summary. AI might sound confident but sti
BM	OSAI501	carousel	28/31	0	1	Every decision AI makes is recorded. Feedback from these decisions is then used to improve the AI in future training cyc
BM	OSAI501	carousel	30/31	0	1	Example: if users say an answer was unclear, that feedback helps AI learn to give better explanations next time. If feed
BM	OSAI501	tabs	2/17	0	1	AI can adapt lessons to your pace and style. If you’re struggling with a topic, it can give extra practice. If you’re ah
BM	OSAI501	tabs	8/17	0	1	AI can suggest ideas, check grammar, and help organise your writing. It can also summarise long texts and suggest source
BM	OSAI501	tabs	11/17	0	1	AI tools like speech-to-text, captions, and translation make learning easier for students with different needs and langu
BM	OSAI501	tabs	14/17	0	1	AI-powered apps can give instant feedback on pronunciation and grammar, helping you learn languages faster and more conf
BM	OSAI501	tabs	16/17	0	1	AI can make learning more engaging and be helpful by giving everyone tools to succeed. But remember: AI is a helper, not
BM	OSAI501	flipCard	6/38	1	0	If you let AI do all the hard work, you miss chances to build problem-solving skills. Working through a maths problem or
BM	OSAI501	flipCard	12/38	1	0	AI sometimes creates answers that sound correct but aren’t. It might invent fake references or give inaccurate facts. If
BM	OSAI501	flipCard	18/38	1	0	Copying AI-generated text without adding your own ideas is plagiarism. It is easy to do, and if stressed you may be temp
BM	OSAI501	flipCard	24/38	1	0	Using AI for everything can make you dependent on shortcuts. You might lose confidence in your ability to write, researc
BM	OSAI501	flipCard	30/38	1	0	AI often sounds confident, even when it’s wrong. If you trust it without checking, you could make mistakes in assignment
BM	OSAI501	flipCard	36/38	1	0	Never share personal details like your name, school ID, or address in public AI tools. This could put your data at risk.
BM	OSAI501	hintSlider	1/3	0	1	AI might suggest resources or examples that favour certain perspectives and ignore others.
BM	OSAI501	hintSlider	1/2	0	1	Explanations may reinforce stereotypes or leave out important cultural context like Te Ao Māori.
BM	OSBY101	unclassified	2/6	0	0	Read about what is happening in the picture then do the tasks.
BM	OSBY101	dragAndDrop	5/10	1	0	This is not okay!!
BM	OSBY101	dragAndDrop	6/10	1	0	Tell a trusted adult!
BM	OSBY101	clickDrop	3/7	0	1	In the video, it listed **three things** you could do if you saw or felt bullied online or ‘cyberbullied’. Have a look a
BM	OSBY101	multiChoiceQuiz	2/13	0	0	Choose the correct thing to do from the options below.
BM	OSBY101	multiChoiceQuiz	12/13	1	0	In the slideshow, we saw that Pera told her mum when she felt upset about the bad messages. Pera’s mum was her **trusted
BM	OSBY201	dragAndDrop	1/3	0	0	Drag the correct examples of online bullying to the spaces to finish the poster.
BM	OSBY201	reorder	1/3	0	0	Match the example and result to the correct impact.
BM	OSBY201	sketcher	1/2	0	0	In the activity below you will see some examples of words that could be used in an online game, chat or class. Can you s
BM	OSBY201	dragAndDrop	1/3	0	0	Drag the gems to the examples of kind words that can be said online.
BM	OSBY201	reorder	1/4	0	0	Billy Bulldog is giving his thumbs up to good banter and thumbs down to the bad banter trap. Can you move the correct th
BM	OSBY201	hintSlider	13/14	1	0	Nice job! Remember do not be hard on yourself – just resolve to do better next time.
BM	OSBY401	accordion	2/19	0	1	Online bullying often takes place on social media platforms where users can post publicly or privately. Harmful behaviou
BM	OSBY401	accordion	5/19	1	1	Instant messaging apps and group chats can be used to spread hurtful messages, rumours, or threats. These tools often al
BM	OSBY401	accordion	8/19	1	1	Gaming environments, especially multiplayer games, include voice and text chat features that can be exploited for bullyi
BM	OSBY401	accordion	11/19	1	1	Bullying on video platforms can happen in comment sections under videos or during live streams via chat. Users may post 
BM	OSBY401	accordion	14/19	1	1	Email can be used to send harassing or threatening messages directly to individuals. Tools used in education, such as sh
BM	OSBY401	accordion	17/19	1	1	Personal blogs and websites often include comment sections or contact forms that can be misused for bullying. Discussion
BM	OSBY501	tabs	3/19	0	0	Online bullying often takes place on social media platforms where users can post publicly or privately. Harmful behaviou
BM	OSBY501	tabs	6/19	1	0	Instant messaging apps and group chats can be used to spread hurtful messages, rumours, or threats. These tools often al
BM	OSBY501	tabs	9/19	1	0	Gaming environments, especially multiplayer games, include voice and text chat features that can be exploited for bullyi
BM	OSBY501	tabs	12/19	1	0	Bullying on video platforms can happen in comment sections under videos or during live streams via chat. Users may post 
BM	OSBY501	tabs	15/19	1	0	Email can be used to send harassing or threatening messages directly to individuals. Tools used in education, such as sh
BM	OSBY501	tabs	18/19	1	0	Personal blogs and websites often include comment sections or contact forms that can be misused for bullying. Discussion
BM	OSBY501	accordion	12/13	1	1	These actions demonstrate that seeking help is a strength. It also reinforces the message that online bullying and digit
BM	OSGM101	radioQuiz	1/20	0	0	Choose the correct answer to the question
BM	OSGM101	radioQuiz	17/20	1	0	Drag each tile to its correct place to make it true.
BM	OSGM101	wordDrag	2/3	0	0	Taking care of your hauora means balancing your time spent on gaming with playing outside, doing your hobbies, enjoying 
BM	OSGM201	typing	1/2	0	0	Using the slideshow above, find one correct action to take when faced with the risk. Type your answer. Get your supervis
BM	OSGM201	radioQuiz	8/9	1	0	Have a chat to your supervisor or trusted adult about the check list.
BM	OSGM301	dragAndDrop	1/4	0	0	Drag the statements to match the heading.
BM	OSGM401	carousel	5/16	0	1	Everyday life feels boring
BM	OSGM401	carousel	8/16	0	1	You play more to get the “reward” feeling back
BM	OSGM401	carousel	11/16	0	1	It gets harder to stop
BM	OSGM401	carousel	14/16	0	1	Risk of gaming disorder (addiction)
BM	OSGM501	accordion	2/15	0	1	It’s safer to play with people you know in real life, like friends or whānau, rather than strangers. Some players may tr
BM	OSGM501	accordion	6/15	1	1	Many games will encourage you to spend money on upgrades or extras such as skins, loot boxes or “special items”. These p
BM	OSGM501	accordion	9/15	1	1	Do not play age restricted games. Not only is this illegal, but it can also expose you to unsafe, disturbing or uncomfor
BM	OSGM501	accordion	13/15	1	1	When playing games online, you might come across language or behaviour that isn’t respectful or appropriate. Some games 
BM	OSGM501	accordion	14/15	1	1	It is always good to talk about gaming with a trusted person. By telling them about what you are doing, it can help to k
BM	OSGM501	clickDrop	1/12	0	1	If someone on your team is clearly new and making mistakes, offer tips or encouragement instead of criticism. For exampl
BM	OSGM501	clickDrop	3/12	1	1	If another player is being racist, sexist, or bullying someone in chat, speak up or use the report function. You could s
BM	OSGM501	clickDrop	5/12	1	1	If someone is cheating or refusing to work with the team, remind them that the game is more fun when everyone plays fair
BM	OSGM501	clickDrop	7/12	1	1	Don’t rage-quit or go AFK (away from keyboard) during a match. If you need to leave, let your team know. It shows you va
BM	OSGM501	clickDrop	9/12	1	1	If you’re feeling frustrated or angry, take a break instead of lashing out. Staying calm and respectful helps keep the g
BM	OSGM501	clickDrop	11/12	1	1	Never share personal information like your own or someone else’s full name, school, or location. Do not pressure others 
BM	OSGM501	carousel	4/19	0	1	Gaining XP and reaching a new level gives a clear sense of progress and achievement. Watching a bar fill up or hitting a
BM	OSGM501	carousel	8/19	0	1	Completing challenges or earning badges gives players a sense of mastery and recognition. Whether it’s a new skin, weapo
BM	OSGM501	carousel	12/19	0	1	The unpredictability of what you’ll get creates a powerful dopamine hit, similar to gambling.
BM	OSGM501	carousel	16/19	0	1	Victory, especially against real players gives a strong dopamine boost tied to competition and success. Performing well 
BM	OSGM501	shapeHover	11/19	0	0	The good news is that your brain can reset. Taking breaks, mixing in other activities, and being aware of how games affe
BM	OSGM501	slider	4/8	1	0	Looking at the answers above, consider how gaming is having a positive and/or negative effect on you. Share and talk to 
BM	OSOH101	modal	1/2	0	1	Click the hints to remind yourself of what you agree to as a responsible digital citizen at Te Kura.
BM	OSOH101	modal	1/2	0	1	The saying, *time flies when you’re having fun*, is true when you are playing on screens. Hover over each box to see an 
BM	OSOH101	dropDown	1/3	0	0	How we act online can create a nice space and help others feel good too. Making the choice to use kind words is a way to
BM	OSOH201	typing	1/2	0	0	Which number had the most marked things? Chat with your supervisor about whether you have a good on and off-screen balan
BM	OSOH201	dragAndDrop	4/5	0	0	Drag each coloured block to the example it matches.
BM	OSOH201	accordion	1/15	0	0	Set up your home learning space where you can be comfortable doing the mahi (work) for your online learning. Click on th
BM	OSOH201	accordion	5/15	1	0	Setting up a routine with regular off-screen breaks can help support your emotional mental wellbeing while learning.
BM	OSOH201	accordion	10/15	1	0	To get the most out of your online learning it is important to connect with your supervisor, kaiako and other ākonga in 
BM	OSOH201	selectionBox	13/15	1	0	All green ticks? Click here for your badge
BM	OSOH301	accordion	1/11	0	0	Set up your home learning space to support your physical wellbeing. This is about creating a space where you can be comf
BM	OSOH301	accordion	4/11	1	0	Supporting your emotional mental wellbeing while learning online means taking breaks, staying connected with friends and
BM	OSOH301	accordion	10/11	1	0	To get the most out of your online learning it is important to connect and engage with people who can support this. This
BM	OSOH301	accordion	2/9	1	0	Values are the ideas and beliefs that are important to us. They help guide how we behave, make decisions, and treat othe
BM	OSOH301	carousel	3/21	0	0	Access to the internet allows for you to connect your device to Te Kura.
BM	OSOH301	carousel	6/21	0	0	Laptops, desktop PCs and tablets are needed to interact with Te Kura and online learning.
BM	OSOH301	carousel	9/21	0	0	An online browser such as Google Chrome or Microsoft Edge allow you to use the many different online tools required for 
BM	OSOH301	carousel	12/21	0	0	Te Kura requires students to use many different online accounts to access different online services such as email, onlin
BM	OSOH301	carousel	15/21	0	0	A mobile phone is useful for quick access to email, taking pictures or videos, and scanning documents to showcase your l
BM	OSOH301	carousel	18/21	0	0	Headphones are great for focussing in online classes. Webcams and microphones allow you to interact with your kaiako and
BM	OSOH401	selectionBox	13/14	1	0	Are there any unticked areas? Maybe adding one or two of these to your learning@home habits can help you make good learn
BM	OSOH401	reorder	1/3	0	0	Move a ‘Do’ box to the examples of good device care and ‘Do not’ box to examples of bad device care.
BM	OSOH401	slider	1/8	0	0	Slide each bar to the level you feel relates to how much time in the day you give to each activity.
BM	OSOH501	carousel	3/13	0	1	Taha tinana is about looking after your body. For online learning, this includes setting up a comfortable workspace, tak
BM	OSOH501	carousel	6/13	0	1	Taha wairua is about your beliefs, values, and sense of purpose. When learning online this means showing respect in onli
BM	OSOH501	carousel	9/13	0	1	Taha hinengaro is about your thoughts and feelings. Online learning can be challenging, so managing stress, building goo
BM	OSOH501	carousel	12/13	0	1	Taha whānau is about your relationships with friends, whānau, and community. When learning online, it means staying conn
BM	OSOH501	accordion	1/33	0	1	Ergonomics is all about creating a safe and comfortable workspace. A well set up space helps you stay focused, avoid dis
BM	OSOH501	accordion	5/33	1	1	Taha hinengaro is about your mental and emotional wellbeing. This is your thoughts, feelings, and how you manage them. L
BM	OSOH501	accordion	10/33	1	1	To get the most out of online learning, it’s important to stay connected with people who can support you. This includes 
BM	OSOH501	accordion	15/33	1	1	Values are the ideas and beliefs that guide how we behave, make decisions, and treat others. They shape the way we learn
BM	OSOH501	accordion	20/33	1	1	Akiaki the mana of ourselves and others by showing respect, generosity, and care. This means supporting each other and c
BM	OSOH501	accordion	24/33	1	1	Being fair, truthful, and direct in what we do. This means acting with integrity and making sure everyone feels included
BM	OSOH501	accordion	28/33	1	1	Building relationships through shared experiences and teamwork. This gives us a sense of belonging and reminds us we’re 
BM	OSOH501	carousel	4/25	0	1	Reliable broadband internet is essential for connecting to My Te Kura and joining online classes. Good internet means yo
BM	OSOH501	carousel	8/25	0	1	You will need a laptop or desktop computer that can handle required online learning tasks. A windows-based device is rec
BM	OSOH501	carousel	13/25	0	1	An up-to-date browser such as Google Chrome or Microsoft Edge. Some browsers like Internet Explorer won’t work with My T
BM	OSOH501	carousel	16/25	0	1	Te Kura requires students to use many different online accounts to access different online services such as email, onlin
BM	OSOH501	carousel	20/25	0	1	A mobile phone is useful for quick tasks like checking emails, taking photos or videos of your work, and scanning docume
BM	OSOH501	carousel	24/25	0	1	Headphones help you focus during online classes by blocking out distractions. A webcam and microphone allow you to inter
BM	OSOH501	clickDrop	1/13	0	1	Sharing space with family can make it hard to concentrate. Background noise, conversations, and requests for help often 
BM	OSOH501	clickDrop	3/13	1	1	Learning from home can blur the line between schoolwork and household tasks. It’s common to be asked to help with cookin
BM	OSOH501	clickDrop	5/13	1	1	Without a school timetable or bell, it’s easy to drift into unrelated activities or procrastinate. Flexible schedules me
BM	OSOH501	clickDrop	7/13	1	1	Trying to combine study with other activities like eating, watching TV, or chatting reduces focus and learning quality. 
BM	OSOH501	clickDrop	9/13	1	1	Uncomfortable seating, poor lighting, or distractions from pets can make it harder to concentrate. Working at the kitche
BM	OSOH501	shapeHover	3/11	0	0	Your wish is like setting a destination on Google Maps before a road trip. If you don’t know where you’re going, you’ll 
BM	OSOH501	shapeHover	6/11	0	0	Imagine the best thing about achieving your wish. This is your motivation fuel. Visualise how life will feel when you ge
BM	OSOH501	shapeHover	9/11	0	0	Identify the main obstacle for you. Something that could block your path. Consider things like habits, emotions, or beli
BM	OSSC301	carousel	5/7	0	0	Online scams have become more common since banking and shopping went mostly online. Below is a definition of what an onl
BM	OSSC401	dropDown	2/4	0	0	Pick the scam that best matches the example. Correct answer in green
BM	OSSC401	modal	1/2	0	1	Let’s revise some basic online safety tips. The five K I’s (Keep Its)
BM	OSSC501	flipCard	30/31	1	0	Scammers don’t just want quick cash, they want long-term control. If they get your info or accounts, they can keep explo
BM	OSSC501	shapeHover	2/27	0	0	Social media is full of personal info like your name, photos, friends, even your location. Scammers use this to:
BM	OSSC501	shapeHover	8/27	1	0	Messaging feels private, so people let their guard down. Scammers:
BM	OSSC501	shapeHover	14/27	1	0	Email and SMS are still the top scam channels because:
BM	OSSC501	shapeHover	20/27	1	0	Gamers are prime targets because:
BM	OSSC501	carousel	3/22	0	1	A weak password is like leaving your door wide open. Use a mix of letters, numbers, and symbols or better yet, a passphr
BM	OSSC501	carousel	8/22	0	1	Turn on 2FA for banking, email, and socials. It adds an extra lock to your digital door.
BM	OSSC501	carousel	13/22	0	1	Updates fix security holes that scammers exploit. Set automatic updates on your phone and laptop so you’re not an easy t
BM	OSSC501	carousel	19/22	0	1	Never share your address, phone number, banking details, passwords, or verification codes. Even if someone claims to be 
BM	OSSC501	shapeHover	2/36	0	0	Scammers create pressure to make you act fast without thinking. They use fear or excitement to trick you. *Examples of w
BM	OSSC501	shapeHover	9/36	1	0	Fake links often look real but lead to scam sites designed to steal your login details. *Examples of what it looks like:
BM	OSSC501	shapeHover	16/36	1	0	Remote-access scams give criminals full control of your device. They often pretend to be tech support or security helper
BM	OSSC501	shapeHover	23/36	1	0	These scams play on greed or emotions. They promise big rewards or fake relationships to get your money. *Examples of wh
BM	OSSC501	shapeHover	30/36	1	0	Fake stores look legit but exist only to steal your money or details. *Examples of what it looks like:*
BM	OSSC501	clickDrop	1/19	0	1	Our brains are wired to save energy by making quick decisions. Instead of analysing every detail, we rely on shortcuts. 
BM	OSSC501	clickDrop	6/19	1	1	Fake info often uses fear, outrage, or excitement to grab attention because emotions override logic. When we feel strong
BM	OSSC501	clickDrop	9/19	1	1	The more we see something, the more we believe it, even if it’s false. This is called the illusory truth effect. Social 
BM	OSSC501	clickDrop	12/19	1	1	When we’re stressed or anxious, we want quick answers and reassurance. Fake info often provides simple solutions. During
BM	OSSC501	clickDrop	15/19	1	1	Not knowing how to check sources or spot fake accounts makes us easy targets. Without these skills, we trust what looks 
BM	OSSC501	clickDrop	18/19	1	1	Artificial intelligence tools (LLMs) like Google’s AI Overviews, ChatGPT, and Bing Copilot are changing how we access in
BM	OSSM301	carousel	3/19	0	1	It is a great way to stay in touch with real life friends and family.
BM	OSSM301	carousel	6/19	0	1	You can keep up to date with clubs or community groups.
BM	OSSM301	carousel	9/19	0	1	Businesses often use social media to advertise or share information about their services.
BM	OSSM301	carousel	12/19	0	1	People can share tips and tricks or tutorials. It can be a great way to learn new things.
BM	OSSM301	carousel	15/19	0	1	Music, art, writing and more! Sharing creative expressions with people who enjoy the same thing.
BM	OSSM301	carousel	18/19	0	1	There are many positive online communities available to help people feel connection and belonging. It helps people livin
BM	OSSM401	reorder	1/3	0	0	Move each heading so it matches the correct positive social media use.
BM	OSSM401	modal	2/3	0	0	If you know the real story of *Alice in Wonderland*, there are three key characters called Mad Hatter, White Rabbit and 
BM	OSSM501	clickDrop	1/10	0	1	An algorithm is a set of rules or steps that decides what happens next. On social media, algorithms decide what posts ap
BM	OSSM501	clickDrop	3/10	1	1	There’s way too much content for you to see everything. Algorithms prioritise posts they think you’ll enjoy, based on:
BM	OSSM501	clickDrop	8/10	1	1	Yes! Platforms constantly tweak algorithms to keep users engaged. Sometimes this means you see more videos from influenc
BM	OSSM501	clickDrop	9/10	1	1	Algorithms influence what we think is popular and important. They can make us miss other perspectives or content. Unders
BM	OSSM501	shapeHover	2/10	0	0	Every time you open Instagram, TikTok, or Snapchat, you’re taking an action that starts the loop. Posting a photo, refre
BM	OSSM501	shapeHover	4/10	0	0	When someone likes your post, comments, or sends a reaction, it feels good. Even seeing “new notifications” triggers exc
BM	OSSM501	shapeHover	6/10	0	0	Dopamine is a chemical that makes you feel good and motivates you to repeat the behaviour. Social media gives you tiny d
BM	OSSM501	shapeHover	8/10	0	0	Because dopamine spikes when you anticipate the next reward, you keep scrolling, hoping for something new and exciting. 
BM	OSSM501	shapeHover	2/9	0	0	Set strong passwords or PINs for your phone, laptop, and accounts. Use a mix of letters, numbers, and symbols, and turn 
BM	OSSM501	shapeHover	4/9	0	0	Keep personal details like your phone number, email, and school name off your profile. Turn off location tracking on app
BM	OSSM501	shapeHover	6/9	0	0	Every post leaves a digital footprint, a record that lasts. Once it’s online, you can’t control who sees or shares it. A
BM	OSSM501	shapeHover	8/9	0	0	Not everyone online is who they say they are. Look for verified accounts, mutual friends, and real photos. If something 
BM	OSSM501	shapeHover	2/15	0	0	Most social media platforms require users to be at least 13 years old. They all have rules to keep young people safe, in
BM	OSSM501	shapeHover	4/15	0	0	Every platform expects respectful behaviour. Hate speech, harassment, bullying, and sharing someone’s private informatio
BM	OSSM501	shapeHover	6/15	0	0	Social media is cracking down on fake or manipulated content, including AI-generated posts and deepfakes. If content is 
BM	OSSM501	shapeHover	8/15	0	0	Protecting personal information is a big focus. Sharing details like addresses, school names, or live locations is again
BM	OSSM501	shapeHover	10/15	0	0	If someone promotes a product or brand online, they must be honest and clearly show when it’s sponsored. Fake likes, fol
BM	OSSM501	shapeHover	12/15	0	0	Platforms use automated systems and moderators to find and remove harmful content. They also offer ways to appeal if con
BM	OSSM501	carousel	4/38	0	1	Don’t post private details about someone without their permission. This is information like medical info, home address, 
BM	OSSM501	carousel	8/38	0	1	Messages that scare, threaten, or pressure someone are never okay. This includes saying things like “I’ll hurt you” or “
BM	OSSM501	carousel	12/38	0	1	Posts that would seriously upset a reasonable person are harmful. This includes extreme insults, hate speech, or anythin
BM	OSSM501	carousel	16/38	0	1	Avoid posting rude, sexual, or highly inappropriate content. Sharing explicit images or sexual jokes can cause harm and 
BM	OSSM501	carousel	20/38	0	1	Repeated or targeted messages that make someone feel unsafe or uncomfortable count as harassment. This includes sending 
BM	OSSM501	carousel	24/38	0	1	Don’t spread lies or make up stories about someone. Posting false claims can damage reputations, friendships, and mental
BM	OSSM501	carousel	28/38	0	1	If someone trusted you with private information, keep it private. Sharing screenshots of private messages or secrets onl
BM	OSSM501	carousel	31/38	0	1	Never tell or encourage others to send hurtful messages or attack someone online. Starting or joining a pile-on can caus
BM	OSSM501	carousel	34/38	0	1	It’s illegal and extremely dangerous to suggest or encourage someone to harm themselves. Posts that promote self-harm or
BM	OSSM501	carousel	37/38	0	1	You must not attack someone based on their race, religion, gender, sexuality, disability, or culture. Hate speech is har
BM	OSSM501	modal	2/7	0	1	A passive footprint is like background data that follows you around online. You may not post anything, but information i
BM	OSSM501	modal	5/7	1	1	An active footprint is the stuff you deliberately do, like posting a photo, liking and commenting, or sharing on social 
BM	OSSM501	shapeHover	2/14	0	0	Set your social media to private so only friends can see your posts. Employers often check social media before interview
BM	OSSM501	shapeHover	5/14	0	0	Before posting, ask: “Would I be okay if an employer saw this?” If not, don’t post it. Even after you get a job, keep yo
BM	OSSM501	shapeHover	9/14	0	0	Your profile pic is the first impression. It doesn’t need to be fancy – just make sure it represents you well. Your bio 
BM	OSSM501	shapeHover	13/14	0	0	Post positive content and be respectful when posting about others. If you want to share party pics, keep them on a priva
BM	PES1002	dropDown	32/35	1	0	There are a lot of different views on mining projects. As well as discussion, respect and understanding, a solid underst
BM	PES1004	unclassified	1/12	0	0	From the word list below complete this discussion for the following experimental results:
BM	PES1004	tabs	3/15	0	0	In your lab report discussion, the effect of possible changes in one or two control variables should be written about.
BM	PES1008	modal	3/21	0	0	You will notice that water has a very large heat capacity compared to just about any other substance, it is this propert
BM	PES1008	tabs	4/39	0	1	A standard two slice toaster, has a rating of 800W. How much energy does it use in 1 hour?
BM	PES1008	tabs	22/39	1	1	A small ev-car typically has a power usage of about 14kW, if it is driven for half an hour how much energy will it have 
BM	PES1008	tabs	31/39	1	1	A energy efficient LED light bulb uses 25,200J of energy in 1 hour, calculate its output? (1 hour = 60 minutes = 3,600 s
BM	PES1008	tabs	38/39	1	1	Go to your workbook and complete activity 8B.
BM	PHE1003	tabs	3/69	0	1	Tuākana/tēina refers to a reciprocal learning relationship. Often between an older (tuākana) and younger (tēina) person.
BM	PHE1003	tabs	22/69	1	1	When Kuleana and Tautua strategies are applied to team sports, players are encouraged to embrace their responsibilities,
BM	PHE1003	tabs	51/69	1	1	Communication is a two way process involving people sending and receiving messages. Effective communication requires acc
BM	PHE1003	tabs	68/69	1	1	Listening attentively and respectfully, engaging with others’ perspectives, instructions, and feedback to enhance unders
BM	PHE1003	accordion	3/26	1	1	**HOW** does the tuākana/tēina strategy promote kotahitanga?
BM	PHE1003	accordion	16/26	1	1	**WHY** does the Tuākana/Tēina strategy promote kotahitanga?
BM	PHE1003	accordion	2/35	0	1	**HOW** does the kuleana/tautua strategy promote kotahitanga?
BM	PHE1003	accordion	27/35	1	1	**WHY** does the kuleana/tautua strategy promote kotahitanga?
BM	PHE1003	accordion	2/51	0	1	**HOW** does the effective communication strategy promote kotahitanga?
BM	PHE1003	accordion	14/51	1	1	**WHY** does the effective communication strategy promote kotahitanga?
BM	PHE1003	accordion	23/51	1	1	**HOW** does the whakarongo strategy promote kotahitanga?
BM	PHE1003	accordion	40/51	1	1	**WHY** does the whakarongo strategy promote kotahitanga?
BM	PHE1003	tabs	3/61	0	1	Whanaungatanga in physical activities involves the establishment of meaningful connections, fostering a sense of kinship
BM	PHE1003	tabs	13/61	1	1	Problem solving is the ability to analyse challenges or obstacles encountered during activities and devise effective str
BM	PHE1003	tabs	37/61	1	1	Cooperation in physical activities is about working together, supporting each other, and valuing the collective effort.
BM	PHE1003	tabs	57/61	1	1	In Pacific culture, Le Vā is a term used to describe the sacred space. This is a crucial concept that highlights the imp
BM	PHE1003	accordion	2/68	1	1	**HOW** does the whanaungatanga strategy promote kotahitanga?
BM	PHE1003	accordion	18/68	1	1	**WHY** does the whanaungatanga strategy promote kotahitanga?
BM	PHE1003	accordion	30/68	1	1	**HOW** does the problem solving strategy promote kotahitanga?
BM	PHE1003	accordion	43/68	1	1	**WHY** does the problem solving strategy promote kotahitanga?
BM	PHE1003	accordion	55/68	1	1	**HOW** does the cooperation strategy promote kotahitanga?
BM	PHE1003	accordion	56/68	1	1	Through cooperation, participants work together and support each other to achieve a common goal. All participants utilis
BM	PHE1003	accordion	67/68	1	1	**WHY** does the cooperation strategy promote kotahitanga?
BM	PHE1003	accordion	1/29	0	1	**HOW** can the Le Vā strategy promote kotahitanga?
BM	PHE1003	accordion	2/29	0	1	In team sports, Vā involves recognising the interconnections between teammates, promoting positive relationships, foster
BM	PHE1003	accordion	20/29	1	1	**WHY** does the le vā strategy promote kotahitanga?
BM	PHE1003	accordion	26/29	1	1	The development of positive relationships among team members is a key aspect of Vā. Strong and positive relationships ca
BM	PHE1003	accordion	3/112	1	1	**HOW** does the Alofa/Aroha/Ofa/Aloha strategy promote kotahitanga?
BM	PHE1003	accordion	26/112	1	1	**WHY** does the Alofa/Aroha/Ofa/Aloha strategy promote kotahitanga?
BM	PHE1003	accordion	39/112	1	1	**HOW** does the Alofa/Aroha/Ofa/Aloha strategy promote kotahitanga?
BM	PHE1003	accordion	55/112	1	1	**WHY** does the Ako strategy promote kotahitanga?
BM	PHE1003	accordion	63/112	1	1	**HOW** does the Rangatiratanga strategy promote kotahitanga?
BM	PHE1003	accordion	90/112	1	1	**WHY** does the Rangatiratanga strategy promote kotahitanga?
BM	PHE1003	accordion	98/112	1	1	**HOW** does the manaakitanga strategy promotes kotahitanga?
BM	PHE1005	tabs	2/14	0	1	Hauora is a Māori philosophy of wellbeing that is unique to Aotearoa New Zealand. It includes different dimensions for e
BM	PHE1005	tabs	4/14	0	1	Wellbeing and health don’t refer just to individuals but also to communities, the environment in which they live, and th
BM	PHE1005	tabs	6/14	0	1	Health models are an image, description or diagram that help us understand, and can be used to measure health and wellbe
BM	PHE1005	slider	14/17	0	0	Traditional Māori health acknowledges the link between the mind, the spirit, the human connection with whānau, and the p
BM	PHE1005	slider	3/7	0	0	Listen to Papāli'i Pale Sauni explain the Fonofale model of health.
BM	PHE1005	slider	5/7	0	0	The Fonofale model was created as a Pacific model of health, encompassing values and beliefs from the Cook Islands, Samo
BM	PHE1005	slider	3/18	0	0	The Fonua model is a Tongan framework of health which comprises five dimensions of life which are interdependent and com
BM	PHE1006	unclassified	3/9	1	0	Below is an example of physical movement and connection to culture today. Māori movement is a unique approach to health 
BM	PHE1006	unclassified	6/9	1	0	Similarly, Pasifika people have a holistic approach to wellbeing – not just looking at the physical aspect of wellbeing,
BM	PHE1006	accordion	24/26	1	0	For the purposes of this module we are just going to look at personal influences and how movement can influence personal
BM	PHE1007	tabs	1/9	0	1	Skeletal muscles attach to bones to allow movement. Together, skeletal muscles and bones are called the musculoskeletal 
BM	PHE1007	tabs	4/9	1	1	Smooth muscle is arranged in layered sheets that contract in waves along the length of the structure. Another common ter
BM	PHE1007	tabs	7/9	1	1	The muscle that makes up the heart is called cardiac muscle. It is also known as the myocardium (say: my-uh-KAR-dee-um).
BM	PHE1007	flipCard	3/8	0	0	Joints that open and close in one direction. Think of a door opening and closing, the movement can only happen in one di
BM	PHE1007	flipCard	6/8	0	0	The rounded head of one bone sits within the cup of another, such as the hip joint or shoulder joint. Movement in all di
BM	PHE1007	accordion	2/24	0	1	Flexion is the bending of a joint. This occurs when the angle of a joint decreases. For example, the elbow flexes when p
BM	PHE1007	accordion	5/24	0	1	Extension is the straightening of a joint. This occurs when the angle of a joint increases, for example, at the elbow wh
BM	PHE1007	accordion	8/24	0	1	Movement away from the midline of the body. This occurs at the hip and shoulder joints during a jumping jack movement.
BM	PHE1007	accordion	11/24	0	1	Movement towards the midline of the body. This occurs during the follow through of a tennis forehand.
BM	PHE1007	accordion	14/24	0	1	This is where the limb moves in a circular movement around a fixed joint towards or away from the midline of the body. T
BM	PHE1007	accordion	17/24	0	1	Pointing the toes – this movement only occurs at the ankle, for example, pointing the toes in ballet.
BM	PHE1007	accordion	20/24	0	1	The foot moves towards the shin as if you are pulling your toes up. This movement only occurs at the ankle.
BM	PHE1007	accordion	22/24	0	1	Watch the following video for a visual demonstration of joint movements.
BM	PHE1007	typing	1/17	0	1	1. The knee joint is an example of which synovial joint?
BM	PHE1007	dropDown	1/5	0	0	Looking at the cricketer below, select if the joint is in a flexed (bent) or extended (straight) position.
BM	PHE1007	flipCard	1/11	0	0	There are two types of balance:
BM	PHE1007	flipCard	10/11	1	0	To increase our balance and stability we must consider our centre of gravity, line of gravity, and base of support.
BM	PHE1007	accordion	1/13	0	1	Everybody has a unique point around which the body is equally distributed. This is the centre of gravity (COG). The cent
BM	PHE1007	accordion	4/13	1	1	The base of support is the area around the outside edge of the sections of your body in contact with the ground/surface.
BM	PHE1007	accordion	8/13	1	1	The line of gravity is an imaginary vertical line from the centre of gravity to the ground or surface the object or pers
BM	PHE1007	accordion	1/25	0	1	During exercise the short term responses to the muscular system are:
BM	PHE1007	accordion	8/25	1	1	The lungs, mouth, throat and nose make up the respiratory system. The major function of the respiratory system is to bri
BM	PHE1007	accordion	17/25	1	1	Your cardiovascular system includes your heart and blood vessels such as arteries, veins and capillaries. During exercis
BM	PHE1007	accordion	23/25	1	1	Watch the video below for further explanation into the immediate effects of exercise on your body.
BM	PHE1007	accordion	6/15	1	1	As your physical fitness improves, your body becomes more efficient at getting oxygen into the bloodstream and transport
BM	PHE1007	accordion	12/15	1	1	Cardiac hypertrophy is where the heart wall gets larger or thickens as a result of exercise.
BM	PHE1007	accordion	2/47	0	1	Visualisation involves creating a mental image of what you see and intend to happen. Athletes can use this skill to envi
BM	PHE1007	accordion	5/47	1	1	Motivation is thought to be a combination of the drive within us to achieve our aims and the outside factors which affec
BM	PHE1007	accordion	9/47	1	1	Goal-setting is the process of identifying something you want to accomplish and establishing measurable and specific obj
BM	PHE1007	accordion	11/47	1	1	Goals must include the following to be achievable:
BM	PHE1007	accordion	41/47	1	1	One behaviour that makes certain athletes better than others is also a behaviour that is uniquely human. While there are
BM	PHE1007	clickDrop	1/6	0	0	Individual constraints can be either structural or functional. Structural constraints are related to the body’s structur
BM	PHE1007	clickDrop	3/6	1	0	Environmental constraints include both physical and social environmental factors. Physical factors include gravity, ambi
BM	PHE1007	clickDrop	5/6	1	0	Task constraints are factors that are usually more closely related to performance and include the rules of the sport, eq
BM	PHE1007	dropDown	1/22	0	1	Identify if the given factor is an individual, environmental or task constraint.
BM	PHE1007	flipCard	15/18	0	0	Fats and Oils (lipids)
BM	PHE1008	clickDrop	2/4	0	0	Details of the first organised sporting event in European New Zealand are not certain. The earliest recorded game of cri
BM	PHE1008	carousel	11/15	0	1	In recent years, there has been a growing awareness from journalists, athletes and fans of the need for increased visibi
BM	PWY1001	accordion	2/13	1	0	Everyone is entitled to breaks during the workday, and it is important to know what your entitlements are before you sta
BM	PWY1001	accordion	3/13	1	0	It’s a good idea to keep track of time during your break, using a watch or phone if needed. If you take extra breaks, tr
BM	PWY1001	accordion	7/13	1	0	Meetings and appointments are an important part of many workplaces. They are often scheduled so that people can share in
BM	PWY1001	accordion	1/5	0	1	If you are unable to attend work, it is important to let your employer know as soon as possible. This helps them underst
BM	PWY1001	carousel	11/12	1	0	Showing you are interested in your work helps build trust. Another important way to build trust is by managing your time
BM	PWY1001	accordion	4/5	0	0	Rosters and timetables show when you are expected to work. They include start times, finish times, and sometimes break t
BM	PWY1001	multiChoiceQuiz	1/2	0	0	Look at this shift: **Monday: 8.30 am – 2.30pm** • What time does the shift start? • 8 am • 8 pm • 8.30 pm • 8.30 am • W
BM	PWY1001	multiChoiceQuiz	1/2	0	0	A shift runs from **9 am to 5.30 pm** with a **30-minute break**. **1. What is the total time from start to finish?** a.
BM	PWY1001	multiChoiceQuiz	1/2	0	0	A shift starts at **9 am**, but a worker arrives at **9:18 am**. **1. How many minutes late is the worker?** a. 8 minute
BM	PWY1001	multiChoiceQuiz	1/2	0	0	A worker says: **“I worked from 8 am to 3 pm, so I worked 6 hours.”** **1. Is this statement correct?** a. Yes. b. No. *
BM	PWY1001	accordion	2/8	0	1	Some workplaces require you to sign a form when you first start work agreeing to comply with their workplace dress stand
BM	PWY1001	accordion	7/8	1	1	A dress code refers to what people have to wear in a particular job.
BM	PWY1001	accordion	2/4	0	0	Uniforms are set clothes which must be worn when working and are worn for different reasons:
BM	PWY1001	accordion	2/3	0	0	What you wear on your feet is also important to your personal presentation. Often, an employer will require certain foot
BM	PWY1001	accordion	12/32	1	1	Below are examples of things Pere might say at work.
BM	PWY1002	accordion	2/19	1	1	Whanaungatanga focuses on the who before the what. It ensures people know each other as individuals, which creates the t
BM	PWY1002	accordion	8/19	1	1	Manaakitanga ensures that every interaction protects and enhances the **mana** (dignity and standing) of the other perso
BM	PWY1002	accordion	14/19	1	1	Kotahitanga is about achieving unity (togetherness) of purpose. Communication ensures everyone feels included and works 
BM	PWY1002	accordion	23/26	1	1	**Digital communication** often combines spoken, written, and visual communication through tools such as video conferenc
BM	PWY1002	accordion	1/16	0	1	This act protects people from discrimination and helps ensure everyone is treated fairly. Employers cannot discriminate 
BM	PWY1002	accordion	5/16	1	1	This act sets out the rights and responsibilities of employers and employees. It covers things such as employment agreem
BM	PWY1002	accordion	9/16	1	1	This act helps ensure that workplaces are safe. Employers and workers both have responsibilities to identify hazards, ma
BM	PWY1002	accordion	13/16	1	1	This act provides minimum entitlements for leave from work, including annual leave, sick leave, bereavement leave, and p
BM	PWY1002	accordion	1/24	0	1	An employment agreement usually includes:
BM	PWY1002	accordion	11/24	1	1	When you accept a job, you enter into an employment relationship with your employer. Both you and your employer have res
BM	PWY1002	accordion	15/24	1	1	Employees are expected to follow workplace rules and meet the requirements of their job.
BM	PWY1002	hintSlider	2/4	1	1	Talk to a parent, caregiver, teacher, careers advisor, guidance counsellor, supervisor, or another trusted adult. They m
BM	PWY1002	hintSlider	1/4	0	0	Organisations such as the **Citizens Advice Bureau (CAB)** and **Community Law** can help you understand your rights and
BM	PWY1007	radioQuiz	1/3	0	0	Look at the types of forms below. For each one, choose the option that best describes your experience.
BM	PWY1007	memoryGame	1/4	0	0	Match each type of form with the main reason it is used to collect information.
BM	PWY1007	multiChoiceQuiz	1/3	0	0	Select the correct name from the list of options.
BM	PWY1007	clickDrop	1/4	0	0	Click on the items for more information about other important terms related to your contact details.
BM	PWY1007	clickingOrder	1/3	0	0	Let’s have a go! Arrange the addresses into their correct order.
BM	PWY1007	dragAndDrop	1/3	0	0	Drag and drop the types of information you may be asked for into the correct category.
BM	PWY1007	dragAndDrop	1/4	0	0	Drag and drop the types of supporting documents you may be asked for into the correct category.
BM	PWY1008	multiChoiceQuiz	1/3	0	0	Read the scenarios provided and decide whether this is a casual chat, informal interview, or formal interview.
BM	PWY1008	typing	1/2	0	0	Read the message Bailey receives about another informal interview then answer the questions.
BM	PWY1008	typing	1/4	0	0	Read each example and decide whether the presentation is suitable or not suitable for an informal interview. Think about
BM	PWY1008	multiChoiceQuiz	1/4	0	0	In Lesson 1.2, we talked about common topics in informal interviews.
BM	PWY1008	dragAndDrop	1/4	0	0	Here are four strategies you can use to find out more about an organisation. Drag and drop the matching example.
BM	PWY1008	dragAndDrop	1/11	0	0	There are three interview questions. Each answer has three parts:
BM	PWY1008	dragAndDrop	1/5	0	0	Sometimes an interview does not go smoothly. This can happen to anyone.
BM	PWY1008	radioQuiz	1/3	0	0	Read through the examples and decide if they are examples of whakarongo pīkari.
BM	PWY1009	dragAndDrop	1/4	0	1	Match each term with its correct definition and two examples by dragging and dropping the cards into place.
BM	PWY1009	dragAndDrop	1/3	0	1	Match each requirement to the correct section heading in the employment agreement.
BM	PWY1009	modal	2/32	1	0	Make sure you have the whole proposed employment agreement, including any pages or documents it refers to.
BM	PWY1009	modal	5/32	1	0	Read the whole agreement – not just the section about pay and hours.
BM	PWY1009	modal	9/32	1	0	You could mark a digital copy, use a printed copy, or record your notes separately.
BM	PWY1009	modal	11/32	1	0	Use the seven items mentioned in Lesson 2.1 to make sure the required information is included.
BM	PWY1009	modal	23/32	1	0	Check that the agreement matches the
BM	PWY1009	modal	31/32	1	0	Ask the employer to explain anything that is unclear or different from what you were told.
BM	PWY1009	modal	2/12	0	1	Ask someone who is not making the job offer to help you understand the agreement.
BM	PWY1009	modal	7/12	1	1	Before signing make sure:
BM	PWY1009	multiChoiceQuiz	2/7	0	0	Read or listen to the scenario below and then answer the questions.
BM	PWY1009	multiChoiceQuiz	2/7	0	0	Read or listen to the scenario below and then answer the questions.
BM	PWY1009	multiChoiceQuiz	1/6	0	0	Read or listen to the scenario below and then answer the questions.
BM	PWY1009	multiChoiceQuiz	1/6	0	0	Read or listen to the scenario below and then answer the questions.
BM	PWY1009	dragAndDrop	1/4	0	1	Different sources provide different kinds of help.
BM	PWY1009	multiChoiceQuiz	1/4	0	0	Select the most suitable source of help for each person
BM	PWY1009	typing	1/3	0	0	Decide whether each person is asking for an explanation or requesting a change.
BM	PWY1009	multiChoiceQuiz	1/5	0	0	After reading the above scenario, answer these questions.
BM	SCBI301	flipCard	5/6	1	0	Because of microscopes, we now know that humans are made up of cells. It isn’t only humans that are made up of cells. Al
BM	SCBI301	dropDown	1/17	0	0	Choose the correct word to complete the sentences about the different parts of animal cells.
BM	SCBI301	radioQuiz	13/27	0	0	Plant cells have some extra structures that are not found in animal cells. Click on the structures that are **only** **f
BM	SCBI301	multiChoiceQuiz	1/16	0	0	Decide if the cell is a plant cell or an animal cell, using what you know about the differences between them.
BM	SCBI301	dragAndDrop	1/19	0	0	Drag and drop the labels onto the photos of cells, to show where the different parts are.
BM	SCBI301	accordion	3/7	0	0	Click ‘explore’ to view some slides of plants and animals.
BM	SCBI301	sketcher	1/2	0	0	This video describes how to do biological drawings.
BM	SCBI301	flipCard	7/11	1	0	**Organ systems** are groups of organs working together to do big jobs. For example, the digestive system is an organ sy
BM	SCBI301	flipCard	10/11	1	0	This video describes how multicellular organisms are organised.
BM	SCBI301	accordion	2/12	0	1	The image above shows a unicellular organism called Chlamydomonas. In your journal, write a paragraph about the adaptati
BM	SCBI301	accordion	6/12	1	1	Invent an imaginary unicellular organism. Decide where it lives, and what adaptations it has for living there.
BM	SCCH301	dragAndDrop	1/7	0	0	Which are these examples are matter and which are not matter? Drag and drop them into the right column on the table.
BM	SCCH301	accordion	1/4	0	1	Solids have a definite shape. When they are put in a different container, they do not change their shape to fit their ne
BM	SCCH301	accordion	1/4	0	1	Liquids do not have a definite shape. Water in a glass will take the shape of the glass. We can pour the water from the 
BM	SCCH301	accordion	1/3	0	1	Gases do not have a fixed shape. They flow easily and spread out to fill the space that it is in. Air is made up of gase
BM	SCCH301	accordion	1/6	0	1	Ancient Greek philosophers loved to debate big ideas. One question they argued about was how small something could be ma
BM	SCCH301	clickDrop	1/15	0	1	In **solids**, particles are packed tightly together in an orderly pattern. They don’t move around much, but they do vib
BM	SCCH301	clickDrop	6/15	1	1	In **liquids,** particles are close together but can move around and slide past each other.
BM	SCCH301	clickDrop	11/15	1	1	In **gases,** the particles are far apart and move quickly all over the place.
BM	SCCH301	accordion	1/24	0	1	When you heat a solid, it can **melt** and change into a liquid. For example, ice is a solid. When it gets warm, it **me
BM	SCCH301	accordion	5/24	1	1	When a liquid gets hot, it can **evaporate** and become a gas. For example, when you boil liquid water, it turns into a 
BM	SCCH301	accordion	10/24	1	1	When a gas gets cold, it **condenses** to become liquid. For example, on cold nights, water gas in the air touches the c
BM	SCCH301	accordion	13/24	1	1	When liquids cool down, they change into solids. For example, liquid water turns into solid water (ice) if you put it in
BM	SCCH301	accordion	18/24	1	1	Sometimes a solid will change straight into a gas, without becoming a liquid first. This is called **sublimation.**
BM	SCCH301	clickDrop	1/3	0	1	Adjectives are describing words. They are used to give more detail about nouns (things like beakers, water and ice).
BM	SCCH301	clickDrop	1/5	0	1	Water becomes a solid when the temperature is below 0 °c. This is called its melting point. Water evaporates and turns i
BM	SCCH301	flipCard	2/4	1	1	Another good example is a steam engine. In steam engines, water is heated and turned into steam. When water turns into g
BM	SCCH301	clickDrop	1/4	0	1	When melted chocolate is put into the fridge, it changes from a liquid to a solid. This change of state is called freezi
BM	SCCH301	clickDrop	1/8	0	1	When melted chocolate is put in the fridge:
BM	SCES201	flipCard	12/16	1	0	Our star, the Sun, is currently a main sequence star. It will be many billions of years before it begins to reach the en
BM	SCES201	flipCard	13/16	1	0	When we look at the night sky almost all bright points that we can see are stars. At certain times of the year we can al
BM	SCES201	radioQuiz	1/12	0	0	Decide if these statements about stars are true or false.
BM	SCES201	memoryGame	3/9	0	0	Match the image of the Moon with the correct Moon phase name.
BM	SCES201	dragAndDrop	2/14	0	0	Take a look at the Maramataka wheel. You can see there are images of the Moon phases and their names on the large wheel.
BM	SCES201	dragAndDrop	10/14	1	0	If you don’t have a printer, you could draw a maramataka yourself or just look at the image to find the information you 
BM	SCES201	dragAndDrop	12/14	1	0	Match the activity to the Maramataka phase.
BM	SCES201	carousel	1/11	0	1	Puanga is a blue super giant star that is 40,000 times as bright as our Sun and much bigger.
BM	SCES201	carousel	3/11	0	1	Puanga is 864 light years from Earth. That means that the light you are seeing twinkling when you look at Puanga has tak
BM	SCES201	carousel	5/11	0	1	Puanga is the seventh brightest star we can see in the sky. This makes it a useful star that has long been used by human
BM	SCES201	carousel	7/11	0	1	Puanga is part of the western astronomy constellation Orion, the hunter. Some Māori considered Puanga a fruit and kereru
BM	SCES201	dropDown	1/19	0	0	Use the drop-down menus to choose the correct word to finish these sentences.
BM	SCES201	dragAndDrop	1/3	0	0	Match each word on the right with its meaning.
BM	SCES201	flipCard	1/3	0	0	Now go to your journal and answer the section for lesson 2.
BM	SCES201	dropDown	1/21	0	0	Choose the correct answer to complete these sentences.
BM	SCES201	clickDrop	4/6	1	0	Dr Pauline Harris (Rongomaiwahine, Ngāti Rakaipaka, Ngāti Kahungunu) is an astronomer and university professor in Aotear
BM	SCES201	clickDrop	2/3	0	0	Due to Matariki happening in winter, many traditional activities allowed people to sit together with whānau and enjoy pl
BM	SCFUN01	carousel	21/22	1	1	This daisy is a small flower. It has lots of white petals. They are long and skinny. When I touch the petals, they feel 
BM	SCPH301	reorder	1/14	0	0	1. Put these in order from the most thermal energy to the least thermal energy.
BM	SCPH301	clickDrop	1/7	0	1	Temperature is usually measured in degrees Celsius (°C). Some countries measure temperature in degrees Fahrenheit (°F). 
BM	SCPH301	hintSlider	2/8	1	1	In science, when talking about thermal energy, we would say that the heat goes out. Thermal energy moves from where it i
BM	SCPH301	clickDrop	1/18	0	1	This experiment shows that hot air rises.
BM	SCPH301	clickDrop	15/16	1	1	This video shows how to do this activity.
BM	SCPH301	clickDrop	35/36	1	1	Take a photo of your solar oven and add it to your journal. Answer the questions in the journal about how well your sola
BM	SCPH301	clickDrop	1/12	0	1	In Antarctica, temperatures can drop below -50 degrees Celsius, winds are very strong, and there is a lot of snow and ic
BM	SSCI104	slider	1/9	0	0	Question 1: Did dinosaurs exist BC/BCE or AD/CE? Drag the slider to show your answer.
BM	SSCI104	unclassified	1/10	0	0	Have a play with the number lines below. Choose a point and count forwards and backwards by trying each of these:
BM	SSCI104	carousel	1/2	0	0	Can you spot the Stone Age? Did you notice how the years are written using BC for time before Christ and AD for after?
BM	SSCI104	hint	1/2	0	1	Email or phone the kaiako. You can ring 0800 65 99 88 and ask for them or email them. If you do not know the name of you
BM	SSCI104	clickDrop	1/3	0	0	Our human ancestors traveled mainly on foot, walking long distances. Click each footprint to see some of the places they
BM	SSCI104	hint	1/3	0	0	Email or phone the kaiako. You can ring 0800 65 99 88 and ask for them or email them. If you do not know the name of you
BM	SSCI104	hint	2/4	1	0	How did you go with trying to guess some of the answers to your questions when looking closely at the clues left behind 
BM	SSCI104	dragAndDrop	1/3	0	0	In the table below, the clue and reason are given based on the things found at Skara Brae village. Can you match the gue
BM	SSCI104	reorder	1/3	0	0	The sentences below are scrambled. Can you click on and reorder the boxes to fix these sentences?
BM	SSCI104	modal	2/3	0	0	Kiri and Rocko have been allowed to look inside the 5000 year old Skara Brae hut we saw in the video. Kiri has chosen th
BM	SSCI104	hint	1/2	0	1	Email or phone the kaiako. You can ring 0800 65 99 88 and ask for them or email them. If you do not know the name of you
BM	SSCI104	dropDown	1/2	0	0	Look at the three images of things found in the Neolithic village of Skara Brae. Click on each dropdown arrow to choose 
BM	SSCI104	accordion	13/14	0	1	This is your last task for your journal. Please check your mahi (work) with your supervisor and then submit your journal
BM	SSCI104	hint	1/2	0	1	Email or phone the kaiako. You can ring 0800 65 99 88 and ask for them or email them. If you do not know the name of you
BM	SSCI104	unclassified	2/4	0	0	Now, it is your turn to have some fun and create your special idea inspired by what you have learnt about early humans. 
BM	SSCI104	multiChoiceQuiz	2/6	0	0	Complete the sentences below for your kaiako:
BM	SSCI205	clickDrop	2/9	0	0	Archaic – when city states were developing.
BM	SSCI205	clickDrop	5/9	1	0	Classical – when Athens and Sparta were very powerful.
BM	SSCI205	clickDrop	8/9	1	0	Hellenistic – when Greek ideas spread after Alexander the Great.
BM	SSCI205	hint	1/2	0	1	Email or phone the kaiako. You can ring 0800 65 99 88 and ask for them or email them. If you do not know the name of you
BM	SSCI205	reorder	11/15	1	0	The code is complete when all the letters are in the correct order. When you solve the code, click the amulet to reveal 
BM	SSCI205	hint	1/2	0	1	Email or phone the kaiako. You can ring 0800 65 99 88 and ask for them or email them. If you do not know the name of you
BM	SSCI205	carousel	2/7	0	0	Talk with your supervisor:
BM	SSCI205	clickDrop	2/4	0	0	This play is satire.
BM	SSCI205	hint	1/2	0	1	Email or phone the kaiako. You can ring 0800 65 99 88 and ask for them or email them. If you do not know the name of you
BM	SSCI205	multiChoiceQuiz	22/23	0	0	Ancient Olympians did not wear modern sports gear or win medals like athletes today.
BM	SSCI205	clickDrop	3/14	0	0	Create your own mini–Olympic Games at home.
BM	SSCI205	slider	1/5	0	0	Move the slider to show your thinking.
BM	SSCI205	slider	3/5	0	0	Why did you place the slider there?
BM	SSCI205	multiChoiceQuiz	1/15	0	0	Which piece of a hoplite’s equipment best shows why teamwork was important in Sparta?
BM	SSCI205	hint	1/2	0	1	Email or phone the kaiako. You can ring 0800 65 99 88 and ask for them or email them. If you do not know the name of you
BM	SSCI205	reorder	2/5	0	0	When you finish, answer this in your journal:
BM	SSCI205	hint	1/2	0	1	Email or phone the kaiako. You can ring 0800 65 99 88 and ask for them or email them. If you do not know the name of you
BM	SSCI205	hint	1/2	0	1	Email or phone the kaiako. You can ring 0800 65 99 88 and ask for them or email them. If you do not know the name of you
BM	SSEA203	hint	1/2	0	1	Email or phone the kaiako. You can ring 0800 65 99 88 and ask for them or email them. If you do not know the name of you
BM	SSEA203	hint	1/2	0	1	Email or phone the kaiako. You can ring 0800 65 99 88 and ask for them or email them. If you do not know the name of you
BM	SSEA203	hint	2/3	0	1	Email or phone the kaiako. You can ring 0800 65 99 88 and ask for them or email them. If you do not know the name of you
BM	SSEA203	wordFind	1/21	0	0	Practise spelling the words you have been using in this lesson to complete the word find below.
BM	SSEA203	hint	2/3	0	1	Email or phone the kaiako. You can ring 0800 65 99 88 and ask for them or email them. If you do not know the name of you
BM	SSEA203	tabs	2/25	0	1	Cash (coins and notes) helps us **see and feel our money**.
BM	SSEA203	hint	2/3	0	1	Email or phone the kaiako. You can ring 0800 65 99 88 and ask for them or email them. If you do not know the name of you
BM	SSFUN01	selectionBox	1/14	0	0	Tick the boxes below to show how you actively participate in different ways.
BM	SSFUN01	multiChoiceQuiz	1/4	0	0	Click on the quiz button to share a time with your kaiako when you cooperated with someone or a group of people to work 
BM	SSFUN01	flipCard	2/9	0	0	Examples of personal social action:
BM	SSFUN01	multiChoiceQuiz	2/4	1	0	What ideas do you have for Random Acts of Kindness (RAK) at home, in your community, or on a wider scale? Record your th
BM	SSFUN02	interactive	3/15	0	0	Children in Aotearoa New Zealand are taught in schools around the country. Many early schools were small, single-room bu
BM	SSFUN06	interactive	4/7	0	0	We all have roles that we play in the groups and communities we belong to. We are responsible for contributing to that g
BM	SSFUN06	interactive	1/9	0	0	After listening to the story, look at the following list with your supervisor. Identify whether the actions are good man
BM	SSFUN06	interactive	4/9	1	0	It is up to all of us to grow a ‘Garden of Good Manners’. We make our flowers grow by using these ‘magic’ words each day
BM	SSFUN06	interactive	7/9	1	0	What would be the biggest flower in your garden? Click on the quiz button and write or use the audio function to tell yo
BM	SSFUN06	interactive	2/5	0	0	Save your own copy of this table and use the text box function to make a list of the rules and/or laws that are relevant
BM	SSFUN06	interactive	2/5	0	0	Have a go at creating your own version of a visual symbol for Global Citizenship for young people in Aotearoa New Zealan
BM	SSFUN06	interactive	1/3	0	0	Click on the ‘Let’s do this button’ and then click through the arrows until you get to the game, ‘Reality River’.
BM	SSFUN07	multiChoiceQuiz	1/7	0	0	Click the link to the quiz for questions to think about while you watch the video. Don’t forget to answer the questions 
BM	SSFUN07	multiChoiceQuiz	1/8	0	0	You have explored businesses in Aotearoa and around the world that focus on sustainability and leading change for good –
BM	SSOG101	flipCard	2/6	0	1	Can you spot when you should call 111? Go through each of these scenarios with your supervisor. If you don’t think you s
BM	SSOG101	dragAndDrop	1/5	0	0	If you need to call 111 the friendly operator will ask you who you need help from.
BM	SSOG101	dragAndDrop	1/3	0	0	Can you guess the ways volunteers and community workers help in our community?
BM	SSOG101	wordFind	1/5	0	0	We have been learning a lot about the kinds of people in our community and how they can help us when we are in need. Can
BM	SSOG101	wordFind	4/5	0	0	All of us have special qualities that make us into the awesome humans we are! We can use our special qualities to help o
BM	SSOG101	interactive	5/7	1	0	Share your learning with your kaiako by uploading your journal to the dropbox below.
BM	SSOG103	clickDrop	8/25	0	0	Look carefully at each of the pictures.
BM	SSOG103	clickDrop	13/25	0	0	Share your ideas with your supervisor.
BM	SSOG103	clickDrop	15/25	0	0	Belonging is feeling safe, welcome, and happy with people or in places that are special to you. Belonging means you are 
BM	SSOG103	hint	1/2	0	1	Email or phone the kaiako. You can ring 0800 65 99 88 and ask for them or email them. If you do not know the name of you
BM	SSOG103	hint	1/2	0	1	Email or phone the kaiako. You can ring 0800 65 99 88 and ask for them or email them. If you do not know the name of you
BM	SSOG103	hint	1/2	0	1	Email or phone the kaiako. You can ring 0800 65 99 88 and ask for them or email them. If you do not know the name of you
BM	SSOG103	hint	1/2	0	1	Email or phone the kaiako. You can ring 0800 65 99 88 and ask for them or email them. If you do not know the name of you
BM	SSOG103	selectionBox	7/12	1	0	Ka mau te wehi!
BM	SSOG103	multiChoiceQuiz	2/8	0	0	Complete the sentences below for your kaiako (teacher):
BM	SSOG105	hint	1/2	0	1	Email or phone the kaiako. You can ring 0800 65 99 88 and ask for them or email them. If you do not know the name of you
BM	SSOG105	clickDrop	4/27	0	1	In 1840, many rangatira Māori (chiefs) and representatives of the British Crown signed Te Tiriti o Waitangi at Waitangi.
BM	SSOG105	clickDrop	9/27	0	1	Today, people mark Waitangi Day in many ways. Some moments are quiet and respectful, with ceremonies and speeches. Other
BM	SSOG105	clickDrop	13/27	0	1	Waitangi Day helps us remember our history and learn about Te Tiriti. It is a day for remembering our shared history and
BM	SSOG105	clickDrop	17/27	0	1	People don’t all feel the same about Waitangi Day. Some people enjoy the events, and others think the day should be more
BM	SSOG105	clickDrop	20/27	0	1	Sam needs your help to understand why Waitangi Day is important in Aotearoa New Zealand.
BM	SSOG105	hint	1/2	0	1	Email or phone the kaiako. You can ring 0800 65 99 88 and ask for them or email them. If you do not know the name of you
BM	SSOG105	carousel	4/30	0	1	People gather very early in the morning. It is still dark. At some services, there may be a karakia (prayer) or a waiata
BM	SSOG105	carousel	8/30	0	1	People wear red poppies. The poppy helps us remember the soldiers who went to war.
BM	SSOG105	carousel	12/30	0	1	Wreaths are placed at memorials. This shows respect. Some whānau remember their own tūpuna (ancestors).
BM	SSOG105	carousel	16/30	0	1	People stand quietly. They think about the soldiers and their bravery. ANZAC Day is a time to remember everyone who serv
BM	SSOG105	carousel	18/30	0	1	Watch the video below:
BM	SSOG105	carousel	24/30	1	1	When the video finishes, talk about these questions with your supervisor.
BM	SSOG105	hint	1/2	0	1	Email or phone the kaiako. You can ring 0800 65 99 88 and ask for them or email them. If you do not know the name of you
BM	SSOG105	hint	1/2	0	1	Email or phone the kaiako. You can ring 0800 65 99 88 and ask for them or email them. If you do not know the name of you
BM	SSOG105	hint	1/2	0	1	Email or phone the kaiako. You can ring 0800 65 99 88 and ask for them or email them. If you do not know the name of you
BM	SSOG105	hint	1/2	0	1	Email or phone the kaiako. You can ring 0800 65 99 88 and ask for them or email them. If you do not know the name of you
BM	SSOG301	unclassified	4/9	1	0	Leadership is displayed in various forms within our communities. People have different opinions about what makes a good 
BM	SSOG301	tabs	3/5	0	0	Queen Elizabeth I displayed many leadership qualities during her reign (1558–1603), which is often referred to as the El
BM	SSOG301	dragAndDrop	1/7	0	1	Below are some things that the branches of government **cannot do** – but they are muddled up. Drag and drop the point u
BM	SSOG301	dragAndDrop	1/7	0	1	Drop and drag the following things that would include or exclude someone from being able to vote in Aotearoa New Zealand
BM	SSOG301	dragAndDrop	1/8	0	0	There are lots of reasons that people cannot equally access the right to vote. Match the barrier
BM	SSOG301	tabs	1/7	0	0	Referendums are extra votes you decide on at the same time. They ask a question about a specific issue. Referendums can 
BM	SSOG301	multiChoiceQuiz	1/8	0	0	This is the final task for this module. It will bring together all your learning from this module. Allow about an hour t
BM	TEDC401	tabs	2/5	0	1	Choose an app or website you use often. Complete the steps below:
BM	TEDC401	hint	1/2	0	1	Email or phone the kaiako. You can ring 0800 65 99 88 and ask for them or email them. If you do not know the name of you
BM	TEDC401	hint	1/2	0	1	Email or phone the kaiako. You can ring 0800 65 99 88 and ask for them or email them. If you do not know the name of you
BM	TEDC401	accordion	2/7	0	0	**Use a 3-step interface builder: *plan *sketch *credit**
BM	TEDC401	hint	1/2	0	1	Email or phone the kaiako. You can ring 0800 65 99 88 and ask for them or email them. If you do not know the name of you
BM	TEDC401	unclassified	10/14	1	0	Goal: To get feedback on your mahi (work) from your kaiako. Save your ‘levelled-up’ prototype with the title ‘YourName.C
BM	TEDC401	hint	1/2	0	1	Email or phone the kaiako. You can ring 0800 65 99 88 and ask for them or email them. If you do not know the name of you
BM	TEDC401	hint	1/2	0	1	Email or phone the kaiako. You can ring 0800 65 99 88 and ask for them or email them. If you do not know the name of you
BM	TEDC401	hint	1/2	0	1	Email or phone the kaiako. You can ring 0800 65 99 88 and ask for them or email them. If you do not know the name of you
BM	TEDC402	slider	2/3	0	0	Move the slider to show how much you agree with this statement:
BM	TEDC402	hint	2/3	0	1	Email or phone the kaiako. You can ring 0800 65 99 88 and ask for them or email them. If you do not know the name of you
BM	TEDC402	dragAndDrop	1/15	0	0	Now match each step to what it does: **Step**
BM	TEDC402	hint	2/3	0	1	Email or phone the kaiako. You can ring 0800 65 99 88 and ask for them or email them. If you do not know the name of you
BM	TEDC402	multiChoiceQuiz	1/7	0	0	Which of these statements is NOT true about operating systems? • An OS manages hardware, software, files, and security. 
BM	TEDC402	hint	2/3	0	1	Email or phone the kaiako. You can ring 0800 65 99 88 and ask for them or email them. If you do not know the name of you
BM	TEDC402	radioQuiz	1/3	0	0	Now it’s your turn to make decisions. There’s no guessing here, each choice should be based on evidence, context, and fa
BM	TEDC402	hint	2/3	0	1	Email or phone the kaiako. You can ring 0800 65 99 88 and ask for them or email them. If you do not know the name of you
BM	TEDC402	dragAndDrop	1/11	0	0	Match each dataset to the most appropriate chart type: • Daily steps over seven days. →
BM	TEDC402	dropDown	1/2	0	1	It’s your turn to bring your data to life. You’ve cleaned your dataset and analysed other people’s charts – this task le
BM	TEDC402	hint	2/3	0	1	Email or phone the kaiako. You can ring 0800 65 99 88 and ask for them or email them. If you do not know the name of you
BM	TEDC402	dropDown	1/9	0	0	A decision point is where your algorithm chooses between two paths. Complete the missing parts and note there is more th
BM	TEDC402	clickDrop	2/6	0	0	Thinking like a data scientist means breaking big problems into smaller steps, testing your logic, and making decisions 
BM	TEDC402	hint	2/3	0	1	Email or phone the kaiako. You can ring 0800 65 99 88 and ask for them or email them. If you do not know the name of you
BM	TEDC402	hint	2/3	0	1	Email or phone the kaiako. You can ring 0800 65 99 88 and ask for them or email them. If you do not know the name of you
BM	TEDC402	hint	1/2	0	1	Email or phone the kaiako. You can ring 0800 65 99 88 and ask for them or email them. If you do not know the name of you
BM	TEFUN01	multiChoiceQuiz	14/15	1	0	If you completed the OPTIONAL hands-on activity, please share your card with your kaiako.
BM	TEFUN02	dragAndDrop	1/25	0	0	Below are the parts of a design brief. Drop and drag them so that they are in the correct order.
BM	TEFUN02	dragAndDrop	22/25	0	0	Prototypes are helpful to communicate your ideas, but they do not have to be time consuming. A functional prototype [
BM	TEFUN03	modal	3/11	0	0	There once was a time people assumed only birds could fly.
BM	TEFUN03	modal	5/11	0	0	That was until creative thinkers like Leonardo da Vinci explored the idea that people could fly, too.
BM	TEFUN03	modal	7/11	0	0	In the early 1900s, the first aeroplane took to the skies!
BM	TEFUN03	modal	10/11	0	0	Since then, creative thinkers have continued to make the impossible possible.
BM	TEFUN03	clickDrop	1/2	0	1	The internet is a treasure trove of information. From your home, you have access to the greatest thinkers that have ever
BM	TEFUN04	multiChoiceQuiz	13/15	1	0	If you completed the OPTIONAL hands-on activity, please share your fort with your kaiako.
BM	TEFUN04	dragAndDrop	1/3	0	1	Below there are some desired outcomes for our road-trip boredom buster. Can you match the **desired outcomes** to their 
BM	TEFUN04	multiChoiceQuiz	21/23	1	0	If you have an idea you would like to share for the road-trip example, please share it below.
BM	TEFUN05	dragAndDrop	1/5	0	0	Look at the toy below. It breaks easily and we need to improve the design to fix this. Look at the improvements below. W
BM	TEFUN05	multiChoiceQuiz	10/11	1	0	Thanks for completing these activities, well done!
BM	TEFUN05	multiChoiceQuiz	1/2	0	0	Look at the three designs below of technology that could get the user to the park. Select which of the three existing de
BM	TEFUN05	multiChoiceQuiz	1/19	0	0	Above are a red car, a green golf cart, and a black scooter. Choose the design, or designs, which best meets the differe
BM	TEFUN07	carousel	23/25	0	1	Talk about the bags and baskets in the photos with your supervisor. Which was the most interesting bag or basket? Which 
BM	TEFUN08	carousel	7/10	0	1	As you can see, many things that people do are full of repetition. Many of the things we ask computers to do are full of
BM	TEFUN08	accordion	3/11	0	1	In a block coding system, here is what this might look like:
BM	TWHA902	flipCard	9/10	0	0	It’s like a special language that most people can understand, even if they don’t speak the same words.
BM	TWHA906	multiChoiceQuiz	4/12	1	0	Select one or more of the following pieces of work that you have completed throughout this lesson that you would like to
BM	TWHA906	multiChoiceQuiz	4/14	1	0	Throughout this lesson you have explored your ‘why’ and have thought about your own goals through a variety of activitie
BM	TWHA906	accordion	2/24	0	0	Which snack is better for you to eat?
BM	TWHA906	accordion	9/24	1	0	Which meal would give you the most energy?
BM	TWHA906	accordion	17/24	1	0	What snack would give you longer lasting energy?
BM	TWHA906	multiChoiceQuiz	4/10	1	0	Share one or more of the following activities by submitting them to your portfolio.
BM	TWHA906	sketcher	5/8	0	0	Think about your own sleep environment.
BM	TWHA906	multiChoiceQuiz	5/12	1	0	Upload one or more of the following activities to your portfolio.
BM	TWHA906	carousel	2/14	0	1	Resilience is getting back on and trying again.
BM	TWHA906	carousel	3/14	0	1	If you do not do well on a test.
BM	TWHA906	carousel	5/14	0	1	Resilience is studying harder and asking questions so you can improve next time.
BM	TWHA906	carousel	6/14	0	1	Having a disagreement with a friend.
BM	TWHA906	carousel	8/14	0	1	Resilience is when you talk through the disagreement and find a solution.
BM	TWHA906	carousel	11/14	0	1	Resilience is when you can keep trying to improve, even when you don’t achieve your goal the first time.
BM	TWHA906	carousel	13/14	0	1	Resilience is something everyone needs – Even people we admire, like sports stars, musicians, and scientists, have diffi
BM	TWHA906	multiChoiceQuiz	4/11	1	0	Upload one or more of the following completed tasks.
BM	TWHK907	unclassified	1/5	1	0	Consider who or what each of the following volunteers and their team are aiming to do. Then match the volunteer or team 
BM	TWHR905	flipCard	1/13	0	0	Being organised involves having good systems and habits to finish tasks efficiently. Creating a timetable is the first s
BM	TWHR905	flipCard	4/13	1	0	Being organised has many benefits! It helps you:
BM	TWHR905	flipCard	12/13	1	0	Here are some tips to help you prepare your learning space.:
BM	TWHR905	carousel	4/30	0	0	Creating an effective learning timetable involves the following steps:
BM	TWHR905	radioQuiz	1/14	0	0	Discuss with those around you, either at huinga ako or at home, whether you think the following statements are true or f
BM	TWHR905	multiChoiceQuiz	1/19	0	0	Below is a list of ideas for purposeful study breaks. Read through the list and tick the box next to any activities that
BM	TWHR907	carousel	9/24	0	0	A good leader is someone who:
BM	TWHR907	tabs	2/21	0	0	Assertiveness means expressing your point of view clearly and directly, while still respecting others. Assertive people 
BM	TWHR907	tabs	15/21	1	0	Did you know that the average human attention span is just 8 seconds! As a leader it is important to be clear and concis
BM	WJFUN105	hint	5/6	1	0	Click on the video to watch it.
BM	WJFUN105	multiChoiceQuiz	1/14	0	1	Are the full stops in the right place? Click on the box at the end to select YES or NO if the full stops are in the righ
BM	WJFUN105	dragAndDrop	1/6	0	0	Read these words with your supervisor and move them around to make the sentence make sense. Watch how Bingo and Bluey un
BM	WJFUN105	dragAndDrop	3/6	0	0	Now it is your turn. These sentences start with a capital letter and end with a full stop. Use your mouse to drag these 
BM	WJFUN106	clickDrop	2/3	1	0	Click on the first tile to get started. Then work on them in order. At the end of each one there will be an activity to 
BM	WJFUN106	flipCard	1/3	0	1	Click on these flipcards to learn more about capital letters and full stops.
BM	WJFUN106	typing	1/3	0	0	Here are some incorrect sentences. Fix them by adding a capital letter and full stop.
BM	WJFUN106	dragAndDrop	1/7	0	0	Click on the sentence that matches the picture and drag it into the right box
BM	WJFUN107	dragAndDrop	1/17	0	0	Drag the subject and verb to make a complete sentence.
BM	WJFUN108	flipCard	1/3	0	1	Click on these images for more examples
BM	WJFUN108	selectionBox	1/3	0	0	Click on each picture to hear the word for each box and then tick the images that should have a capital letter.
BM	WJFUN108	multiChoiceQuiz	1/19	0	0	Read each sentence carefully. Decide if the commas in the list have been used correctly. If the commas are correct, tick
BM	WJFUN108	carousel	3/5	1	0	Let’s remember our types of sentences. Click across the images to see the different types of sentences we have learned.
BM	WJFUN108	multiChoiceQuiz	1/4	0	0	Now that you have learned about different types of sentences and how to use them, it is time to write some of your own a
BM	WJFUN109	carousel	7/9	0	1	While we are visiting Te Anau, we are going to learn about why someone writes (the purpose) and who they are writing for
BM	WJFUN110	memoryGame	4/5	1	0	Click on the memory cards to match Kea’s writing with the type of writing.
BM	WJFUN110	dragAndDrop	3/19	1	0	Read Kea’s sentence with your supervisor and put the sentences into the right category suitcase for our trip to Queensto
BM	WJFUN110	accordion	2/19	1	1	Writers create books and stories for children. They help kids learn new things, have fun, and become better readers. The
BM	WJFUN110	accordion	8/19	1	1	Writers create books, articles, and instructions for adults. They share information, ideas, and advice about work, daily
BM	WJFUN110	accordion	14/19	1	1	Some writers write for lots of people. They share information, teach others, help people learn about important things, o
BM	WJFUN112	dragAndDrop	1/3	0	0	Chloe is on holiday and has been exploring the coastline of Abel Tasman National Park by kayak. While visiting a local g
BM	WJFUN112	dragAndDrop	1/30	0	0	Read each text card. Drag it to the correct purpose: inform (teaches facts), persuade (tries to get you to do something)
BM	WJFUN112	slider	1/27	0	0	Read about each audience. Think about the type of language that would be most suitable. Move the slider to show where yo
BM	WJFUN113	dragAndDrop	1/4	0	0	Our cheeky kea has taken all the detective’s tools. Can you help the detective find them by matching the nouns with the 
BM	WJFUN113	dragAndDrop	1/6	0	0	With your supervisor can you drag the verb words to the right picture of what the detective is doing?
BM	WJFUN113	wordFind	1/5	0	0	Can you be a detective and find the following words in the word search? Once you have found a word click on the first an
BM	WJFUN113	dragAndDrop	1/8	0	0	With your supervisor, can you use some of these detective words to fill in the gaps in the similes from around Manapouri
BM	WJFUN113	dragAndDrop	1/8	0	0	As we travel to Manapouri, can you put these sound words from the suitcase into the sentence with your supervisor?
BM	WJFUN115	dragAndDrop	1/3	0	0	Read the adjectives and nouns below. Drag each adjective to the noun it best describes. Think about how the adjective he
BM	WJFUN115	multiChoiceQuiz	1/26	0	0	Choose the adjective that adds the best detail to the sentence.
BM	WJFUN115	memoryGame	1/10	0	0	Match the common word to the more interesting word that helps the reader create a clearer picture.
BM	WJFUN115	selfCheck	2/19	0	0	Read each sentence and each phrase carefully. Drag the phrase to the sentence that it completes. The phrase should add e
BM	WJFUN115	reorder	1/6	0	0	Read the word in the left-hand column. Look at the pictures and drag the picture that rhymes with the word into the box 
BM	WJFUN115	memoryGame	1/8	0	0	Match the word to the word that rhymes with it.
BM	WJFUN115	radioQuiz	1/20	0	0	Read each sentence and decide if it uses alliteration. Click Yes or No.
BM	WJFUN115	dragAndDrop	1/9	0	0	Read the story below. Can you find the
BM	WJFUN115	dragAndDrop	1/11	0	0	Look carefully at each photo. Drag the
BM	WJFUN115	selfCheck	2/26	0	0	Read the repeated words on the left. Then read the meanings on the right. Match each set of repeated words to the meanin
BM	WJFUN116	dragAndDrop	1/33	0	0	Can you improve the sentences below? Read each sentence. Choose the
BM	WJFUN116	selfCheck	2/24	0	0	Read each sentence and each phrase carefully. Drag the phrase to the sentence that it completes. The phrase should add e
BM	WJFUN116	multiChoiceQuiz	1/38	0	0	Read each sentence. Choose the phrase that makes the sentence more interesting and helps you build a picture in your min
BM	WJFUN116	dragAndDrop	1/34	0	0	Read the story about Mia's walk in the Grampians, steep hills rising behind Nelson city. Some of the alliteration words 
BM	WJFUN116	dragAndDrop	33/34	1	0	When you have finished, read the story aloud and listen to the alliteration. Can you see how the alliteration makes the 
BM	WJFUN116	memoryGame	1/11	0	0	Click on two cards to reveal the words underneath. If the words rhyme, they are a match and will stay visible. If they d
BM	WJFUN116	typing	1/23	0	0	Read the poem about a paddleboarding adventure at Tāhunanui Beach. Some of the rhyming words are missing. Type the missi
BM	WJFUN116	dragAndDrop	1/10	0	0	What sound can you hear? Drag the sound word to the sentence that matches it.
BM	WJFUN116	crossword	1/12	0	0	Use the clues to complete the crossword. Each clue is the beginning of a
BM	WJFUN116	selfCheck	2/5	0	0	Read each example of personification in the left-hand column. Then read the explanations in the right-hand column. Match
BM	WJFUN205	multiChoiceQuiz	1/16	0	0	Click on the sentence that is punctuated correctly
BM	WJFUN206	dragAndDrop	1/3	0	0	Read each sentence about Wairaka then drag it to the correct column.
BM	WJFUN206	dragAndDrop	1/3	0	0	Read each sentence then drag it to the correct phrase column.
BM	WJFUN206	multiChoiceQuiz	1/27	0	0	Choose the sentence with correct commas.
BM	WJFUN208	sketcher	9/40	1	0	Type the text numbers in order from most effective to least effective.
BM	WJFUN208	dropDown	1/59	0	0	Choose the word that best fits into each sentence.
BM	WJFUN210	typing	1/13	0	0	Choose the figurative language that has the best effect.
BM	WJFUN210	carousel	5/17	0	0	What did you notice? Kōrero with your supervisor to let them know.
BM	WJFUN210	dragAndDrop	4/7	0	0	Choose the best descriptive words for these sentences.
BM	WJFUN210	memoryGame	2/6	0	0	Synonyms are words that have a similar meaning. We can choose different words to make our writing more descriptive and i
BM	WJFUN210	carousel	1/2	0	0	Go to the quiz to make the simple sentences more descriptive and engaging.
BM	WJFUN211	dropDown	1/47	0	0	Choose the correct answer.
BM	WJFUN211	dropDown	21/47	0	0	Authors choose figurative language carefully. Different language features create different effects for the reader.
BM	WJFUN211	dropDown	28/47	1	0	Click on each tab to see how one simple sentence can become more powerful.
BM	WJFUN211	dropDown	1/59	0	0	Different audiences can respond to the same text in different ways. Read each text and choose the audience most likely t
BM	WJFUN212	carousel	3/6	0	1	In this Fundamental, you will learn how writers use literary techniques and descriptive language to make their writing m
BM	WJFUN212	speechBubble	2/4	0	0	You might be wondering where these idioms come from? Many idioms can be traced back to historical times. If you would li
BM	WJFUN212	memoryGame	2/5	0	0	See if you can match the idiom to the right image and meaning.
BM	WJFUN212	typing	1/44	0	0	See if you can identify the meaning behind these idioms.
BM	WJFUN304	accordion	1/4	0	0	Let’s build a sentence step by step:
BM	WJFUN304	accordion	1/8	0	0	Writers can change how a sentence feels by moving its parts.
BM	WJFUN304	dragAndDrop	1/4	0	0	Drag across the two correct conjunctions from the options to complete each compound–complex sentence.
BM	WJFUN304	typing	1/9	0	0	In this activity, you are assessing your own writing.
BM	WJFUN304	multiChoiceQuiz	1/25	0	0	Choose the correct punctuation based on the relationship between ideas.
BM	WJFUN304	accordion	2/6	0	0	It looks like a verb, but it’s actually a verb being used like a noun. Let’s compare…
BM	WJFUN304	multiChoiceQuiz	1/2	0	0	Choose the sentence that correctly uses the structure**.**
BM	WJFUN305	dropDown	1/49	0	0	Read each example about Thames. Identifying the audience or purpose of the writing as indicated.
BM	WJFUN305	speechBubble	1/3	0	1	Writers think about this when they plan their writing. For example, a message about Thames' gold-mining history may exci
BM	WJFUN305	dragAndDrop	1/4	0	0	Read each message about Thames and decide which audience is most likely to react positively to it.
BM	WJFUN305	dropDown	1/33	0	0	Read each example and identify whether it is describing a form, genre, or style.
BM	WJFUN305	dropDown	1/35	0	0	Read each scenario. Think about the writer's audience and purpose, then choose the form, genre, or style that would help
BM	WJFUN306	dropDown	2/12	1	0	Read the three messages in each slide then choose the correct ranking order from most effective to least effective for t
BM	WJFUN307	dropDown	1/10	0	0	Writers often choose between synonyms to create a particular effect. Some words sound stronger, more exciting, or more s
BM	WJFUN307	dragAndDrop	1/6	0	0	A thesaurus can suggest many synonyms, but only one may fit the context best. Match each sentence to the synonym that wo
BM	WJFUN307	selectionBox	1/9	0	0	Read each example and identify the language feature being used. Then check the ? tab to learn how the language feature h
BM	WJFUN307	selectionBox	1/41	0	0	Decide which feature would work best for the audience and purpose.
BM	WJFUN308	dragAndDrop	1/40	0	0	Read each set of words and arrange them from the least powerful description to the most powerful description. For exampl
BM	WJFUN308	dropDown	1/11	0	0	Words can have similar meanings, but skilled writers do not choose words randomly. They select words that best match the
BM	WJFUN308	dropDown	1/10	0	0	Read each example and choose the language feature being used. Then check the '?' tab to learn how the language feature w
BM	WJFUN308	dropDown	1/11	0	0	Skilled writers do not choose language features randomly. They select the feature that best suits their purpose and crea
BM	XDLS502	flipCard	2/13	0	0	Fitness (to increase your body’s strength, stamina and flexibility).
BM	XDLS502	flipCard	4/13	0	0	Friendship (to be with other people and share together).
BM	XDLS502	flipCard	6/13	0	0	Learning (to learn a new skill or information).
BM	XDLS502	flipCard	8/13	0	0	Relaxation (to be calm, have fun and enjoy yourself).
BM	XDLS502	flipCard	5/8	1	0	You have identified what facilities and services you have around you in your community. This is like a visual asset map 
BM	XDLS502	accordion	3/33	1	0	A safer community helps protect everyone who lives and works in it. Knowing who your neighbours are and or having people
BM	XDLS502	accordion	11/33	1	0	There are also police liaison officers that work in communities around the country. They team up with communities to mak
BM	XDLS502	accordion	30/33	1	0	The New Zealand Police website can help you explore this further.
BM	XDLS502	carousel	10/19	0	0	You could visit online with your hoa ako and discuss some facts about these places to share with your Te Kura kaiako.
BM	XDLS901	flipCard	16/17	1	1	Take a photo of your sorted cards and share with your kaiako what you found out about what environment you would like to
BM	XDLS901	accordion	1/16	0	0	Watch this video where we meet Eilish and Loie.
BM	XDLS901	accordion	6/16	0	0	Eilish lives with a brain tumour that made her lose her eyesight, but she doesn’t let that stop her from living a full l
BM	XDLS901	accordion	9/16	1	0	Watch this video on Tyler.
BM	XDLS901	accordion	13/16	1	0	For 18-year-old Tyler Dawson, fishing is a big part of his life because his family has been doing it for seven generatio
BM	XDLS901	accordion	1/4	0	0	Watch this video on Tim.
BM	XDLS901	accordion	4/30	1	1	Ruby wants to learn how to look after a car by herself. That means doing things like changing the oil, rotating the tyre
BM	XDLS901	accordion	19/30	1	1	Josh is a 17-year-old who’s planning to go flatting next year. He knows that being able to cook for himself is a big par
BM	XDLS901	carousel	3/8	0	0	Jamie is enrolled in school and finds that it takes a bit more time to learn new things. Whether it’s figuring out how t
BM	XDLS901	carousel	4/16	0	1	You can journal with photos and words.
BM	XDLS901	carousel	9/16	0	1	You can cut out letters and words.
BM	XDLS901	accordion	1/4	0	1	Please use the template in the module PDF for this option as it brings all the learnings from Lesson 1, 2 and 3 into you
BM	XDLS903	accordion	3/16	1	1	Movement is a big part of many spiritual rituals around the world.
BM	XDLS903	accordion	4/16	1	1	Moving makes us feel better, more connected, loved. In Aotearoa we can learn poi.
BM	XDLS903	accordion	5/16	1	1	In Taranaki poi has been used to remind people of their history and pass down messages from ancestors.
BM	XDLS903	accordion	10/16	1	1	It is important to respect poi. In this video you will learn to make poi. You will also learn how to keep your poi in th
BM	XDLS903	accordion	11/16	1	1	Making poi is not easy, so this is a good opportunity to practise keeping calm and solving problems.
BM	XDLS903	accordion	15/16	1	1	This video will show you a few moves. They are harder than they look so be easy on yourself if it takes time to learn th
BM	XDLS903	clickDrop	1/8	0	0	Choose a movement ritual through discussions with your hua ako
BM	XDLS903	clickDrop	3/8	0	0	Once you have learned your special movements show or tell us how it went.
BM	XDLS903	clickDrop	4/8	0	0	Your kaiako would love to see your progress.
BM	XDLS903	accordion	3/4	1	1	Research shows that if you really pay attention to your food this is very good for you. To practise this your hua ako an
BM	XDLS903	accordion	2/12	0	1	Having a good relationship with food is important.
BM	XDLS903	accordion	3/12	0	1	Having a bad relationship with food can cause lots of health problems.
BM	XDLS903	accordion	4/12	0	1	One way to improve your wellbeing is to take time to see how special food is. These cute kids made a video to help you e
BM	XDLS903	accordion	8/12	1	1	As a routine it is good to give thanks for our food.
BM	XDLS903	accordion	9/12	1	1	Here is a karakia to say before eating.
BM	XDLS903	accordion	3/13	1	1	We all have wairua. When we are doing things that are right for us, we feel like we are being true to our best self. We 
BM	XDLS903	accordion	4/13	1	1	Here is a song that encourages you to nurture your wairua.
BM	XDLS903	accordion	8/13	1	1	In this video Tau Huirama explains how to feed our wairua. He also warns that feeding addictions, like gaming all the ti
BM	XDLS903	accordion	12/13	1	1	In this video, Te Aorangi teaches us how to meditate. She explains why meditation is so good for feeding our wairua.
BM	XDLS903	accordion	3/18	1	1	Wairua means different things for different people. It does something to you that makes your spirit feel good. For you t
BM	XDLS903	accordion	7/18	1	1	It is important to know and like yourself. Discuss the following questions with your hua ako:
BM	XDLS903	accordion	13/18	1	1	To be safe, especially with so much social media around us, we need to know ourselves. This will help us resist the temp
BM	XDLS903	accordion	17/18	1	1	Dr Rangimārie Turuki Arikirangi Rose Pere reminds us to be ourselves. To celebrate who we are and how we are different. 
BM	XDLS903	accordion	3/14	1	1	We can celebrate good relationships in lots of ways. Birthdays, weddings, by going to church or little traditions like a
BM	XDLS903	accordion	4/14	1	1	Here is a celebration that went viral on the internet. Why do you think millions of people watched this?
BM	XDLS903	accordion	7/14	1	1	Many cultures celebrate connections with ancestors – your parents, grandparents, great grandparents. Those who came befo
BM	XDLS903	accordion	11/14	1	1	This video may help you think about the importance of connection to whānau and whenua.
BM	XDLS903	accordion	13/14	1	1	We all feed wairua in different ways. Many of these ways involve connecting. Below are some flip cards that will give yo
BM	XDLS903	accordion	3/16	1	1	For Māori, and many other people, it is important to keep your wairua safe at work by taking time to say a karakia befor
BM	XDLS903	accordion	9/16	1	1	To be safe at work it is important we are able to connect with others. This is because work safety is about communicatio
BM	XDLS903	accordion	14/16	1	1	Whakatuaki are used to pass down messages. “Whakataka” is about a fierce storm. The people out in the waka in the storm 
BM	XDLS903	accordion	15/16	1	1	To be safe we need to keep safety messages alive by passing them to each other.
BM	XDLS903	accordion	3/17	1	1	In order to have independence; as a group or an individual you need some control over resources. Sometimes this can feel
BM	XDLS903	accordion	7/17	1	1	Many New Zealanders are not as healthy as they should be. Sometimes this is because we do not eat food that nourishes he
BM	XDLS904	accordion	2/3	1	1	Whānau traditions are powerful. Good traditions mean that wellbeing is passed down from generation to generation. This v
BM	XDLS904	accordion	2/13	0	1	Regular movement keeps our whānau stay safer by preventing injuries and diseases.
BM	XDLS904	accordion	3/13	0	1	Here is a video that could inspire you to move with your whānau.
BM	XDLS904	accordion	5/13	0	1	For this lesson it does not matter how your whānau choose to move. You may have another movement video or activity you w
BM	XDLS904	accordion	6/13	0	1	You and your whānau could find a class or a book to follow.
BM	XDLS904	accordion	7/13	0	1	You could go for a walk, a run or a surf.
BM	XDLS904	accordion	8/13	0	1	The important outcome is to move your body and notice how you feel after.
BM	XDLS904	accordion	11/13	1	1	Find a reason to exercise regularly.
BM	XDLS904	accordion	12/13	1	1	In the video, this whānau use mythology and imagination to motivate the young members to move. Finding a way to move tha
BM	XDLS904	accordion	3/14	1	1	Below is a video that could inspire you to try some foods you can gather from our forests, oceans and rivers. You may ha
BM	XDLS904	accordion	8/14	1	1	Food is central to many different cultures. Each culture has their own beliefs around food. It is good to establish or u
BM	XDLS904	accordion	13/14	1	1	As someone who has chosen to learn alongside your whānau we know they are important to you. Eating healthy will help you
BM	XDLS904	accordion	3/14	1	1	What traditions are important to your whānau? What traditions would you like to change, make better or start. Here is an
BM	XDLS904	accordion	7/14	1	1	Good traditions feel good for everybody. Watch this whānau – how could they adjust their tradition so Layla can enjoy it
BM	XDLS904	accordion	9/14	1	1	Layla is takiwātanga. It means in their own space and time. How could her whānau adjust the party to allow Layla to join
BM	XDLS904	accordion	13/14	1	1	There are lots of different things we could celebrate. One special one for you as a person living in Aotearoa New Zealan
BM	XDLS904	accordion	3/17	1	1	As you get older, you change. During the period when you are discovering who you are can be challenging for you and your
BM	XDLS904	accordion	4/17	1	1	Puberty is different for everyone. Sometimes people withdraw when feeling overwhelmed. Sometimes people loudly express t
BM	XDLS904	accordion	9/17	1	1	Now you are getting older you are subject to the rules and boundaries set down by our whānau and our laws. The elders in
BM	XDLS904	accordion	10/17	1	1	It could be good to have meetings to set these boundaries, so you know why they are in place. You can give an opinion an
BM	XDLS904	accordion	12/17	1	1	Sometimes teenagers can be a little tricky to speak to. Here is a little hint video for your whānau.
BM	XDLS904	accordion	16/17	1	1	As a teenager, you can start developing routines that align with your values and goals. Your values and goals may change
BM	XDLS904	accordion	3/13	1	1	To have healthy happy relationships, we can ask advice from people who have lived a life, made mistakes and did things w
BM	XDLS904	accordion	6/13	1	1	How we are with those closest to us, and how they are towards us, makes a difference to our wellbeing. Watch this video 
BM	XDLS904	accordion	10/13	1	1	What we do all the time can have an impact on those around us. Sometimes it is easy to be a little negative towards each
BM	XDLS904	accordion	3/24	1	1	You do not have to be in paid work to contribute to have a purpose to your week.
BM	XDLS904	accordion	4/24	1	1	Finding purpose can be structured in different ways by different communities or whānau. In Japan this concept is called 
BM	XDLS904	accordion	5/24	1	1	Watch this video as a whānau and have a good discussion about everyone’s ikigai or purpose in life.
BM	XDLS904	accordion	9/24	1	1	For many of us finding a purpose can be a challenge. Our whānau can help us if we are struggling with this. Here are a f
BM	XDLS904	accordion	10/24	1	1	For many of us finding meaningful work can be a challenge. Our whānau can help us if we are struggling with this.
BM	XDLS904	accordion	11/24	1	1	Here are a few examples where the whānau work together to help each other through challenges.
BM	XDLS904	accordion	12/24	1	1	This one shows the challenge of looking for work.
BM	XDLS904	accordion	15/24	1	1	The other shows a whānau who decided to help by creating their own work.
BM	XDLS904	accordion	17/24	1	1	How can you and your whānau work together to find ways for you to contribute?
BM	XDLS904	accordion	18/24	1	1	Contributing to our whānau and community is important for your health and wellbeing.
BM	XDLS904	accordion	21/24	1	1	Sit with your whānau and discuss how you can work together to find a balance between the jobs (paid and unpaid) everyone
BM	XDLS904	accordion	3/12	1	1	Shopping can be very stressful for many whānau. To understand how challenging this can be sometimes (if one's whānau is 
BM	XDLS904	accordion	7/12	1	1	To stay healthy and to keep clean and healthy we need to make good choices with our budget. How do you think this whānau
BM	XDLS904	accordion	11/12	1	1	Sometimes to budget well everyone needs to stick to a routine such as keeping shower times short. How well do you think 
BM	XDLS905	accordion	3/16	1	1	Exercise is great for your brain and mood. It helps you remember things better, reduces stress, and makes you feel happy
BM	XDLS905	accordion	7/16	1	1	Stress, anxiety, and feeling down are safety concerns. They can affect your health, work, and relationships.
BM	XDLS905	accordion	8/16	1	1	Exercise can help your brain and mood. It helps you remember things better, reduces stress, and makes you feel happy. Ex
BM	XDLS905	accordion	12/16	1	1	Adding ten minutes of exercise to your day can make a big difference to how you feel. Finding the motivation to add this
BM	XDLS905	accordion	13/16	1	1	Here is a video about a young man with Friedreich’s Ataxia. Thinking about what you have learned about the impacts of ex
BM	XDLS905	accordion	3/28	1	1	Food can impact your mood. To feel right we need to feed ourselves the right food. When our gut is happy, we are happy. 
BM	XDLS905	accordion	7/28	1	1	A diet high in refined food and sugars is not good for our brain. Memory is important for learning and safety. For examp
BM	XDLS905	accordion	8/28	1	1	The good news is we can help our brain by feeding it the right food. Lots of fruit and vegetables. dark chocolate, green
BM	XDLS905	accordion	13/28	1	1	Now we know to have a healthy mind we need a healthy gut. How can you change your routine to improve gut health?
BM	XDLS905	accordion	14/28	1	1	The answer is to eat more plants.
BM	XDLS905	accordion	16/28	1	1	You could eat different vegetables
BM	XDLS905	accordion	18/28	1	1	You could eat different seeds or nuts.
BM	XDLS905	accordion	20/28	1	1	You could eat different fruits and berries.
BM	XDLS905	accordion	22/28	1	1	You could eat different grains.
BM	XDLS905	accordion	24/28	1	1	You could eat different herbs or spices.
BM	XDLS905	accordion	26/28	1	1	You could eat different beans or legumes.
BM	XDLS905	accordion	3/17	1	1	Sleep allows us to cope with difficult emotional experiences.
BM	XDLS905	accordion	4/17	1	1	Dreaming is like therapy. If we are facing really challenging events in our life one of the best things we can do is sle
BM	XDLS905	accordion	6/17	1	1	We have a part of our brain that reacts and a part of the brain that can make decisions about what we react to. Sleep he
BM	XDLS905	accordion	10/17	1	1	Sleep is when our brains get busy. It is when our brain cleans itself, adds learning to our memory and restores our abil
BM	XDLS905	accordion	14/17	1	1	It can sometimes feel very “adult” to not sleep. The truth is to adult well we need to sleep well. Don’t forget to add s
BM	XDLS905	accordion	16/17	1	1	If sleep is a challenge try non-sleep deep rest. This can help you sleep better. It can also help you gain some of the b
BM	XDLS905	accordion	3/10	1	1	As you get older, you change. This change begins in the brain. Puberty changes how we feel, think and behave. It helps u
BM	XDLS905	accordion	4/10	1	1	As a teenager you can make good decisions. To help you do this you will need a bit more space and time.
BM	XDLS905	accordion	5/10	1	1	This is an important time to make thoughtful decisions about those you spend time with, what activities you participate 
BM	XDLS905	accordion	9/10	1	1	For our own safety and the safety of those around us we need to be able to regulate our emotionsControl emotions enough
BM	XDLS905	accordion	2/4	0	1	We can change how strongly we feel about something by calming ourselves down. One method of doing this is mindfulness. T
BM	XDLS905	modal	6/10	1	0	Alternatively, you can use the video or podcast meditation to guide you to calm down. You could also learn to calm down 
BM	XDLS905	accordion	3/15	1	1	Healthy relationships allow us to grow and develop. The other person helps you to feel stronger. They support you. You s
BM	XDLS905	accordion	4/15	1	1	Molly and Gabes became best friends when they studied together. Their whānau supported their friendship. They helped eac
BM	XDLS905	accordion	8/15	1	1	Unhealthy relationships can be confusing. They can isolate people and make them feel like they need to move away from th
BM	XDLS905	accordion	12/15	1	1	Good relationships require people to be in your life and stay in your life. To gain and keep good friendships we need li
BM	XDLS905	accordion	14/15	1	1	Maybe you have not yet found good friends in your life. Here is a video that explains how to find and keep friends.
BM	XDLS905	accordion	3/22	1	1	Sometimes when working, or trying to find work, things outside our control can make things hard. It can be useful to lea
BM	XDLS905	accordion	7/22	1	1	It is important to feel good at work. Workplaces should be set up to look after your mental health as well as your physi
BM	XDLS905	accordion	11/22	1	1	How others view us impacts how we look at ourselves and how resilient we are. Failure can be very painful and confusing.
BM	XDLS905	accordion	12/22	1	1	There are different ways of expressing and finding our strengths.
BM	XDLS905	accordion	13/22	1	1	In this video Vaipuna Siaunu‘ua shares what her tatau (Sāmoan tattoo) means to her. How do you think this tatau helps he
BM	XDLS905	accordion	15/22	1	1	In this TED talk Adrian Mann explains his intense interest in pianos and how he used his strengths, and those of his com
BM	XDLS905	accordion	17/22	1	1	Following our strength doesn’t mean instant success; journeys are often long. However, research tells us working from ou
BM	XDLS905	accordion	3/7	1	0	Being able to meet our needs helps us with our mental health.
BM	XDLS905	accordion	5/7	1	0	It is good to have a plan for meeting your needs now and into the future.
BM	XDLS905	accordion	6/7	1	0	You may start a little business, get some work experience and shadow different people in work so you can find the right 
BM	XDLS905	accordion	2/5	0	1	Youth can sometimes face hardship without it being recognised by themselves or those around them. For example, you or so
BM	XDLS905	accordion	4/5	0	1	In these wellbeing units we have been learning how complex your teenage years are. New Zealand has signed the Universal 
BM	XDLS905	accordion	1/4	0	1	It can be challenging to look after your mental health if the budget for you and/or your whānau is tight. It can be very
BM	XDLS906	accordion	3/26	1	0	Do you feel better after patting a cat? Do you feel better when on the beach or watching a bird? Nature is important for
BM	XDLS906	accordion	4/26	1	0	There are many ways to bring nature into your world. Maybe you like walking under trees, swimming, farming, looking at t
BM	XDLS906	accordion	5/26	1	0	Osborne (Ngāti Awa, Ngāi Tūhoe, Ngāti Porou, Te Aitanga-a-Materoa) loves his “quiet valley”. Watch the video and think a
BM	XDLS906	accordion	9/26	1	0	When going into natural spaces you need to follow some safety rules. This video will teach you to:
BM	XDLS906	accordion	15/26	1	0	You and your hoa ako
BM	XDLS906	accordion	21/26	1	0	Did you know you can connect with nature anywhere and it will help you feel good? You can watch a documentary about anim
BM	XDLS906	accordion	22/26	1	0	Scientists have shown that nature in video games, documentaries or through a window can make you feel better even if you
BM	XDLS906	accordion	23/26	1	0	After you watch the video, discuss how you can add time with nature to your daily routine. Your hoa ako
BM	XDLS906	accordion	3/29	1	1	In Aotearoa New Zealand we have lots of food around us that we can hunt, pick or gather. This food tastes great and can 
BM	XDLS906	accordion	4/29	1	1	Watch Monique Fiso and Gordan Ramsay cook from food gathered, hunted and picked. Talk to your hoa ako
BM	XDLS906	accordion	9/29	1	1	When gathering and preparing food for people it is important to be clean. Here is a video to remind us all how to wash o
BM	XDLS906	accordion	13/29	1	1	Eating lots of fruit and vegetables saves our planet and is good for our bodies, our emotions and our minds.
BM	XDLS906	accordion	15/29	1	1	Discuss with your hoa ako
BM	XDLS906	accordion	17/29	1	1	You could eat locally grown and collected vegetables.
BM	XDLS906	accordion	19/29	1	1	You could eat local seeds or nuts.
BM	XDLS906	accordion	21/29	1	1	You could source and eat local fruits and berries (be careful they have not been sprayed).
BM	XDLS906	accordion	23/29	1	1	You could eat local grains.
BM	XDLS906	accordion	25/29	1	1	You could eat local herbs or spices.
BM	XDLS906	accordion	27/29	1	1	You could eat local beans or legumes.
BM	XDLS906	accordion	3/7	1	1	Do you enjoy the beach, the bush, rivers and lakes? Do you notice you feel calmer after being in these places? Science h
BM	XDLS906	accordion	2/4	0	1	We need to get out in the sunlight to regulate our mood and physical health.
BM	XDLS906	clickDrop	4/9	1	1	Talk to your hoa ako
BM	XDLS906	accordion	3/17	1	1	Our bodies have a clock inside them. The clock that tells us when to wake and when to sleep is called our circadian rhyt
BM	XDLS906	accordion	7/17	1	1	Life as we now live it can lead to bad habits. For example, not sleeping well, driving everywhere rather than moving our
BM	XDLS906	accordion	8/17	1	1	Our ancestors lived by the light from fires, the sun and moon. Their bodies used this to know when to sleep and when to 
BM	XDLS906	accordion	10/17	1	1	A habit is a natural rhythm our body or mind does without us really thinking. You might just bite your nails or stay up 
BM	XDLS906	accordion	12/17	1	1	Good habits are also important. Now you are learning how to be an adult, you can start thinking about the habits you wan
BM	XDLS906	accordion	15/17	1	1	It is simple to give people advice about routines and habits. For example, most of us know good sleep is important but i
BM	XDLS906	accordion	16/17	1	1	There are lots of daily routines on YouTube and other social media platforms you can try for yourself. Some people try t
BM	XDLS906	accordion	3/11	1	1	An ancestor is a person many generations back that you come from. Your great great-great-grandparents are examples of yo
BM	XDLS906	accordion	7/11	1	1	Most of us have ancestors that have walked many lands. Way back a very long time ago we all came from the same ancestors
BM	XDLS906	clickDrop	2/7	0	1	Explain where one or more of your ancestors came from.
BM	XDLS906	clickDrop	3/7	0	1	Share your learnings with your kaiako.
BM	XDLS906	accordion	3/18	1	1	To help our planet we all need to reduce the amount of petrol we use. Here are some ideas on how to do this:
BM	XDLS906	accordion	7/18	1	1	In New Zealand walking, riding horses or taking our wheeled human-powered transport can be dangerous.
BM	XDLS906	accordion	10/18	1	1	Here are some tips on how to ride safer on our roads. As you will see it is not easy to ride safely. Discuss how you wan
BM	XDLS906	accordion	15/18	1	1	Using our bodies to move ourselves around is good for us. Inventors are helping people keep moving who may not have been
BM	XDLS906	accordion	17/18	1	1	Walking and other similar low impact exercise is not only good for the earth but also helps us stay healthy.
BM	XDLS906	accordion	3/16	1	1	If you are a young creator using computers for long periods of time you may have experienced people complaining about yo
BM	XDLS906	accordion	5/16	1	1	It can be a challenge to keep your body, mind and emotions happy and healthy while trying to build a platform, audience,
BM	XDLS906	accordion	9/16	1	1	When you are streaming, coding or creating content at home you are probably trying to start your own business. You can t
BM	XDLS908	clickDrop	4/29	1	0	We often use conversation to describe an everyday need and want to others. Conversations are talks between two or more p
BM	XDLS908	clickDrop	5/29	1	0	When we have a conversation, it is important to talk clearly and use words others will understand. Using **adjectives**
BM	XDLS908	clickDrop	6/29	1	0	can make a conversation interesting and powerful.
BM	XDLS908	clickDrop	7/29	1	0	We can use conversations to solve everyday problems like:
BM	XDLS908	clickDrop	9/29	1	0	Looking at pictures or listening to sounds can help us have this conversation. Pictures and sounds can help us remember 
BM	XDLS908	clickDrop	13/29	1	0	Using these pictures or sounds we can talk about lots of things:
BM	XDLS908	clickDrop	19/29	1	0	We can use words to describe what we feel.
BM	XDLS908	clickDrop	21/29	1	0	We can use augmentative and alternative communication to describe what we feel:
BM	XDLS908	clickDrop	25/29	1	0	Describing words are called adjectives. Here are some examples.
BM	XDLS908	clickDrop	28/29	1	0	Neurodiverse advocates use describing words to help others understand why they find eating certain foods difficult. Note
BM	XDLS908	reorder	1/7	0	0	Re-order these dogs from least like you to most like you.
BM	XDLS908	dragAndDrop	19/21	0	0	Think about how you show respect to others. Share your ideas with your kaiako.
BM	XDLS908	clickDrop	3/4	0	1	When we talk to others, we often use **statements** and **questions**. Do you know the difference?
BM	XDLS908	unclassified	4/5	1	0	You may like to learn how to sign questions, use PECS
BM	XDLS908	clickDrop	4/25	1	0	Active listening is a helpful way to show someone you care about what they’re saying. It means really paying attention a
BM	XDLS908	clickDrop	12/25	1	0	Use your hands, use your facial expressions to let the other person know you are listening to them.
BM	XDLS908	clickDrop	3/20	1	0	We all have sound environments that help us listen and hinder us from listening. If you can change where you are talking
BM	XDLS908	clickDrop	4/20	1	0	We cannot always be in our perfect sound environment. People might be talking around us, or we might be near a building 
BM	XDLS908	clickDrop	13/20	1	0	Share your listening experience with your kaiako including:
BM	XDLS908	clickDrop	3/26	1	0	If you're someone who understands things better by drawing pictures of what you hear, you might really enjoy this method
BM	XDLS908	clickDrop	6/26	1	0	Here are some videos to show you a little more about graphic recording.
BM	XDLS908	clickDrop	11/26	1	0	Here is a website where you and/or your learning partner can practice drawing.
BM	XDLS908	clickDrop	19/26	1	0	Share your listening experience with your kaiako including:
BM	XDLS908	clickDrop	3/19	1	0	When information is important, those around us can support us by putting the effort in to creating experiences for us th
BM	XDLS908	clickDrop	4/19	1	0	In New Zealand we have great examples of this all around from many different cultures, churches and movements. Have you 
BM	XDLS908	clickDrop	16/19	1	0	Maybe you have been to a protest where people assist others to hear the message by singing, dancing, holding up words an
BM	XDLS908	clickDrop	17/19	1	0	Maybe you attend a church where the messages are sung, talked about, delivered in interesting ways and supported by symb
BM	XDLS908	clickDrop	18/19	1	0	Maybe you have attended a drama with a message like the sexwise workshops where acting and singing is used to support th
BM	XDLS908	clickDrop	5/18	1	0	Texting is very useful for solving a range of problems. First, some of us need to solve the problem of how to text comfo
BM	XDLS908	clickDrop	10/18	1	0	Accessibility Features are designed to make phones easier to use. While some have been invented with specific people in 
BM	XDLS908	clickDrop	11/18	1	0	Many features are turned on in the phone's accessibility setting menu. Here are videos on how to turn features on for iP
BM	XDLS908	clickDrop	3/4	1	0	There are many different types of graphic organisers you can use for study, life and work.
BM	XDLS908	clickDrop	7/33	1	0	Journaling is very personal. You will have your own way of creating a journal.
BM	XDLS908	clickDrop	8/33	1	0	You can create an art journal. This could end up being a visual message or you might incorporate words into your art.
BM	XDLS908	clickDrop	10/33	1	0	You can journal with photos and words.
BM	XDLS908	clickDrop	14/33	1	0	You can cut out letters and words.
BM	XDLS908	clickDrop	20/33	1	0	You can video journal.
BM	XDLS908	clickDrop	22/33	1	0	Some people use journals to sort out problems. As journals are **private**
BM	XDLS908	clickDrop	25/33	1	0	Some people use journals to help them get organised.
BM	XDLS908	clickDrop	31/33	1	0	The dropbox is here in case you want to tell your kaiako about journaling. You can just say “I gave journaling a go, I f
BM	XDLS908	clickDrop	2/22	1	0	When we think about reading, we often imagine reading lots of words. But reading to improve your life doesn’t have to be
BM	XDLS908	clickDrop	8/22	1	0	The list helps us most when we tick things off, not just when we write them. When we read the list later and complete a 
BM	XDLS908	clickDrop	17/22	1	0	Here are some checklists you might like to consider.
BM	XDLS908	clickDrop	4/9	1	0	As an ākonga at Te Kura you can use your email inside this learning platform (Gmail or Microsoft email). Here are links 
BM	XDLS908	clickDrop	8/9	1	0	Now you just need to set up your email app on your phone or computer. Here are some videos to help you set up Outlook. S
BM	XDLS908	clickDrop	3/11	1	0	Reading doesn’t always have to come from books – sometimes, it can come from a beat! Singing along to your favourite son
BM	XDLS908	clickDrop	10/11	1	0	Whether you're a beginner or a fluent reader, karaoke turns learning into a rhythm-filled adventure that makes reading f
BM	XDLS908	clickDrop	2/19	1	0	Posters are great if you are worried about a problem bigger than you. Sometimes we learn about problems so big lots of p
BM	XDLS908	clickDrop	3/19	1	0	Have a look at these posters and consider the message. How effective do you think they are?
BM	XDLS908	clickDrop	10/19	1	0	You can make posters using design software or by using paint, collage or pens and markers.
BM	XDLS908	clickDrop	16/19	1	0	The great thing about making a poster about something in the world that is worrying you is that you can work through you
BM	XDLS908	clickDrop	17/19	1	0	Share your poster with your kaiako.
BM	XDLS908	clickDrop	2/11	1	0	Taking photos of your loved ones, pets, and beautiful places helps you capture memories that might otherwise fade. These
BM	XDLS908	clickDrop	3/11	1	0	Taking photos of family, pets, and nature helps you focus on the positive moments in life. It reminds you of what truly 
BM	XDLS908	clickDrop	9/11	1	0	Share your photos with your kaiako.
BM	XDLS908	clickDrop	2/19	1	0	Today, we’re designing T-shirts that tell the world something special about who we are. Whether it’s “I love dogs,” “I’m
BM	XDLS908	clickDrop	3/19	1	0	Let’s use art, colour, and words to make designs that speak for us – loud and proud!
BM	XDLS908	clickDrop	12/19	1	0	A great T-shirt design starts with thinking about what makes you, you. What do you love? What are you proud of? What mak
BM	XDLS908	clickDrop	13/19	1	0	Now that you’ve got your idea, it’s time to bring your T-shirt design to life! You can use PowerPoint or google slides t
BM	XDLS908	clickDrop	17/19	1	0	Share your icon with your kaiako.
BM	XDLS908	clickDrop	3/4	1	0	We don’t always need words to communicate. Sometimes a simple symbol tells us the information we need. Have a look at so
BM	XDLS908	clickDrop	2/17	1	0	Memes are funny or clever pictures, videos, or text that people share online. They often use humour to comment on everyd
BM	XDLS908	clickDrop	13/17	1	0	Find more memes with the help of your learning partner. Share your favourite ones with your kaiako. Tell you kaiako why 
BM	XDLS908	clickDrop	2/17	1	0	Pictures and videos make cooking easier to learn by showing you what to do step by step. You can see how things should l
BM	XDLS908	clickDrop	3/17	1	0	These recipes are for those who want some everyday skills:
BM	XDLS908	clickDrop	7/17	1	0	If you want visual recipes like these ones here is a great website:
BM	XDLS908	clickDrop	9/17	1	0	This is a recipe for people more comfortable in the kitchen:
BM	XDLS908	clickDrop	15/17	1	0	Share your cooking (or photos of it) with your kaiako.
BM	XDLS911	accordion	2/11	0	0	You have the option to listen to the audio to hear what is required for the assessment and there is a short written desc
BM	XDLS911	accordion	7/31	1	0	You have the option to listen to the audio to hear what is required for the assessment and there is a short written desc
BM	XDLS911	accordion	19/31	1	0	Assessment Task US 32929
BM	XDLS911	accordion	21/31	1	0	Assessment Schedule US 32929
BM	XDLS911	accordion	25/31	1	0	You are submitting your folder called US32929 containing:
BM	XDLS911	accordion	6/27	0	0	You have the option to listen to the audio to hear what is required for the assessment and there is a short written desc
BM	XDLS911	accordion	16/27	0	0	Assessment Task US 29308
BM	XDLS911	accordion	18/27	0	0	Assessment Schedule US 29308
BM	XDLS911	accordion	22/27	0	0	You are submitting your folder called US29308 containing:
BM	XDLS911	accordion	8/34	1	0	You have the option to listen to the audio to hear what is required for the assessment and there is a short written desc
BM	XDLS911	accordion	22/34	1	0	Assessment Task US 29307
BM	XDLS911	accordion	24/34	1	0	Assessment Schedule US 29307
BM	XDLS911	accordion	28/34	1	0	You are submitting your folder called US29307 containing:
BM	XDLS911	accordion	7/31	0	1	You have the option to listen to the audio to hear what is required for the assessment and there is a short written desc
BM	XDLS911	accordion	20/31	0	1	Assessment Task US 29306
BM	XDLS911	accordion	22/31	0	1	Assessment Schedule US 29306
BM	XDLS911	accordion	26/31	0	1	You are submitting your folder called US29306 containing:
BM	XDLS911	accordion	7/33	0	0	You have the option to listen to the audio to hear what is required for the assessment and there is a short written desc
BM	XDLS911	accordion	21/33	1	0	Assessment Task US 32927
BM	XDLS911	accordion	23/33	1	0	Assessment Schedule US 32927
BM	XDLS911	accordion	27/33	1	0	You are submitting your folder called US32927 containing:
BM	XDLS911	accordion	7/29	0	1	You have the option to listen to the audio to hear what is required for the assessment and there is a short written desc
BM	XDLS911	accordion	18/29	0	1	Assessment Task US 29305
BM	XDLS911	accordion	20/29	0	1	Assessment Schedule US 29305
BM	XDLS911	accordion	24/29	0	1	You are submitting your folder called US29305 containing:
BM	XDLS912	clickDrop	3/4	1	1	How was this learning for you?
BM	XDLS912	carousel	7/9	1	1	These signs also keep us safe. Can you find them in your area?
BM	XDLS912	carousel	8/9	1	1	Upload some examples here to dropbox.
BM	XFUN02	unclassified	3/8	1	0	Compare the number of hours sleep you got each night with how many tired signals you have the next day. Is there a patte
BM	XGF9001	accordion	2/18	1	1	In **te ao Māori**, giftedness is often seen through a holistic lens, recognising not just intellectual abilities but al
BM	XGF9001	accordion	5/18	1	1	In **Pasifika cultures**, giftedness is deeply connected to **service, relationships, and collective success** rather th
BM	XGF9001	accordion	7/18	1	1	This module will help you:
BM	XGF9001	accordion	13/18	1	1	You can work at your own pace, reflect on what you learn, and try activities that help you grow. Remember – this is
BM	XGF9001	multiChoiceQuiz	33/34	1	0	Which bird did you connect with the most? How accurate was the quiz? You are going to reflect on this later in your jour
BM	XGF9001	multiChoiceQuiz	1/16	0	0	This is a quiz that has been created by Christchurch City Council. You can open the pdf or download it to complete. In t
BM	XGF9001	multiChoiceQuiz	10/16	1	0	Would you like to explore a more complex personality test? The **DOPE personality tTest** uses four bird types – dove, o
BM	XGF9001	multiChoiceQuiz	12/16	1	0	Did you agree with what you found out in the quiz? Did you try all the quizzes? What were the differences and similariti
BM	XGF9001	clickDrop	37/45	1	0	There are lots of other books you might like to explore. You might already have some of these at home or you could borro
BM	XGF9001	clickDrop	43/45	1	0	You have explored who you are through different stories. Choose the one you connected with the most and head to your jou
BM	XGF9001	accordion	9/17	1	0	In this lesson, you’ll explore what makes being gifted amazing (the greats), what can be frustrating (the gripes), and h
BM	XGF9001	accordion	3/32	1	1	This story highlights individuality and the courage to be different. Gifted and twice exceptional ākonga often stand out
BM	XGF9001	accordion	10/32	1	1	This story is about a dog who feels out of place and learns that being different is a strength, not a flaw. Gifted and t
BM	XGF9001	accordion	17/32	1	1	Brian feels unseen and unheard until someone recognises his strengths. Many gifted and twice exceptional learners experi
BM	XGF9001	dragAndDrop	48/50	0	0	How did you go with the challenges and solutions activity? What challenges could you relate to? You are now going to hea
BM	XGF9001	accordion	2/19	1	1	For one or two days, pay attention to how your energy and focus change. Ask yourself these questions:
BM	XGF9001	accordion	7/19	1	1	Choose **one** of the following ways to track your energy (there are instructions for these in your journal as well:
BM	XGF9001	accordion	13/19	1	1	Look at the notes you have made and the graphs you have drawn (you can work in your journal for these) and answer these 
BM	XGF9001	accordion	17/19	1	1	It’s time to share your discoveries with your kaiako. Head to your journal to complete a graph, a reflection, and answer
BM	XGF9001	clickDrop	3/22	1	0	This video explores why we sometimes have big reactions. It can sometimes be really hard to keep our emotions under cont
BM	XGF9001	clickDrop	6/22	1	0	This video is all about working to understand big emotions or intensities. It also includes some fantastic ideas for man
BM	XGF9001	clickDrop	13/22	1	0	There are things we can control in our lives and some things that we can’t. We can control how we react to them, though,
BM	XGF9001	clickDrop	17/22	1	0	In this video, you are guided to complete a super relaxing lying down body scan. This is a great tool to help you check 
BM	XGF9001	carousel	7/37	0	0	Now it’s time to put the power of yet into action. Click on the sections below to create your resilience plan. Use the p
BM	XGF9001	carousel	11/37	1	0	Think about times when learning or life feels hard. These might include:
BM	XGF9001	carousel	20/37	1	0	Now think about what helps you when things are tough:
BM	XGF9001	carousel	26/37	1	0	Take one challenge you have faced and reframe or flip it using “yet”.
BM	XGF9001	accordion	2/18	1	1	Pick a way to design your toolbox:
BM	XGF9001	accordion	8/18	1	1	You have explored lots of different tools throughout this module. Here are some “tools” you might like to include in you
BM	XGF9001	accordion	17/18	1	1	Choose one current goal, big or small, and add it to your toolbox. Use the SMART goal format to make it strong.
BM	XGF9002	tabs	3/6	0	0	Below are terms you will see throughout this module along with their meanings.
BM	XGF9002	multiChoiceQuiz	43/44	1	0	In this activity, you explored how gifted and twice-exceptional traits can show up in everyday behaviours, especially th
BM	XGF9002	unclassified	1/7	1	0	Below are several videos to explore that delve a little deeper into reframing behaviours.
BM	XGF9002	carousel	2/11	0	0	This is a short, practical video that explores supporting your child to be intrinsically motivated to learn.
BM	XGF9002	carousel	4/11	0	0	Click the link to the Welcome to Te Kura module to see some other ideas.
BM	XGF9002	carousel	7/11	0	0	This video is also very practical. It doesn’t expect that parents have a wealth of resources at their disposal – the sim
BM	XGF9002	carousel	9/11	0	0	This is a longer video. It has some great ideas for helping ākonga focus during any online classes they participate in, 
BM	XGF9002	modal	6/7	1	0	In this activity, you explored what can contribute to creating a stimulating learning environment for your child. You ha
BM	XGF9002	multiChoiceQuiz	52/53	1	0	This activity reinforces that stimulating learning environments are not limited to special resources or planned activiti
BM	XGF9002	multiChoiceQuiz	36/37	1	0	In this activity, you explored how to read your child’s emotional cues to decide when structure provides security and sa
BM	XGF9002	carousel	2/9	0	1	Practical tips from a Montessori teacher.
BM	XGF9002	carousel	4/9	0	1	Children are born curious. This short video gives tips and tricks on ways we can encourage and continue to build that cu
BM	XGF9002	carousel	6/9	0	1	Simple, practical examples on ways to nurture curiosity.
BM	XGF9002	carousel	8/9	0	1	What is curiosity? How do children explain it? This is a fantastic fun video to share with your children as well as givi
BM	XGF9002	multiChoiceQuiz	2/42	0	0	Your child is deeply interested in a made-up world they’ve invented.
BM	XGF9002	multiChoiceQuiz	10/42	1	0	Your child asks a big ethical question, like “Is something still wrong if no one sees it?”
BM	XGF9002	multiChoiceQuiz	18/42	1	0	Your child wants to solve a problem their own way.
BM	XGF9002	multiChoiceQuiz	26/42	1	0	Your child keeps asking “why” questions late at night.
BM	XGF9002	multiChoiceQuiz	34/42	1	0	Your child disagrees with your opinion and explains why.
BM	XGF9002	multiChoiceQuiz	41/42	1	0	In this lesson, you learned that gifted children’s ideas are often tied to emotional connection and identity. By respond
BM	XGF9002	multiChoiceQuiz	36/37	1	0	In this lesson you have practised spotting perfectionism and choosing responses that reduce pressure, validate feelings,
BM	XGF9002	carousel	2/9	0	1	This video provides tips and pointers to help you advocate for your gifted child. It provides ideas to make sure that th
BM	XGF9002	carousel	4/9	0	1	This is a more general advocacy video, but the messages are the same and will help support you and your child. The focus
BM	XGF9002	carousel	6/9	0	1	You are the expert on your child, and you have so much knowledge to share. This video gives a concrete example of what h
BM	XGF9002	carousel	8/9	0	1	This video is a great support for twice-exceptional ākonga and the ways that parents and whānau can advocate for them to
BM	XGF9002	multiChoiceQuiz	43/44	1	0	In this activity, you explored how community supports **belonging, identity, emotional wellbeing, and confidence**, for 
BM	XGF9002	accordion	2/45	1	1	**New Zealand Association for Gifted Children (NZAGC)**
BM	XGF9002	accordion	23/45	1	1	These resources are mainly focused on teacher professional learning and development but can be great advocacy tools for 
BM	XGF9002	accordion	33/45	1	1	**Cambridge Educational Psychology Services**
BM	XGF9002	accordion	38/45	1	1	Many of the regional groups and branches listed here (e.g., Auckland, Canterbury, Wellington) maintain Facebook and othe
BM	XGF9002	accordion	40/45	1	1	When looking for support:
BM	XGF9003	multiChoiceQuiz	2/33	0	0	Below are some questions that help you think about how to be organised. Read the questions below and select the correct 
BM	XGF9003	accordion	20/31	1	1	Take a photo of your study space now you have finished decluttering and cleaning. In your journal you are going to compa
BM	XGF9003	accordion	28/31	1	1	Have you ever run out of time to finish something important, like homework or getting ready to go somewhere? Time can fe
BM	XGF9003	accordion	14/17	1	1	At the end of the first week, remember to make a planner for the following week!
BM	XGF9003	accordion	15/17	1	1	You have been exploring ways to stay organised. Which one was easier to create – the daily one or the weekly one? Go to 
BM	XGF9003	carousel	2/9	0	1	This is a great introduction to self-regulation with ideas for coping skills to help with self-regulation.
BM	XGF9003	carousel	4/9	0	1	Ideas and strategies to help you thrive when things are challenging.
BM	XGF9003	carousel	6/9	0	1	This video explains what self-care is and why it is important. It includes body care, mind care, feeling care, and fun c
BM	XGF9003	carousel	8/9	0	1	This video has lots of different ideas for self-care. What ones have you tried? What would you like to try?
BM	XGF9003	carousel	2/9	0	1	Have you watched the movie *Inside Out* before? Come and meet the different characters and their emotions.
BM	XGF9003	carousel	4/9	0	1	This video has lots of great strategies for you to practise.
BM	XGF9003	carousel	6/9	0	1	This is an explanation of the zones of regulation that shows you how they connect with the parts of your brain.
BM	XGF9003	carousel	8/9	0	1	This video explores each of the four zones of regulation and the characteristics of each one.
BM	XGF9003	accordion	2/17	1	1	You stop and ask yourself, “Is this kind? Is this helpful?” before saying something, especially when you are upset.
BM	XGF9003	accordion	4/17	1	1	You don’t interrupt when someone else is speaking. You wait patiently until it is your turn to talk or act.
BM	XGF9003	accordion	6/17	1	1	When you feel frustrated or angry, you pause and breathe deeply instead of yelling or reacting straight away.
BM	XGF9003	accordion	8/17	1	1	Even if you would rather do something else, you listen to and follow the steps you have been given and stay on task.
BM	XGF9003	accordion	10/17	1	1	Instead of arguing or fighting, you choose to step away or find help when things start getting tense.
BM	XGF9003	accordion	12/17	1	1	Practising delayed gratification by waiting for a reward, such as saving a treat for later instead of eating it immediat
BM	XGF9003	accordion	14/17	1	1	You resist the urge to stop in the middle of a job or jump ahead – you stick with the plan or routine until it is time t
BM	XGF9003	accordion	16/17	1	1	You stay focused on what you are doing, even if there is noise, movement, or other things that try to grab your attentio
BM	XGF9003	carousel	2/21	0	1	Have a bit of fun with a song while you learn how to be a flexible thinker.
BM	XGF9003	carousel	4/21	0	1	This is a longer video, but it explains flexible thinking and stuck thinking well.
BM	XGF9003	carousel	6/21	0	1	This video doesn’t have a lot of graphics or pictures. This is great if you prefer to concentrate on words rather than o
BM	XGF9003	carousel	11/21	1	1	Problems are a part of life. Whether it’s a puzzle in your schoolwork, a challenge with a friend, or a moment when your 
BM	XGF9003	carousel	14/21	1	1	Rabbit has a problem – his room is a mess! Can Problem-Solving Porcupine help?
BM	XGF9003	carousel	16/21	1	1	How do you find your problem-solving superpower? See how the little boy in this story found his problem-solving superpow
BM	XGF9003	carousel	18/21	1	1	This story is all about how you handle a problem that feels so big that it will overwhelm you.
BM	XGF9003	carousel	20/21	1	1	This video has five key steps that you can use to help you solve problems in your daily life.
BM	XGF9004	dragAndDrop	1/9	0	0	Each of Duncan’s crayons has a complaint. Some are **fair** (they have a good reason to feel upset). Some are **unfair**
BM	XGF9004	dropDown	13/15	1	0	It’s time to share your ideas with your kaiako. Go to your learning journal to complete the activities.
BM	XGF9004	multiChoiceQuiz	1/27	0	0	Read the situation and think about how Brian might feel. This is called ‘putting yourself in someone else’s shoes’ or se
BM	XGF9004	tabs	3/8	0	0	This tile builds on the first tile: Puna Mātauranga | Spring of Knowledge and challenges you to think more deeply about 
BM	XGF9004	unclassified	2/4	1	0	Drag and drop the scenario into the column you think fits best. A pop-out will appear to prompt more thinking and questi
BM	XGF9004	clickDrop	19/22	1	0	How challenging was that activity? Did you put your ‘thinking like a philosopher’ skills to the test?
BM	XGF9004	modal	24/26	1	0	How tricky was it to decide where to put each statement? Which ones were the most challenging? Which ones were the easie
BM	XGF9004	multiChoiceQuiz	17/18	1	0	In this activity, you focused on thinking about how we can tell if something is true or not and that there are different
BM	XGF9004	radioQuiz	17/20	1	0	This activity helped you practise deciding what is fact and what is opinion. Were there any of these statements that you
BM	XGF9004	multiChoiceQuiz	49/51	1	0	This activity shows our choices have more than one consequence. What was most challenging about the decisions you had to
BM	XGF9004	dragAndDrop	1/17	0	0	*The Empty Pot* is about a boy named Ping who is given a seed by the Emperor. Even though his seed never grows, Ping cho
BM	XGF9004	multiChoiceQuiz	1/6	0	0	In this story, a boy imagines all kinds of “*What if ...?”* situations when facing something new. It shows us how imagin
BM	XGF9004	dragAndDrop	1/3	0	0	Nikolai wants to know the answers to three big questions: *When is the best time? Who is the most important one? What is
BM	XGF9004	interactive	1/6	0	0	In this story, Lydia Grace shows how even small acts – like planting a flower or writing a kind letter – can make a big 
BM	XGF9004	dragAndDrop	1/20	0	0	This story is a powerful allegory
BM	XGF9004	multiChoiceQuiz	1/33	0	0	This story has no words, so the pictures do the talking. The story follows a man who leaves his home to find a new life 
BM	XGF9004	multiChoiceQuiz	1/2	0	0	Sometimes we have to choose between two things. Philosophy and Socratic questioning help us ask: *What’s most important?
BM	XGF9004	accordion	3/14	1	0	**Pick and Reflect**: Choose one card. Write down whether you agree, disagree, or are unsure about the statement. Explai
BM	XGF9004	accordion	2/17	1	0	Keep writing your own big questions and thoughts.
BM	XGF9004	accordion	4/17	1	0	Meet with friends or whānau once a week to explore a new question.
BM	XGF9004	accordion	11/17	1	0	Make art, a game, or write a short story inspired by a big philosophical question. You could create a website using, for
BM	XGF9004	accordion	13/17	1	0	Connect philosophy with science (what is real?), with art (what is beauty?), or with history (how do we learn from the p
BM	XGF9004	accordion	15/17	1	0	Head to the EXPlore course or the Genius Hour module.
BM	XGF9006	accordion	7/10	1	0	In the first lesson of this module, you are going to learn more about genius hour; what it is and how it helps you to be
BM	XGF9006	accordion	9/10	1	0	Watch the videos below to see genius hour in action. You can watch one or two or all of them. Most of the videos include
BM	XGF9006	dragAndDrop	1/4	0	0	You have watched and read a few things about genius hour now, and you are developing an understanding of what it is. You
BM	XGF9006	dragAndDrop	1/9	0	0	In this activity, you are going to spend time thinking about your own passions or sparks to help you identify one to foc
BM	XGF9006	multiChoiceQuiz	1/6	0	0	**spark** *–* what you’re passionate about, what excites you, and how your genius hour project could grow from those int
BM	XGF9006	accordion	7/9	1	0	Are you excited for the next stage? Are you ready to plan and create? You’ve got your topic, your question, and your res
BM	XGF9006	accordion	7/15	1	0	Ka rawe! Awesome! You have been exploring, researching, planning, and creating – now it’s time to share your genius with
BM	XGF9006	tabs	3/39	0	1	Click the button which will take you to a website developed by a professional who works with ākonga to develop their con
BM	XGF9006	tabs	6/39	0	1	Get better in public dpeaking. This is a longer video, but it tells the story of Amelia who is very nervous about public
BM	XGF9006	tabs	9/39	0	1	Sell me this! This activity is all about practising what you are learning. It will help you develop confidence in public
BM	XGF9006	accordion	7/10	1	0	Tino pai! You’ve followed your passions, explored new ideas, answered big questions, and shared your project. Now it’s t
BM	XLP01	flipCard	5/7	0	1	We will aim to cover each of these parts of learning to read in this module. Each part will be explained, modelled with 
BM	XLP01	clickDrop	2/3	1	1	Let’s dive into our first lesson in learning how to teach reading.
BM	XLP01	clickDrop	7/8	1	0	Try this for yourself:
BM	XLP01	modal	2/4	1	0	All of these examples can be changed as you like to suit what works for you and your ākonga.
BM	XLP02	flipCard	8/11	1	1	We will aim to cover each of these parts of learning to write in this module.
BM	XLP02	clickDrop	2/3	1	1	Let’s dive into our first lesson in teaching ākonga how to write.
BM	XLP02	flipCard	5/6	0	0	This gives meaning to what we have to say. Here are a set of conversation cards to help you:
BM	XLP02	flipCard	1/4	0	0	Use the pictures on a digital device.
BM	XLP02	modal	14/15	1	0	Here are some other ways we can model writing **by** an adult.
BM	XLP03	unclassified	1/7	1	0	Here are some other examples to encourage ordering numbers. Click on each image to learn more.
BM	XLP03	unclassified	1/7	1	0	This PowerPoint form can also be used to help with learning to subitise.
BM	XLP03	dragAndDrop	4/5	0	0	There are many objects around the home that can be used for comparing objects according to their shape and size. Start w
BM	XLP03	clickDrop	20/24	1	1	Comparing other features of objects such as “bigger” and “smaller” can also be encouraged. However, learning about “same
BM	XLP05	flipCard	2/17	0	1	Staring into the distance
BM	XLP05	flipCard	4/17	0	1	Fidgeting, including taping feet, drumming fingers or shifting in their seat.
BM	XLP05	flipCard	12/17	0	1	Sleeping or wanting to lie down
BM	XLP05	flipCard	16/17	0	1	Distracted or off task
BM	XLP05	accordion	2/9	0	1	Let your ākonga choose a fun song to dance around to. It’s a great way to release energy and boost mood.
BM	XLP05	accordion	5/9	0	1	Fill bins with different textured items like sand, rice or beads. This can be very calming and engaging.
BM	XLP05	accordion	8/9	0	1	Simple stretches or yoga poses can help relax muscles and calm the mind. Yoga with Adriene on youtube has some great cla
BM	XLP06	dragAndDrop	8/9	1	0	In this hoa ako toolkit we will explore strategies to make sure when the survival part of our brain is working overtime 
BM	XLP06	tabs	9/36	0	0	This has been adapted from the Faces game by Sparklers where there are many resources that can support the learning of e
BM	XMES101	dropDown	1/4	0	0	How did you go? Was it easy or hard? Tell us about it here. Tell us how that was for you on the scale below.
BM	XMES101	unclassified	1/2	1	0	Take a photo of some of your choices for food and clothing. Upload your choices to the dropbox.
BM	XMES101	dropDown	1/4	0	0	Rate the lesson using self-assessment.
BM	XMES101	unclassified	1/2	1	0	Find a photo of yourself and place this beside your name. Take a photo of your name and picture and upload this to dropb
BM	XMES101	clickDrop	2/3	1	1	Upload your name activities here.
BM	XMES101	accordion	1/3	0	1	Here is another optional activity you can do with your name:
BM	XMES101	unclassified	1/6	1	0	Can you tell us what day you were born on?
BM	XMES101	unclassified	3/6	1	0	For those people that celebrate their birthday they often sing a special song:
BM	XMES101	unclassified	5/6	1	0	Tell us about some of your special events by recording or taking a video.
BM	XMES101	unclassified	1/2	1	0	Upload your photos of dressing up to the dropbox.
BM	XMES103	unclassified	1/2	1	0	Upload any photos or videos of the activities you have done to dropbox.
BM	XMES201	unclassified	3/11	1	0	Use these letters and sounds to spell the names of these two animals we can have as pets. Remember to sound the letters 
BM	XMES201	unclassified	3/4	1	0	If typing is tricky for you, record your sentence and upload to the dropbox for your kaiako.
BM	XMES201	dragAndDrop	25/30	1	0	You might need some help from your hoa ako to work out how many cups to give each dog.
BM	XMES201	dropDown	1/2	0	1	Ka pai! There was lots of thinking in that activity. Great work.
BM	XMES201	dropDown	1/2	0	1	Great work! There are many words we can use to describe our pets.
BM	XMES201	accordion	18/20	1	1	Take a picture or video of your artwork and upload it to dropbox.
BM	XMES202	accordion	2/4	0	1	We eat many parts of plants as they grow. We eat only the roots of some plants. In other parts of plants we eat the leav
BM	XMES202	clickDrop	1/3	0	0	Click on the image to learn more.
BM	XMES202	unclassified	1/4	1	0	Which herb did you like the most? Take a photo of it.
BM	XMES202	unclassified	2/4	1	0	Which spice did you like the most? Take a photo of it.
BM	XMES202	unclassified	3/4	1	0	Upload any recordings of your smell and taste test.
BM	XMES202	unclassified	1/7	1	0	Record your measuring using photos or video. Upload to the dropbox below.
BM	XMES202	dropDown	1/2	0	1	Ka pai! Being able to measure with a ruler or tape measure is an important skill.
BM	XMES202	unclassified	1/2	1	0	Record yourself talking about the ways you have cared for your garden this week. Use your AAC device or speak to record 
BM	XMES202	dropDown	1/3	0	0	There are lots of helpful ways to nurture your plants. This link can give you more information.
BM	XMES202	unclassified	4/15	1	0	Use the words below to make a sentence.
BM	XMES202	unclassified	12/15	1	0	Work with your hoa ako to create your own sentence to say aloud, using one of the words in our word garden and record th
BM	XMES202	unclassified	1/9	1	0	Take your time cooking the soup and eating it. If you have been able to put any of your own grown food into the soup thi
BM	XMES202	unclassified	1/3	1	0	How delicious! Your kaiako would like to see some videos or photos of your vegetable pancakes being prepared and cooked.
BM	XMES202	unclassified	1/7	1	0	Upload a picture or video of your completed artwork to the dropbox.
BM	XMES203	unclassified	1/2	1	0	Record yourself reading two of these sentences on video and upload to the dropbox. You can choose to record your sentenc
BM	XMES203	dragAndDrop	1/7	0	0	Discuss these questions with your hoa ako:
BM	XMES203	unclassified	2/6	1	0	Some of these routines are very helpful.
BM	XMES203	dropDown	1/2	0	1	Roleplay some of these with your hoa ako and have them try to guess which routine you are doing.
BM	XMES203	unclassified	1/2	1	0	Describe what you see to your hoa ako. You can record yourself using the ball, balloon or torch to show daytime and nigh
BM	XMES203	unclassified	3/6	1	0	Look at your times. Are these things happening at a good time for your body? Could you change when you do some of these 
BM	XTAS101	dropDown	6/10	1	0	Select the words below from the list to describe your items:
BM	XTAS101	dropDown	1/4	0	0	We can also sort our items by lining them up from least favourite to most favourite. Do that now. Take a photo and uploa
BM	XTAS101	unclassified	1/2	1	0	Can you upload a picture of two things from your special interest that are **different**?
BM	XTAS101	dragAndDrop	7/11	0	0	Here is an icon to represent your special interest.
BM	XTAS101	dropDown	3/4	1	1	Listen and read these stories of people sharing about their special interests.
BM	XTAS102	unclassified	2/6	1	0	Let’s try matching these sounds to their places.
BM	XTAS102	unclassified	5/6	1	0	There might be sounds in the places you go to that can be recorded on your phone or tablet/iPad. Your hoa ako can help y
BM	XTAS102	unclassified	1/5	1	0	How many jumps are there altogether? Count on your fingers.
BM	XTAS102	unclassified	3/5	1	0	There will be other actions you can count in the places you go. What are they? Share with your hua ako.
BM	XTAS102	dropDown	1/2	0	1	Ka pai! You have done lots of counting.
BM	XTAS102	unclassified	1/6	1	0	Phew! That was quite a few steps to follow. Let’s count these steps altogether with your hoa ako. Point to each step as 
BM	XTAS102	dropDown	1/2	0	0	Try this NZSL video greeting with your hoa ako.
BM	XTAS102	unclassified	1/3	1	0	You may like to take a screenshot of the word cloud and upload it to dropbox
BM	XTAS102	dropDown	2/3	0	0	This example has used only ripped coloured paper to create the ocean.
BM	XTAS103	carousel	7/8	0	1	See if you can make some shapes with your body now. They don’t have to be a circle, triangle or square. You could make t
BM	XTAS103	dropDown	1/2	0	1	Any of these activities are a great way to get moving and feel good. You may need some time on these activities and that
