ACT	AGH1001	drag and drop(INTERACTIVE)	drag and drop+activity+activity	[]	[Interactive activity: drag and drop – the export revenue can be misma » 
ACT	AGH1001	drag and drop(INTERACTIVE)	activity+drag and drop	[]	[interactive] Drag and drop onto above picture. Note: Red dots are dra » 
ACT	AGH1001	button(ELEMENT)	button+activity	["4a","4b"]	[Button: Complete activity 4A and 4B in your Learners Journal] » 
ACT	AGH1002	image(ELEMENT)	activity+image	[]	[Interactive Image] » 
ACT	AGH1002	mcq(INTERACTIVE)	mcq+activity	[]	[Interactive: Quiz] » 
ACT	AGH1003	image(ELEMENT)	activity+image	[]	[Interactive image] Can we have the description pop out when clicked? » 
ACT	AGH1003	button(ELEMENT)	button+activity	["4x"]	[Button][Go to your leaners journal and complete activity 4X] » 
ACT	AGH1004	info trigger(INTERACTIVE)	info trigger+activity+correct	[]	[Activity embedded: hover trigger over region areas – student to apply » 
ACT	AGH1004	drag and drop(INTERACTIVE)	drag and drop+activity+activity	[]	[Interactive Drag and drop matching activity] » 
ACT	AGH1004	image(ELEMENT)	activity+image+drop	[]	[interactive – hover and drop image over cycle] » 
ACT	AGH1004	radio quiz(INTERACTIVE)	activity+radio quiz+mcq	[]	[Interactive: True or False Quiz] » 
ACT	AGH1004	drag and drop(INTERACTIVE)	drag and drop+activity	[]	[interactive – Drag and drop] » 
ACT	AGH1004	drag and drop(INTERACTIVE)	drag and drop+activity	[]	[Interactive: drag and drop] » 
ACT	AGH1004	video(ELEMENT)	video+activity	[]	[interactive: video] » Here is a video of how water is used to 
ACT	AGH1004	drag and drop(INTERACTIVE)	drag and drop+activity	[]	[Interactive: drag and drop] » 
ACT	AGH1004	video(ELEMENT)	video+activity	[]	[interactive: video] » 
ACT	AGH1004	button(ELEMENT)	button+activity+external link	[]	[Button: Interactive link: » Total Nitrate excess
ACT	AGH1004	image(ELEMENT)	activity+image+correct	[]	[Interactive: Match the correct picture to its water use image] » 
ACT	AGH1004	carousel(INTERACTIVE)	activity+carousel+image	[]	[Interactive: Carousel of images + captions] Note to creative services » 
ACT	AGH1004	drag and drop(INTERACTIVE)	drag and drop+activity	[]	[Interactive: Drag and drop] » 
ACT	AGH1004	drag and drop(INTERACTIVE)	activity+drag and drop	[]	[interactive: flowchart drag and drop] » 
ACT	AGH1005	carousel(INTERACTIVE)	activity+carousel	[]	[Interactive: Carousel of diagrams] » 
ACT	AGH1005	video(ELEMENT)	video+activity	[]	[interactive: video] » 
ACT	AGH1005	carousel(INTERACTIVE)	activity+carousel+image	[]	[interactive: carousel of images + captions] » 
ACT	AGH1005	dropdown(INTERACTIVE)	activity+dropdown	[]	[interactive: Drop down menu] » 
ACT	AGH1005	video(ELEMENT)	video+activity	[]	[interactive: video] » 
ACT	AGH1005	drag and drop(INTERACTIVE)	drag and drop+activity	[]	[interactive: drag and drop] » 
ACT	AGH1005	video(ELEMENT)	video+activity	[]	[interactive: video] » 
ACT	AGH1005	video(ELEMENT)	video+activity	[]	[interactive: video] » 
ACT	AGH1005	drag and drop(INTERACTIVE)	activity+drag and drop+activity	[]	[interactive: Drag and drop activity » see link
ACT	AGH1005	video(ELEMENT)	video+activity	[]	[interactive: video] » 
ACT	AGH1005	drag and drop(INTERACTIVE)	drag and drop+activity	[]	[interactive: drag and drop] » 
ACT	AGH1005	carousel(INTERACTIVE)	activity+carousel+image	[]	[interactive: carousel images + captions] » 
ACT	AGH1005	image(ELEMENT)	activity+image	[]	[interactive: images and captions as a flowchart] » 
ACT	AGH1005	video(ELEMENT)	video+activity	[]	[interactive: video] » 
ACT	AGH1005	carousel(INTERACTIVE)	activity+carousel	[]	[interactive: carousel + captions] » 
ACT	AGH1005	video(ELEMENT)	video+activity	[]	[interactive: video] » 
ACT	AGH1005	video(ELEMENT)	video+activity	[]	[interactive: video] » 
ACT	AGH1005	carousel(INTERACTIVE)	activity+carousel	[]	[interactive: carousel + captions] » 
ACT	AGH1005	drag and drop(INTERACTIVE)	drag and drop+activity	[]	[interactive: drag and drop] » 
ACT	AGH1005	carousel(INTERACTIVE)	activity+carousel+image	[]	[interactive: carousel of images + captions] » 
ACT	AGH1005	video(ELEMENT)	video+activity	[]	[interactive: video] » 
ACT	AGH1005	video(ELEMENT)	video+activity	[]	[interactive: video] » 
ACT	AGH1005	dropdown(INTERACTIVE)	activity+dropdown+shape n	[]	[interactive: drop down box with descriptions] » 
ACT	AGH1005	drag and drop(INTERACTIVE)	drag and drop+activity	[]	[interactive: drag and drop] » 
ACT	AGH1005	video(ELEMENT)	video+activity	[]	[interactive: video] » 
ACT	AGH1005	carousel(INTERACTIVE)	activity+carousel+image	[]	[interactive: carousel images + captions] » 
ACT	AGH1005	drag and drop(INTERACTIVE)	drag and drop+activity	[]	[interactive: drag and drop] » 
ACT	AGH1005	video(ELEMENT)	video+activity	[]	[interactive: video] » 
ACT	AGH1005	drag and drop(INTERACTIVE)	drag and drop+activity	[]	[interactive: Drag and drop] » Sort each of these statements into the v
ACT	AGH1006	carousel(INTERACTIVE)	activity+carousel	[]	[interactive: carousel + captions] » 
ACT	AGH1006	video(ELEMENT)	video+activity	[]	[interactive: video] » 
ACT	AGH1006	list(ELEMENT)	activity+list	[]	[interactive: brainstorm/list] » 
ACT	AGH1006	carousel(INTERACTIVE)	activity+carousel	[]	[interactive: carousel + captions » 
ACT	AGH1006	video(ELEMENT)	video+activity	[]	[interactive: video] » 
ACT	AGH1006	reorder(INTERACTIVE)	activity+reorder+image	[]	[interactive: Ordering/Matching to the image] * Note to developer – pl » 
ACT	AGH1006	accordion(INTERACTIVE)	accordion+activity	[]	[Interactive: Accordion] * Note to developer – please use the most app » 
ACT	AGH1006	flip card(INTERACTIVE)	flip card+activity	[]	[interactive: Flipcard] » 
ACT	AGH1006	image(ELEMENT)	activity+image	[]	[interactive: flowchart with images] * Graphics would be more ideal th » Seed Sowing Process
ACT	AGH1006	flip card(INTERACTIVE)	activity+flip card	[]	[Interactive: Infographic type or Flip card] » 
ACT	AGH1006	drag and drop(INTERACTIVE)	activity+drag and drop+drop	[]	[interactive: sentence drag and drop or drop-down box] » 
ACT	AGH1006	flip card(INTERACTIVE)	activity+flip card	[]	[Interactive: Infographic type or Flip card] » 
ACT	AGH1006	image(ELEMENT)	activity+image	[]	[interactive: Captions to the side with full width images] (Merged con » 
ACT	AGH1006	video(ELEMENT)	video+activity	[]	[interactive: video] » 
ACT	AGH1006	drag and drop(INTERACTIVE)	drag and drop+activity	[]	[interactive: drag and drop] This infographic has Early Copyright clea » *https://homesteadandchill.com/crop-rota
ACT	AGH1006	list(ELEMENT)	activity+list	[]	[interactive: brainstorm or list] » 
ACT	AGH1006	tabs(INTERACTIVE)	activity+tabs	["2"]	[interactive: Tabs, example 2] Taken from HTO 1102 Plant Management 2. » 
ACT	AGH1006	accordion(INTERACTIVE)	accordion+activity	[]	[interactive: Accordion] Merged content: HTO 1102 Plant Management 2. » 
ACT	AGH1006	video(ELEMENT)	video+activity	[]	[interactive: video] » 
ACT	AGH1006	radio quiz(INTERACTIVE)	radio quiz+activity	[]	[interactive: true/false] » 
ACT	AGH1006	drag and drop(INTERACTIVE)	activity+drag and drop+activity	[]	[interactive: See drag and drop activity below] *Note to developer – P » 
ACT	AGH1006	video(ELEMENT)	video+activity	[]	[interactive: video] » 
ACT	AGH1006	accordion(INTERACTIVE)	accordion+activity	[]	[interactive: Accordion] » 
ACT	AGH1006	carousel(INTERACTIVE)	activity+carousel	[]	[interactive: carousel + captions] » 
ACT	AGH1006	drag and drop(INTERACTIVE)	drag and drop+activity	[]	[interactive: drag and drop] (Merged content: HTO1101 Plant Management » 
ACT	AGH1006	video(ELEMENT)	video+activity	[]	[interactive: video] » 
ACT	AGH1006	radio quiz(INTERACTIVE)	radio quiz+activity	[]	[interactive: True/false] » 
ACT	AGH1006	carousel(INTERACTIVE)	activity+carousel	[]	[interactive: carousel + captions] » 
ACT	AGH1006	carousel(INTERACTIVE)	activity+carousel	[]	[interactive: carousel + captions] » 
ACT	AGH1006	image(ELEMENT)	activity+data marker+image	[]	[interactive: image with caption] » 
ACT	AGH1006	flip card(INTERACTIVE)	flip card+activity	[]	[interactive: flipcard] » 
ACT	AGH1006	video(ELEMENT)	video+activity	[]	[interactive: video] » 
ACT	AGH1006	flip card(INTERACTIVE)	flip card+activity	[]	[interactive: Flip card] » 
ACT	AGH1006	flip card(INTERACTIVE)	flip card+activity	[]	[interactive: flip card] » 
ACT	AGH1006	drag and drop(INTERACTIVE)	drag and drop+activity	[]	[interactive: drag and drop] » 
ACT	AGH1006	flip card(INTERACTIVE)	flip card+activity	[]	[interactive: flip cards] » 
ACT	AGH1006	flip card(INTERACTIVE)	flip card+activity	[]	[interactive: flip cards] » 
ACT	AGH1006	drag and drop(INTERACTIVE)	drag and drop+activity	[]	[interactive: Drag and drop] » 
ACT	AGH1006	accordion(INTERACTIVE)	accordion+activity	[]	[interactive: accordion] » 
ACT	AGH1006	radio quiz(INTERACTIVE)	radio quiz+activity	[]	[interactive: True/False] » 
ACT	AGH1006	drag and drop(INTERACTIVE)	drag and drop+activity	[]	[interactive: Drag and drop] » 
ACT	AGH1007	image(ELEMENT)	activity+image	[]	[Image: Interactive] » 
ACT	AGH1007	radio quiz(INTERACTIVE)	activity+radio quiz+mcq	[]	[Interactive: True or False Quiz] » 
ACT	AGH1007	image(ELEMENT)	image+activity	[]	[Interactive: Image] » 
ACT	AGH1007	image(ELEMENT)	activity+image	[]	[Interactive: Image with click on points for information] » 
ACT	AGH1007	image(ELEMENT)	activity+image	[]	[Interactive Image] » 
ACT	AGH1008	image(ELEMENT)	activity+image	[]	[Interactive diagram] – drop down - students click on arrows to get th » 
ACT	AGH1008	image(ELEMENT)	activity+image	[]	[Interactive Image] » 
ACT	AGH1008	image(ELEMENT)	activity+image	[]	[Interactive Image] » 
ACT	AGH1008	image(ELEMENT)	activity+image	[]	[Interactive: click on the image to find out more information] » 
ACT	AGH1009	flip card(INTERACTIVE)	flip card+activity	[]	[interactive: flip card] » 
ACT	AGH1009	accordion(INTERACTIVE)	activity+accordion	[]	[interactive: side by side accordion or similar] » 
ACT	AGH1009	image(ELEMENT)	activity+image	[]	[interactive Image] » 
ACT	AGH1009	image(ELEMENT)	activity+image	[]	[Interactive Image] » 
ACT	AGH1009	accordion(INTERACTIVE)	activity+accordion+format	[]	[interactive: accordion under bold headings] » 
ACT	AGH1009	image(ELEMENT)	activity+image	[]	[interactive as a flow diagram if possible (click on each number)] Mer » 
ACT	AGH1009	accordion(INTERACTIVE)	activity+accordion+format	[]	[Interactive: accordion under bold headings] » 
ACT	AGH1009	carousel(INTERACTIVE)	activity+carousel	[]	[interactive: carousel + captions] » 
ACT	AGH1009	video(ELEMENT)	video+activity	[]	[Interactive: video] » 
ACT	AGH1009	image(ELEMENT)	activity+image	[]	[interactive: flow diagram that clicks on each number to see the next  » 
ACT	AGH1009	accordion(INTERACTIVE)	accordion+activity	[]	[interactive: accordion] » 
ACT	AGH1009	drag and drop(INTERACTIVE)	drag and drop+activity	[]	[interactive: drag and drop] » Place these green manure and brown manur
ACT	AGH1009	accordion(INTERACTIVE)	activity+accordion+format	[]	[interactive: accordion under bold headings] » 
ACT	AGH1009	video(ELEMENT)	video+activity	[]	[interactive: video] » 
ACT	AGH1009	carousel(INTERACTIVE)	activity+carousel	[]	[interactive: carousel of videos] » 
ACT	AGH1009	list(ELEMENT)	activity+list	["3"]	[interactive: List the 3 ways nitrogen are introduced] » 
ACT	AGH1009	accordion(INTERACTIVE)	accordion+activity	[]	[interactive: accordion] » 
ACT	AGH1009	accordion(INTERACTIVE)	accordion+activity	[]	[interactive:accordion] » 
ACT	AGH1009	carousel(INTERACTIVE)	activity+carousel	[]	[interactive: Carousel + captions] » 
ACT	AGH1009	video(ELEMENT)	video+activity	[]	[interactive: video] » 
ACT	AGH1009	list(ELEMENT)	activity+list+shape n	["2"]	[interactive: List 2 ways in box] » 
ACT	ANZH101	drag and drop(INTERACTIVE)	drag and drop+activity	[]	[Interactive – Drag and Drop] » 
ACT	ANZH101	body(ELEMENT)	activity+body	["3a"]	[Activity] 3A [Body] » After watching the video, locate some of
ACT	ANZH104	drag and drop(INTERACTIVE)	drag and drop+activity	[]	[Interactive: Drag and Drop] » 
ACT	ANZH105	accordion(INTERACTIVE)	activity+accordion	[]	[Activity: Embedded – Accordion] » 
ACT	ANZH105	drag and drop(INTERACTIVE)	activity+drag and drop	[]	[Interactive: Drag and Drop-Multicategory] » 
ACT	ANZH105	drag and drop(INTERACTIVE)	drag and drop+activity	[]	[Activity- drag and drop] » 
ACT	ANZH203	mcq(INTERACTIVE)	mcq+activity+mcq	["1a"]	[Activity – Multichoice Quiz] 1A » Comprehension activity
ACT	ANZH203	drag and drop(INTERACTIVE)	activity+drag and drop	[]	[Interactive] Please create a drag and drop for the following. The rea » 
ACT	ANZH205	drag and drop(INTERACTIVE)	activity+drag and drop	[]	[Activity: Embedded – Vertical Drag and Drop] » 
ACT	ANZH205	flip card(INTERACTIVE)	flip card+activity	[]	[Activity: flip cards] » Activity 3A: Te tiriti transport
ACT	ANZH205	crossword(INTERACTIVE)	activity+activity+crossword	[]	[Activity: Interactive Crossword] » Activity 6A: After te tiriti
ACT	ANZH301	drag and drop(INTERACTIVE)	activity+drag and drop	[]	[Interactive] Please create a drag and drop activity table as shown be » 
ACT	ANZH301	image(ELEMENT)	activity+data marker+image	[]	[Interactive: Please include image and this part of the text as captio » 
ACT	ANZH301	image(ELEMENT)	activity+alert+image	[]	[Alert box RHC next to activity box with an image from this article pl » https://www.aljazeera.com/features/2020/
ACT	ANZH302	drag and drop(INTERACTIVE)	activity+drag and drop	[]	[Interactive] Please create a drag and drop activity table as shown be » 
ACT	ANZH302	image(ELEMENT)	activity+data marker+image	[]	[Interactive: Please include image and this part of the text as captio » 
ACT	ANZH302	image(ELEMENT)	activity+alert+image	[]	[Alert box RHC next to activity box with an image from this article pl » https://www.aljazeera.com/features/2020/
ACT	ANZH303	drag and drop(INTERACTIVE)	activity+drag and drop	[]	[Interactive] Drag and drop activity- correct answers are shown below. » 
ACT	ANZH303	radio quiz(INTERACTIVE)	activity+radio quiz	[]	[Interactive] Create a true/false activity for the following. The answ » 
ACT	ANZH304	carousel(INTERACTIVE)	activity+carousel	[]	[Interactive] Please create a carousel of the following images with ca » 
ACT	ANZH304	flip card(INTERACTIVE)	activity+flip card	[]	[Interactive] Please have these as flip cards across the page (name of » 
ACT	ANZH304	drag and drop(INTERACTIVE)	activity+drag and drop	[]	[Interactive] Please create a drag and drop activity with a check answ » 
ACT	ANZH304	carousel(INTERACTIVE)	activity+carousel	[]	[Interactive] Please include a carousel of each of the 9 copies of the » https://nzhistory.govt.nz/media_gallery/
ACT	ANZH304	drag and drop(INTERACTIVE)	activity+drag and drop	[]	[Interactive] Please create a drag and drop Venn diagram for this acti » 
ACT	ANZH304	drag and drop(INTERACTIVE)	activity+drag and drop	[]	[Interactive] Please create a drag and drop task here with check answe » 
ACT	ANZH304	image(ELEMENT)	activity+image	[]	[Insert images RHC of activity box: » https://nzhistory.govt.nz/media/photo/st
ACT	ANZH401	typing quiz(INTERACTIVE)	activity+typing quiz	[]	[Interactive] Please create a self-check/reset ‘drag and drop’ activit » 
ACT	ANZH401	drag and drop(INTERACTIVE)	drag and drop+activity+answer	[]	[Answers for the Drag and Drop Activity] “Who is in?” = sources 3, 4,  » 
ACT	ANZH401	video(ELEMENT)	activity+video+external link	[]	[Interactive – embed video link] » https://www.nzonscreen.com/title/colonia
ACT	ANZH404	drag and drop(INTERACTIVE)	activity+drag and drop	[]	[Interactive] Please create a drag and drop. The table below shows the » 
ACT	ARFUN01	mcq(INTERACTIVE)	activity+mcq	[]	[Activity: Emotions – MKT Quiz] Engagement trigger » 
ACT	ARFUN01	engagement quiz button(ELEMENT)	engagement quiz button+activity+text box	[]	[Insert text box for long answer student response – Engagement trigger » 
ACT	ARFUN01	mcq(INTERACTIVE)	activity+mcq	[]	[ACTIVITY: MKT Quiz : Culture in the arts] » 
ACT	ARFUN01	mcq(INTERACTIVE)	activity+mcq+engagement quiz button	[]	[ACTIVITY: MKT Quiz: Who came before us?] [Trigger engagement] » 
ACT	ARFUN01	mcq(INTERACTIVE)	activity+mcq+engagement quiz button	[]	[ACTIVITY: MKT Quiz: Making change] [Trigger engagement] » 
ACT	ARFUN02	drag and drop(INTERACTIVE)	drag and drop+activity+activity	[]	[Interactive drag and drop activity » Example link
ACT	ARFUN02	mcq(INTERACTIVE)	activity+mcq+engagement quiz button+h3	["3d","3"]	[Activity 3D] [MTK autograded multchoice quiz] [Trigger Engagement] [H » What Have I Learned? He aha aku i ako ai
ACT	ARFUN02	engagement quiz button(ELEMENT)	activity+engagement quiz button	[]	[MTK activity, mix and match, autograded] [Engagement trigger] » 
ACT	ARFUN03	drag and drop(INTERACTIVE)	drag and drop+activity+answer	[]	[Insert drag and drop activity – words drop into tables, correct answe » 
ACT	ARFUN03	mcq(INTERACTIVE)	mcq+activity+image	[]	[insert multi choice activity with images] » 
ACT	ARFUN04	image(ELEMENT)	image+activity	["5"]	[CS to create mix and match activity] [insert item #5: pictures of sha » 
ACT	ARFUN04	drag and drop(INTERACTIVE)	drag and drop+activity+h3	["1c","3"]	[Activity 1C drag and drop] [H3] » Warm and cool colours
ACT	ARFUN04	mcq(INTERACTIVE)	mcq+activity	["1d"]	[Insert quiz to match elements with their definitions] [Activity 1D] » 
ACT	ARFUN04	drag and drop(INTERACTIVE)	drag and drop+activity	[]	[create drag and drop activity that matches the feelings with the desc » 
ACT	ARFUN04	drag and drop(INTERACTIVE)	drag and drop+activity+h3+mtk quiz	["1h","3"]	[Activity 1H drag and drop] [MTK Quiz-trigger engagement] [H3] » **What have I learned?**
ACT	ARFUN04	h3(ELEMENT)	activity+shape n+h3	["1i","3"]	[Activity 1I Tick box] [H3] » **What have I learned?**
ACT	ARFUN04	drag and drop(INTERACTIVE)	drag and drop+activity	["2g"]	[Activity 2G drag and drop] » **Understanding value**
ACT	ARFUN04	click drop(INTERACTIVE)	activity+click drop+h3	["2l","3"]	[Activity 2L] [create click and drop] [H3] » **Match the Technique**
ACT	ARFUN04	drag and drop(INTERACTIVE)	drag and drop+activity+h3	["3i","3"]	[Activity 3I Drag and drop] [H3] » **What is value? Terms and definitions**
ACT	ARFUN04	click drop(INTERACTIVE)	activity+click drop+h3	["4u","3"]	[Activity 4U] [Click drop] [H3] » **Match the technique**
ACT	ARFUN05	mcq(INTERACTIVE)	mcq+activity+answer	[]	[Insert activity – Multichoice answer] » 
ACT	ARFUN05	mcq(INTERACTIVE)	mcq+activity+mcq	[]	[activity – insert multichoice quiz] » 
ACT	ARFUN05	mcq(INTERACTIVE)	mcq+activity+mcq	[]	[Insert activity – multichoice quiz] » 
ACT	ART1003	image(ELEMENT)	activity+image+data marker	["10"]	[Item 10 create mix and match activity using the above definitions and » 
ACT	ART1003	drag and drop(INTERACTIVE)	drag and drop+drag and drop+activity+body	[]	[Create drag and drop - insert drag and drop activity with correct mea » Connections can be many things…people, l
ACT	ART1005	image(ELEMENT)	image+activity+image	["11"]	[Insert item 11 - mix and match activity - images and text] » 
ACT	ART1005	image(ELEMENT)	image+activity+image	["12","2"]	[Insert item 12 - mix and match activity 2 - images and text] » 
ACT	BLL120	typing quiz(INTERACTIVE)	typing quiz+activity	[]	[Self check activity] Show ‘check’ for cap, cup, and car. » 
ACT	BLL120	typing quiz(INTERACTIVE)	typing quiz+activity	[]	[Self check activity] Show ‘check’ for kangaroo, key, and kite. » 
ACT	BLL120	flip card(INTERACTIVE)	activity+flip card	["5h"]	[Activity 5H] [Flip cards] » Use your knowledge of letters and sounds
ACT	BLL120	flip card(INTERACTIVE)	activity+flip card	["6h"]	[Activity 6H] [Flip cards] » Use your knowledge of letters and sounds
ACT	BLL120	flip card(INTERACTIVE)	activity+flip card	["7h"]	[Activity 7H] [Flip cards]1. » Use your knowledge of letters and sounds
ACT	BLL130	typing quiz(INTERACTIVE)	typing quiz+activity	[]	[Self check activity] » 
ACT	BLL140	typing quiz(INTERACTIVE)	typing quiz+activity	[]	[Self check activity] » 
ACT	BLL140	typing quiz(INTERACTIVE)	typing quiz+activity	[]	[Self check activity] » 
ACT	BLL140	typing quiz(INTERACTIVE)	typing quiz+activity	[]	[Self check activity] » 
ACT	BLL140	typing quiz(INTERACTIVE)	typing quiz+activity	[]	[Self check activity] » 
ACT	BLL140	typing quiz(INTERACTIVE)	typing quiz+activity	[]	[Self check activity] » 
ACT	BLL142	image(ELEMENT)	activity+image+image	["12"]	[Can you please create a reasonable size picture for kids to see with  » 
ACT	BLL143	drag and drop(INTERACTIVE)	activity+drag and drop	["1e"]	[Activity 1E] [Drag and Drop] » Right or wrong?
ACT	BLL143	drag and drop(INTERACTIVE)	activity+drag and drop+typing quiz	["2b"]	[Activity 2B] [Drag and Drop/Self Check] » Create a sentence
ACT	BLL144	drag and drop(INTERACTIVE)	activity+drag and drop	["1a"]	[Activity 1A] [Fill in the blanks drag and drop] » Using ‘a’ and ‘an’
ACT	BLL147	drag and drop(INTERACTIVE)	drag and drop+activity+activity	[]	[Interactive activity – drag and drop] Answers are placed in the corre » 
ACT	BLL150	typing quiz(INTERACTIVE)	typing quiz+activity	[]	[Self check activity] » 
ACT	BLL160	typing quiz(INTERACTIVE)	typing quiz+activity	[]	[Self check activity] » 
ACT	BLL160	typing quiz(INTERACTIVE)	typing quiz+activity	[]	[Self check activity] » 
ACT	BLL170	typing quiz(INTERACTIVE)	typing quiz+activity	[]	[Self check activity] » 
ACT	BLL170	typing quiz(INTERACTIVE)	typing quiz+activity	[]	[Self check activity] » 
ACT	BLL170	typing quiz(INTERACTIVE)	typing quiz+activity	[]	[Self check activity] » 
ACT	BLL170	typing quiz(INTERACTIVE)	typing quiz+activity	[]	[Self check activity] » 
ACT	BLL170	typing quiz(INTERACTIVE)	typing quiz+activity	[]	[Self check activity] » 
ACT	BLL245	mcq(INTERACTIVE)	mcq+activity+dropdown	[]	[dropdown multi choice cloze activity] Correct answers are in red » 
ACT	BLL260	audio(ELEMENT)	activity+audio	["3b"]	[designer note} The same spliced audio as Activity 3B can be used for  » 
ACT	BLL264	mcq(INTERACTIVE)	mcq+activity	[]	[Multi choice activity] » 
ACT	BLL270	radio quiz(INTERACTIVE)	activity+radio quiz	[]	[radio interactive] (instead of a T/F can we please have a comic looki » 
ACT	BLL270	radio quiz(INTERACTIVE)	activity+radio quiz	[]	[radio interactive] (instead of a T/F can we please have a comic looki » 
ACT	BLLR201	radio quiz(INTERACTIVE)	activity+radio quiz	[]	[radio interactive] Is it possible to put ‘had’ and ‘would’ at the top » 
ACT	BLLR202	drag and drop(INTERACTIVE)	drag and drop+activity+radio quiz	[]	[drag and drop + radio interactive] Single option to select » 
ACT	BLLR202	radio quiz(INTERACTIVE)	activity+radio quiz+carousel	[]	[radio interactive] Single option version [carousel] » 
ACT	BLLR203	radio quiz(INTERACTIVE)	activity+option+radio quiz	[]	[radio interactive – single option] » 
ACT	CBI1004	mcq(INTERACTIVE)	mcq+activity	[]	[interactive – multiple choice] » 
ACT	CBI1004	image(ELEMENT)	activity+image	["1091"]	[interactive – use image from workbook for SCO1091] » Self-check
ACT	CBI1004	mcq(INTERACTIVE)	mcq+activity	[]	[inline interactive – multiple choice] » Genotypes and phenotypes
ACT	CBI1004	radio quiz(INTERACTIVE)	activity+radio quiz	[]	[interactive – True/false] » 
ACT	CBI1004	mcq(INTERACTIVE)	mcq+activity+question	[]	[interactive – multiple choice question] » 
ACT	CBI1005	mcq(INTERACTIVE)	activity+mcq	[]	[interactive quiz] » Fill in these Punnett squares and predic
ACT	CBI1005	drag and drop(INTERACTIVE)	drag and drop+activity+correct	[]	[Interactive – drag and drop the term into the correct place on the ta » 
ACT	CBI1005	drag and drop(INTERACTIVE)	drag and drop+activity+image	[]	[interactive – drag and drop bird names onto diagram – can you please  » Build a phylogenetic tree
ACT	CBI1005	table(ELEMENT)	activity+table+shape n	[]	[interactive – box to tick in each blank cell of the table – make sure » How did kūmara get to New Zealand?
ACT	CEDK401	drag and drop(INTERACTIVE)	drag and drop+activity	["1c"]	[Activity: Drag and Drop] 1C » 
ACT	CEDK401	button(ELEMENT)	button+activity+external link	[]	[Button] [Interactive Link » https://www.stuff.co.nz/business/farming
ACT	CEDO105	image(ELEMENT)	activity+image	[]	[insert interactive image] » 
ACT	CEDO105	typing quiz(INTERACTIVE)	typing quiz+activity	[]	[Sorting Activity AutoCheck] » 
ACT	CEDO204	drag and drop(INTERACTIVE)	drag and drop+activity	[]	[inline interactive drag and drop] » Beavers
ACT	CEDO301	drag and drop(INTERACTIVE)	drag and drop+activity	[]	[Drag and drop interactive] » 2A Properties of rongoā plants
ACT	CEDR101	flip card(INTERACTIVE)	activity+flip card+front	[]	[Flipcard interactive, words on front in attractive colours and large  » 
ACT	CEDR101	drag and drop(INTERACTIVE)	drag and drop+activity	[]	[Drag and drop interactive, please make a set of pictures to be matche » 
ACT	CEDR101	flip card(INTERACTIVE)	activity+flip card+back	[]	[Flipcard interactive. Can we make animations of hopping, jumping, cra » 
ACT	CEDR203	word find(INTERACTIVE)	word find+activity	[]	[Create Word Find activity using these words] » 
ACT	CEDR203	drag and drop(INTERACTIVE)	drag and drop+activity	[]	[Insert drag and drop activity] » – Match the word to the definition.
ACT	CEDR203	radio quiz(INTERACTIVE)	activity+radio quiz+activity	[]	[Insert Interactive true/false activity] » 
ACT	CEDR203	word find(INTERACTIVE)	activity+word find	[]	[Insert Interactive: Word Find from these words:] » 
ACT	CEDR203	drag and drop(INTERACTIVE)	drag and drop+activity	[]	[Insert interactive: drag and drop] » 
ACT	CEDR203	drag and drop(INTERACTIVE)	drag and drop+activity	[]	[Insert drag and drop activity] » Can you match the project to its mission
ACT	CEDR204	carousel(INTERACTIVE)	activity+carousel	[]	[Activity Rolling Banner] » 
ACT	CEDR204	drag and drop(INTERACTIVE)	drag and drop+activity	[]	[Activity Drag and Drop] Can the images pat, clap, stomp, snap, pop, a » 
ACT	CEDR204	video(ELEMENT)	activity+video	[]	[Activity video] » https://www.youtube.com/watch?v=TdpaRdiS
ACT	CEDR204	video(ELEMENT)	activity+video	[]	[Activity video] » https://www.youtube.com/watch?v=92gf8dAl
ACT	CEDR204	video(ELEMENT)	activity+video	[]	[Activity video] » https://www.youtube.com/watch?v=qvlkI1z-
ACT	CEDR401	drag and drop(INTERACTIVE)	drag and drop+activity	[]	[Drag and drop interactive, automatic marking] » 
ACT	CEDR401	drag and drop(INTERACTIVE)	drag and drop+activity+correct	["2","3"]	[Drag and drop interactive. The draggable items are in the blue table  » 
ACT	CEDR401	drag and drop(INTERACTIVE)	drag and drop+activity+answer	[]	[Drag and drop cloze activity, correct answers in red, automarked] » 
ACT	CEDT101	click drop(INTERACTIVE)	click drop+activity	["2a"]	[Click drop activity 2a] » List the chores/jobs you see in the vide
ACT	CEDT102	modal(INTERACTIVE)	activity+modal	["1"]	[Modal Activity 1] » Make a Matariki star card.
ACT	CEDT102	modal(INTERACTIVE)	activity+modal	["2"]	[Modal Activity 2] » Raranga star
ACT	CEDT102	modal(INTERACTIVE)	activity+modal	["3"]	[Modal Activity 3] » Star weaving
ACT	CEDT102	modal(INTERACTIVE)	activity+modal	["1"]	[Modal Activity 1] » Story writing
ACT	CEDT102	modal(INTERACTIVE)	activity+modal	["2"]	[Modal Activity 2] » Puppet play
ACT	CEDT102	modal(INTERACTIVE)	activity+modal	["3"]	[Modal Activity 3] » Dance moves
ACT	CEDT102	modal(INTERACTIVE)	activity+modal	["1"]	[Modal Activity 1] » Drawing animals
ACT	CEDT102	modal(INTERACTIVE)	activity+modal	["2"]	[Modal Activity 2] » Create a habitat
ACT	CEDT102	modal(INTERACTIVE)	activity+modal	["3"]	[Modal Activity 3] » Animal yoga
ACT	CEDT104	button(ELEMENT)	activity+button+audio	[]	[Please create a poi activity like where the ākonga can earn a star on » 
ACT	CEDT104	button(ELEMENT)	activity+button+audio	[]	[Please create a poi activity like where the ākonga can earn a star on » 
ACT	CEDT207	click drop(INTERACTIVE)	question+click drop+activity	[]	[Clickdrop activity under tile if possible with questions] » 
ACT	CEDT207	alert(CONTAINER_OPEN)	alert+activity	[]	[Alert box with activity in it below] » 
ACT	CEDT301	modal(INTERACTIVE)	activity+modal	["1"]	[Modal Activity 1] » Take a Walk
ACT	CEDT301	modal(INTERACTIVE)	activity+modal	["2"]	[Modal Activity 2] » Gardening
ACT	CEDT301	modal(INTERACTIVE)	activity+modal	["3"]	[Modal Activity 3] » Research your whakapapa
ACT	CEDT301	modal(INTERACTIVE)	activity+modal	["4"]	[Modal Activity 4] » Enjoy the night sky
ACT	CEDT301	modal(INTERACTIVE)	activity+modal	["1"]	[Modal Activity 1] » Whānau time
ACT	CEDT301	modal(INTERACTIVE)	activity+modal	["2"]	[Modal Activity 2] » Journal
ACT	CEDT301	modal(INTERACTIVE)	activity+modal	["3"]	[Modal Activity 3] » Community give back
ACT	CEDT301	modal(INTERACTIVE)	activity+modal	["4"]	[Modal Activity 4] » Learn something new
ACT	CEDT301	modal(INTERACTIVE)	activity+modal	["1"]	[Modal Activity 1] » My culture
ACT	CEDT301	modal(INTERACTIVE)	activity+modal	["2"]	[Modal Activity 2] » Food
ACT	CEDT301	modal(INTERACTIVE)	activity+modal	["3"]	[Modal Activity 3] » Research
ACT	CEDT301	drag and drop(INTERACTIVE)	drag and drop+activity+answer	[]	[Answers below for drag and drop activity] » 
ACT	CEDW101	modal(INTERACTIVE)	activity+modal	["1"]	[Modal Activity 1] » 
ACT	CEDW101	modal(INTERACTIVE)	activity+modal	["2"]	[Modal Activity 2] » 
ACT	CEDW101	modal(INTERACTIVE)	activity+modal	["3"]	[Modal Activity 3] » 
ACT	CEDW101	modal(INTERACTIVE)	activity+modal	["1"]	[Modal Activity 1] » 
ACT	CEDW101	modal(INTERACTIVE)	activity+modal	["2"]	[Modal Activity 2] » 
ACT	CEDW101	modal(INTERACTIVE)	activity+modal	["3"]	[Modal Activity 3] » 
ACT	CEDW101	modal(INTERACTIVE)	activity+modal	["1"]	[Modal Activity 1] » 
ACT	CEDW101	modal(INTERACTIVE)	activity+modal	["2"]	[Modal Activity 2] » 
ACT	CEDW101	modal(INTERACTIVE)	activity+modal	["3"]	[Modal Activity 3] » 
ACT	CEDW101	modal(INTERACTIVE)	activity+modal	["1"]	[Modal Activity 1] » 
ACT	CEDW101	modal(INTERACTIVE)	activity+modal	["2"]	[Modal Activity 2] » 
ACT	CEDW101	modal(INTERACTIVE)	activity+modal	["3"]	[Modal Activity 3] » 
ACT	CEDW501	drag and drop(INTERACTIVE)	drag and drop+activity	[]	[Drag and drop activity] » 
ACT	CEDW501	image(ELEMENT)	activity+image	[]	[Include ticks as in activity above that coordinate with the colours f » 
ACT	CHFUN01	radio quiz(INTERACTIVE)	activity+radio quiz+option	[]	[radio interactive] [auto mark] [options: lucky/unlucky] » 4A Check your understanding
ACT	CHFUN04	radio quiz(INTERACTIVE)	activity+radio quiz+radio quiz	[]	[radio interactive][auto mark] [true or false] » 1A Check your understanding
ACT	CHFUN04	radio quiz(INTERACTIVE)	activity+radio quiz+radio quiz	[]	[radio interactive][auto mark][true or false] » 2A Check your understanding
ACT	CHFUN05	reorder(INTERACTIVE)	activity+reorder+typing quiz	[]	[reorder interactive][randomise the order][autocheck] » 4A Check your understanding
ACT	CHFUN05	word select(INTERACTIVE)	word select+activity+typing quiz+answer	["3"]	[wordSelect activity] [autoCheck] [answers are the corresponding colou » 
ACT	CHFUN05	radio quiz(INTERACTIVE)	activity+radio quiz+typing quiz	[]	[radio quiz interactive] [autocheck] » 9A Check your understanding
ACT	CHFUN05	radio quiz(INTERACTIVE)	activity+radio quiz+typing quiz	[]	[radio interactive] [two columns with these two: 不，没（有）] [autocheck] » 11A Check your understanding
ACT	CHWHA	clicking order(INTERACTIVE)	activity+clicking order	["1b"]	[Activity 1B] [Clicking order] » 1B What is new and trending in China?
ACT	CHWHA	typing quiz(INTERACTIVE)	activity+typing quiz+typing quiz	["1c"]	[Activity 1C] [typing self-check] » 1C Fun facts
ACT	CHWHA	drag and drop(INTERACTIVE)	activity+drag and drop+typing quiz	["1d"]	[Activity 1D] [drag and drop] [auto check] » 1D Chinese words borrowed from English
ACT	CHWHA	word drag(INTERACTIVE)	activity+word drag+typing quiz	["1e"]	[Activity 1E] [Word Drag] [auto check] » 1E How to say ‘Mandarin’ in Chinese?
ACT	CHWHA	dropdown(INTERACTIVE)	activity+dropdown	["1f"]	[Activity 1F] [Dropbox] » 1F Tell us a little about you
ACT	COM1002	dropdown(INTERACTIVE)	activity+dropdown	[]	[Please create an onscreen fill the gap activity. The words in the red » 
ACT	COM1002	click drop(INTERACTIVE)	click drop+body+activity	[]	[Click and drop paragraph activity] » All community organisations must decide 
ACT	COM1002	drag and drop(INTERACTIVE)	drag and drop+activity	[]	[ACTIVITY DRAG AND DROP] » 
ACT	COM1005	dropdown(INTERACTIVE)	activity+dropdown	[]	[Please create an onscreen fill the gap activity. The words in the red » 
ACT	COM1006	image(ELEMENT)	activity+image+image	[]	[Please insert pictures shown above or similar along with the content  » 
ACT	COM1006	mcq(INTERACTIVE)	mcq+typing quiz+activity	["2a"]	[Activity 2A- Self check multichoice] » Select the most appropriate answer for e
ACT	COM1006	drag and drop(INTERACTIVE)	drag and drop+activity+activity	[]	[Create a drag and drop activity for the content given above. Each of  » 
ACT	COM1006	body(ELEMENT)	activity+body+body	[]	[Make the above graphics interactive. When students click on yellow ar » 
ACT	COM1006	list(ELEMENT)	list+list+activity	[]	[Could the above bullet points be shown in some interactive way such a » 
ACT	COM1006	drag and drop(INTERACTIVE)	correct+drag and drop+activity	[]	[Create a drag and drop activity. The text in red is the correct answe » 
ACT	COM1006	button(ELEMENT)	button+activity	[]	[Button: Teacher-marked activity] Please create a link for the dropbox » 
ACT	DAN1003	timeline(INTERACTIVE)	activity+activity+timeline	[]	[Interactive activity where akōnga can write directly into the timelin » 
ACT	DAN1006	body(ELEMENT)	body+activity	[]	[Body Text – within the activity] » 
ACT	DTC1004	tabs(INTERACTIVE)	activity+tabs	[]	[Interactive Tabs] » 
ACT	DTC1004	click drop(INTERACTIVE)	click drop+activity	[]	[Interactive: Click Drop] » 
ACT	DTC1004	tabs(INTERACTIVE)	activity+tabs	[]	[Interactive – Tabs] » 
ACT	ENFUN01	mcq(INTERACTIVE)	activity+mcq+answer	["1"]	[Activity 1: Multichoice Answer Quiz] » 
ACT	ENFUN02	reorder(INTERACTIVE)	activity+reorder	["10c"]	[Reorder Interactive 10c] » 
ACT	ENFUN03	image(ELEMENT)	activity+image	[]	[interactive image like this] » https://drive.google.com/file/d/1-Kv7fxy
ACT	ENFUN09	body(ELEMENT)	activity+body	[]	[body (still part of this activity)] » Now add some details like this to your o
ACT	ENGC101	drag and drop(INTERACTIVE)	drag and drop+activity+activity	[]	[Interactive activity – drag and drop] Answers are placed in the corre » 
ACT	ENGC101	drag and drop(INTERACTIVE)	drag and drop+activity+data marker	[]	[Interactive drag and drop] [leave a gap in the sentence and drag the  » 
ACT	ENGC101	drag and drop(INTERACTIVE)	drag and drop+activity+activity	[]	[Interactive activity – drag and drop] » 
ACT	ENGC101	drag and drop(INTERACTIVE)	drag and drop+activity	[]	[Interactive – drag and drop] » 
ACT	ENGC101	flip card(INTERACTIVE)	activity+flip card	[]	[Interactive – flipcard matching] Find emojis to match these words: » 
ACT	ENGC206	flip card(INTERACTIVE)	flip card+activity+data marker+data marker+front	[]	[Flip card activity] [First column is front of card sentences, second  » 
ACT	ENGC206	drag and drop(INTERACTIVE)	drag and drop+activity+answer+important+data marker	[]	[Please create a drag and drop activity with the sentences at the bott » 
ACT	ENGC206	drag and drop(INTERACTIVE)	drag and drop+activity+image+drag and drop+image	[]	[Drag and drop activity] [Students drag cooking words onto Mixing Bowl » 
ACT	ENGC206	drag and drop(INTERACTIVE)	drag and drop+activity	[]	[Drag and drop activity] » 
ACT	ENGC206	drag and drop(INTERACTIVE)	drag and drop+activity+lesson+image	[]	[Create Matching Activity Drag and drop] [Cards with image similar to  » 
ACT	ENGC206	mcq(INTERACTIVE)	mcq+activity	[]	[Create multiple choice activity] » 
ACT	ENGC302	reorder(INTERACTIVE)	activity+reorder	[]	[Reorder interactive] (can the pieces be put together within this styl » 
ACT	ENGC403	reorder(INTERACTIVE)	activity+reorder+typing quiz+activity+image	[]	[insert reorder activity] [shuffle] [autocheck] [insert image rhs acti » Teenage Girl In Gym Exercising On Cross 
ACT	ENGI101	dropdown(INTERACTIVE)	activity+dropdown	[]	[Dropbox Activity] » 
ACT	ENGI102	word find(INTERACTIVE)	activity+word find+activity	[]	[Interactive activity – wordfind] Use the words below to create a word » 
ACT	ENGI103	reorder(INTERACTIVE)	activity+reorder	[]	[reorder interactive] » 
ACT	ENGI201	drag and drop(INTERACTIVE)	drag and drop+activity	[]	[Interactive Embedded: Drag and Drop] » 
ACT	ENGI201	drag and drop(INTERACTIVE)	drag and drop+activity	[]	[Interactive Embedded: Drag and Drop] » 
ACT	ENGI201	drag and drop(INTERACTIVE)	activity+drag and drop+activity	[]	[Interactive: Fill in the blanks – Drag and Drop Activity] » 
ACT	ENGI202	click drop(INTERACTIVE)	click drop+activity+video	[]	[Mixed Interactive with Video at top, then two Click and drop Tabs, on » Discuss
ACT	ENGI202	click drop(INTERACTIVE)	click drop+activity	[]	[First Click drop activity] » 
ACT	ENGI202	click drop(INTERACTIVE)	click drop+activity	[]	[Second Click drop activity] » 
ACT	ENGI202	click drop(INTERACTIVE)	click drop+activity	[]	[Third Click drop activity] » 
ACT	ENGI202	click drop(INTERACTIVE)	click drop+activity	[]	[Fourth Click drop activity] » 
ACT	ENGI202	click drop(INTERACTIVE)	click drop+activity	[]	[Fifth Click drop activity] » 
ACT	ENGI202	flip card(INTERACTIVE)	flip card+activity+embed	[]	[Embed activity flip cards] » 
ACT	ENGI202	flip card(INTERACTIVE)	flip card+activity+embed	[]	[embed activity Flip cards] » 
ACT	ENGI301	dropdown(INTERACTIVE)	activity+dropdown	[]	[Activity] [Dropbox Assessment] » 
ACT	ENGI302	image(ELEMENT)	activity+alert+image	[]	[img activity alert] (Example of formatting) » 
ACT	ENGI400	heading(ELEMENT)	activity+heading+image	["2a"]	[Activity 2A add image just under heading] » 
ACT	ENGI400	embed(ELEMENT)	activity+embed	["3a"]	[insert existing article pdf from activity 3A » Lesson 3.0 - Reading - English 000
ACT	ENGI400	dropdown(INTERACTIVE)	activity+dropdown+title bar	[]	[Activity dropbox] [Title] » Sending your work to your kaiako
ACT	ENGI401	body(ELEMENT)	activity+body	[]	[body still in activity box] » Make sure your sources meet **ALL** the 
ACT	ENGI401	reorder(INTERACTIVE)	activity+reorder	[]	[reorder interactive] currently in correct order » 
ACT	ENGI401	body(ELEMENT)	activity+body	[]	[body still in activity box] » Click here to hear this piece spoken wit
ACT	ENGI405	drag and drop(INTERACTIVE)	drag and drop+activity+typing quiz	[]	[add interactive with drag and drop definitions- self check] » 
ACT	ENGI405	reorder(INTERACTIVE)	typing quiz+activity+reorder	[]	[reorder activity where definitions can be moved into right place- aut » 
ACT	ENGI405	drag and drop(INTERACTIVE)	drag and drop+typing quiz+activity	[]	[Add drag and drop activity- auto self-check] » 
ACT	ENGI405	drag and drop(INTERACTIVE)	drag and drop+typing quiz+activity	[]	[insert drag and drop- or sorting activity- autocheck] » 
ACT	ENGI405	flip card(INTERACTIVE)	activity+flip card+image	[]	[insert either drop click or flip card interactive with images on fron » 
ACT	ENGI405	drag and drop(INTERACTIVE)	drag and drop+activity	[]	[activity drag and drop ] » Negative or positive
ACT	ENGI405	reorder(INTERACTIVE)	activity+activity+reorder	[]	[interactive activity reorder. Self correct. Please jumble up] » 
ACT	ENGI405	drag and drop(INTERACTIVE)	drag and drop+activity+reorder	["4a"]	[Activity 4A re-order- drag and drop the lines into the correct order  » Reorganise the introduction
ACT	ENGI405	drag and drop(INTERACTIVE)	drag and drop+activity	[]	[interactive drag and drop order the sentences correctly] » 
ACT	ENGI405	accordion(INTERACTIVE)	activity+accordion+table	[]	[accordion content – insert table with interactive check boxes if poss » 
ACT	ENGI405	accordion(INTERACTIVE)	activity+accordion+table	[]	[accordion content – insert table with interactive check boxes if poss » 
ACT	ENGI405	accordion(INTERACTIVE)	activity+accordion+table	[]	[accordion content – insert table with interactive check boxes if poss » 
ACT	ENGI405	accordion(INTERACTIVE)	activity+accordion+table	[]	[accordion content – insert table with interactive check boxes if poss » 
ACT	ENGI405	drag and drop(INTERACTIVE)	drag and drop+activity+activity	[]	[interactive activity drag and drop auto checking] » 
ACT	ENGI405	flip card(INTERACTIVE)	activity heading+activity+flip card+activity	[]	[add interactive flip cards with activity title and image on the front » Pick a task
ACT	ENGI405	flip card(INTERACTIVE)	flip card+activity	[]	[insert flip card activity] » 
ACT	ENGI405	drag and drop(INTERACTIVE)	correct+drag and drop+activity	[]	[interactive drag and drop-word options listed underneath- green words » 
ACT	ENGI405	drag and drop(INTERACTIVE)	drag and drop+activity	[]	[Activity drag and drop sorting] » Formal or informal texts
ACT	ENGI405	checklist(INTERACTIVE)	activity+typing quiz+checklist	[]	[interactive checklist autocheck] » 
ACT	ENGJ102	typing quiz(INTERACTIVE)	typing quiz+activity	[]	[self check activity] Correct answer is in red. » 
ACT	ENGJ102	typing quiz(INTERACTIVE)	typing quiz+activity	[]	[self check activity] » Click on the adverbs in these sentences:
ACT	ENGJ102	typing quiz(INTERACTIVE)	typing quiz+activity	[]	[self check activity] answers are in red. » 
ACT	ENGJ201	reorder(INTERACTIVE)	activity+reorder	[]	[reorder interactive] » 
ACT	ENGJ201	reorder(INTERACTIVE)	activity+reorder	[]	[reorder interactive] » 
ACT	ENGJ201	reorder(INTERACTIVE)	activity+reorder	[]	[reorder interactive] » 
ACT	ENGJ301	memory game(INTERACTIVE)	typing quiz+activity+memory game	["2a"]	[Activity 2A – Memory Card Game – Auto Check] » 
ACT	ENGJ301	drag and drop(INTERACTIVE)	drag and drop+activity	["3c"]	[Activity 3C – drag and drop auto marking] (highlighted words to be pu » 
ACT	ENGJ301	dropdown(INTERACTIVE)	correct+dropdown+activity	["6a"]	[Activity 6A – drop down choices – auto marked. Correct answer is high » 
ACT	ENGJ301	typing quiz(INTERACTIVE)	typing quiz+activity	["7b"]	[Activity 7B – auto-check] » 
ACT	ENGJ302	mcq(INTERACTIVE)	mcq+activity	["2d"]	[Activity 2D – auto self marking – Multi-Choice Click and Check] » 
ACT	ENGJ302	mcq(INTERACTIVE)	mcq+activity+mcq	["4d"]	[Activity 4D – multi-choice quiz] (correct answer highlighted) » 
ACT	ENGJ302	memory game(INTERACTIVE)	memory game+activity	["7b"]	[Activity 7B – Memory Game – auto self-marking] » 
ACT	ENGJ402	drag and drop(INTERACTIVE)	drag and drop+activity+answer	[]	[Drag and drop activity with correct answers. Please random shuffle th » 
ACT	ENGJ402	body(ELEMENT)	body+activity	["1"]	[Body text after Activity 1] » Well done on completing this lesson wher
ACT	ENGJ402	drag and drop(INTERACTIVE)	drag and drop+activity+answer	[]	[drag and drop activity: with correct answers, please auto jumble] » 
ACT	ENGJ402	body(ELEMENT)	body+activity	["1"]	[Body text after Activity 1] » Well done on completing this lesson wher
ACT	ENGJ403	drag and drop(INTERACTIVE)	drag and drop+activity	["3a"]	[insert Activity 3A drag and drop] [shuffle] » Match the genre to the purpose
ACT	ENGR101	reorder(INTERACTIVE)	activity+reorder	[]	[reorder interactive] » 
ACT	ENGR102	drag and drop(INTERACTIVE)	drag and drop+activity	["1b"]	[Activity 1B drag and drop] » Word builder
ACT	ENGR102	supervisor note(CONTAINER_OPEN)	supervisor note+activity	[]	[Supervisor Note above activity] » 
ACT	ENGR102	drag and drop(INTERACTIVE)	drag and drop+activity	["2b"]	[Activity 2B drag and drop] » Word builder
ACT	ENGR102	drag and drop(INTERACTIVE)	drag and drop+activity	["3a"]	[Activity 3A drag and drop] » Is the R bossy?
ACT	ENGR102	drag and drop(INTERACTIVE)	drag and drop+activity	["3b"]	[Activity 3B drag and drop] » Word builder
ACT	ENGR102	drag and drop(INTERACTIVE)	drag and drop+activity	["4a"]	[Activity 4A drag and drop] » Vowels and consonants
ACT	ENGR102	drag and drop(INTERACTIVE)	drag and drop+activity	["4b"]	[Activity 4B drag and drop] » Word builder
ACT	ENGR102	drag and drop(INTERACTIVE)	drag and drop+activity	["4c"]	[Activity 4C drag and drop] » Word builder
ACT	ENGR102	typing quiz(INTERACTIVE)	typing quiz+activity	["5a"]	[Activity 5A- Type and check] keep box orange » Double practise
ACT	ENGR102	drag and drop(INTERACTIVE)	drag and drop+activity	["5c"]	[Activity 5C drag and drop] » Word builder
ACT	ENGR201	drag and drop(INTERACTIVE)	drag and drop+activity+activity	[]	[Interactive activity – drag and drop] Answers are placed in the corre » 
ACT	ENGR202	drag and drop(INTERACTIVE)	drag and drop+activity	["1b"]	[Drag and drop Activity 1B] » All images are made of shapes! Shapes ar
ACT	ENGR202	drag and drop(INTERACTIVE)	drag and drop+activity	["2b"]	[Drag and drop Activity 2B] » Shape language
ACT	ENGR202	drag and drop(INTERACTIVE)	drag and drop+activity	["2c"]	[Drag and drop Activity 2c] » Lion character
ACT	ENGR202	mcq(INTERACTIVE)	activity+mcq	["5b"]	[Quiz Activity 5B- auto-marked] » Understanding size and shape in advertis
ACT	ENGR202	dropdown(INTERACTIVE)	dropdown+activity	[]	[Activity drop box] Dropbox » 
ACT	ENGR301	word select(INTERACTIVE)	word select+activity	[]	[wordSelect activity] is it possible for this to be full sentences? » 
ACT	ENGR301	word select(INTERACTIVE)	word select+activity	[]	[wordSelect activity] » 
ACT	ENGR302	mcq(INTERACTIVE)	activity+mcq	["1d"]	[Activity 1D – Quiz] » 
ACT	ENGR302	mcq(INTERACTIVE)	activity+mcq	["2a"]	[Activity 2A – Quiz] » 
ACT	ENGR302	typing quiz(INTERACTIVE)	typing quiz+activity+answer	["2b"]	[Activity 2B – typing the answers with a self-check] » 
ACT	ENGR302	clicking order(INTERACTIVE)	clicking order+activity	["3a"]	[Activity 3A – Clicking Order] (I want this to be the same setup as AN » 
ACT	ENGR302	mcq(INTERACTIVE)	mcq+activity+mcq	["3b"]	[Activity 3B – Multi Choice Quiz] » 
ACT	ENGR302	dropdown(INTERACTIVE)	activity+dropdown+mcq	["3c"]	[Activity 3C – Dropdown Quiz] » 
ACT	ENGR302	drag and drop(INTERACTIVE)	drag and drop+activity	["3d"]	[Activity 3D – drop and drag] (Sentences currently in correct order. P » 
ACT	ENGR302	mcq(INTERACTIVE)	activity+mcq	["3e"]	[Activity 3E – Quiz] » 
ACT	ENGR302	typing quiz(INTERACTIVE)	typing quiz+activity	["4a"]	[Activity 4A – Auto marked. Type the answer] » 
ACT	ENGR302	drag and drop(INTERACTIVE)	drag and drop+activity	["4b"]	[Activity 4B – Auto Mark Drag and Drop] » 
ACT	ENGR302	drag and drop(INTERACTIVE)	drag and drop+activity+data marker	["5a"]	[Activity 5A – drag and drop column auto marking] (The text in red is  » 
ACT	ENGR302	dropdown(INTERACTIVE)	body+activity+dropdown	["5b"]	[Activity 5B – dropdown quiz paragraph – auto marking] » 
ACT	ENGR302	mcq(INTERACTIVE)	mcq+activity+mcq	["5c"]	[Activity 5C – Multichoice quiz] » 
ACT	ENGR302	radio quiz(INTERACTIVE)	radio quiz+activity	["5e"]	[Activity 5E – Radio quiz – auto marked] (can you please change the tr » 
ACT	ENGR302	mcq(INTERACTIVE)	activity+mcq	["5f"]	[Activity 5F – Quiz] » 
ACT	ENGR302	radio quiz(INTERACTIVE)	activity+button+radio quiz	["6a"]	[Activity 6A – auto marking radio buttons quiz] » 
ACT	ENGR302	clicking order(INTERACTIVE)	clicking order+activity	["6b"]	[Activity 6B – Clicking Order] (I want this to be the same setup as AN » 
ACT	ENGR302	drag and drop(INTERACTIVE)	drag and drop+activity	["7a"]	[Activity 7A – drop and drag auto marking] » 
ACT	ENGR302	dropdown(INTERACTIVE)	activity+dropdown+mcq	["7b"]	[Activity 7B – dropdown quiz – automarked] » 
ACT	ENGS101	mcq(INTERACTIVE)	mcq+activity	["2a"]	[Multichoice click and check Activity 2A] » What are the main points?
ACT	ENGS101	word find(INTERACTIVE)	word find+activity	["3c"]	[Activity 3C Wordfind] » Can you find these compound words in thi
ACT	ENGS101	word find(INTERACTIVE)	word find+activity	["4a"]	[Wordfind Activity 4A] » I saw a wabub
ACT	ENGS102	reorder(INTERACTIVE)	activity+reorder	[]	[reorder interactive] » 
ACT	ENGS102	audio(ELEMENT)	activity+audio+shape n	[]	[audio book interactive]this is the audio » https://www.rnz.co.nz/collections/storyt
ACT	ENGS102	reorder(INTERACTIVE)	activity+reorder	[]	[reorder interactive] (same format as 1B) » 
ACT	ENGS302	drag and drop(INTERACTIVE)	drag and drop+activity	["1a"]	[Activity 1A drag and drop] » Order the main plot points
ACT	ENGS302	button(ELEMENT)	activity+correct+button	[]	[This is the correct order of plot points. Please randomise order and  » 
ACT	ENGS302	drag and drop(INTERACTIVE)	drag and drop+data marker+activity	[]	[Please make a drop and drag activity where the theme is written on th » 
ACT	ENGS302	drag and drop(INTERACTIVE)	drag and drop+activity+answer	[]	[Create drag and drop with six editing techniques (Cut, Montage, Conti » 
ACT	ENGS302	alert(CONTAINER_OPEN)	alert+activity	["6d"]	[Numeracy – put this is an alert box on the right - Activity 6D] » **Maths Moment: Understanding timetables
ACT	ENGS404	reorder(INTERACTIVE)	activity+reorder	[]	[insert reorder activity. Shuffle] » 
ACT	ENGS404	drag and drop(INTERACTIVE)	drag and drop+activity	["6a"]	[insert activity 6A drag and drop mix and match board not marked] » Trying out interesting characters
ACT	ENO2060	checklist(INTERACTIVE)	activity+checklist+list	[]	[insert list as interactive checklist] » 
ACT	ENO2060	word select(INTERACTIVE)	word select+activity+typing quiz	[]	[insert interactive word highlighter- autocheck at end] » Highlight the quotes used in the actual 
ACT	ENO2060	checklist(INTERACTIVE)	activity+checklist+activity	["3a"]	[insert Activity 3A success criteria as an interactive checklist] » Noticing the right ingredients
ACT	ENO2060	reorder(INTERACTIVE)	activity+reorder	[]	[insert interactive reorder- put the right side out of order] » 
ACT	EXBP901	drag and drop(INTERACTIVE)	drag and drop+activity	[]	[Interactive drag and drop] » 
ACT	EXBP901	carousel(INTERACTIVE)	activity+carousel	[]	[Interactive] Please insert a rolling banner of sources here with the  » 
ACT	EXIP901	mcq(INTERACTIVE)	activity+mcq	["2"]	[Interactive quiz 2] » 
ACT	EXPFUN06	slider(INTERACTIVE)	slider+activity	[]	[interactive: slider] Activity 1A: » What are my drivers? Checklist
ACT	EXPFUN06	body(ELEMENT)	data marker+activity+body	[]	[Activity – blank template for students to fill in. Dev where there is » 
ACT	EXPFUN07	image(ELEMENT)	activity+image+image	["5"]	[Interactive set of images. Media item 5] » 
ACT	EXPFUN07	image(ELEMENT)	activity+format+image	[]	Comment to Creative Services - I would like to create sets of images f » 
ACT	FRFUN06	word select(INTERACTIVE)	word select+activity	[]	[Activity – Word Select] » 7b – **Spot the sound**
ACT	FRFUN06	word select(INTERACTIVE)	word select+activity	[]	[Word Select – not sure if this is best interactive for this? ] » **Where do words connect?**
ACT	GENO901	drag and drop(INTERACTIVE)	drag and drop+activity	["1a"]	[Activity 1A Drag and Drop] » 1A Greetings and farewells
ACT	GENO901	drag and drop(INTERACTIVE)	drag and drop+activity+list	["12"]	interactive drag and drop greetings and farewells – also on media list » 
ACT	GENO901	memory game(INTERACTIVE)	memory game+activity	["1b"]	[Activity 1B Memory game] » 1B Find pairs
ACT	GENO901	dropdown(INTERACTIVE)	engagement quiz button+activity+dropdown	[]	[Create Engagement trigger Drop Box Writing Activity. Ākonga need to d » 
ACT	GENO901	drag and drop(INTERACTIVE)	drag and drop+activity	[]	[Drag and drop activity] » 2B Wie geht’s?
ACT	GENO901	radio quiz(INTERACTIVE)	activity+radio quiz+answer	[]	[Radio Interactive with all correct answers – smiley emojis replace Tr » 2C Speaking practice
ACT	GENO901	audio(ELEMENT)	activity+audio	["2c"]	[Use AI voices to generate audio for Activity 2C] » GENO901 Audio-Script template Activity 2
ACT	GENO901	reorder(INTERACTIVE)	activity+activity+reorder+h3	["2d","3"]	[Reorder Interactive Activity 2D] [H3] » 2D Listen and put the mini dialogues in 
ACT	GENO901	reorder(INTERACTIVE)	audio button+activity+reorder+typing quiz+activity+correct	["1"]	[1. Play audio button] [Reorder Interactive] 3 speech bubbles in jumbl » 
ACT	GENO901	reorder(INTERACTIVE)	audio button+activity+reorder+speech bubble+typing quiz+activity+correct	["2","3"]	[2. Play audio button] [Reorder Interactive] [3 speech bubbles in jumb » 
ACT	GENO901	reorder(INTERACTIVE)	audio button+activity+reorder+speech bubble+typing quiz+activity+correct	["3","3"]	[3. Play audio button] [Reorder Interactive] [3 speech bubbles in jumb » 
ACT	GENO901	drag and drop(INTERACTIVE)	drag and drop+activity	[]	[Drag and drop activity] » 2E Read the mini dialogues.
ACT	GENO901	list(ELEMENT)	activity+activity+list	["2b","2c","36","45"]	[please use the same emojis that were created for the vocabulary box b » 
ACT	GENO901	speech bubble(INTERACTIVE)	speech bubble+activity+image	["4"]	[For this activity, each of the 4 characters is a cut-out photo with a » 
ACT	GENO901	typing quiz(INTERACTIVE)	activity+typing quiz	["3a"]	[Activity 3A] [Dropquiz – Autocheck] » 3A What did they say?
ACT	GENO901	drag and drop(INTERACTIVE)	drag and drop+typing quiz+activity	["3c"]	[Activity 3C Drag and Drop autocheck] » 3C Put the nouns into groups
ACT	GENO901	body(ELEMENT)	body+activity	[]	[From the same merged source, include the small body text that follows » 
ACT	GENO901	image(ELEMENT)	image+data marker+activity	["1","1d"]	[Merged item #1 from 4th Source – Image of a Blank German Car Number P » GRO103-workbook.docx
ACT	GENO901	image(ELEMENT)	activity+activity+image	["4a"]	Blank car numberplate image is to be recycled for the following Activi » 
ACT	GENO901	heading(ELEMENT)	activity+heading	["3","4a"]	[H3 Activity 4A] » 4A Autokennzeichen – German numberplates
ACT	GENO901	audio(ELEMENT)	activity+audio+audio	["4a"]	[Create Audio for Activity 4A using AI audio » GENO901 Audio-Script template Activity 4
ACT	GENO901	audio(ELEMENT)	activity+audio+page	[]	[Merge the audio with this activity. Delete “Go to Workbook” and the b » https://tekura.desire2learn.com/d2l/le/c
ACT	GENO901	audio(ELEMENT)	activity+audio+list	[]	[Please keep the vocabulary information box “Communicating about telep » 
ACT	GENO901	mcq(INTERACTIVE)	question+activity+mcq	[]	– please adapt to make it an inline module quiz activity – I have amen » 
ACT	GENO901	video(ELEMENT)	activity+lesson+video	["1","9","101","1","5","5d"]	[Merged Item Source 1 Item 9 GRO101 Module 1 Lesson 5 Video Activity c » 
ACT	GENO901	typing quiz(INTERACTIVE)	typing quiz+typing quiz+mcq+activity	["5d"]	[5D Type the Answer Quiz Autocheck] [Listening Activity to check under » 
ACT	GENO901	word select(INTERACTIVE)	word select+activity+word select+word select+word select	[]	[interactive wordselect/highlight text activity] Using the text and im » 
ACT	GEO1005	embed(ELEMENT)	activity+embed	[]	[Embed activity] » A What do you already know about Alluvia
ACT	GEO1005	embed(ELEMENT)	activity+activity+embed	[]	[embed interactive cloze activity] » Act 1C. Alluvial Plain formation
ACT	GEO1005	embed(ELEMENT)	activity+embed	[]	[embed activity] » Act 1D GIS Map Activity
ACT	GEO1005	embed(ELEMENT)	activity+embed	[]	[Embed Activity] » Act 2A Canterbury Plains Characteristics
ACT	GEO1005	embed(ELEMENT)	activity+embed	[]	[embed activity] » 4C Tectonic phenomena
ACT	GEO1006	embed(ELEMENT)	activity+embed	["1b"]	[embed activity 1B] » Activity 1B Glacial process
ACT	GEO1006	embed(ELEMENT)	activity+embed	["1c"]	[embed activity 1C] » Activity 1C Glaciation processes
ACT	GEO1006	embed(ELEMENT)	activity+activity+embed	[]	[Embed interactive activity] » Act 3A Impacts of climate change. [
ACT	GEO1006	embed(ELEMENT)	activity+embed	[]	[Embed Activity] » Activity 3B Explain the impacts of clima
ACT	GEO1006	drag and drop(INTERACTIVE)	drag and drop+activity+embed	[]	[embed interactive drag and drop quiz] » 5A Impacts of floods
ACT	GEO1006	embed(ELEMENT)	activity+embed	[]	[Embed Activity ] » 5B Impacts of flooding
ACT	GER1002	button(ELEMENT)	activity+question+button	[]	[create activity with write-in spaces for a question and the answer; c » document
ACT	GEWHA	typing quiz(INTERACTIVE)	activity+typing quiz	[]	[matching activity [autocheck]] » 1B Match the brand
ACT	GEWHA	dropdown(INTERACTIVE)	activity+dropdown+body	["2","1","1c"]	Version 2 of the Passport document has the same headings as side one o » 
ACT	GEWHA	dropdown(INTERACTIVE)	activity+dropdown+engagement quiz button	[]	[Dropbox Activity] [Engagement trigger] » 1C mein reisepass Deutsch – My German pa
ACT	HES1002	slider(INTERACTIVE)	activity+question+slider	[]	[Activity] [Individual] [Slider Question] » How much do you know about eating for th
ACT	HES1002	reorder(INTERACTIVE)	activity+reorder	[]	[Activity] [Reorder Content] [Instruction] » Sort the following foods from the least 
ACT	HES1002	image(ELEMENT)	activity+alert+image+image	["2"]	[Image activity alert] [Insert media item 2] » 
ACT	HES1002	image(ELEMENT)	activity+alert+image+image	["9"]	[Image activity alert] [Insert media item 9] » 
ACT	HES1002	typing quiz(INTERACTIVE)	activity+typing quiz+typing quiz	[]	[Activity] [Typing Quiz standard auto check] » 
ACT	HES1002	drag and drop(INTERACTIVE)	activity+drag and drop+typing quiz+data marker	[]	[Activity] [Drag and Drop Column – Auto Check] » In the video, it mentions the relationsh
ACT	HES1002	drag and drop(INTERACTIVE)	activity+drag and drop+typing quiz+data marker	[]	[Activity] [Drag and Drop Column – Auto Check] » 
ACT	HES1002	image(ELEMENT)	activity+alert+image+image	["41"]	[Image activity alert] [Insert media item 41] » 
ACT	HES1002	drag and drop(INTERACTIVE)	activity+drag and drop	[]	[Individual activity] [Drag and drop] » 
ACT	HES1002	reorder(INTERACTIVE)	activity+reorder	[]	[Reorder interactive] » 
ACT	HES1005	drag and drop(INTERACTIVE)	drag and drop+activity+image	["45"]	[Drag and Drop Activity] [Use media item 45 to create] » 
ACT	HES1005	image(ELEMENT)	image+activity	["47"]	[Insert activity media item 47] Please make this an activity that the  » 
ACT	HES1005	drag and drop(INTERACTIVE)	drag and drop+activity+image	["54"]	[Drag and Drop Activity] [Media Item 54] » 
ACT	HES1006	body(ELEMENT)	activity+body	[]	[Activity] [Body] » Complete the question in your journal on
ACT	HES1006	body(ELEMENT)	activity+body	[]	[Activity] [Body] » Complete the question in your journal on
ACT	HES1006	body(ELEMENT)	activity+body	[]	[Activity] [Body] » Complete the question in your journal on
ACT	HIS1002	drag and drop(INTERACTIVE)	drag and drop+drag and drop+activity	[]	[Can you please make a drag and drop activity something like this belo » 
ACT	HIS1002	drag and drop(INTERACTIVE)	drag and drop+drag and drop+activity	[]	[Can you please make a drag and drop activity something like this belo » 
ACT	HIS1002	drag and drop(INTERACTIVE)	drag and drop+activity	[]	[Please create a drag and drop activity. I have made a sort-of represe » 
ACT	HIS1003	radio quiz(INTERACTIVE)	activity+radio quiz	[]	[Interactive] Please create a True/False quiz for the following- the a » 
ACT	HIS1003	drag and drop(INTERACTIVE)	activity+drag and drop	[]	[Interactive] Answers for the drag and drop activity are shown below: » 
ACT	HIS1003	carousel(INTERACTIVE)	activity+carousel	[]	[Interactive] Please create a rolling banner of the following images r » 
ACT	HIS1003	timeline(INTERACTIVE)	activity+timeline	[]	[Interactive] Please present this timeline in a more interesting visua » 
ACT	HIS1003	drag and drop(INTERACTIVE)	activity+drag and drop	[]	[Interactive] Please create a drag and drop activity that is similar t » 
ACT	HIS1004	carousel(INTERACTIVE)	activity+carousel	[]	[Interactive] Please create a slideshow of these photographs with the  » 
ACT	HIS1004	drag and drop(INTERACTIVE)	activity+drag and drop	[]	[Interactive] Please create a Scatter Drag and Drop with a self-expand » 
ACT	HIS1004	drag and drop(INTERACTIVE)	activity+drag and drop	[]	[Interactive] Please create a drag and drop activity for this. The ans » 
ACT	HIS1004	drag and drop(INTERACTIVE)	activity+drag and drop	[]	[Interactive] Please create a drag and drop activity using the followi » 
ACT	HIS1004	drag and drop(INTERACTIVE)	activity+drag and drop	[]	[Interactive] Please create a drag and drop activity here in the form  » 
ACT	HIS1004	image(ELEMENT)	activity+image+external link	[]	[Image link interactive] Image for here is in section A as it is from  » 
ACT	HIS1005	modal(INTERACTIVE)	activity+button+modal	[]	[interactive this source is not a link, can the text below be put into » 
ACT	HIS1005	modal(INTERACTIVE)	activity+modal+button	[]	[interactive this source is not a link, can the text below be put into » 
ACT	HIS1005	video(ELEMENT)	activity+video+button	[]	[interactive –embed video with an image and play button] » 
ACT	HIS1005	audio button(ELEMENT)	audio button+activity+option	[]	[Interactive –is it possible to have a text to voice function? In whic » 
ACT	HIS1005	audio button(ELEMENT)	audio button+activity+option	[]	[Interactive –is it possible to have a text to voice function? In whic » 
ACT	HIS1005	radio quiz(INTERACTIVE)	radio quiz+radio quiz+activity	[]	[please set up as an interactive Radio button quiz similar in style to » https://tekura.desire2learn.com/d2l/le/c
ACT	HIS1005	image(ELEMENT)	activity+image	[]	[Please place the following two images side by side in this part of th » 
ACT	HIS1005	video(ELEMENT)	activity+video	["8","58"]	[interactive –can you make this video stop at timestamp 8:58] » 
ACT	HIS1005	drag and drop(INTERACTIVE)	drag and drop+activity	[]	[Please insert the drag and drop activity detailed on this google doc, » 
ACT	HIS1006	drag and drop(INTERACTIVE)	drag and drop+activity	[]	[Drag and drop activity - see this google doc » Little Rock Chronology (1).docx
ACT	HIS1006	drag and drop(INTERACTIVE)	drag and drop+drag and drop+activity	["3","3","1957"]	where I have tried to set out all the parts for a table arrangement. T » 
ACT	HIS1006	alert(CONTAINER_OPEN)	alert+activity	["2f"]	[Alert Box – beside the activity 2F above] » 
ACT	HIS1006	drag and drop(INTERACTIVE)	drag and drop+activity	["5","4"]	[Please create a Drag and Drop style activity where students have to m » 
ACT	HIS1006	speech bubble(INTERACTIVE)	activity+speech bubble+external link	[]	[link for both speech excerpts to use for this activity on this google » 
ACT	HIS1006	drag and drop(INTERACTIVE)	drag and drop+activity+activity	[]	[please create a drag and drop activity using the info in this doc whi » 
ACT	HIS1006	button(ELEMENT)	button+activity	[]	[add button to appear after activity has been attempted/ completed] » Check answer.
ACT	HIS1006	image(ELEMENT)	activity+image+embed	[]	[please embed the image in the activity box including the surrounding  » 
ACT	HIS1006	alert(CONTAINER_OPEN)	alert+activity+data marker	["4c"]	[Alert box in the right-hand column beside this activity 4C] » 
ACT	HIS1006	drag and drop(INTERACTIVE)	drag and drop+activity+answer	[]	[please create a drag and drop activity where students can sort these  » 
ACT	HIS1007	image(ELEMENT)	activity+image	[]	[Please place the following two images side by side in this part of th » 
ACT	HIS1007	video(ELEMENT)	activity+video	["8","58"]	[interactive – can you make this video stop at timestamp 8:58] » 
ACT	HIS1007	drag and drop(INTERACTIVE)	drag and drop+activity	[]	[Please insert the drag and drop activity detailed on this google doc, » 
ACT	HIS1008	drag and drop(INTERACTIVE)	drag and drop+activity	[]	[Drag and drop activity – see this google doc » Little Rock Chronology (1).docx
ACT	HIS1008	drag and drop(INTERACTIVE)	drag and drop+drag and drop+activity	["3","3","1957"]	where I have tried to set out all the parts for a table arrangement. T » 
ACT	HIS1008	alert(CONTAINER_OPEN)	alert+activity	["2f"]	[Alert Box – beside the activity 2F above] » 
ACT	HIS1008	drag and drop(INTERACTIVE)	drag and drop+activity	["5","4"]	[Please create a Drag and Drop style activity where students have to m » 
ACT	HIS1008	speech bubble(INTERACTIVE)	activity+speech bubble+external link	[]	[link for both speech excerpts to use for this activity on this google » 
ACT	HIS1008	drag and drop(INTERACTIVE)	drag and drop+activity+activity	[]	[please create a drag and drop activity using the info in this doc whi » 
ACT	HIS1008	button(ELEMENT)	button+activity	[]	[add button to appear after activity has been attempted/ completed] Ch » 
ACT	HIS1008	image(ELEMENT)	activity+image+embed	[]	[please embed the image in the activity box including the surrounding  » 
ACT	HIS1008	alert(CONTAINER_OPEN)	alert+activity+data marker	["4c"]	[Alert box in the right-hand column beside this activity 4C] » 
ACT	HIS1008	drag and drop(INTERACTIVE)	drag and drop+activity+answer	[]	[please create a drag and drop activity where students can sort these  » 
ACT	HPFUN101	drag and drop(INTERACTIVE)	activity+drag and drop	[]	[Interactive] Drag and drop, drop the statements into the relevant col » 
ACT	HPFUN101	puzzle(INTERACTIVE)	activity+puzzle	[]	[Interactive] jigsaw puzzles x3 (make the following pictures into jigs » 
ACT	HPFUN101	image(ELEMENT)	activity+image	["28"]	[interactive tool] flip cards (using this image, please make each of t » https://media.istockphoto.com/id/1313223
ACT	HPFUN101	body(ELEMENT)	activity+activity+body	[]	[interactive activity] dropdown options (ask for help/ may ask for hel » Read the following statements. Discuss w
ACT	HPFUN102	drag and drop(INTERACTIVE)	activity+activity+drag and drop	[]	[interactive activity] drag and drop images into 1 of the 3 boxes (mos » 
ACT	HPFUN102	dropdown(INTERACTIVE)	activity+activity+dropdown	[]	[interactive activity] drop down options » 
ACT	HPFUN103	drag and drop(INTERACTIVE)	activity+activity+drag and drop	[]	[interactive activity] drag and drop » 
ACT	HPFUN103	checklist(INTERACTIVE)	activity+activity+checklist	["2a"]	[interactive activity 2A] tick boxes – yes or no DEV present each scen » 
ACT	HPFUN103	dropdown(INTERACTIVE)	activity+activity+dropdown	[]	[interactive activity] drop down options » 
ACT	HPFUN201	mcq(INTERACTIVE)	activity+activity+mcq	[]	[interactive activity] quiz/ multi-choice for each question (never/som » 
ACT	HPFUN201	drag and drop(INTERACTIVE)	activity+drag and drop	[]	[Interactive tool] drag and drop DEV match the image and situation to  » 
ACT	HPFUN201	crossword(INTERACTIVE)	activity+activity+crossword	[]	[interactive activity] crossword DEV create a crossword using the foll » 
ACT	HPFUN202	flip card(INTERACTIVE)	activity+flip card	[]	[interactive tool] 6 flip cards with title and image on front and inst » 
ACT	HPFUN202	drag and drop(INTERACTIVE)	activity+activity+drag and drop	[]	[interactive activity] drag and drop. - answers are provided in red cu » 
ACT	HPFUN202	flip card(INTERACTIVE)	activity+flip card	[]	[interactive tool] 9 flip cards. Name and photo on front and quote on  » 
ACT	HPFUN203	drag and drop(INTERACTIVE)	activity+activity+drag and drop	[]	[interactive activity] drag and drop the coloured crayon to the statem » 
ACT	HPFUN203	dropdown(INTERACTIVE)	activity+activity+dropdown	[]	[interactive activity] yes or no/drop down options – no incorrect answ » 
ACT	HPFUN203	typing quiz(INTERACTIVE)	activity+activity+typing quiz	[]	[interactive activity] type and check DEV: no correct answers » 
ACT	HPFUN301	radio quiz(INTERACTIVE)	activity+radio quiz+question	[]	[Interactive] [true or false questions] » 
ACT	HPFUN301	checklist(INTERACTIVE)	activity+activity+checklist	[]	[interactive activity] tick boxes » 
ACT	HPFUN301	drag and drop(INTERACTIVE)	activity+activity+drag and drop	[]	[Interactive activity] drag and drop DEV drag and drop the following s » 
ACT	HPFUN302	mcq(INTERACTIVE)	activity+activity+mcq	[]	[interactive activity]multiple choice answer / tick the appropriate an » 
ACT	HPFUN302	drag and drop(INTERACTIVE)	activity+activity+drag and drop	[]	[interactive activity] drag and drop DEV: drop the image of the cultur » 
ACT	HPFUN303	slider(INTERACTIVE)	activity+activity+slider	[]	[interactive activity] slider – use scale from 0 (not safe) to 5 (very » 
ACT	HPFUN401	slider(INTERACTIVE)	activity+activity+slider	[]	[interactive activity] sliders for each statement ākonga will move a s » 
ACT	HPFUN401	dropdown(INTERACTIVE)	activity+activity+dropdown	[]	[interactive activity] dropdown options ākonga to select the consequen » 
ACT	HPFUN401	drag and drop(INTERACTIVE)	activity+activity+drag and drop	[]	[interactive activity] drag and drop DEV allow the statements to be pl » 
ACT	HPFUN401	flip card(INTERACTIVE)	activity+flip card	[]	[interactive tool] flip cards – image and title facing – description/  » 
ACT	HPFUN401	dropdown(INTERACTIVE)	activity+activity+dropdown	[]	[interactive activity] drop down options – select either ‘the same’ ‘d » 
ACT	HPFUN401	sketcher(INTERACTIVE)	activity+sketcher	[]	[Activity Sketch pad] » 
ACT	HPFUN402	slider(INTERACTIVE)	activity+activity+slider	[]	[interactive activity] slider/ bar graph activity » 
ACT	HPFUN402	click drop(INTERACTIVE)	activity+click drop	[]	[interactive tool] click drop. Ensure that akonga first see name photo » 
ACT	HPFUN402	dropdown(INTERACTIVE)	activity+activity+dropdown	[]	[interactive activity] drop down options (answers below the questions) » 
ACT	HPFUN403	sketcher(INTERACTIVE)	activity+activity+sketcher	[]	[interactive activity] drawing tool. Ākonga will circle words that the » 
ACT	HPFUN403	drag and drop(INTERACTIVE)	activity+activity+drag and drop	[]	[interactive activity] drag and drop DEV drag and drop a large tick or » 
ACT	HPFUN901	flip card(INTERACTIVE)	activity+flip card	[]	[interactive tool] flip cards x8 – picture on front/ text on reverse. » 
ACT	HPFUN901	drag and drop(INTERACTIVE)	activity+activity+drag and drop	[]	[interactive activity] drag and drop images. DEV – ākonga will drag an » 
ACT	HPFUN901	flip card(INTERACTIVE)	activity+flip card	[]	[interactive tool] flip cards x2 colour code cards for phase 1 and 2 / » 
ACT	HPFUN901	reorder(INTERACTIVE)	activity+activity+reorder	[]	[interactive activity] re order the sentences. / match the sentence be » 
ACT	HPFUN901	image(ELEMENT)	activity+image	["32"]	[interactive tool] slide show [insert media item #32] slide show: » food-safety-spotting-the-risks-interacti
ACT	HPFUN901	flip card(INTERACTIVE)	activity+flip card	[]	[interactive tool] flip cards » 
ACT	HPFUN901	radio quiz(INTERACTIVE)	activity+activity+radio quiz	[]	[interactive activity] true or false » 
ACT	HPFUN901	click drop(INTERACTIVE)	activity+click drop	["1"]	[interactive tool] click drop x 3 [click drop 1] » 
ACT	HPFUN901	carousel(INTERACTIVE)	activity+carousel	[]	[interactive tool] slide show » 
ACT	HPFUN901	flip card(INTERACTIVE)	activity+flip card	[]	[interactive tool] flip cards » 
ACT	HPFUN901	accordion(INTERACTIVE)	activity+accordion	[]	[interactive tool] accordion – DEV place these interactive activities  » 
ACT	HPFUN901	click drop(INTERACTIVE)	activity+click drop	[]	[interactive tool] click drop » 
ACT	HPFUN901	flip card(INTERACTIVE)	activity+flip card	[]	[interactive tool] flip cards DEV colour code to phase 1-2 and 3-4 » 
ACT	HPFUN903	accordion(INTERACTIVE)	activity+accordion	[]	[interactive tool] accordion DEV colour code for phases one and two th » 
ACT	HPFUN903	mcq(INTERACTIVE)	activity+activity+mcq	[]	[interactive Activity] multiple choice quiz » 
ACT	HPFUN903	flip card(INTERACTIVE)	activity+flip card	[]	[interactive tool] flip cards x6 » 
ACT	HPFUN903	accordion(INTERACTIVE)	activity+accordion	[]	[interactive tool] accordion x2 » 
ACT	HPFUN903	flip card(INTERACTIVE)	activity+flip card	[]	[interactive tool] flip cards » 
ACT	HPFUN903	carousel(INTERACTIVE)	activity+carousel	[]	[interactive tool] slide show x 8 DEV on each slide have an image and  » 
ACT	HPFUN903	drag and drop(INTERACTIVE)	activity+activity+drag and drop	[]	[interactive activity] drag and drop – DEV: drag and drop the statemen » 
ACT	HPFUN903	accordion(INTERACTIVE)	activity+accordion	[]	[interactive tool] accordion x 2 DEV colour code slides to appropriate » 
ACT	HPFUN903	flip card(INTERACTIVE)	activity+flip card	[]	[interactive tool] 6 flip cards with title and image on front and inst » 
ACT	HPFUN903	mcq(INTERACTIVE)	activity+activity+mcq	[]	[interactive activity] tick box quiz/ safe to approach/ unsafe to appr » 
ACT	HPFUN903	flip card(INTERACTIVE)	activity+flip card	[]	[interactive tool] flip cards x 2 DEV colour code to the phases. » 
ACT	HPFUN903	flip card(INTERACTIVE)	activity+flip card	[]	[interactive tool] flip cards x6 » 
ACT	HPFUN903	mcq(INTERACTIVE)	activity+activity+mcq	[]	[interactive activity] true and false quiz » 
ACT	HPRE203	drag and drop(INTERACTIVE)	drag and drop+activity	["1a"]	[drag and drop] DEV: drag and drop the ten statements into the followi » Verbal or non-verbal communication
ACT	HPRE203	flip card(INTERACTIVE)	activity+flip card	[]	[interactive tool] flip cards x 12 – DEV: image facing and words on re » 
ACT	HPRE203	slider(INTERACTIVE)	activity+slider	[]	[interactive slider] (DEV allow ākonga to slide slider from true | som » 
ACT	JPFUN02	click drop(INTERACTIVE)	click drop+activity	["1a"]	[Clickdrop] [Activity 1A] » 1A Greetings Practice
ACT	JPFUN02	click drop(INTERACTIVE)	click drop+activity	["1b"]	[Clickdrop] [Activity 1B] » 
ACT	JPFUN02	click drop(INTERACTIVE)	click drop+activity	["1c"]	[Clickdrop] [Activity 1C] » 1C Simple Introduction Practice
ACT	JPFUN02	click drop(INTERACTIVE)	click drop+activity	["1d"]	[Clickdrop] [Activity 1D] » 1D Classroom Instructions
ACT	JPN1004	typing quiz(INTERACTIVE)	typing quiz+typing quiz+body+activity	[]	[Typing Quiz Paragraph – auto check answers] [Activity embedded] » : Activity 2A よみましょう！Let's read！
ACT	JPN1004	typing quiz(INTERACTIVE)	typing quiz+typing quiz+body+activity	[]	[Typing Quiz Paragraph – auto check answers] [Activity embedded] » : Activity 3C Joining Sentences using th
ACT	JPN1004	typing quiz(INTERACTIVE)	typing quiz+typing quiz+body+activity	[]	[Typing Quiz Paragraph – auto check answers] [Activity embedded] » : Activity 5A 何（なん）と いいます か。What do you 
ACT	MXDB102	dropdown(INTERACTIVE)	activity+dropdown	[]	[Dropbox Activity] » 
ACT	MXDB102	dropdown(INTERACTIVE)	activity+dropdown	[]	[Dropbox Activity] » 
ACT	MXDB202	typing quiz(INTERACTIVE)	typing quiz+activity	[]	[self check activity] Answers are in red » 
ACT	MXDB301	mcq(INTERACTIVE)	activity+activity+mcq	[]	[Interactive Activity] Activity 1A- Multi-choice Click and Check] Read » 
ACT	MXDB301	drag and drop(INTERACTIVE)	activity+activity+drag and drop	[]	[Interactive Activity] Activity 2B- Drag and Drop] Understanding Data  » 
ACT	MXDB302	memory game(INTERACTIVE)	memory game+activity	["1a"]	[Activity 1A – auto marking memory game] Please arrange in a 4 x 4 gri » 
ACT	MXDB302	drag and drop(INTERACTIVE)	drag and drop+activity	["1b"]	[Activity 1B – self-marking drag and drop] » 
ACT	MXDB302	typing quiz(INTERACTIVE)	activity+answer+typing quiz	["1c"]	[Activity 1C – self-marking typing the answer] » Check your understanding
ACT	MXDB302	drag and drop(INTERACTIVE)	drag and drop+activity	["2a"]	[Activity 2A – auto self-marking drag and drop] » Which Unit?
ACT	MXDB302	typing quiz(INTERACTIVE)	activity+answer+typing quiz	["2b"]	[Activity 2B – auto self-marking typing the answer] » Check your understanding
ACT	MXDB302	typing quiz(INTERACTIVE)	activity+answer+typing quiz	["2c"]	[Activity 2C – auto self-marking typing the answer] » Check your understanding
ACT	MXDB302	drag and drop(INTERACTIVE)	drag and drop+activity	["2e"]	[Activity 2E – self-marking drag and drop] » 
ACT	MXDB302	typing quiz(INTERACTIVE)	activity+answer+typing quiz	["2f"]	[Activity 2F – self marking typing the answer] » Check your understanding
ACT	MXDB302	drag and drop(INTERACTIVE)	drag and drop+activity	["3a"]	[Activity 3A – auto self-marking drag and drop] » Sort Those Shapes
ACT	MXDB302	dropdown(INTERACTIVE)	dropdown+activity	["4a"]	[Activity 4A – self marking drop down] » 
ACT	MXDB302	typing quiz(INTERACTIVE)	activity+answer+typing quiz	["4b"]	[Activity 4B – self-marking typing the answer] » 
ACT	MXDB302	typing quiz(INTERACTIVE)	typing quiz+activity+answer	["4d"]	[Activity 4D – self check typing short answers] » 
ACT	MXDB302	typing quiz(INTERACTIVE)	typing quiz+activity	["5a"]	[Activity 5A – self marking type the answer] » 
ACT	MXDB302	typing quiz(INTERACTIVE)	typing quiz+activity	["5b"]	[Activity 5B – self marking type the answer] » 
ACT	MXDB302	typing quiz(INTERACTIVE)	typing quiz+activity	["5c"]	[Activity 5C – self marking type the answer] » 
ACT	MXDB302	drag and drop(INTERACTIVE)	drag and drop+activity	["5d"]	[Activity 5D – self marking drag and drop] » 
ACT	MXDB302	drag and drop(INTERACTIVE)	drag and drop+activity	["6a"]	[Activity 6A – self marking drag and drop] » 
ACT	MXDB302	dropdown(INTERACTIVE)	dropdown+activity	["6c"]	[Activity 6C – auto-marking drop down] » 
ACT	MXDB302	typing quiz(INTERACTIVE)	activity+answer+typing quiz	["6d"]	[Activity 6D – self marking typing the answer] » 
ACT	MXDB302	engagement quiz button(ELEMENT)	engagement quiz button+activity	["6e"]	[Activity 6E – trigger engagement] » 
ACT	MXDB302	typing quiz(INTERACTIVE)	typing quiz+activity	["7b"]	[Activity 7B – self marking type the answer] » 
ACT	MXDB302	typing quiz(INTERACTIVE)	typing quiz+activity	["7d"]	[Activity 7D – self marking type the answer] » 
ACT	MXDB302	typing quiz(INTERACTIVE)	activity+answer+typing quiz	["7f"]	[Activity 7F – self-checking typing short answers] » Don’t Get Caught Out
ACT	MXDB302	dropdown(INTERACTIVE)	dropdown+activity	["8a"]	[Activity 8A – dropdown] » 
ACT	MXDB302	mcq(INTERACTIVE)	mcq+activity	["8b"]	[Activity 8B – self-marking multiple choice] » 
ACT	MXDB302	mcq(INTERACTIVE)	mcq+activity	["8e"]	[Activity 8E – self marking multi choice] » 
ACT	MXDB302	drag and drop(INTERACTIVE)	drag and drop+activity	["8f"]	[Activity 8F – self-marking drag and drop] » 
ACT	MXDB302	drag and drop(INTERACTIVE)	drag and drop+activity	["9a"]	[Activity 9A – self-marking drop and drag] » 
ACT	MXDB302	drag and drop(INTERACTIVE)	drag and drop+activity	["9b"]	[Activity 9B – drag and drop] » 
ACT	MXDB302	typing quiz(INTERACTIVE)	activity+answer+typing quiz	["9c"]	[Activity 9C – self-marking typing the answer] » 
ACT	MXDB302	memory game(INTERACTIVE)	activity+memory game+shape n	["9e"]	[Activity 9E – self-marking memory card game] 4 x 4 grid please » 
ACT	MXDI201	dropdown(INTERACTIVE)	activity+activity+dropdown	[]	[interactive activity] drop down selection/ choose correct place value » 
ACT	MXDI201	mcq(INTERACTIVE)	activity+mcq	[]	[interactive quiz] drag and drop the individual digits from these numb » 
ACT	MXDI201	dropdown(INTERACTIVE)	activity+activity+dropdown	[]	[interactive activity] drop down choices (for each answer, student sel » 
ACT	MXDI201	dropdown(INTERACTIVE)	activity+activity+dropdown	[]	[interactive activity] drop down options » 
ACT	MXDI201	drag and drop(INTERACTIVE)	activity+activity+drag and drop	[]	[interactive activity] drag and drop » 
ACT	MXDI201	memory game(INTERACTIVE)	activity+activity+memory game	[]	[interactive activity] memory match, match the following numbers in di » 
ACT	MXDI201	typing quiz(INTERACTIVE)	activity+activity+typing quiz	[]	[interactive activity] type and check » 
ACT	MXDI201	typing quiz(INTERACTIVE)	activity+activity+typing quiz	[]	[interactive activity] type and check » 
ACT	MXDI201	typing quiz(INTERACTIVE)	activity+activity+typing quiz	[]	[interactive activity] type and check » 
ACT	MXDI201	drag and drop(INTERACTIVE)	activity+activity+drag and drop	[]	[interactive activity] drag and drop numbers » 
ACT	MXDI201	dropdown(INTERACTIVE)	activity+activity+dropdown	[]	[interactive activity] drop down numbers to be selected for each gap,  » 
ACT	MXDI201	typing quiz(INTERACTIVE)	activity+activity+typing quiz	[]	[interactive activity] complete the gaps/ type and check » 
ACT	MXDI201	mcq(INTERACTIVE)	activity+mcq	[]	[interactive quiz] multiple choice questions » 
ACT	MXDI201	typing quiz(INTERACTIVE)	activity+activity+typing quiz	[]	[interactive activity] type and check » 
ACT	MXDI201	drag and drop(INTERACTIVE)	activity+activity+drag and drop	[]	[interactive activity] drag and drop greater than and less than signs  » 
ACT	MXDI201	drag and drop(INTERACTIVE)	activity+activity+drag and drop	[]	[interactive activity] drag and drop the four digit number tiles in or » 
ACT	MXDI201	drag and drop(INTERACTIVE)	activity+activity+drag and drop	[]	[interactive activity] drag and drop the five digit number tiles in or » 
ACT	MXDI201	memory game(INTERACTIVE)	activity+activity+memory game	[]	[interactive activity] Memory match » Match the twodigit number with the numbe
ACT	MXDI201	typing quiz(INTERACTIVE)	activity+activity+typing quiz	[]	[interactive activity] type and check » 
ACT	MXDI201	typing quiz(INTERACTIVE)	activity+activity+typing quiz	[]	[interactive activity] type and check » 
ACT	MXDI201	radio quiz(INTERACTIVE)	activity+activity+radio quiz	[]	[Interactive activity] true or false » 
ACT	MXDI201	drag and drop(INTERACTIVE)	activity+activity+drag and drop	[]	[interactive activity] drag and drop answers » 
ACT	MXDI201	mcq(INTERACTIVE)	activity+mcq	[]	[interactive quiz] multiple choice » 
ACT	MXDI201	checklist(INTERACTIVE)	activity+activity+checklist	[]	[interactive activity] tick boxes » 
ACT	MXDI201	drag and drop(INTERACTIVE)	activity+activity+drag and drop	[]	[interactive activity] Venn diagram/ drag and drop numbers to the corr » **Factors of 24**
ACT	MXDI201	drag and drop(INTERACTIVE)	activity+activity+drag and drop	[]	[interactive activity] drag and drop correct numbers to solve the » 
ACT	MXDI201	typing quiz(INTERACTIVE)	activity+activity+typing quiz	[]	[interactive activity] type and check » 
ACT	MXDI201	drag and drop(INTERACTIVE)	activity+activity+drag and drop	[]	[interactive activity] drag and drop » 
ACT	MXDI201	drag and drop(INTERACTIVE)	activity+activity+drag and drop	[]	[interactive activity] drag and drop onto a number line » 
ACT	MXDI201	mcq(INTERACTIVE)	activity+mcq	[]	[interactive quiz] type and check, complete statements like the exampl » 
ACT	MXDI201	dropdown(INTERACTIVE)	activity+activity+dropdown	[]	[interactive activity] drop down place value options. Drop options inc » What is the value of the five in the fol
ACT	MXDI201	drag and drop(INTERACTIVE)	activity+activity+drag and drop	[]	: [interactive activity] drag and drop into correct order » 
ACT	MXDI202	drag and drop(INTERACTIVE)	activity+activity+drag and drop	[]	[interactive activity] drag and drop/ drag the correct number of month » 
ACT	MXDI202	drag and drop(INTERACTIVE)	activity+activity+drag and drop	[]	[interactive activity] drag and drop to correct answer » 
ACT	MXDI202	drag and drop(INTERACTIVE)	activity+activity+drag and drop	[]	[interactive activity] drag and drop/ order dates from earliest to lat » 
ACT	MXDI202	drag and drop(INTERACTIVE)	activity+activity+drag and drop	[]	[interactive activity] drag and drop » 
ACT	MXDI202	radio quiz(INTERACTIVE)	activity+activity+radio quiz	[]	[interactive activity] true or false/ click and select » 
ACT	MXDI202	flip card(INTERACTIVE)	activity+flip card	[]	[interactive tool] flip cards/ image and name on front with informatio » 
ACT	MXDI202	drag and drop(INTERACTIVE)	activity+activity+drag and drop	[]	[interactive activity] drag and drop » 
ACT	MXDI202	memory game(INTERACTIVE)	activity+activity+memory game	[]	[interactive activity] memory game. Match the picture to the name of t » 
ACT	MXDI202	drag and drop(INTERACTIVE)	activity+activity+drag and drop	[]	[interactive activity] drag and drop – name the angle » 
ACT	MXDI202	drag and drop(INTERACTIVE)	activity+activity+drag and drop	[]	[interactive activity] drag and drop » 
ACT	MXDI202	drag and drop(INTERACTIVE)	activity+activity+drag and drop	[]	[interactive activity] drag and drop order the streets from the steepe » 
ACT	MXDI202	typing quiz(INTERACTIVE)	activity+activity+typing quiz	[]	[interactive activity] type and check (convert mm measurement into cm) » 
ACT	MXDI202	typing quiz(INTERACTIVE)	activity+activity+typing quiz	[]	[interactive activity] type and check (convert cm measurement into met » 
ACT	MXDI202	drag and drop(INTERACTIVE)	activity+drag and drop	[]	[interactive tool] drag and drop » 
ACT	MXDI202	drag and drop(INTERACTIVE)	activity+activity+drag and drop	[]	[interactive activity] drag and drop (match the metre measurement to t » 
ACT	MXDI202	typing quiz(INTERACTIVE)	activity+typing quiz	[]	[interactive tool] type and check » 
ACT	MXDI202	typing quiz(INTERACTIVE)	activity+typing quiz	[]	[interactive tool] type and check » 
ACT	MXDI202	drag and drop(INTERACTIVE)	activity+activity+drag and drop	[]	[interactive activity] drag and drop/ name the graph or chart » 
ACT	MXDI202	checklist(INTERACTIVE)	activity+activity+checklist	[]	[interactive activity] tick boxes » 
ACT	MXDI202	memory game(INTERACTIVE)	activity+activity+memory game	[]	[interactive activity] memory match Total to the tally mark » 
ACT	MXDI202	typing quiz(INTERACTIVE)	activity+activity+typing quiz	[]	[interactive activity] type and check » 
ACT	MXDI202	drag and drop(INTERACTIVE)	activity+activity+drag and drop	[]	[interactive activity] drag and drop answers » 
ACT	MXDI202	typing quiz(INTERACTIVE)	activity+activity+typing quiz	[]	[interactive activity] type and check » 
ACT	MXDI202	typing quiz(INTERACTIVE)	activity+activity+typing quiz	[]	[interactive activity] type and check » 
ACT	MXDI202	typing quiz(INTERACTIVE)	activity+activity+typing quiz	[]	[interactive activity] type and check » 
ACT	MXDI202	typing quiz(INTERACTIVE)	activity+activity+typing quiz	[]	[interactive activity] type and check/ convert kilograms to grams » 
ACT	MXDI202	typing quiz(INTERACTIVE)	activity+activity+typing quiz	[]	[interactive activity] type and check » 
ACT	MXDI202	typing quiz(INTERACTIVE)	activity+activity+typing quiz	[]	2. [interactive activity] type and check » 
ACT	MXDI202	drag and drop(INTERACTIVE)	activity+activity+drag and drop	[]	[interactive activity] drag and drop/ match the statements » 
ACT	MXDI202	drag and drop(INTERACTIVE)	activity+drag and drop	[]	[interactive tool] Venn diagram/ drag and drop statements » 
ACT	MXDI202	typing quiz(INTERACTIVE)	activity+activity+typing quiz	[]	[interactive activity] type and check » 
ACT	MXDI202	drag and drop(INTERACTIVE)	activity+activity+drag and drop	[]	[interactive activity] drag and drop » 
ACT	MXDI202	flip card(INTERACTIVE)	activity+flip card	[]	[interactive tool] flip cards to reveal properties. Name and image on  » 
ACT	MXDI202	dropdown(INTERACTIVE)	activity+activity+dropdown	[]	[interactive activity] select answer from drop down options square bas » 
ACT	MXDI202	typing quiz(INTERACTIVE)	activity+activity+typing quiz	[]	[interactive activity] type and check » 
ACT	MXDI202	dropdown(INTERACTIVE)	activity+activity+dropdown	[]	[interactive activity] drop down options length/weight » 
ACT	MXDI202	reorder(INTERACTIVE)	activity+activity+reorder	[]	[interactive activity] ordering numbers from smallest to largest » 
ACT	MXDI202	typing quiz(INTERACTIVE)	activity+activity+typing quiz	[]	[interactive activity] type and check » 
ACT	MXDI202	typing quiz(INTERACTIVE)	activity+activity+typing quiz	[]	[interactive activity] type and check » 
ACT	MXDI202	drag and drop(INTERACTIVE)	activity+activity+drag and drop	[]	[interactive activity] Drag and drop the answer » 
ACT	MXDI301	heading(ELEMENT)	activity+heading	["3","1c"]	[H3 Activity 1C] » Whole numbers, decimals and the powers o
ACT	MXDI301	drag and drop(INTERACTIVE)	drag and drop+activity+activity	[]	[Interactive Activity- Drag and drop] Activity 2B- Decimal place value » 
ACT	MXDI301	heading(ELEMENT)	activity+heading	["3","3a"]	[H3 Activity 3A] » Describing and continuing patterns
ACT	MXDI301	heading(ELEMENT)	activity+heading	["3","6c"]	[H3 Activity 6C] » Identifying linear patterns in tables
ACT	MXDI301	heading(ELEMENT)	activity+heading	["3","7b"]	[H3 Activity 7B] » Recognising linear patterns
ACT	MXDI301	heading(ELEMENT)	activity+heading	["3","8a"]	[H3 Activity 8A] » Summary
ACT	MXEO301	typing quiz(INTERACTIVE)	typing quiz+activity	["1b"]	[Activity 1B – self-marking type the answer] » Fill in the blanks
ACT	MXEO301	typing quiz(INTERACTIVE)	activity+answer+typing quiz	["1d"]	[Activity 1D – self-marking typing answer] » Is it divisible?
ACT	MXEO301	dropdown(INTERACTIVE)	dropdown+activity+mcq	["1e"]	[Activity 1E – self-marking drop down quiz] » Using divisibility rules in everyday lif
ACT	MXEO301	mcq(INTERACTIVE)	activity+mcq	["1.1a"]	[Activity 1.1A – quiz] » Test your skills
ACT	MXEO301	drag and drop(INTERACTIVE)	drag and drop+activity	["1.1b"]	[Activity 1.1B – self-marking drag and drop] » Matching formats
ACT	MXEO301	memory game(INTERACTIVE)	activity+memory game+shape n	["1.1b"]	[Activity 1.1B – self-marking memory card game] » Find the square numbers
ACT	MXEO301	drag and drop(INTERACTIVE)	drag and drop+activity	["1.1c"]	[Activity 1.1C – self-marking drag and drop] » Mastering the square root
ACT	MXEO301	typing quiz(INTERACTIVE)	typing quiz+activity	["2a"]	[Activity 2A – self-marking type the answer] » Understanding GEMA
ACT	MXEO301	drag and drop(INTERACTIVE)	drag and drop+activity	["2b"]	[Activity 2B – self marking drag and drop] » Finding the correct answer
ACT	MXEO301	typing quiz(INTERACTIVE)	activity+answer+typing quiz	["2c"]	[Activity 2C – self-marking typing the answer] » Practise using GEMA
ACT	MXEO301	drag and drop(INTERACTIVE)	drag and drop+activity	["3a"]	[Activity 3A – self-marking drag and drop] » Negatives on the number line
ACT	MXEO301	typing quiz(INTERACTIVE)	typing quiz+activity	["3b"]	[Activity 3B – self marking type the answer] » What is being shown?
ACT	MXEO301	typing quiz(INTERACTIVE)	typing quiz+activity	["3d"]	[Activity 3D – self-marking type the answer] » Which integer is smaller?
ACT	MXEO301	radio quiz(INTERACTIVE)	radio quiz+activity	["3e"]	[Activity 3E – self-marking radio quiz] » Is it true or false?
ACT	MXEO301	drag and drop(INTERACTIVE)	drag and drop+activity	["3f"]	[Activity 3F – self-marking drag and drop] » Greater than or less than?
ACT	MXEO301	reorder(INTERACTIVE)	activity+reorder	["3g"]	[Activity 3G – self-marking reorder] » Getting things in order
ACT	MXEO301	typing quiz(INTERACTIVE)	typing quiz+activity	["4a"]	[Activity 4A – self-marking type the answer] » Moving right along the number line
ACT	MXEO301	typing quiz(INTERACTIVE)	typing quiz+activity	["4b"]	[Activity 4B – self-marking type the answer] » Moving left along the number line
ACT	MXEO301	mcq(INTERACTIVE)	mcq+activity+mcq	["4c"]	[Activity 4C – self-marking multi-choice quiz] » Equations in the real world
ACT	MXEO301	drag and drop(INTERACTIVE)	drag and drop+activity	["4d"]	[Activity 4D – self-marking drag and drop] » Practising the rules
ACT	MXEO301	typing quiz(INTERACTIVE)	typing quiz+activity	["4e"]	[Activity 4E – self marking type the answer] » Applying the rules
ACT	MXEO301	typing quiz(INTERACTIVE)	typing quiz+activity	["5a"]	[Activity 5A – self marking type the answer] » Find the unknown value
ACT	MXEO301	drag and drop(INTERACTIVE)	drag and drop+activity	["5b"]	[Activity 5B – self-marking drag and drop] » Work out the unknown
ACT	MXEO301	typing quiz(INTERACTIVE)	typing quiz+activity	["5b"]	[Activity 5B – self-marking type the answer] » Find the answer
ACT	MXEO301	drag and drop(INTERACTIVE)	drag and drop+activity	["5c"]	[Activity 5C – self marking drop and drag] » Match up
ACT	MXEO301	typing quiz(INTERACTIVE)	typing quiz+activity	["5.1a"]	[Activity 5.1A – self marking type the answer] » Find the unknown value
ACT	MXEO301	typing quiz(INTERACTIVE)	typing quiz+activity	["5.1b"]	[Activity 5.1B – self marking type the answer] » Solving two step equations
ACT	MXEO301	drag and drop(INTERACTIVE)	drag and drop+activity	["5.1c"]	[Activity 5.1C – self marking drag and drop] » Word problems
ACT	MXEO301	typing quiz(INTERACTIVE)	typing quiz+activity	["5.1d"]	[Activity 5.1D – self marking type the answer] » Write an equation
ACT	MXEO301	drag and drop(INTERACTIVE)	drag and drop+activity	["6a"]	[Activity 6A – self marking drop and drag] » Test your skills
ACT	MXEO301	drag and drop(INTERACTIVE)	drag and drop+activity	["6b"]	[Activity 6B – self-marking drag and drop] » Match up
ACT	MXEO301	typing quiz(INTERACTIVE)	typing quiz+activity	["6c"]	[Activity 6C – self-marking type the answer] » Write the inequality statement
ACT	MXEO301	drag and drop(INTERACTIVE)	drag and drop+activity	["7a"]	[Activity 7A – self-marking drop and drag] » Labelling the compass
ACT	MXEO301	typing quiz(INTERACTIVE)	typing quiz+activity	["7b"]	[Activity 7B – self-marking type the answer] » 
ACT	MXEO301	dropdown(INTERACTIVE)	activity+dropdown+mcq	["7c"]	[Activity 7C – self-marking dropdown quiz] » Treasure Island
ACT	MXEO301	drag and drop(INTERACTIVE)	drag and drop+activity	["7e"]	[Activity 7E self-marking drag and drop] » Where’s the treasure?
ACT	MXEO301	typing quiz(INTERACTIVE)	typing quiz+activity	["7f"]	[Activity 7F – self marking type the answer] » Which letter?
ACT	MXEO301	typing quiz(INTERACTIVE)	typing quiz+activity	["7g"]	[Activity 7G – self marking type the answer] » Identify the points
ACT	MXEX201	modal(INTERACTIVE)	activity+modal	[]	[Modal for each activity] Student clicks on image and the instructions » 
ACT	MXEX202	dropdown(INTERACTIVE)	activity+dropdown	[]	[Dropbox Activity Box] » 
ACT	MXEX301	drag and drop(INTERACTIVE)	drag and drop+activity+activity	["2a"]	[Activity 2A-Drag and Drop Activity] » **Identifying Māori Measurements**
ACT	MXEX301	mcq(INTERACTIVE)	mcq+activity	["2a"]	[Activity 2A Multichoice Check] » **Applying Division Skills**
ACT	MXEX301	drag and drop(INTERACTIVE)	drag and drop+activity	[]	[Drag and Drop Activity] » **Activity 4A Matching Prefixes**
ACT	MXEX301	drag and drop(INTERACTIVE)	drag and drop+activity	[]	[Drag and Drop Activity] » **Activity 4B Matching Measurement Units
ACT	MXEX301	drag and drop(INTERACTIVE)	drag and drop+activity	[]	[Drag and Drop Activity] » **Activity 6B Identifying plan-view draw
ACT	MXEX302	reorder(INTERACTIVE)	activity+reorder	[]	[Reorder interactive] is it possible to have this as a reorder interac » 
ACT	MXFL101	modal(INTERACTIVE)	activity+modal	["1"]	[Modal Activity 1] » Treasure hunt
ACT	MXFL101	modal(INTERACTIVE)	activity+modal	["2"]	[Modal Activity 2] » Create a poster
ACT	MXFL101	modal(INTERACTIVE)	activity+modal	["3"]	[Modal Activity 3] » Finding the number 1
ACT	MXFL101	modal(INTERACTIVE)	activity+modal	["4"]	[Modal Activity 4] » Writing
ACT	MXFL101	modal(INTERACTIVE)	activity+modal	["1"]	[Modal Activity 1] » Nature walk
ACT	MXFL101	modal(INTERACTIVE)	activity+modal	["2"]	[Modal Activity 2] » Finding two | rua
ACT	MXFL101	modal(INTERACTIVE)	activity+modal	["3"]	[Modal Activity 3] » Memory game
ACT	MXFL101	modal(INTERACTIVE)	activity+modal	["4"]	[Modal Activity 4] » Writing
ACT	MXFL101	modal(INTERACTIVE)	activity+modal	["1"]	[Modal Activity 1] » Dice games
ACT	MXFL101	modal(INTERACTIVE)	activity+modal	["2"]	[Modal Activity 2] » Musical chair Trio
ACT	MXFL101	modal(INTERACTIVE)	activity+modal	["3"]	[Modal Activity 3] » Finding sets of three
ACT	MXFL101	modal(INTERACTIVE)	activity+modal	["4"]	[Modal Activity 4] » Writing
ACT	MXFL101	modal(INTERACTIVE)	activity+modal	["1"]	[Modal Activity 1] » Set of 4
ACT	MXFL101	modal(INTERACTIVE)	activity+modal	["2"]	[Modal Activity 2] » Seasons
ACT	MXFL101	modal(INTERACTIVE)	activity+modal	["3"]	[Modal Activity 3] » Building blocks
ACT	MXFL101	modal(INTERACTIVE)	activity+modal	["4"]	[Modal Activity 4] » Writing
ACT	MXFL101	modal(INTERACTIVE)	activity+modal	["1"]	[Modal Activity 1] » Fitness circuit
ACT	MXFL101	modal(INTERACTIVE)	activity+modal	["2"]	[Modal Activity 2] » Senses
ACT	MXFL101	modal(INTERACTIVE)	activity+modal	["3"]	[Modal Activity 3] » Adding and subtracting
ACT	MXFL101	modal(INTERACTIVE)	activity+modal	["4"]	[Modal Activity 4] » Writing
ACT	MXFL101	modal(INTERACTIVE)	activity+modal	["1"]	[Modal Activity 1] » Nature walk
ACT	MXFL101	modal(INTERACTIVE)	activity+modal	["2"]	[Modal Activity 2] » Flash cards
ACT	MXFL101	modal(INTERACTIVE)	activity+modal	["3"]	[Modal Activity 3] » Writing
ACT	MXFL101	modal(INTERACTIVE)	activity+modal	["3"]	[Modal Activity 3] » Rolling a six
ACT	MXFL101	modal(INTERACTIVE)	activity+modal	["1"]	[Modal Activity 1] » Neighbourhood walk
ACT	MXFL101	modal(INTERACTIVE)	activity+modal	["2"]	[Modal Activity 2] » Writing
ACT	MXFL101	modal(INTERACTIVE)	activity+modal	["3"]	[Modal Activity 3] » Rainbows
ACT	MXFL101	modal(INTERACTIVE)	activity+modal	["3"]	[Modal Activity 3] » Number 7 Song
ACT	MXFL101	modal(INTERACTIVE)	activity+modal	["1"]	[Modal Activity 1] Eight » Legs
ACT	MXFL101	modal(INTERACTIVE)	activity+modal	["2"]	[Modal Activity 2] » Writing
ACT	MXFL101	modal(INTERACTIVE)	activity+modal	["3"]	[Modal Activity 3] » Number 8 creature
ACT	MXFL101	modal(INTERACTIVE)	activity+modal	["4"]	[Modal Activity 4] » Planets
ACT	MXFL101	modal(INTERACTIVE)	activity+modal	["1"]	[Modal Activity 1] » Matariki
ACT	MXFL101	modal(INTERACTIVE)	activity+modal	["2"]	[Modal Activity 2] » In our house
ACT	MXFL101	modal(INTERACTIVE)	activity+modal	["3"]	[Modal Activity 3] » Writing
ACT	MXFL101	modal(INTERACTIVE)	activity+modal	["4"]	[Modal Activity 4] » Number 9 Song
ACT	MXFL101	modal(INTERACTIVE)	activity+modal	["1"]	[Modal Activity 1] » Writing
ACT	MXFL101	modal(INTERACTIVE)	activity+modal	["2"]	[Modal Activity 2] » Your name
ACT	MXFL101	modal(INTERACTIVE)	activity+modal	["3"]	[Modal Activity 3] » Te Reo
ACT	MXFL101	modal(INTERACTIVE)	activity+modal	["4"]	[Modal Activity 4] » Hungry caterpillar
ACT	MXFL103	modal(INTERACTIVE)	activity+modal	["1"]	[Modal Activity 1] » Story writing
ACT	MXFL103	modal(INTERACTIVE)	activity+modal	["2"]	[Modal Activity 2] » Spending time outside
ACT	MXFL103	modal(INTERACTIVE)	activity+modal	["3"]	[Modal Activity 3] » Alphabet Search
ACT	MXFL103	modal(INTERACTIVE)	activity+modal	["4"]	[Modal Activity 4] » Dance Party
ACT	MXFL103	modal(INTERACTIVE)	activity+modal	["5"]	[Modal Activity 5] » Helping Out
ACT	MXFL103	modal(INTERACTIVE)	activity+modal	["6"]	[Modal Activity 6] » Reading
ACT	MXFL103	modal(INTERACTIVE)	activity+modal	["1"]	[Modal Activity 1] » Dress ups
ACT	MXFL103	modal(INTERACTIVE)	activity+modal	["2"]	[Modal Activity 2] » 
ACT	MXFL103	modal(INTERACTIVE)	activity+modal	["3"]	[Modal Activity 3] » 
ACT	MXFL104	drag and drop(INTERACTIVE)	activity+drag and drop	[]	[Interactive] Drag and Drop Matching Activity » 
ACT	MXFL104	drag and drop(INTERACTIVE)	activity+drag and drop	[]	[Interactive] Drag and drop activity (correct answers shown - please m » 
ACT	MXFL104	drag and drop(INTERACTIVE)	drag and drop+activity	[]	[Interactive: Drag and Drop] » 
ACT	MXFL104	drag and drop(INTERACTIVE)	drag and drop+activity	[]	[Interactive: Drag and Drop] » 
ACT	MXFL104	drag and drop(INTERACTIVE)	drag and drop+activity	[]	[Interactive: Drag and Drop] » 
ACT	MXFL104	drag and drop(INTERACTIVE)	drag and drop+activity	[]	[Interactive: Drag and Drop] Correct answers shown – please mix up for » 
ACT	MXFL201	drag and drop(INTERACTIVE)	activity+activity+drag and drop	[]	[interactive activity] drag and drop » 
ACT	MXFL201	mcq(INTERACTIVE)	activity+activity+mcq	[]	[interactive activity] multi-choice click and check, answers have been » 
ACT	MXFL201	flip card(INTERACTIVE)	activity+activity+flip card	[]	[interactive activity] flip cards, first side name and picture/ second » 
ACT	MXFL201	accordion(INTERACTIVE)	activity+activity+accordion	[]	[interactive activity] accordion with embedded PDF (I have created the » 
ACT	MXFL202	mcq(INTERACTIVE)	activity+mcq	[]	[Activity – quiz automarked] » 
ACT	MXFL202	dropdown(INTERACTIVE)	activity+dropdown	[]	[Dropbox Activity Box] » 
ACT	MXFL203	mcq(INTERACTIVE)	activity+mcq	[]	[interactive quiz] Drag and drop answers. » 
ACT	MXFL203	drag and drop(INTERACTIVE)	activity+activity+drag and drop	[]	[interactive activity] timeline – please drag and drop statements onto » 
ACT	MXFL203	carousel(INTERACTIVE)	activity+carousel	[]	[interactive tool] picture slide show » 
ACT	MXFL203	mcq(INTERACTIVE)	activity+mcq	[]	[interactive quiz] » Click the correct answer.
ACT	MXFL203	crossword(INTERACTIVE)	activity+activity+crossword	[]	[interactive activity] crossword. Please create a crossword, using the » 
ACT	MXFL203	mcq(INTERACTIVE)	activity+mcq	[]	[interactive quiz] multiple choice questions » 
ACT	MXFL203	drag and drop(INTERACTIVE)	activity+activity+drag and drop	[]	[interactive activity] drag and drop. » 
ACT	MXFL203	drag and drop(INTERACTIVE)	activity+activity+drag and drop	[]	[interactive activity] drag and drop, drop the fractions into the corr » 
ACT	MXFL203	mcq(INTERACTIVE)	activity+mcq	[]	[interactive quiz] type and check please create diagrams for each frac » 
ACT	MXFL203	drag and drop(INTERACTIVE)	activity+activity+drag and drop	[]	[interactive activity] Drag and drop fractions into the correct equiva » 
ACT	MXFL203	drag and drop(INTERACTIVE)	activity+drag and drop	[]	[interactive tool] drag and drop fractions in the text box to the corr » 
ACT	MXFL203	mcq(INTERACTIVE)	activity+activity+mcq	[]	[interactive activity] multiple choice questions » 
ACT	MXFL203	memory game(INTERACTIVE)	activity+activity+memory game	[]	[interactive activity] Memory game – match the equivalent fractions. I » 
ACT	MXFL203	flip card(INTERACTIVE)	activity+flip card	[]	[interactive tool] flip cards » 
ACT	MXFL203	mcq(INTERACTIVE)	activity+activity+mcq	[]	[interactive activity] multiple choice quiz » 
ACT	MXFL203	memory game(INTERACTIVE)	activity+activity+memory game	[]	[interactive activity] memory game – match the fraction to the decimal » 
ACT	MXFL203	typing quiz(INTERACTIVE)	activity+activity+typing quiz	[]	[interactive activity] type and check » 
ACT	MXFL203	radio quiz(INTERACTIVE)	activity+activity+radio quiz+checklist	[]	[interactive activity] [true or false tick boxes] » 
ACT	MXFL203	memory game(INTERACTIVE)	activity+activity+memory game	[]	[interactive activity] memory game – match the equivalent decimal and  » 
ACT	MXFL203	typing quiz(INTERACTIVE)	activity+activity+typing quiz	[]	[interactive activity] [type and check] » Type the measurement shown on these scal
ACT	MXFL203	carousel(INTERACTIVE)	activity+carousel	[]	[interactive tool] rolling banner of images. » 
ACT	MXFL203	carousel(INTERACTIVE)	activity+carousel+data marker	["97"]	[Interactive tool] [slideshow] [item #97] » MXFL202 recipes
ACT	MXFL203	typing quiz(INTERACTIVE)	activity+activity+typing quiz	[]	[interactive activity] type and check » 
ACT	MXFL203	drag and drop(INTERACTIVE)	activity+activity+drag and drop	[]	[interactive activity] drag and drop matching correct price to stateme » 
ACT	MXFL203	mcq(INTERACTIVE)	activity+mcq	[]	[interactive quiz] type and check » Using the timetable answer the questions
ACT	MXFL203	timeline(INTERACTIVE)	activity+timeline	[]	[interactive tool] number line (timeline from between 10 minutes and 1 » 
ACT	MXFL203	typing quiz(INTERACTIVE)	activity+typing quiz	[]	[interactive tool] type and check » 
ACT	MXFL203	flip card(INTERACTIVE)	activity+flip card	[]	[interactive tool] flip cards – image of pumpkin on top – flip with in » 
ACT	MXFL203	typing quiz(INTERACTIVE)	activity+typing quiz	[]	[interactive tool] type and check » 
ACT	MXFL203	mcq(INTERACTIVE)	activity+mcq	[]	[interactive quiz] vertical drag and drop » 
ACT	MXFL203	carousel(INTERACTIVE)	activity+carousel	[]	[interactive tool] rolling banner with following images » 
ACT	MXFL204	drag and drop(INTERACTIVE)	activity+activity+drag and drop	[]	[interactive activity] drag and drop – statements to the correct headi » 
ACT	MXFL204	word find(INTERACTIVE)	activity+activity+word find	[]	[interactive activity] wordsearch/ wordfind. Akonga to find the words  » 
ACT	MXFL204	drag and drop(INTERACTIVE)	activity+activity+drag and drop	[]	[interactive activity] drag and drop » 
ACT	MXFL204	flip card(INTERACTIVE)	activity+flip card	[]	[interactive tool] flip cards » 
ACT	MXFL204	drag and drop(INTERACTIVE)	activity+activity+drag and drop	[]	[interactive activity] drag and drop » 
ACT	MXFL204	drag and drop(INTERACTIVE)	activity+activity+drag and drop	[]	[interactive activity] drag and drop/ drop following questions into th » 
ACT	MXFL204	mcq(INTERACTIVE)	activity+activity+mcq	[]	[interactive activity] multiple choice » 
ACT	MXFL204	checklist(INTERACTIVE)	activity+activity+checklist	[]	[interactive activity] yes/ no tick boxes » 
ACT	MXFL204	drag and drop(INTERACTIVE)	activity+activity+drag and drop	[]	[interactive activity] drag and drop – into boxes primary or secondary » 
ACT	MXFL204	typing quiz(INTERACTIVE)	activity+activity+typing quiz	[]	[interactive activity] type and check » 
ACT	MXFL204	drag and drop(INTERACTIVE)	activity+activity+drag and drop	[]	[interactive activity] use drag and drop activity from current pets mo » 
ACT	MXFL204	carousel(INTERACTIVE)	activity+carousel	[]	[interactive tool] slide show (put the following 6 images into slidesh » 
ACT	MXFL204	drag and drop(INTERACTIVE)	activity+activity+drag and drop	[]	[interactive activity] drag and drop » 
ACT	MXFL204	dropdown(INTERACTIVE)	activity+activity+dropdown	[]	[interactive activity] drop down options use first 2 paragraphs of cur » 
ACT	MXFL204	typing quiz(INTERACTIVE)	activity+activity+typing quiz	[]	[interactive activity] type and check » 
ACT	MXFL204	drag and drop(INTERACTIVE)	activity+activity+drag and drop	[]	[interactive activity] drag and drop use current activity from pets mo » 
ACT	MXFL204	typing quiz(INTERACTIVE)	activity+activity+typing quiz	[]	[interactive activity] type and check – type total of tally marks » 
ACT	MXFL204	drag and drop(INTERACTIVE)	activity+activity+drag and drop	[]	[interactive activity] pie chart/ drag and drop labels. Label each sec » 
ACT	MXFL204	typing quiz(INTERACTIVE)	activity+activity+typing quiz	[]	[interactive activity] type and check » 
ACT	MXFL204	flip card(INTERACTIVE)	activity+flip card	[]	[interactive tool] flip cards » 
ACT	MXFL204	drag and drop(INTERACTIVE)	activity+activity+drag and drop	[]	[interactive activity] drag and drop images » 
ACT	MXFL204	flip card(INTERACTIVE)	activity+flip card	[]	[interactive tool] flip cards » 
ACT	MXFL204	mcq(INTERACTIVE)	activity+activity+mcq	[]	[interactive activity] multiple choice » 
ACT	MXFL204	memory game(INTERACTIVE)	activity+activity+memory game	[]	[interactive activity] memory match. Match the cat image to the number » 
ACT	MXFL301	dropdown(INTERACTIVE)	activity+dropdown+mcq	["1a"]	[Activity 1A –self-marking dropdown quiz] » Identifying compass directions
ACT	MXFL301	typing quiz(INTERACTIVE)	typing quiz+activity	["1c"]	[Activity 1C – self-marking type the answer] » How many degrees?
ACT	MXFL301	typing quiz(INTERACTIVE)	typing quiz+activity	["1d"]	[Activity 1D – self-marking type the answer] » Identifying coordinate pairs
ACT	MXFL301	drag and drop(INTERACTIVE)	drag and drop+activity	["1e"]	[Activity 1E – self-marking drag and drop] » Using latitude and longitude
ACT	MXFL301	dropdown(INTERACTIVE)	dropdown+activity+mcq	["2a"]	[Activity 2A – self-marking drop down quiz] » Using a ratio scale
ACT	MXFL301	typing quiz(INTERACTIVE)	typing quiz+activity	["2b"]	[Activity 2B – self-marking type the answer] » Finding the distance
ACT	MXFL301	typing quiz(INTERACTIVE)	typing quiz+activity	["2c"]	[Activity 2C – self-marking type the answer] » What is the distance?
ACT	MXFL301	dropdown(INTERACTIVE)	dropdown+activity+mcq	["2d"]	[Activity 2D – self-marking drop down quiz] » Calculating scales
ACT	MXFL301	typing quiz(INTERACTIVE)	typing quiz+activity	["3a"]	[Activity 3A – self-marking type the answer] » What is the best activity in Egypt?
ACT	MXFL301	drag and drop(INTERACTIVE)	drag and drop+activity	["3b"]	[Activity 3B – self-marking drop and drag] » Finding a percentage of an amount
ACT	MXFL301	mcq(INTERACTIVE)	mcq+activity+mcq	["3c"]	[Activity 3C – self-marking multi-choice quiz] » How many people?
ACT	MXFL301	typing quiz(INTERACTIVE)	typing quiz+activity	["3d"]	[Activity 3D – self-marking type the answer] » How many people could we expect?
ACT	MXFL301	drag and drop(INTERACTIVE)	drag and drop+activity	["3f"]	[Activity 3F – self-marking drag and drop] » Finding the total
ACT	MXFL301	typing quiz(INTERACTIVE)	typing quiz+activity	["3g"]	[Activity 3G – self-marking type the answer] » Calculate the total
ACT	MXFL301	typing quiz(INTERACTIVE)	typing quiz+activity	["3h"]	[Activity 3H self-marking type the answer] » Using an equation
ACT	MXFL301	dropdown(INTERACTIVE)	dropdown+activity+mcq	["4a"]	[Activity 4A – self marking drop down quiz] » Creating an estimate?
ACT	MXFL301	typing quiz(INTERACTIVE)	typing quiz+activity	["4b"]	[Activity 4B – self-marking, type the answer] » Approximate the answer
ACT	MXFL301	drag and drop(INTERACTIVE)	drag and drop+activity	["4c"]	[Activity 4C – self-marking drag and drop] » Calculating airfares
ACT	MXFL301	mcq(INTERACTIVE)	activity+mcq	["4d"]	[Activity 4D – Quiz] » 
ACT	MXFL301	memory game(INTERACTIVE)	activity+memory game+shape n	["5a"]	[Activity 5A – self-marking memory card game] 4x4 configuration » Money match-up
ACT	MXFL301	drag and drop(INTERACTIVE)	drag and drop+activity	["5b"]	[Activity 5B – self-marking drag and drop] » Estimate the answer
ACT	MXFL301	typing quiz(INTERACTIVE)	typing quiz+activity	["5c"]	[Activity 5C – self-marking type the answer] » Multiply these decimals
ACT	MXFL301	dropdown(INTERACTIVE)	dropdown+activity+mcq	["5e"]	[Activity 5E – self-marking drop down quiz] » Exchanging NZD100
ACT	MXFL301	mcq(INTERACTIVE)	mcq+activity+mcq	["5f"]	[Activity 5F self-marking multi-choice quiz] » Estimating conversions
ACT	MXFL301	drag and drop(INTERACTIVE)	drag and drop+activity	["6a"]	[Activity 6A – self-marking drag and drop] » What’s the cost per person?
ACT	MXFL301	mcq(INTERACTIVE)	mcq+activity	["6b"]	[Activity 6B – self-marking multi-choice] » How much for these tours?
ACT	MXFL301	typing quiz(INTERACTIVE)	typing quiz+activity	["6c"]	[Activity 6C – self marking type the answer] » Finding the important information
ACT	MXFL301	memory game(INTERACTIVE)	activity+memory game+shape n	["7a"]	[Activity 7A – self-marking memory card game] 4x4 grid » Find the match
ACT	MXFL301	drag and drop(INTERACTIVE)	drag and drop+activity	["7b"]	[Activity 7B – self-marking drag and drop] » Minutes and seconds
ACT	MXFL301	mcq(INTERACTIVE)	mcq+activity+mcq	["7c"]	[Activity 7C – self-marking multi-choice quiz] » Converting time units
ACT	MXFL301	drag and drop(INTERACTIVE)	drag and drop+activity	["7d"]	[Activity 7D – self-marking drag and drop] » Finding the match
ACT	MXFL301	typing quiz(INTERACTIVE)	typing quiz+activity	["7e"]	[Activity 7E – self-marking type the answer] » Do you have the time?
ACT	MXFL301	drag and drop(INTERACTIVE)	drag and drop+activity	["7f"]	[Activity 7F – self-marking drag and drop] » How much time has elapsed?
ACT	MXFL301	dropdown(INTERACTIVE)	dropdown+activity+mcq	["7g"]	[Activity 7G – self-marking drop down quiz] » What’s the new time?
ACT	MXFL301	radio quiz(INTERACTIVE)	radio quiz+activity	["8a"]	[Activity 8A – self-marking radio quiz] » Reading the departures board
ACT	MXFL301	mcq(INTERACTIVE)	mcq+activity	["8b"]	[Activity 8B – self-marking multi-choice] » Reading a train timetable
ACT	MXFL301	typing quiz(INTERACTIVE)	typing quiz+activity	["8c"]	[Activity 8C – self-marking, type the answer] » Reading a bus timetable
ACT	MXFL301	drag and drop(INTERACTIVE)	drag and drop+activity	["8e"]	[Activity 8E – self-marking drag and drop] » Calculate the time difference
ACT	MXFL301	drag and drop(INTERACTIVE)	drag and drop+activity	["8f"]	[Activity 8F – self-marking drag and drop] » What time would it be?
ACT	MXFL302	dropdown(INTERACTIVE)	typing quiz+activity+dropdown	["1a"]	[Activity 1A – self-check dropdown quiz] » Getting to grips with GEMA
ACT	MXFL302	drag and drop(INTERACTIVE)	drag and drop+activity	["1b"]	[Activity 1B – self-marking drag and drop] » Applying the GEMA acronym
ACT	MXFL302	typing quiz(INTERACTIVE)	activity+answer+typing quiz	["1c"]	[Activity 1C – self-marking typing the answer] » Practicing using GEMA
ACT	MXFL302	dropdown(INTERACTIVE)	dropdown+activity+mcq	["2a"]	[Activity 2A – self-marking drop down quiz] » Linear patterns
ACT	MXFL302	drag and drop(INTERACTIVE)	drag and drop+activity	["2b"]	[Activity 2B – self-marking drag and drop] » Is it linear or non-linear?
ACT	MXFL302	typing quiz(INTERACTIVE)	activity+answer+typing quiz	["2c"]	[Activity 2C – self marking typing the answer] » Using a rule
ACT	MXFL302	mcq(INTERACTIVE)	mcq+carousel+activity	["2d"]	[Activity 2D – self marking multi choice quiz organised in a carousel] » Writing rules
ACT	MXFL302	dropdown(INTERACTIVE)	dropdown+carousel+activity	["2e"]	[Activity 2E – self marking drop down quiz organised in a carousel] » Finding the rule
ACT	MXFL302	drag and drop(INTERACTIVE)	drag and drop+activity	["2f"]	[Activity 2F – self-marking – drag and drop] » Matching rules to number sequences
ACT	MXFL302	typing quiz(INTERACTIVE)	typing quiz+activity	["2g"]	[Activity 2G – self-marking type the answer] » Find that rule
ACT	MXFL302	typing quiz(INTERACTIVE)	typing quiz+activity	["2h"]	[Activity 2H – self-marking type the answer] » Using rules to predict
ACT	MXFL302	drag and drop(INTERACTIVE)	drag and drop+activity	["3a"]	[Activity 3A – self-marking drag and drop] » What’s the chance?
ACT	MXFL302	memory game(INTERACTIVE)	memory game+activity	["3b"]	[Activity 3B – self-marking memory game] In a 4 x 4 configuration, ple » Where is the match hiding?
ACT	MXFL302	typing quiz(INTERACTIVE)	typing quiz+activity	["3d"]	[Activity 3D –self marking type the answer] » Aria’s hāngi feast
ACT	MXFL302	typing quiz(INTERACTIVE)	typing quiz+activity	["3e"]	[Activity 3E – self-marking type the answer] » Aria’s traditional fare
ACT	MXFL302	memory game(INTERACTIVE)	activity+memory game+shape n	["4a"]	[Activity 4A – self-marking memory card game] 4 x 4 grid please well m » Mystery match up
ACT	MXFL302	dropdown(INTERACTIVE)	dropdown+activity+mcq	["4b"]	[Activity 4B – self marking drop down quiz] » Calculating fractions
ACT	MXFL302	mcq(INTERACTIVE)	mcq+activity+mcq	["4c"]	[Activity 4C – self marking multi-choice quiz] » Solve that problem
ACT	MXFL302	typing quiz(INTERACTIVE)	typing quiz+activity	["4e"]	[Activity 4E – self-marking type the answer] » Equivalent segments
ACT	MXFL302	typing quiz(INTERACTIVE)	typing quiz+activity	["4f"]	[Activity 4F – self-marking type the answer] » Creating equivalent fractions
ACT	MXFL302	typing quiz(INTERACTIVE)	typing quiz+activity	["4g"]	[Activity 4G – self-marking type the answer] » Simplify those fractions
ACT	MXFL302	drag and drop(INTERACTIVE)	drag and drop+activity	["4h"]	[Activity 4H – self-marking drop and drag] (please jumble well) » Find the right match
ACT	MXFL302	mcq(INTERACTIVE)	activity+mcq	["4i"]	[Activity 4I – Quiz] Trigger Engagement » Check your understanding
ACT	MXFL302	drag and drop(INTERACTIVE)	drag and drop+activity	["5a"]	[Activity 5A – self-marking drop and drag] » Making the right connections
ACT	MXFL302	typing quiz(INTERACTIVE)	typing quiz+activity	["5b"]	[activity 5B – self- marking type the answer] » Solving equations
ACT	MXFL302	drag and drop(INTERACTIVE)	drag and drop+activity	["5c"]	[Activity 5C – self-marking drag and drop] » Practice the butterfly method
ACT	MXFL302	drag and drop(INTERACTIVE)	drag and drop+activity	["5.1a"]	[Activity 5.1A – self-marking drag and drop] » Connecting improper fractions and mixed 
ACT	MXFL302	typing quiz(INTERACTIVE)	typing quiz+activity	["5.1b"]	[Activity 5.1B – self marking type the answer] » Make the matches
ACT	MXFL302	dropdown(INTERACTIVE)	activity+dropdown+mcq	["5.1c"]	[Activity 5.1C - self marking dropdown quiz] » Find the correct answer
ACT	MXFL302	drag and drop(INTERACTIVE)	drag and drop+activity	["6a"]	[Activity 6A – self-marking drag and drop] » Match up challenge
ACT	MXFL302	dropdown(INTERACTIVE)	dropdown+activity+mcq	["6b"]	[Activity 6B – self-marking drop down quiz] » Find the correct answer
ACT	MXFL302	typing quiz(INTERACTIVE)	typing quiz+activity	["6d"]	[Activity 6D – self-marking type the answer] » Triple this recipe
ACT	MXFL302	drag and drop(INTERACTIVE)	drag and drop+activity	["7a"]	[Activity 7A – self marking, drag and drop] » Matching descriptions and ratios
ACT	MXFL302	drag and drop(INTERACTIVE)	drag and drop+activity	["7b"]	[Activity 7B – self marking, drag and drop] » Simplifying ratios
ACT	MXFL302	dropdown(INTERACTIVE)	dropdown+activity+mcq	["7c"]	[Activity 7C – self marking drop down quiz] » Catering for 200
ACT	MXFL302	typing quiz(INTERACTIVE)	typing quiz+activity	["7d"]	[Activity 7D – self-marking type the answer] » Fill in the gaps
ACT	MXFL302	mcq(INTERACTIVE)	mcq+activity	["7e"]	[Activity 7E – self-marking multi-choice] » What time?
ACT	MXFL302	typing quiz(INTERACTIVE)	typing quiz+activity	["8a"]	[Activity 8A – self marking type the answer] » Practicing division
ACT	MXFL302	dropdown(INTERACTIVE)	activity+dropdown+mcq	["8b"]	[Activity 8B – self marking dropdown quiz] » Work out the correct quotient
ACT	MXFL302	typing quiz(INTERACTIVE)	typing quiz+activity	["8c"]	[Activity 8C – self marking type the answer] » Solving Portia-sized problems
ACT	MXFL302	drag and drop(INTERACTIVE)	drag and drop+activity	["8e"]	[Activity 8E – self marking drag and drop] (please mix them up well) » 
ACT	MXFL302	mcq(INTERACTIVE)	mcq+activity+mcq	["8f"]	[Activity 8F – self-marking multi-choice quiz] » Keeping, changing and flipping
ACT	MXFL401	checklist(INTERACTIVE)	activity+checklist+h4	["6a","4"]	[Inline checkbox in Activity box wide for interactives 6A] Answers in  » Ratio sharing
ACT	MXFU201	memory game(INTERACTIVE)	activity+activity+memory game	[]	[interactive activity] memory game/flip 2 cards over and match. » 
ACT	MXFU201	drag and drop(INTERACTIVE)	activity+activity+drag and drop	[]	[interactive activity] drag and drop correct digital time. » 
ACT	MXFU201	typing quiz(INTERACTIVE)	activity+activity+typing quiz	[]	[interactive activity] Type and check » 
ACT	MXFU201	typing quiz(INTERACTIVE)	activity+activity+typing quiz	[]	[interactive activity] Type and check » 
ACT	MXFU201	typing quiz(INTERACTIVE)	activity+activity+typing quiz	[]	[interactive activity] Type and check » 
ACT	MXFU201	typing quiz(INTERACTIVE)	activity+activity+typing quiz	[]	[interactive activity] Type and check » 
ACT	MXFU201	drag and drop(INTERACTIVE)	activity+activity+drag and drop	[]	[interactive activity] drag and drop the correct number of minutes to  » 
ACT	MXFU201	memory game(INTERACTIVE)	activity+activity+memory game	[]	[interactive activity] memory match » 
ACT	MXFU201	memory game(INTERACTIVE)	activity+activity+memory game	[]	[interactive activity] Memory match » 
ACT	MXFU201	mcq(INTERACTIVE)	activity+activity+mcq	[]	[interactive activity] Multiple choice/tick the correct answer » 
ACT	MXFU201	mcq(INTERACTIVE)	activity+activity+mcq	[]	[interactive activity] multiple choice/tick box » 
ACT	MXFU201	memory game(INTERACTIVE)	activity+activity+memory game	[]	[interactive activity] Memory match » 
ACT	MXFU201	drag and drop(INTERACTIVE)	activity+activity+drag and drop	[]	[interactive activity] drag and drop/ match the statements to the answ » 
ACT	MXFU201	drag and drop(INTERACTIVE)	activity+activity+drag and drop	[]	[interactive activity] drag and drop pictures to the times » 
ACT	MXFU201	typing quiz(INTERACTIVE)	activity+activity+typing quiz	[]	[interactive activity] Type and check » 
ACT	MXFU201	drag and drop(INTERACTIVE)	activity+activity+drag and drop	[]	[interactive activity] drag and drop » 
ACT	MXFU201	drag and drop(INTERACTIVE)	activity+activity+drag and drop	[]	[interactive activity] drag and drop » 
ACT	MXFU201	drag and drop(INTERACTIVE)	activity+activity+drag and drop	[]	[interactive activity] drag and drop cards will need to be jumbled up. » 
ACT	MXFU201	drag and drop(INTERACTIVE)	activity+activity+drag and drop	[]	[interactive activity] Drag and drop the percentages to place in order » 
ACT	MXFU201	drag and drop(INTERACTIVE)	activity+activity+drag and drop	[]	[interactive activity] Drag and drop » 
ACT	MXFU201	memory game(INTERACTIVE)	activity+activity+memory game	[]	[interactive activity] memory match. Flip 2 cards over at a time and m » 
ACT	MXFU201	memory game(INTERACTIVE)	activity+activity+memory game	[]	[interactive activity] memory match. Flip 2 cards over at a time and m » 
ACT	MXFU201	drag and drop(INTERACTIVE)	activity+activity+drag and drop	[]	[interactive activity] Drag and drop the answer to each statement » 
ACT	MXFU201	typing quiz(INTERACTIVE)	activity+activity+typing quiz	[]	[interactive activity] Type and check » 
ACT	MXFU201	drag and drop(INTERACTIVE)	activity+activity+drag and drop	[]	[interactive activity] Drag and drop answers » 
ACT	MXFU201	word select(INTERACTIVE)	activity+activity+word select	[]	[interactive activity] highlight the numbers. » 
ACT	MXFU201	dropdown(INTERACTIVE)	activity+activity+dropdown	[]	[interactive activity] drop down options – will arrive on time/won’t a » 
ACT	MXFU201	mcq(INTERACTIVE)	activity+activity+mcq	[]	[interactive activity] multiple choice » 
ACT	MXFU201	dropdown(INTERACTIVE)	activity+activity+dropdown	[]	[interactive activity] drop down options (for each option numbers 0-16 » 
ACT	MXFU201	drag and drop(INTERACTIVE)	activity+activity+drag and drop	[]	[interactive activity] Drag and drop » 
ACT	MXFU201	drag and drop(INTERACTIVE)	activity+activity+drag and drop	[]	[interactive activity] drag and drop times into sorting table » 
ACT	MXFU202	dropdown(INTERACTIVE)	activity+activity+dropdown	[]	[interactive activity] drop down options » 
ACT	MXFU202	crossword(INTERACTIVE)	activity+activity+crossword	[]	[interactive activity] cross word » 
ACT	MXFU202	drag and drop(INTERACTIVE)	activity+activity+drag and drop	[]	[interactive activity] drag and drop sports to the Venn diagram – tabl » 
ACT	MXFU202	drag and drop(INTERACTIVE)	activity+activity+drag and drop	[]	[interactive activity] drag and drop greater than and less than signs. » 
ACT	MXFU202	timeline(INTERACTIVE)	activity+timeline	[]	[interactive tool] Timeline - Show the following information on a time » 
ACT	MXFU202	drag and drop(INTERACTIVE)	activity+activity+drag and drop	[]	[interactive activity] drag and drop year » 
ACT	MXFU202	drag and drop(INTERACTIVE)	activity+activity+drag and drop	[]	[interactive activity] drag and drop city names into correct continent » 
ACT	MXFU202	radio quiz(INTERACTIVE)	activity+activity+radio quiz	[]	[interactive activity] true or false » 
ACT	MXFU202	drag and drop(INTERACTIVE)	activity+activity+drag and drop	[]	[interactive activity] drag and drop » 
ACT	MXFU202	dropdown(INTERACTIVE)	activity+activity+dropdown	[]	[interactive activity] dropdown options » 
ACT	MXFU202	drag and drop(INTERACTIVE)	activity+activity+drag and drop	[]	[interactive activity] drag and drop » 
ACT	MXFU202	flip card(INTERACTIVE)	activity+flip card	[]	[interactive tool] flip cards – picture on front/text on back » 
ACT	MXFU202	mcq(INTERACTIVE)	activity+activity+mcq	[]	[interactive activity] multiple choice answers » 
ACT	MXFU202	drag and drop(INTERACTIVE)	activity+activity+drag and drop	[]	[interactive activity] drag and drop into true or false boxes. » 
ACT	MXFU202	drag and drop(INTERACTIVE)	activity+activity+drag and drop	[]	[interactive activity] drag and drop » 
ACT	MXFU202	flip card(INTERACTIVE)	activity+flip card	[]	[interactive tool] flip cards. place picture and name of sport on fron » 
ACT	MXFU202	drag and drop(INTERACTIVE)	activity+activity+drag and drop	[]	[interactive activity] drag and drop the image representing each measu » 
ACT	MXFU202	typing quiz(INTERACTIVE)	activity+activity+typing quiz	[]	[interactive activity] type and check » 
ACT	MXFU202	typing quiz(INTERACTIVE)	activity+activity+typing quiz	[]	[interactive activity] type and check » 
ACT	MXFU202	typing quiz(INTERACTIVE)	activity+activity+typing quiz	[]	[interactive activity] type and check: complete each number line by dr » 
ACT	MXFU202	word select(INTERACTIVE)	activity+activity+word select	[]	[Interactive Activity] Highlight the numbers » 
ACT	MXFU202	mcq(INTERACTIVE)	activity+activity+mcq	[]	[interactive activity] multiple choice/select the correct answer » 
ACT	MXFU202	drag and drop(INTERACTIVE)	activity+activity+drag and drop	[]	[interactive activity] drag and drop missing digits to complete each e » 
ACT	MXFU202	typing quiz(INTERACTIVE)	activity+activity+typing quiz	[]	[interactive activity] Type and check » 
ACT	MXFU202	word select(INTERACTIVE)	activity+activity+word select	[]	[interactive activity] highlight numbers/ answers have been highlighte » 
ACT	MXFU202	dropdown(INTERACTIVE)	activity+activity+dropdown	[]	[interactive activity] dropdown options » 
ACT	MXFU202	typing quiz(INTERACTIVE)	activity+activity+typing quiz	[]	[interactive activity] type and check » 
ACT	MXFU202	dropdown(INTERACTIVE)	activity+activity+dropdown	[]	[interactive activity] drop down options » 
ACT	MXFU202	radio quiz(INTERACTIVE)	activity+activity+radio quiz	[]	[interactive activity] true or false. » 
ACT	MXFU202	word select(INTERACTIVE)	activity+activity+word select	[]	[interactive activity] highlight (or splat if possible) see link as ex » Paint the Squares - Interactive Number C
ACT	MXFU202	timeline(INTERACTIVE)	activity+activity+timeline	[]	[interactive activity] timeline from 1896 to 2028, in increments of 4, » 
ACT	MXFU202	drag and drop(INTERACTIVE)	activity+activity+drag and drop	[]	[interactive activity] drag and drop digits (multiply each answer from » 
ACT	MXFU202	typing quiz(INTERACTIVE)	activity+activity+typing quiz	[]	[interactive activity] Type and check » 
ACT	MXFU202	mcq(INTERACTIVE)	activity+activity+mcq	[]	[interactive activity] Multiple choice » 
ACT	MXFU202	mcq(INTERACTIVE)	activity+activity+mcq	[]	[interactive activity] multiple choice » 
ACT	MXFU202	typing quiz(INTERACTIVE)	activity+activity+typing quiz	[]	[interactive activity] type and check » 
ACT	MXFU202	drag and drop(INTERACTIVE)	activity+activity+drag and drop	[]	[interactive activity] drag and drop the number frames into each space » 
ACT	MXFU202	drag and drop(INTERACTIVE)	activity+activity+drag and drop	[]	[interactive activity] drag and drop numerals to complete each sum. » 
ACT	MXFU202	drag and drop(INTERACTIVE)	activity+activity+drag and drop	[]	[interactive activity] drag and drop/ have numerals 0, 1,2,3,4,5,6,7,8 » 
ACT	MXFU202	typing quiz(INTERACTIVE)	activity+activity+typing quiz	[]	[interactive activity] type and check » 
ACT	MXFU202	drag and drop(INTERACTIVE)	activity+activity+drag and drop	[]	[interactive activity] drag and drop – drag following images to repres » 
ACT	MXFU202	flip card(INTERACTIVE)	activity+flip card	[]	[interactive tool] flip card/ title and picture on front. Details of s » 
ACT	MXFU202	radio quiz(INTERACTIVE)	activity+activity+radio quiz	[]	[interactive activity] true or false » 
ACT	MXFU202	flip card(INTERACTIVE)	activity+flip card	[]	[interactive tool] flip cards » 
ACT	MXFU301	reorder(INTERACTIVE)	activity+activity+reorder	["1a"]	[Activity 1A – self-marking, reorder interactive] » How likely?
ACT	MXFU301	drag and drop(INTERACTIVE)	drag and drop+activity	["1b"]	[Activity 1B-Drag and Drop] » Using probability words and phrases
ACT	MXFU301	drag and drop(INTERACTIVE)	drag and drop+activity	["1c"]	[Activity 1C – self-marking, drag and drop] » Probability at the carnival
ACT	MXFU301	mcq(INTERACTIVE)	mcq+activity+mcq	["1d"]	[Activity 1D – self marking, multi-choice quiz] » What will happen next?
ACT	MXFU301	dropdown(INTERACTIVE)	dropdown+activity+mcq	["2a"]	[Activity 2A – self-marking, drop down quiz] » Quantifying probabilities
ACT	MXFU301	typing quiz(INTERACTIVE)	typing quiz+activity	["2b"]	[Activity 2B – self marking type the answer] » Rolling the dice
ACT	MXFU301	dropdown(INTERACTIVE)	dropdown+activity+mcq	["3a"]	[Activity 3A – self-marking drop down quiz] » Finding the probability
ACT	MXFU301	typing quiz(INTERACTIVE)	activity+answer+typing quiz	["3c"]	[Activity 3C – self-marking typing the answer] » Fill in the gaps
ACT	MXFU301	carousel(INTERACTIVE)	carousel+slide n+activity	["1","2a","313"]	[Carousel – Slide 1: merge video from Activity 2A in MXO313 - » https://tekura.desire2learn.com/d2l/le/c
ACT	MXFU301	drag and drop(INTERACTIVE)	drag and drop+activity	["5a"]	[Activity 5A – self-marking, drag and drop] » The Blindfolded Bean Bag Toss
ACT	MXFU301	mcq(INTERACTIVE)	mcq+activity+mcq	["5b"]	[Activity 5B – self-marking, multi-choice quiz] » Which number?
ACT	MXFU301	typing quiz(INTERACTIVE)	typing quiz+activity	["5c"]	[Activity 5C – self marking type the answer] » The marble draw
ACT	MXFU301	drag and drop(INTERACTIVE)	drag and drop+activity	["6a"]	[Activity 6A – self-marking, drag and drop] » Match the equivalents
ACT	MXFU301	typing quiz(INTERACTIVE)	typing quiz+activity	["6b"]	[Activity 6B – self-marking, type the answer] » Base-10 fractions
ACT	MXFU301	typing quiz(INTERACTIVE)	typing quiz+activity	["6c"]	[Activity 6C – self-marking, type the answer] » Rounding decimals
ACT	MXFU301	typing quiz(INTERACTIVE)	typing quiz+activity	["6d"]	[Activity 6D – self-marking, type the answer] » Using a calculator
ACT	MXFU301	dropdown(INTERACTIVE)	dropdown+activity+mcq	["6e"]	[Activity 6E – self-marking, drop down quiz] » Double dice challenge
ACT	MXFU301	mcq(INTERACTIVE)	mcq+activity+mcq	["7a"]	[Activity 7A- self-marking multi-choice quiz with Check] » What type of probability?
ACT	MXFU301	mcq(INTERACTIVE)	mcq+activity+mcq	["7c"]	[Activity 7C – self-marking, multi choice quiz] » What is the experimental probability?
ACT	MXFU301	dropdown(INTERACTIVE)	dropdown+activity+mcq	["8a"]	[Activity 8A – self-marking drop down quiz] » Independent or dependent events?
ACT	MXFU301	typing quiz(INTERACTIVE)	typing quiz+activity	["8b"]	[Activity 8B – self marking type the answer] » Work out the probability
ACT	MXFU301	typing quiz(INTERACTIVE)	typing quiz+activity+answer	["8d"]	[Activity 8D – self-check typing short answers] » Asking questions
ACT	MXFU301	radio quiz(INTERACTIVE)	radio quiz+activity	["8e"]	[Activity 8E self-marking radio quiz] » Which statements are true?
ACT	MXFU301	radio quiz(INTERACTIVE)	radio quiz+activity	["9a"]	[Activity 9A – self marking radio quiz] » True or false
ACT	MXFU301	radio quiz(INTERACTIVE)	radio quiz+activity	["9c"]	[Activity 9C – self-marking radio quiz] » What do you think?
ACT	MXFU302	checklist(INTERACTIVE)	activity+checklist	[]	[Inline checkbox activity] Answers in red] » 
ACT	MXFU302	checklist(INTERACTIVE)	activity+checklist	[]	[Inline checkbox activity] Answers in red] » 
ACT	MXFU302	checklist(INTERACTIVE)	activity+checklist	[]	[Inline checkbox activity] Answers in red] » 
ACT	MXFU302	mcq(INTERACTIVE)	mcq+activity	["3a"]	[Activity 3A Multichoice Check] » 
ACT	MXFU302	accordion(INTERACTIVE)	h4+activity+accordion+typing quiz	["4","5a"]	[H4 Activity 5A - Accordion (Type the Answer)] » **Thinking in Symbols**
ACT	MXFU302	drag and drop(INTERACTIVE)	drag and drop+activity	["9a"]	[Activity 9A - Drag and Drop] » **Finding the Gradient of the Line**
ACT	MXFU302	drag and drop(INTERACTIVE)	drag and drop+activity	["9b"]	[Activity 9B-Drag and Drop] » **Finding the Negative Slope of the Line
ACT	MXFU302	drag and drop(INTERACTIVE)	drag and drop+activity	["10a"]	[Activity 10A - Drag and Drop] » **Matching Line Graphs**
ACT	MXFU302	drag and drop(INTERACTIVE)	drag and drop+activity	["10b"]	[Activity 10B - Drag and Drop] » **Graphing the Equation of the Line**
ACT	MXFU402	table(ELEMENT)	activity+table	["2"]	[fill in the blanks interactive- have commas and then 2 spaces per red » 
ACT	MXFUN01	reorder(INTERACTIVE)	activity+reorder	[]	[Reorder interactive] Could the following numbers please be able to be » 
ACT	MXFUN01	reorder(INTERACTIVE)	activity+reorder	[]	[Reorder interactive] Could the following numbers please be able to be » 
ACT	MXFUN02	body(ELEMENT)	activity+answer+body	[]	[Interactive short answer] 9, 11, 13. [body] » This is a **2s** pattern. The rule is + 
ACT	MXFUN02	body(ELEMENT)	activity+answer+body	[]	[Interactive short answer] 24, 27, 30. [Body] » This is a **3s** pattern. The rule is + 
ACT	MXFUN02	memory game(INTERACTIVE)	memory game+activity	[]	[Interactive memory cards] » 
ACT	MXFUN02	drag and drop(INTERACTIVE)	drag and drop+activity	[]	[Interactive drag and drop] - please create something similar to Twink » 
ACT	MXFUN02	radio quiz(INTERACTIVE)	activity+radio quiz	["1b"]	[activity 1B] [radio quiz] » 
ACT	MXFUN02	mcq(INTERACTIVE)	activity+mcq	["1b"]	[activity 1B] [multichoice] » 
ACT	MXFUN02	mcq(INTERACTIVE)	activity+mcq	["1c"]	[Activity 1C] [multichoice] » 
ACT	MXFUN02	radio quiz(INTERACTIVE)	activity+radio quiz	["1d"]	[Activity 1D] [Radio quiz] » Are you able to tell if these are true o
ACT	MXFUN02	radio quiz(INTERACTIVE)	activity+radio quiz	["1e"]	[Activity 1E][Radio quiz] » 
ACT	MXFUN03	reorder(INTERACTIVE)	activity+reorder	[]	[Reorder interactive] Could these please be coloured and made to look  » 
ACT	MXFUN03	reorder(INTERACTIVE)	activity+reorder	[]	[Reorder interactive] Same as above please. » 
ACT	MXS1004	drag and drop(INTERACTIVE)	drag and drop+activity	[]	[Activity drag and drop] » Is it Negative or Positive?
ACT	OSAH401	radio quiz(INTERACTIVE)	activity+radio quiz	[]	[radio interactive] » 
ACT	OSAI201	activity heading(ELEMENT)	activity+activity heading	["1c"]	[Activity 1C] [activity heading] » Story prediction
ACT	OSBY101	radio quiz(INTERACTIVE)	activity+radio quiz	[]	[radio interactive] » correct
ACT	OSBY101	carousel(INTERACTIVE)	carousel+activity+slide n	[]	[activity – in slideshow last slide] » 
ACT	OSBY201	radio quiz(INTERACTIVE)	activity+typing quiz+radio quiz	[]	[radio interactive – autocheck] » 
ACT	OSBY501	radio quiz(INTERACTIVE)	activity+radio quiz+typing quiz	[]	[radio interactive] [autocheck] » 
ACT	OSBY501	radio quiz(INTERACTIVE)	activity+radio quiz+typing quiz	[]	[radio interactive] [autocheck] » 
ACT	OSGM101	heading(ELEMENT)	activity+heading	[]	[activity+heading] » 
ACT	OSOH201	click drop(INTERACTIVE)	click drop+audio button+activity+radio quiz	[]	[click drop] with [audio button] and [radio interactive] at the end of » 
ACT	OSOH401	slider(INTERACTIVE)	activity+slider	[]	[graph slider chart interactive] slide vertically - can the Y axis go  » 
ACT	OSSC301	heading(ELEMENT)	activity+heading	["1a"]	[Activity 1A] [heading] » Which scam is it?
ACT	OSSC301	heading(ELEMENT)	activity+heading	["3a"]	[Activity 3A] [heading] » Keep it safe!
ACT	OSSC301	heading(ELEMENT)	activity+heading	["3c"]	[Activity 3C] [heading] » Online Scam Revision Quiz
ACT	OSSC301	image(ELEMENT)	activity+alert+image	[]	[image activity alert] » https://www.istockphoto.com/photo/fun-tr
ACT	OSSC401	heading(ELEMENT)	activity+heading	["1a"]	[Activity 1A] [heading] » Which scam is it?
ACT	OSSC401	dropdown(INTERACTIVE)	activity+dropdown+mcq	["1b"]	[Activity 1B] [Dropdown quiz] » 
ACT	OSSC401	heading(ELEMENT)	activity+heading	["2b"]	[Activity 2B] [heading] » Your news bulletin quiz
ACT	OSSC401	heading(ELEMENT)	activity+heading	["2c"]	[Activity 2C] [heading] » How fake news spreads
ACT	OSSC401	heading(ELEMENT)	activity+heading	["4a"]	[Activity 4A] [heading] » Keep it safe!
ACT	OSSC401	heading(ELEMENT)	activity+heading	["4b"]	[Activity 4B] [heading] » Online scam revision quiz
ACT	OSSM301	slider(INTERACTIVE)	activity+slider	[]	[Graph slider chart interactive] Horizontal min 0 max 5, » 
ACT	OSSM501	slider(INTERACTIVE)	activity+slider	[]	[Graph slider chart interactive] Horizontal min 0 max 5, » 
ACT	PES1001	flip card(INTERACTIVE)	flip card+activity	[]	[flip card activity] » 
ACT	PES1001	embed(ELEMENT)	activity+embed	["8a"]	[Activity] [embed if possible] 8A » Explore this carbon cycle interactive an
ACT	PES1001	flip card(INTERACTIVE)	activity+flip card+answer	["9b"]	[Activity] 9B: True False [flip cards with answers]: » How do natural cycles cause changes in t
ACT	PES1002	mcq(INTERACTIVE)	activity+mcq	["2b"]	[activity] [self marked quiz] 2B » Mix and match answers: refer to the grap
ACT	PES1004	drag and drop(INTERACTIVE)	drag and drop+activity	[]	[Drag & Drop Activity] » Writing conclusions.
ACT	PES1005	typing quiz(INTERACTIVE)	typing quiz+activity	["6a"]	[activity: self-check] 6A » True-false
ACT	PES1008	mcq(INTERACTIVE)	activity+lesson+mcq	["1a","1031","1"]	[activity (Quick Quiz) 1A from PHO1031 lesson 1 » Lesson 1.0 - The atom - Physics NCEA Lev
ACT	PHE1001	mcq(INTERACTIVE)	mcq+activity+image	[]	[multi choice image activity] C » lick the emoji that matches your underst
ACT	PHE1001	dropdown(INTERACTIVE)	activity+dropdown+mcq	["6"]	[Activity - dropdown quiz - item 6] » External cues
ACT	PHE1002	typing quiz(INTERACTIVE)	activity+typing quiz+answer	[]	[Activity box - short answer typing box] » 
ACT	PHE1003	mcq(INTERACTIVE)	image+activity+mcq	["37"]	[Insert item 37 - interactive quiz - » Drag and Drop Activity
ACT	PHE1004	drag and drop(INTERACTIVE)	drag and drop+activity+data marker	["2"]	[Drag and drop activity - item 2] » 1004 Mix and Match Activity
ACT	PHE1005	tabs(INTERACTIVE)	activity+activity+tabs	[]	[activity interactive - tabs] for hauora, pacific wellbeing and cultur » 
ACT	PHE1005	drag and drop(INTERACTIVE)	drag and drop+activity	[]	[activity - drag and drop] Text to introduce activity: » Complete the following drag-and-drop act
ACT	PHE1005	drag and drop(INTERACTIVE)	drag and drop+activity	[]	[activity - drag and drop] Text to introduce activity: » Match the Māori with the English:
ACT	PHE1005	image(ELEMENT)	activity+image	[]	[Activity for creative services - picture of Fonofale. Move over the d » 
ACT	PHE1005	click drop(INTERACTIVE)	activity+click drop+dropdown	[]	[activity box - with image clickdrop dropdown] Title: » Time to reflect
ACT	PHE1006	accordion(INTERACTIVE)	activity+accordion	[]	[Activity: accordion each of the paragraphs below] » 
ACT	PHE1006	click drop(INTERACTIVE)	activity+click drop+body	[]	[activity: click drop and typing/dropdown paragraph – can these be com » 
ACT	PHE1007	typing quiz(INTERACTIVE)	activity+typing quiz+typing quiz	[]	[Activity individual] [Typing quiz standard autocheck] [Dev correct an » 
ACT	PHE1007	dropdown(INTERACTIVE)	activity+dropdown+mcq	[]	[Individual activity] [Drop down quiz scatter] » 
ACT	PHE1007	dropdown(INTERACTIVE)	dropdown+activity+mcq	[]	[Individual activity – drop down quiz ] Dev – each question will have  » 
ACT	PHE1007	dropdown(INTERACTIVE)	activity+dropdown+mcq	[]	[Individual activity] [Drop down quiz] [Dev – the answers to select fr » 
ACT	PHE1008	mcq(INTERACTIVE)	activity+correct+mcq+question	[]	[Individual activity] [Multichoice questions - correct answer in red] » 
ACT	SCBI301	typing quiz(INTERACTIVE)	activity+typing quiz+activity+activity	["1a"]	[Activity 1A] [type the answer interactive activity] » Self-check
ACT	SCBI301	dropdown(INTERACTIVE)	activity+activity+typing quiz+dropdown	["2a"]	[Activity 2A] [Drop down quiz interactive activity. Autocheck.] » Animal cells
ACT	SCBI301	drag and drop(INTERACTIVE)	activity+drag and drop	["4a"]	[Activity 4A] [Drag and drop] » Labelling cells
ACT	SCBI301	drag and drop(INTERACTIVE)	drag and drop+activity+typing quiz	[]	[drag and drop interactive autocheck] » 
ACT	SCBI301	radio quiz(INTERACTIVE)	activity+radio quiz+typing quiz	[]	[radio quiz interactive. Autocheck. Single option. All answers correct » 
ACT	SCBI301	drag and drop(INTERACTIVE)	drag and drop+activity	[]	[drag and drop interactive] » Drag and drop these organisms into place
ACT	SCBI301	typing quiz(INTERACTIVE)	activity+typing quiz+activity+activity	["7c"]	[Activity 7C] [type the answer interactive activity] » Size of cells
ACT	SCBI301	radio quiz(INTERACTIVE)	activity+radio quiz+activity	[]	[Radioquiz interactive – part of the same activity if possible] » 
ACT	SCBI301	drag and drop(INTERACTIVE)	drag and drop+activity+correct	[]	[drag and drop interactive – correct answers shown] » 
ACT	SCCH301	drag and drop(INTERACTIVE)	drag and drop+activity+activity	["1a"]	[activity 1A. Drag and drop interactive] » Matter
ACT	SCCH301	drag and drop(INTERACTIVE)	drag and drop+activity+answer	[]	[drag and drop interactive. Images to be dragged and dropped into tabl » 
ACT	SCCH301	dropdown(INTERACTIVE)	activity+dropdown+typing quiz	[]	[drop down quiz interactive. Autocheck. Correct answers highlighted] » 
ACT	SCCH301	crossword(INTERACTIVE)	activity+crossword	[]	[crossword interactive– arrange however works best.] » 
ACT	SCCH301	dropdown(INTERACTIVE)	activity+typing quiz+dropdown	[]	[interactive. Dropdown quiz. Autocheck. Correct answers highlighted.] » 
ACT	SCES201	radio quiz(INTERACTIVE)	activity+radio quiz+typing quiz	["1a"]	[activity 1a] [radio quiz] [auto check] » 
ACT	SCES201	memory game(INTERACTIVE)	activity+memory game+image	["1b"]	[Activity 1b] [memory game] [match image to moon phase name] » 
ACT	SCES201	drag and drop(INTERACTIVE)	activity+drag and drop+activity+typing quiz	["1c"]	[Activity 1c] [download then drag and drop activity] [auto-check] » 
ACT	SCES201	dropdown(INTERACTIVE)	activity+body+dropdown+mcq	["2b"]	[Activity 2b] [dropdown quiz paragraph] » 
ACT	SCES201	dropdown(INTERACTIVE)	activity+dropdown+mcq+typing quiz	["3b"]	[activity 3b] [dropdown quiz] [self check] » 
ACT	SCES201	drag and drop(INTERACTIVE)	activity+drag and drop+typing quiz	["3c"]	[activity 3c][drag and drop][auto check] » 
ACT	SCES201	click drop(INTERACTIVE)	activity+click drop+activity+option	["4a","4"]	[Activity 4a] [click drop activity choice] [4 activities to choose fro » 
ACT	SCES201	image(ELEMENT)	activity+image	["4a"]	[activity 4a image] » https://www.istockphoto.com/photo/smilin
ACT	SCES201	dropdown(INTERACTIVE)	body+dropdown+activity	["4a"]	[activity 4a dropdown body text] » Whai is a traditional Māori game played 
ACT	SCES201	video(ELEMENT)	activity+video	["4a"]	[activity 4a video] » https://www.youtube.com/watch?v=Ueyo6eHs
ACT	SCES201	button(ELEMENT)	activity+button	["4a"]	[activity 4a button] » More shapes
ACT	SCES201	button(ELEMENT)	activity+button+external link	["4a"]	[activity 4a button link] » https://www.youtube.com/playlist?list=PL
ACT	SCES201	image(ELEMENT)	activity+image	["4b"]	[activity 4b image] » https://www.shutterstock.com/image-photo
ACT	SCES201	dropdown(INTERACTIVE)	body+dropdown+activity	["4b"]	[activity 4b dropdown body text] » Learn to make a star out of harakeke. If
ACT	SCES201	video(ELEMENT)	activity+video	["4b"]	[activity 4b video] » https://www.youtube.com/watch?v=GTdQDCvS
ACT	SCES201	image(ELEMENT)	activity+image	["4c"]	[activity 4c image] » https://www.istockphoto.com/photo/center
ACT	SCES201	dropdown(INTERACTIVE)	body+dropdown+activity	["4c"]	[activity 4c dropdown body text] » Mū tōrere is a board game invented by th
ACT	SCES201	button(ELEMENT)	activity+button	["4c"]	[activity 4c button] Play online » 
ACT	SCES201	button(ELEMENT)	activity+button+external link	["4c"]	[activity 4c button link] » https://www.onlinesologames.com/mu-torer
ACT	SCES201	image(ELEMENT)	activity+image	["4d"]	[activity 4d image] » https://www.istockphoto.com/vector/matar
ACT	SCES201	dropdown(INTERACTIVE)	body+dropdown+activity	["4d"]	[activity 4d dropdown body text] » Manu tukutuku are traditional Māori kite
ACT	SCES201	video(ELEMENT)	activity+video	["4d"]	[activity 4d video] » https://www.youtube.com/watch?v=vfuZfhTT
ACT	SCPH301	reorder(INTERACTIVE)	activity+reorder	[]	[interactive reorder content] » 
ACT	SCPH301	reorder(INTERACTIVE)	activity+reorder+correct	[]	[reorder interactive] [Correct answer shown.] » 
ACT	SCPH301	reorder(INTERACTIVE)	activity+reorder+correct	[]	[Reorder interactive] [Correct order shown] » 
ACT	SCPH301	radio quiz(INTERACTIVE)	activity+radio quiz	[]	[radioquiz interactive. Automarked.] » 
ACT	SCPH301	drag and drop(INTERACTIVE)	drag and drop+activity	[]	[Drag and drop interactive] » 
ACT	SCPH301	drag and drop(INTERACTIVE)	drag and drop+activity	[]	[interactive. scatter drag and drop.] » 
ACT	SCPH301	dropdown(INTERACTIVE)	activity+typing quiz+dropdown	[]	[interactive Dropdown quiz. Autocheck. Answer options for all question » 
ACT	SCPH301	drag and drop(INTERACTIVE)	drag and drop+activity	[]	[interactive drag and drop] » 
ACT	SSCI104	dropdown(INTERACTIVE)	activity+dropdown	[]	[dropbox activity] » Activity 1D Create your own Stone Age sc
ACT	SSCI104	modal(INTERACTIVE)	activity+modal+alert	[]	[activity alert popup] » To learn more about simple and compound 
ACT	SSCI104	carousel(INTERACTIVE)	carousel+activity	[]	[activity carousel] to be added as the final page of the above carouse » 
ACT	SSCI104	heading(ELEMENT)	activity+heading	[]	[Activity][heading] » Activity 4A Skara Brae inventions
ACT	SSCI104	button(ELEMENT)	activity+button	[]	[activity button] » 
ACT	SSCI205	reorder(INTERACTIVE)	activity+reorder	[]	[Reorder interactive] Can this please be set out horizontally across t » 
ACT	SSCI205	reorder(INTERACTIVE)	activity+reorder	[]	[Reorder interactive] no correct answer » 
ACT	SSEA203	radio quiz(INTERACTIVE)	activity+radio quiz	[]	[Interactive] Radio tick box » 
ACT	SSEA203	mcq(INTERACTIVE)	mcq+activity	[]	[Interactive – multichoice] » 
ACT	SSEA203	flip card(INTERACTIVE)	activity+flip card	[]	[Interactive – flip cards] » 
ACT	SSEA203	mcq(INTERACTIVE)	mcq+activity+answer	[]	[Interactive – multi choice answer] » 
ACT	SSEA203	word find(INTERACTIVE)	activity+word find	[]	[Interactive – word find] » 
ACT	SSEA203	mcq(INTERACTIVE)	mcq+activity	[]	[Interactive – multichoice] » 
ACT	SSEA203	drag and drop(INTERACTIVE)	drag and drop+activity	[]	[Interactive – drag and drop] » 
ACT	SSEA203	mcq(INTERACTIVE)	mcq+activity	[]	[Interactive – multichoice] » 
ACT	SSEA203	drag and drop(INTERACTIVE)	activity+drag and drop	[]	[Interactive] drag and drop – keep column 1 content and make the who a » 
ACT	SSEA203	mcq(INTERACTIVE)	mcq+activity	[]	[Interactive – multichoice] » 
ACT	SSFUN01	drag and drop(INTERACTIVE)	drag and drop+typing quiz+activity	[]	[Insert drag and drop self-check activity] Table as below with 5 rows  » 
ACT	SSFUN01	checklist(INTERACTIVE)	activity+checklist+activity	[]	[Insert interactive checklist activity] » How do you actively participate in your 
ACT	SSFUN01	drag and drop(INTERACTIVE)	drag and drop+activity	[]	[Insert drag and drop activity]: » 
ACT	SSFUN03	checklist(INTERACTIVE)	activity+activity+checklist	[]	[insert embedded interactive checkbox activity] » **Activity 1A. Instruction**: Check off 
ACT	SSFUN03	drag and drop(INTERACTIVE)	drag and drop+activity	[]	[insert embedded interactive drag and drop] » Phase 2 Act. 2A Regional Map Drag and Dr
ACT	SSFUN03	drag and drop(INTERACTIVE)	drag and drop+activity	[]	[insert interactive drag and drop] » Phase 2 Act. 2C Compass Direction Drag a
ACT	SSFUN03	drag and drop(INTERACTIVE)	drag and drop+activity	[]	[insert interactive drag and drop] » Phase 3 Act. 3A Drag and Drop Continents
ACT	SSFUN05	radio quiz(INTERACTIVE)	activity+radio quiz	[]	[Interactive] Please create a true/false type quiz but with positive a » 
ACT	SSFUN07	drag and drop(INTERACTIVE)	activity+drag and drop+typing quiz	[]	[Interactive: Drag and drop matching/sorting activity – self-check] » 
ACT	SSFUN07	flip card(INTERACTIVE)	activity+flip card	[]	[Insert flipcard activity] Note to developer: please select images fro » 
ACT	SSFUN08	typing quiz(INTERACTIVE)	activity+typing quiz	[]	[Interactive] Please create a self-check answer activity for this. See » 
ACT	SSFUN08	image(ELEMENT)	activity+image	[]	[interactive: please position next to poem] [Image] » https://upload.wikimedia.org/wikipedia/c
ACT	SSFUN08	radio quiz(INTERACTIVE)	activity+radio quiz	[]	[Interactive] add a true or false function for question 2 – the answer » 
ACT	SSOG101	flip card(INTERACTIVE)	activity+flip card+back	["111","111"]	[Activity: Flip cards with Call 111 or No need to call 111: with sugge » Activity 1A: Should I call 111?
ACT	SSOG101	drag and drop(INTERACTIVE)	drag and drop+activity	[]	[Activity: drag and drop] » Activity 1B: Who do I call?
ACT	SSOG101	drag and drop(INTERACTIVE)	drag and drop+activity	[]	[Activity: Drag and drop] » Activity 5A: Volunteers
ACT	SSOG101	word find(INTERACTIVE)	word find+activity	[]	[Activity: Wordfind] » Activity 6A: Qualities Word Find
ACT	SSOG105	radio quiz(INTERACTIVE)	activity+radio quiz	[]	[Radio interactive] self marking » 
ACT	SSOG105	activity heading(ELEMENT)	activity+activity heading	["3b","3"]	[Activity 3B] [Activity Heading H3] » Mission: Send Sam a voice message
ACT	SSOG301	body(ELEMENT)	activity+body	[]	[Activity- embedded] Drag and Drop [Body] » Leadership qualities define what makes a
ACT	SSOG301	body(ELEMENT)	activity+body	[]	[Activity- embedded] Drag and Drop [Body] » **Well known leaders** Can you recognise
ACT	SSOG301	body(ELEMENT)	activity+body	[]	[Activity- embedded] Drag and Drop [Body] » **Compare MMP and FPP** Match these qual
ACT	TEDC401	drag and drop(INTERACTIVE)	drag and drop+activity+image	["2d"]	[Activity Box Wide (For Interactives) with a drag and drop onto image  » 
ACT	TEDC401	checklist(INTERACTIVE)	activity+checklist	[]	[interactive checklist] » 
ACT	TEDC401	heading(ELEMENT)	activity+heading	["5c"]	[activity] 5C [Heading] » Ethics
ACT	TEDC402	reorder(INTERACTIVE)	activity+reorder	[]	[Reorder interactive] » •
ACT	TEDC402	radio quiz(INTERACTIVE)	activity+radio quiz	[]	[radio interactive] » 
ACT	TEDC402	click drop(INTERACTIVE)	click drop+activity+option	[]	[activity choice.clickdrop for instructions, journal to complete] » 
ACT	TEFUN01	drag and drop(INTERACTIVE)	activity+drag and drop+activity	[]	[Activity: interactive: Drag and drop] » Matching game
ACT	TEFUN04	drag and drop(INTERACTIVE)	activity+drag and drop+activity	[]	[Activity: interactive: Drag and drop] » The Design Process
ACT	TEFUN04	drag and drop(INTERACTIVE)	drag and drop+activity	[]	[Interactive: drag and drop] » Desired Outcomes
ACT	TEFUN04	drag and drop(INTERACTIVE)	drag and drop+activity	[]	[Interactive: Drag and Drop] » Can you match the technology terms to th
ACT	TEFUN04	drag and drop(INTERACTIVE)	drag and drop+activity	[]	[Interactive: Drag and Drop] » Can you match these new technology terms
ACT	TEFUN05	drag and drop(INTERACTIVE)	drag and drop+typing quiz+activity	[]	[Embed Drop and Drag AutoCheck Activity] » 
ACT	TEFUN05	drag and drop(INTERACTIVE)	drag and drop+typing quiz+activity+engagement quiz button	[]	[Embed Drop and Drag AutoCheck Activity] [trigger engagement] » 
ACT	TEFUN06	drag and drop(INTERACTIVE)	activity+drag and drop+activity	["2a"]	[Activity 2A][Interactive – drag and drop captions – please mix up the » 
ACT	TEFUN06	drag and drop(INTERACTIVE)	drag and drop+activity	[]	[Drag and drop interactive. Please scramble characteristics. They are  » 
ACT	TEFUN08	flip card(INTERACTIVE)	activity+flip card	[]	[Flipcard interactive] » Asking for something is making an input 
ACT	TRR102	carousel(INTERACTIVE)	activity+carousel	[]	[Interactive] [Carousel] » Note to CS – 2 pictures/words per slide
ACT	TRR102	mcq(INTERACTIVE)	activity+mcq+audio+image	[]	[Activity: Embedded] [Multiple Choice Image and Audio » 
ACT	TRR103	carousel(INTERACTIVE)	activity+carousel	[]	[Interactive] [Carousel] » 
ACT	TRR106	carousel(INTERACTIVE)	activity+carousel	[]	[Interactive] [Carousel] » 
ACT	TRR107	image(ELEMENT)	activity+image+audio	[]	[Please snip each relevant consonant image and audio for activity grap » 
ACT	TRR107	image(ELEMENT)	activity+image+audio	[]	[Please snip each consonant image and audio for activity graphics] » 
ACT	TRR109	radio quiz(INTERACTIVE)	activity+radio quiz	[]	[Activity: Embedded] [Radio Quiz] » 
ACT	TRR109	carousel(INTERACTIVE)	activity+carousel	[]	[Interactive] Carousel note to cs – please include arrow below each ch » 
ACT	TRR203	typing quiz(INTERACTIVE)	typing quiz+activity+answer	[]	[Please create a drag-and-drop activity with a self-check. In the tabl » 
ACT	TRR301	typing quiz(INTERACTIVE)	activity+typing quiz+typing quiz	[]	[Activity: Embedded] [typing – self check] Please include vowel macron » 
ACT	TWHA901	video(ELEMENT)	video+activity	[]	[interactive: Video] » being brave learners
ACT	TWHA902	video(ELEMENT)	video+activity	[]	[interactive: video] » https://www.youtube.com/watch?v=ORv-EhdX
ACT	TWHA902	drag and drop(INTERACTIVE)	drag and drop+activity	[]	[Interactive: Drag and drop]Activity 1A: Speaking Match up » 
ACT	TWHA902	video(ELEMENT)	activity+video	[]	[interactive: Video – The art of listening] » 
ACT	TWHA902	dropdown(INTERACTIVE)	activity+dropdown+mcq	[]	[Interactive: Dropdown quiz] » 
ACT	TWHA902	timeline(INTERACTIVE)	activity+timeline+reorder	["1920","2020"]	[Reorder interactive timeline: Title: Timeline of communication tools  » 
ACT	TWHA902	drag and drop(INTERACTIVE)	drag and drop+activity	[]	[interactive: Drag and drop] Dev – answers align in the table left-han » 
ACT	TWHA902	click drop(INTERACTIVE)	click drop+activity	[]	[interactive: click and drop] » 
ACT	TWHA903	checklist(INTERACTIVE)	activity+checklist	[]	[Interactive checklist Y/N] » 
ACT	TWHA904	drag and drop(INTERACTIVE)	drag and drop+activity	["1a"]	[Activity 1A: Drag and drop] Dev when creating scatter the questions a » 
ACT	TWHA904	video(ELEMENT)	activity+title bar+video	["2a"]	[Activity 2A: Title: Video Review] » 
ACT	TWHA904	checklist(INTERACTIVE)	activity+checklist	[]	[interactive: Knowledge checklist: Y/N boxes] » 
ACT	TWHA904	video(ELEMENT)	activity+video	["3a"]	[Activity 3A: Video review] » 
ACT	TWHA904	checklist(INTERACTIVE)	activity+checklist	[]	[interactive: Knowledge checklist: Y/N boxes] » 
ACT	TWHA904	carousel(INTERACTIVE)	activity+carousel	[]	[interactive: carousel + captions] » 
ACT	TWHA904	video(ELEMENT)	activity+video	["5a"]	[Activity 5A: Video Review] » 
ACT	TWHA904	checklist(INTERACTIVE)	activity+checklist	[]	[Interactive checklist Y/N] » 
ACT	TWHA905	drag and drop(INTERACTIVE)	drag and drop+activity	["1a"]	[Activity 1A Drag and drop] Dev when creating scatter the questions ar » 
ACT	TWHA905	checklist(INTERACTIVE)	activity+checklist	[]	[Interactive checklist Y/N] » 
ACT	TWHA905	checklist(INTERACTIVE)	activity+checklist	[]	[Interactive checklist Y/N] » 
ACT	TWHA905	checklist(INTERACTIVE)	activity+checklist	[]	[Interactive checklist Y/N] » 
ACT	TWHA905	checklist(INTERACTIVE)	activity+checklist	[]	[Interactive checklist Y/N] » 
ACT	TWHA906	flip card(INTERACTIVE)	activity+flip card	[]	[interactive tool] Flip cards x4 - DEV: use this image (or similar). S » 
ACT	TWHA906	drag and drop(INTERACTIVE)	activity+activity+drag and drop	[]	[interactive activity] drag and drop DEV: ākonga will drag and drop 1x » 
ACT	TWHA906	mcq(INTERACTIVE)	activity+activity+mcq	[]	[interactive activity] quiz multiple choice options DEV when ākonga se » 
ACT	TWHA906	typing quiz(INTERACTIVE)	activity+activity+typing quiz	[]	[interactive activity] type and check DEV answers will vary, colour co » 
ACT	TWHA906	timeline(INTERACTIVE)	activity+timeline	[]	[interactive tool] timeline DEV: create a personality continuum scale  » 
ACT	TWHA906	drag and drop(INTERACTIVE)	activity+drag and drop	[]	[interactive tool] drag and drop DEV: allow for statements to be used  » 
ACT	TWHA906	flip card(INTERACTIVE)	activity+flip card	[]	[interactive tool] flip cards x4 (colour code to phase 2 and phase 3) » 
ACT	TWHA906	mcq(INTERACTIVE)	activity+activity+mcq	[]	[interactive activity] teacher marked quiz » 1. What is your preferred learning style
ACT	TWHA906	dropdown(INTERACTIVE)	activity+activity+dropdown	[]	[interactive activity] drop down options quiz » 
ACT	TWHA906	flip card(INTERACTIVE)	activity+activity+flip card	[]	[interactive activity] flip cards – colour code the flip cards to repr » 
ACT	TWHA906	flip card(INTERACTIVE)	activity+flip card	[]	[interactive flip cards] 4 flip cards – colour code to phase 2 and pha » 
ACT	TWHA906	mcq(INTERACTIVE)	activity+activity+mcq	[]	[interactive activity] long answer quiz/ teacher marked quiz. » 
ACT	TWHA906	memory game(INTERACTIVE)	activity+activity+memory game	[]	[interactive Activity] Memory game DEV: ākonga will match the picture  » 
ACT	TWHA906	mcq(INTERACTIVE)	activity+mcq	[]	[interactive quiz] tick box » 
ACT	TWHA906	mcq(INTERACTIVE)	activity+mcq	[]	[interactive quiz] tick box » 
ACT	TWHA906	mcq(INTERACTIVE)	activity+mcq	[]	[interactive quiz] tick box » 
ACT	TWHA906	flip card(INTERACTIVE)	activity+flip card	[]	[interactive tool] flip cards x 4 (2 for phase 2 and 2 for phase 3) » 
ACT	TWHA906	crossword(INTERACTIVE)	activity+activity+crossword	[]	[interactive activity] cross word DEV: include the following clues and » 
ACT	TWHA906	mcq(INTERACTIVE)	activity+mcq	[]	[interactive quiz] teacher marked. » 
ACT	TWHA906	sketcher(INTERACTIVE)	activity+activity+sketcher	[]	[interactive activity] drawing tool – DEV allow ākonga to circle the p » 
ACT	TWHA906	mcq(INTERACTIVE)	activity+mcq	[]	[interactive quiz] yes/ no answers – answers will vary » 
ACT	TWHA906	flip card(INTERACTIVE)	activity+flip card	[]	[interactive tool] flip cards x2 DEV colour code the flip cards for ph » 
ACT	TWHA906	mcq(INTERACTIVE)	activity+activity+mcq	[]	[interactive activity] teacher marked quiz » 
ACT	TWHA906	flip card(INTERACTIVE)	activity+flip card	[]	[interactive tool] flip cards x4 » 
ACT	TWHA906	drag and drop(INTERACTIVE)	activity+activity+drag and drop	[]	[interactive activity] Drag and drop » 
ACT	TWHA906	drag and drop(INTERACTIVE)	activity+activity+drag and drop	[]	[interactive Activity] drag and drop. Drag and drop the statements as  » 
ACT	TWHA906	mcq(INTERACTIVE)	activity+mcq	[]	[interactive quiz] teacher marked. » 
ACT	TWHK901	drag and drop(INTERACTIVE)	drag and drop+activity+activity	["1a"]	[Interactive Activity 1A: Drag and Drop. Title: Renewable and Non-Rene » 
ACT	TWHK901	carousel(INTERACTIVE)	carousel+activity	[]	[interactive: carousel] » 
ACT	TWHK901	flip card(INTERACTIVE)	flip card+activity	[]	[interactive: Flip cards] » 
ACT	TWHK901	video(ELEMENT)	activity+video	[]	[Interactive: Video: Sustainable Development Goals] » 
ACT	TWHK901	flip card(INTERACTIVE)	flip card+activity	[]	[interactive: flip card] » 
ACT	TWHK901	mcq(INTERACTIVE)	activity+activity+mcq	["2a"]	[interactive: Activity 2A: Knowledge Check Quiz] » 
ACT	TWHK901	video(ELEMENT)	activity+video	[]	[interactive: video: Te Kahu] » 
ACT	TWHK901	flip card(INTERACTIVE)	flip card+activity	[]	[interactive: Flip cards] » 
ACT	TWHK901	video(ELEMENT)	video+activity	[]	[interactive: Video] » 
ACT	TWHK901	carousel(INTERACTIVE)	carousel+activity	[]	[interactive: Carousel] » 
ACT	TWHK901	video(ELEMENT)	activity+video	[]	[interactive: video – Biomass Energy] » 
ACT	TWHK901	flip card(INTERACTIVE)	activity+flip card+title bar	[]	[interactive: Flip Card. Title: Ways we can help] » 
ACT	TWHK901	flip card(INTERACTIVE)	flip card+activity	[]	[interactive: Flip card] » 
ACT	TWHK902	carousel(INTERACTIVE)	carousel+activity	[]	[interactive: Carousel] » 
ACT	TWHK902	video(ELEMENT)	activity+video	[]	[Interactive: Video: Causes and Effects of Climate Change] » 
ACT	TWHK902	drag and drop(INTERACTIVE)	activity+activity+drag and drop	["1a"]	[Interactive activity: 1A Match the definitions] [coloumn drag and dro » 
ACT	TWHK902	video(ELEMENT)	activity+video	[]	[interactive: video: Maramataka] » 
ACT	TWHK902	flip card(INTERACTIVE)	flip card+activity	[]	[interactive: Flip cards.] » 
ACT	TWHK902	accordion(INTERACTIVE)	accordion+activity	[]	[interactive: accordion] » 
ACT	TWHK902	carousel(INTERACTIVE)	activity+carousel	[]	[Interactive; Carousel] » 
ACT	TWHK902	drag and drop(INTERACTIVE)	activity+drag and drop+activity	["3a"]	[Interactive: Drag and drop: Activity 3A: » Climate change impacts Earth in many way
ACT	TWHK902	video(ELEMENT)	video+activity	[]	[Interactive: Video] » 
ACT	TWHK902	carousel(INTERACTIVE)	carousel+activity	[]	[interactive: carousel] » 
ACT	TWHK903	carousel(INTERACTIVE)	activity+carousel+image	[]	[interactive: carousel images + captions] » 
ACT	TWHK903	drag and drop(INTERACTIVE)	drag and drop+activity	[]	[interactive: drag and drop] » young man thinking bubbles
ACT	TWHK903	carousel(INTERACTIVE)	activity+carousel	[]	[interactive: carousel + captions] » 
ACT	TWHK903	image(ELEMENT)	activity+image+image	[]	[interactive: Image in centre of page with pop outs around the image o » 
ACT	TWHK903	flip card(INTERACTIVE)	activity+flip card+image	[]	[interactive: Flip cards – Image on the front + description on the bac » 
ACT	TWHK903	carousel(INTERACTIVE)	activity+carousel	[]	[interactive: carousel + captions] » 
ACT	TWHK903	slider(INTERACTIVE)	activity+slider	[]	[interactive: insert Slider] Activity 9A » 
ACT	TWHK907	drag and drop(INTERACTIVE)	activity+activity+drag and drop	[]	[interactive activity] drag and drop DEV – ākonga will drag and drop w » 
ACT	TWHK907	mcq(INTERACTIVE)	activity+activity+mcq	[]	[interactive activity] multiple choice quiz » 
ACT	TWHK907	memory game(INTERACTIVE)	activity+activity+memory game	[]	[interactive activity] memory game » 
ACT	TWHK907	flip card(INTERACTIVE)	activity+activity+flip card	[]	[interactive activity] flip cards x 4 DEV colour code to appropriate p » 
ACT	TWHK907	flip card(INTERACTIVE)	activity+flip card	[]	[interactive tool] flip cards x6 » 
ACT	TWHK907	crossword(INTERACTIVE)	activity+activity+crossword	[]	[interactive activity] cross word: » 
ACT	TWHK907	checklist(INTERACTIVE)	activity+activity+checklist	[]	[interactive activity] multiple answers quiz. tick boxes (DEV: answers » 
ACT	TWHK907	flip card(INTERACTIVE)	activity+activity+flip card	[]	[interactive activity] flip cards x 4 » 
ACT	TWHK907	flip card(INTERACTIVE)	activity+flip card	[]	[interactive tool] flip cards – colour code to phases » 
ACT	TWHK907	mcq(INTERACTIVE)	activity+activity+mcq	[]	[interactive activity] Quiz – multiple answers/ tick box » 
ACT	TWHK907	flip card(INTERACTIVE)	activity+flip card	[]	[interactive tool] flip cards » 
ACT	TWHR905	mcq(INTERACTIVE)	mcq+activity+mcq	["1a"]	[Individual activity multichoice quiz] 1A » 
ACT	TWHR905	radio quiz(INTERACTIVE)	radio quiz+activity+mcq	["4a"]	[Activity True false quiz] 4A Dev correct answers and explanations are » 
ACT	TWHR905	mcq(INTERACTIVE)	mcq+activity+mcq	["4b"]	[Activity – multichoice quiz] 4B Dev – there are no correct answers fo » 
ACT	TWHT903	flip card(INTERACTIVE)	flip card+activity	[]	[interactive: Flip cards] » 
ACT	TWHT903	drag and drop(INTERACTIVE)	drag and drop+activity+activity	["1a"]	[Activity – statements drag and drop Activity 1A Title: Who Am I?] » 
ACT	TWHT903	carousel(INTERACTIVE)	activity+carousel	[]	[interactive: Carousel + captions] » 
ACT	TWHT903	carousel(INTERACTIVE)	activity+carousel	[]	[interactive: Carousel + captions] » 
ACT	TWHT903	flip card(INTERACTIVE)	flip card+activity	[]	[interactive: Flip Chart] » 
ACT	TWHT903	video(ELEMENT)	video+activity	[]	[interactive: video] » 
ACT	TWHT903	drag and drop(INTERACTIVE)	activity+drag and drop+activity	["2b"]	Activity: Activity 2B Drag and drop activity] » 
ACT	TWHT903	video(ELEMENT)	activity+video	[]	[interactive: video: Don’t Put People in Boxes] Please cut at 3:50] » 
ACT	TWHT903	typing quiz(INTERACTIVE)	activity+typing quiz+activity	["3a"]	[interactive: Activity 3A Self Check] » 
ACT	TWHT903	image(ELEMENT)	activity+image	[]	[Interactive: Match images to statements] » 
ACT	TWHT903	carousel(INTERACTIVE)	activity+carousel	[]	[Interactive: Carousel + captions] » 
ACT	TWHT903	video(ELEMENT)	video+activity	[]	[interactive: video] » 
ACT	TWHT903	video(ELEMENT)	video+activity	[]	[interactive: video] » 
ACT	WJFUN105	video(ELEMENT)	activity+video+shape n	[]	[embedded box with activity and video] » 
ACT	WJFUN109	drag and drop(INTERACTIVE)	activity+drag and drop	["2b"]	[Activity 2B][drag and drop] » 
ACT	WJFUN110	memory game(INTERACTIVE)	activity+memory game	["1a"]	[Activity 1A] [memory game] » 
ACT	WJFUN110	drag and drop(INTERACTIVE)	activity+drag and drop	["1b"]	[Activity 1B] [drag and drop] » 
ACT	WJFUN110	drag and drop(INTERACTIVE)	activity+drag and drop+typing quiz	["2b"]	[Activity 2B][drag and drop][self check] » 
ACT	WJFUN110	drag and drop(INTERACTIVE)	activity+drag and drop	["2c"]	[Activity 2C][drag and drop] » 
ACT	WJFUN112	drag and drop(INTERACTIVE)	activity+drag and drop	["1a"]	[Activity 1A] [Drag and drop] » Postcards from Abel Tasman…
ACT	WJFUN112	image(ELEMENT)	activity+image+front	[]	[C.S: This activity is based around postcards. I would like the front  » https://www.istockphoto.com/photo/blank-
ACT	WJFUN113	drag and drop(INTERACTIVE)	activity+h3+drag and drop	["1b","3"]	[Activity 1B][H3][drag and drop] » Find the verbs
ACT	WJFUN113	drag and drop(INTERACTIVE)	activity+drag and drop	["2a"]	[Activity 2A] [Drag and drop] » 
ACT	WJFUN113	drag and drop(INTERACTIVE)	activity+drag and drop	["2b"]	[Activity 2B] [drag and drop] » 
ACT	WJFUN115	reorder(INTERACTIVE)	activity+reorder	[]	[reorder interactive] » 
ACT	WJFUN115	drag and drop(INTERACTIVE)	drag and drop+activity+correct	[]	[Correct answers are as is. Please randomise the right-hand column so  » 
ACT	WJFUN205	drag and drop(INTERACTIVE)	drag and drop+activity	[]	[Interactive: Drag and Drop] » 
ACT	WJFUN205	mcq(INTERACTIVE)	activity+mcq+mcq	[]	[Interactive: Multi-choice quiz] » 
ACT	WJFUN205	drag and drop(INTERACTIVE)	drag and drop+activity	[]	[Interactive: Drag and Drop] » 
ACT	WJFUN206	speech bubble(INTERACTIVE)	activity+image+image+speech bubble+audio	[]	[RHS Image alongside above activity] [Kea image][Speech bubble][audio] » “Try reading these out loud. Which ones 
ACT	WJFUN206	word select(INTERACTIVE)	activity+word select	["2a"]	[Activity 2A] [Word Select] » Find the phrase
ACT	WJFUN206	drag and drop(INTERACTIVE)	drag and drop+activity	["2b"]	[Activity 2B – Drag and Drop Matching] » Which phrase is it?
ACT	WJFUN206	mcq(INTERACTIVE)	activity+mcq	["3a"]	[Activity 3A] [Multichoice] » Where does the comma belong?
ACT	WJFUN208	h2(ELEMENT)	h2+activity+shape n	["2","1b"]	[H2] [Activity 1B] [Typeable box]: » Which text works best?
ACT	WJFUN208	dropdown(INTERACTIVE)	activity+dropdown	["2a"]	[Activity 2A][dropdown menu] » Which word is best?
ACT	WJFUN208	dropdown(INTERACTIVE)	activity+typing quiz+dropdown+mcq	["2b"]	[Activity 2B] [Dropdown quiz – Auto check] » 
ACT	WJFUN210	word select(INTERACTIVE)	activity+activity+typing quiz+word select+button+hint	["1a"]	[Interactive Activity 1A] [Dropquiz] [Self Check] [Hints in blue – whe » 
ACT	WJFUN210	typing quiz(INTERACTIVE)	activity+typing quiz	["1b"]	[Activity 1B] [dropquiz] [self-check] » 
ACT	WJFUN210	h3(ELEMENT)	activity+answer+h3	["1c","3"]	[Activity 1C] [Type answer] [H3] » Choosing figurative language
ACT	WJFUN210	carousel(INTERACTIVE)	activity+carousel+drag and drop+image+typing quiz	["2a"]	[Activity 2A] [Carousel] [Drag and Drop words on image] [Self Check] » 
ACT	WJFUN210	drag and drop(INTERACTIVE)	activity+drag and drop+typing quiz	["2b"]	[Activity 2B] [drag and drop] [Self Check] » 
ACT	WJFUN210	memory game(INTERACTIVE)	activity+typing quiz+memory game	["2c"]	[Activity 2C] [Memory – mix up words – currently in pairs – self check » 
ACT	WJFUN211	drag and drop(INTERACTIVE)	activity+drag and drop	["1a"]	[Activity 1A] [Drag and drop] » 
ACT	WJFUN211	dropdown(INTERACTIVE)	activity+typing quiz+dropdown+mcq+mcq+question+data marker	["2a","3"]	[Activity 2A] [Dropdown quiz – Auto check] [Please arrange this multic » 
ACT	WJFUN211	dropdown(INTERACTIVE)	activity+typing quiz+dropdown+mcq+mcq+question+data marker	["2b","3"]	[Activity 2B][Dropdown Quiz – Auto Check][Arrange multichoice question » 
ACT	WJFUN212	word select(INTERACTIVE)	activity+activity+word select+typing quiz	["1a"]	[Interactive Activity 1A] [Dropquiz or Word Select] [Self Check] [Hint » 
ACT	WJFUN212	memory game(INTERACTIVE)	activity+activity+memory game+typing quiz+data marker+image	["1b"]	[Interactive Activity 1B – Memory] [Self Check] [Could be in threes if » 
ACT	WJFUN212	typing quiz(INTERACTIVE)	activity+typing quiz+correct+answer	["1c"]	[Interactive 1C] Multichoice – highlight and/or bold idiom [Autocheck] » 
ACT	WJFUN212	typing quiz(INTERACTIVE)	typing quiz+activity+activity	["1d"]	[Interactive Activity 1D Type the Answer] » 
ACT	WJFUN212	tabs(INTERACTIVE)	activity+tabs+word select+typing quiz	["2a"]	[Activity 2A] [Tabs] [Word Select] [Self Check] » 
ACT	WJFUN212	drag and drop(INTERACTIVE)	activity+drag and drop+typing quiz	["2b"]	[Activity 2B] [drag and drop] [Self Check] » 
ACT	WJFUN304	drag and drop(INTERACTIVE)	h2+activity+drag and drop	["2","1a"]	[H2] [Activity 1A][Drag and Drop]: » Build a compound-complex sentence
ACT	WJFUN304	typing quiz(INTERACTIVE)	activity+typing quiz+typing quiz	["1b"]	[Activity 1B] [Typing self check] » Build, change, explain
ACT	WJFUN304	mcq(INTERACTIVE)	h3+activity+mcq	["3","2a"]	[H3] [Activity 2A] [Multi-choice][Auto-marked selection + manipulation » Upgrade your sentences
ACT	WJFUN304	mcq(INTERACTIVE)	h3+activity+mcq	["3","4a"]	[H3] [Activity 4A] [Multi-choice – Auto-marked] » Spot the structure
ACT	WJFUN305	dropdown(INTERACTIVE)	activity+typing quiz+dropdown+mcq+question+option+data marker	["1a","3"]	[Activity 1A] [Dropdown quiz – Auto check] [Arrange these m-choice que » 
ACT	WJFUN305	drag and drop(INTERACTIVE)	activity+drag and drop+h3	["1b","3"]	[Activity 1B] [Drag and Drop] [H3] » Matching the Audience Reaction
ACT	WJFUN305	dropdown(INTERACTIVE)	activity+typing quiz+dropdown+mcq+question+option+data marker	["2a","2"]	[Activity 2A] [Dropdown quiz – Auto check] [Arrange these m-choice que » 
ACT	WJFUN305	drag and drop(INTERACTIVE)	activity+drag and drop+correct+table+table+data marker	["2b","3"]	[Activity 2B] [Drag and Drop] [Table currently in correct order] [Crea » 
ACT	WJFUN305	dropdown(INTERACTIVE)	activity+typing quiz+dropdown+mcq+question+option+data marker	["2c","3"]	[Activity 2C] [Dropdown Quiz – Auto Check] [arrange these m-choice que » 
ACT	WJFUN306	dropdown(INTERACTIVE)	activity+typing quiz+dropdown+mcq+h3	["1a","3"]	[Activity 1A] [Dropdown quiz autocheck] [H3] » Evaluating communication choices
ACT	WJFUN306	mcq(INTERACTIVE)	activity+mcq+question+data marker	["2b","2"]	[Activity 2B] [Auto-marked] [Position these multichoice questions 2 ac » 
ACT	WJFUN306	dropdown(INTERACTIVE)	activity+typing quiz+dropdown+mcq+mcq+question+data marker	["2c","2"]	[Activity 2C] [Dropdown quiz – autocheck] [position these multichoice  » 
ACT	WJFUN307	dropdown(INTERACTIVE)	activity+typing quiz+dropdown+mcq+question+option+data marker	["1a","2"]	[Activity 1A] [Dropdown Quiz – Auto Check] [Arrange these m-choice que » 
ACT	WJFUN307	drag and drop(INTERACTIVE)	activity+drag and drop	["1b"]	[Activity 1B] [Drag and Drop] » 
ACT	WJFUN307	checklist(INTERACTIVE)	activity+typing quiz+checklist+question+option+data marker	["2a","2"]	[Activity 2A] [checkbox – Auto Check] [Arrange these m-choice question » 
ACT	WJFUN307	checklist(INTERACTIVE)	activity+typing quiz+checklist+question+option+data marker	["2b","2"]	[Activity 2B] [checkbox – Auto Check] [Arrange these m-choice question » 
ACT	WJFUN308	drag and drop(INTERACTIVE)	activity+drag and drop	["1a"]	[Activity 1A] [Drag and Drop] » Shades of meaning
ACT	WJFUN308	dropdown(INTERACTIVE)	activity+typing quiz+dropdown+mcq+question+option+data marker	["1b","2"]	[Activity 1B] [Dropdown Quiz – Auto Check] [Arrange these m-choice que » 
ACT	WJFUN308	dropdown(INTERACTIVE)	activity+typing quiz+dropdown+mcq+question+option+data marker+h3	["2a","2","3"]	[Activity 2A] [Dropdown Quiz – Auto Check] [Arrange these m-choice que » Understanding Language Features
ACT	WJFUN308	dropdown(INTERACTIVE)	activity+typing quiz+dropdown+mcq+question+option+data marker+h3	["2b","2","3"]	[Activity 2B] [Dropdown Quiz – Auto Check] [Arrange these m-choice que » Choosing the Best Language Feature
ACT	XDLS901	click drop(INTERACTIVE)	activity+click drop+click drop+image	["5"]	[Click Drop Activity Box x 5] [same click drop images as all LS module » 
ACT	XDLS901	click drop(INTERACTIVE)	activity+click drop	["1"]	[Click Drop Activity Box 1] » Learn by heart
ACT	XDLS901	click drop(INTERACTIVE)	activity+click drop	["2"]	[Click Drop Activity Box 2] » Explain and doo
ACT	XDLS901	click drop(INTERACTIVE)	activity+click drop	["3"]	[Click Drop Activity Box 3] » Compare
ACT	XDLS901	click drop(INTERACTIVE)	activity+click drop	["4"]	[Click Drop Activity Box 4] » Judge
ACT	XDLS901	click drop(INTERACTIVE)	click drop+activity	[]	[clickdrop activity] » Create
ACT	XDLS901	click drop(INTERACTIVE)	click drop+activity	["2"]	[clickdrop activity 2] » Explain and do
ACT	XDLS903	click drop(INTERACTIVE)	click drop+activity+image	["1a"]	[Click Drop Activity 1A with image embedded image] » Learn by Heart
ACT	XDLS903	click drop(INTERACTIVE)	click drop+activity+external link	["6"]	[Link to create Click Drop Activity 6]. » 
ACT	XDLS903	click drop(INTERACTIVE)	click drop+activity+image	["1b"]	[Click Drop Activity 1B with embedded image] » Explain:
ACT	XDLS903	click drop(INTERACTIVE)	click drop+activity+image	["1c"]	[Click Drop Activity 1C with embedded image] » Do
ACT	XDLS903	click drop(INTERACTIVE)	click drop+activity+image	["1d"]	[Click Drop Activity 1D with embedded image] » Compare
ACT	XDLS903	click drop(INTERACTIVE)	click drop+activity+image	["1e"]	[Click Drop Activity 1E with embedded image] » Judge
ACT	XDLS903	click drop(INTERACTIVE)	click drop+activity+image	["1f"]	[Click Drop Activity 1F with embedded image] » Create
ACT	XDLS903	click drop(INTERACTIVE)	click drop+activity+image	["2a"]	[Click Drop Activity 2A with image embedded image] » Learn by heart
ACT	XDLS903	click drop(INTERACTIVE)	click drop+activity+image	["2b"]	[Click Drop Activity 2B with embedded image] » Explain
ACT	XDLS903	click drop(INTERACTIVE)	click drop+activity+image	["2c"]	[Click Drop Activity 2C with embedded image] » Do
ACT	XDLS903	click drop(INTERACTIVE)	click drop+activity+image	["2d"]	[Click Drop Activity 2D with embedded image] » Compare
ACT	XDLS903	click drop(INTERACTIVE)	click drop+activity+image	["2e"]	[Click Drop Activity 2E with embedded image] » Judge
ACT	XDLS903	click drop(INTERACTIVE)	click drop+activity+image	["2f"]	[Click Drop Activity 2F with embedded image] » Create
ACT	XDLS903	click drop(INTERACTIVE)	click drop+activity+image	["3a"]	[Click Drop Activity 3A with image embedded image] » Learn by Heart
ACT	XDLS903	click drop(INTERACTIVE)	click drop+activity+image	["3b"]	[Click Drop Activity 3B with embedded image] » Explain:
ACT	XDLS903	click drop(INTERACTIVE)	click drop+activity+image	["3c"]	[Click Drop Activity 3C with embedded image] » Do
ACT	XDLS903	click drop(INTERACTIVE)	click drop+activity+image	["3d"]	[Click Drop Activity 3D with embedded image] » Compare
ACT	XDLS903	click drop(INTERACTIVE)	click drop+activity+image	["3e"]	[Click Drop Activity 3E with embedded image] » Judge
ACT	XDLS903	click drop(INTERACTIVE)	click drop+activity+image	["3f"]	[Click Drop Activity 3F with embedded image] » Create
ACT	XDLS903	click drop(INTERACTIVE)	click drop+activity+image	["4a"]	[Click Drop Activity 4A with image embedded image] » Learn by heart
ACT	XDLS903	click drop(INTERACTIVE)	click drop+activity+image	["4b"]	[Click Drop Activity 4B with embedded image] » Explain:
ACT	XDLS903	click drop(INTERACTIVE)	click drop+activity+image	[]	[Click Drop Activity image] » 
ACT	XDLS903	click drop(INTERACTIVE)	click drop+activity+image	["4c"]	[Click Drop Activity 4C with embedded image] » Do
ACT	XDLS903	click drop(INTERACTIVE)	click drop+activity+image	["4d"]	[Click Drop Activity 4D with embedded image] » Compare
ACT	XDLS903	click drop(INTERACTIVE)	click drop+activity+image	["4e"]	[Click Drop Activity 4E with embedded image] » Judge
ACT	XDLS903	click drop(INTERACTIVE)	click drop+activity+image	["4f"]	[Click Drop Activity 4F with embedded image] » Create
ACT	XDLS903	click drop(INTERACTIVE)	click drop+activity+image	["5a"]	[Click Drop Activity 5A with image embedded image] » Learn by Heart
ACT	XDLS903	click drop(INTERACTIVE)	click drop+activity+image	["5b"]	[Click Drop Activity 5B with embedded image] » Explain:
ACT	XDLS903	click drop(INTERACTIVE)	click drop+activity+image	["5c"]	[Click Drop Activity 5C with embedded image] » Do
ACT	XDLS903	click drop(INTERACTIVE)	click drop+activity+image	["5d"]	[Click Drop Activity 5D with embedded image] » Compare
ACT	XDLS903	click drop(INTERACTIVE)	click drop+activity+image	["5e"]	[Click Drop Activity 5E with embedded image] » Judge
ACT	XDLS903	click drop(INTERACTIVE)	click drop+activity+image	["5f"]	[Click Drop Activity 5F with embedded image] » Create
ACT	XDLS903	click drop(INTERACTIVE)	click drop+activity+image	["6a"]	[Click Drop Activity 6A with image embedded image] » Learn by Heart
ACT	XDLS903	click drop(INTERACTIVE)	click drop+activity+image	["6b"]	[Click Drop Activity 6B with embedded image] » Explain:
ACT	XDLS903	click drop(INTERACTIVE)	click drop+activity+image	["6c"]	[Click Drop Activity 6C with embedded image] » Do
ACT	XDLS903	click drop(INTERACTIVE)	click drop+activity+image	["6d"]	[Click Drop Activity 6D with embedded image] » Compare
ACT	XDLS903	click drop(INTERACTIVE)	click drop+activity+image	["6e"]	[Click Drop Activity 6E with embedded image] » Judge
ACT	XDLS903	click drop(INTERACTIVE)	click drop+activity+image	["6f"]	[Click Drop Activity 6F with embedded image] » Create
ACT	XDLS903	click drop(INTERACTIVE)	click drop+activity+image	["7a"]	[Click Drop Activity 7A with image embedded image] » Learn by heart
ACT	XDLS903	click drop(INTERACTIVE)	click drop+activity+image	["7b"]	[Click Drop Activity 7B with embedded image] » Explain:
ACT	XDLS903	click drop(INTERACTIVE)	click drop+activity+image	["7c"]	[Click Drop Activity 7C with embedded image] » Do
ACT	XDLS903	click drop(INTERACTIVE)	click drop+activity+image	["7d"]	[Click Drop Activity 7D with embedded image] » Compare
ACT	XDLS903	click drop(INTERACTIVE)	click drop+activity+image	["7e"]	[Click Drop Activity 7E with embedded image] » Judge
ACT	XDLS903	click drop(INTERACTIVE)	click drop+activity+image	["7f"]	[Click Drop Activity 7F with embedded image] » Create
ACT	XDLS904	click drop(INTERACTIVE)	click drop+activity+image	["1a"]	[Click Drop Activity 1A with image embedded image] » Learn by heart
ACT	XDLS904	click drop(INTERACTIVE)	click drop+activity+image	["1b"]	[Click Drop Activity 1B with embedded image] » Explain:
ACT	XDLS904	click drop(INTERACTIVE)	click drop+activity+image	["1c"]	[Click Drop Activity 1C with embedded image] » Do
ACT	XDLS904	click drop(INTERACTIVE)	click drop+activity+image	["1d"]	[Click Drop Activity 1D with embedded image] » Compare
ACT	XDLS904	click drop(INTERACTIVE)	click drop+activity+image	["1e"]	[Click Drop Activity 1E with embedded image] » Judge
ACT	XDLS904	click drop(INTERACTIVE)	click drop+activity+image	["1f"]	[Click Drop Activity 1F with embedded image] » Create
ACT	XDLS904	click drop(INTERACTIVE)	click drop+activity+image	["2a"]	[Click Drop Activity 2A with image embedded image] » Learn by Heart
ACT	XDLS904	click drop(INTERACTIVE)	click drop+activity+image	["2b"]	[Click Drop Activity 2B with embedded image] » Explain:
ACT	XDLS904	click drop(INTERACTIVE)	click drop+activity+image	["2c"]	[Click Drop Activity 2C with embedded image] » Do
ACT	XDLS904	click drop(INTERACTIVE)	click drop+activity+image	["2d"]	[Click Drop Activity 2D with embedded image] » Compare
ACT	XDLS904	click drop(INTERACTIVE)	click drop+activity+image	["2e"]	[Click Drop Activity 2E with embedded image] » Judge
ACT	XDLS904	click drop(INTERACTIVE)	click drop+activity+image	["2f"]	[Click Drop Activity 2F with embedded image] » Create
ACT	XDLS904	click drop(INTERACTIVE)	click drop+activity+image	["3a"]	[Click Drop Activity 3A with image embedded image] » Learn by Heart
ACT	XDLS904	click drop(INTERACTIVE)	click drop+activity+image	["3b"]	[Click Drop Activity 3B with embedded image] » Explain:
ACT	XDLS904	click drop(INTERACTIVE)	click drop+activity+image	["3c"]	[Click Drop Activity 3C with embedded image] » Do
ACT	XDLS904	click drop(INTERACTIVE)	click drop+activity+image	["3d"]	[Click Drop Activity 3D with embedded image] » Compare
ACT	XDLS904	click drop(INTERACTIVE)	click drop+activity+image	["3e"]	[Click Drop Activity 3E with embedded image] » Judge
ACT	XDLS904	click drop(INTERACTIVE)	click drop+activity+image	["3f"]	[Click Drop Activity 3F with embedded image] » Create
ACT	XDLS904	click drop(INTERACTIVE)	click drop+activity+image	["1"]	[Click Drop Activity 1 with image embedded image] » Learn by Heart
ACT	XDLS904	click drop(INTERACTIVE)	click drop+activity+image	["4b"]	[Click Drop Activity 4B with embedded image] » Explain:
ACT	XDLS904	click drop(INTERACTIVE)	click drop+activity+image	["4c"]	[Click Drop Activity 4C with embedded image] » Do
ACT	XDLS904	click drop(INTERACTIVE)	click drop+activity+image	["4d"]	[Click Drop Activity 4D with embedded image] » Compare
ACT	XDLS904	click drop(INTERACTIVE)	click drop+activity+image	["4e"]	[Click Drop Activity 4E with embedded image] » Judge
ACT	XDLS904	click drop(INTERACTIVE)	click drop+activity+image	["5f"]	[Click Drop Activity 5F with embedded image] » Create
ACT	XDLS904	click drop(INTERACTIVE)	click drop+activity+image	["5a"]	[Click Drop Activity 5A with image embedded image] » Learn by Heart
ACT	XDLS904	click drop(INTERACTIVE)	click drop+activity+image	["5b"]	[Click Drop Activity 5B with embedded image] » Explain:
ACT	XDLS904	click drop(INTERACTIVE)	click drop+activity+image	["5c"]	[Click Drop Activity 5C with embedded image] » Do
ACT	XDLS904	click drop(INTERACTIVE)	click drop+activity+image	["5d"]	[Click Drop Activity 5D with embedded image] » Compare
ACT	XDLS904	click drop(INTERACTIVE)	click drop+activity+image	["5e"]	[Click Drop Activity 5E with embedded image] » Judge
ACT	XDLS904	click drop(INTERACTIVE)	click drop+activity+image	["5f"]	[Click Drop Activity 5F with embedded image] » Create
ACT	XDLS904	click drop(INTERACTIVE)	click drop+activity+image	["6a"]	[Click Drop Activity 6A with image embedded image] » Learn by Heart
ACT	XDLS904	click drop(INTERACTIVE)	click drop+activity+image	["6b"]	[Click Drop Activity 6B with embedded image] » Explain:
ACT	XDLS904	click drop(INTERACTIVE)	click drop+activity+image	["6c"]	[Click Drop Activity 6C with embedded image] » Do
ACT	XDLS904	click drop(INTERACTIVE)	click drop+activity+image	["6d"]	[Click Drop Activity 6D with embedded image] » Compare
ACT	XDLS904	click drop(INTERACTIVE)	click drop+activity+image	["6e"]	[Click Drop Activity 6E with embedded image] » Judge
ACT	XDLS904	click drop(INTERACTIVE)	click drop+activity+image	["6f"]	[Click Drop Activity 6F with embedded image] » Create
ACT	XDLS904	click drop(INTERACTIVE)	click drop+activity+image	["7a"]	[Click Drop Activity 7A with image embedded image] » Learn by Heart
ACT	XDLS904	click drop(INTERACTIVE)	click drop+activity+image	["2"]	[Click Drop Activity 2 with embedded image] » Explain:
ACT	XDLS904	click drop(INTERACTIVE)	click drop+activity+image	["7c"]	[Click Drop Activity 7C with embedded image] » Do
ACT	XDLS904	click drop(INTERACTIVE)	click drop+activity+image	["7d"]	[Click Drop Activity 7D with embedded image] » Compare
ACT	XDLS904	click drop(INTERACTIVE)	click drop+activity+image	["7e"]	[Click Drop Activity 7E with embedded image] » Judge
ACT	XDLS904	click drop(INTERACTIVE)	click drop+activity+image	["7f"]	[Click Drop Activity 7F with embedded image] » Create
ACT	XDLS905	click drop(INTERACTIVE)	click drop+activity+image	["1a"]	[Click Drop Activity 1A with image embedded image] » Learn by Heart
ACT	XDLS905	click drop(INTERACTIVE)	click drop+activity+image	["1b"]	[Click Drop Activity 1B with image embedded image] » Explain
ACT	XDLS905	click drop(INTERACTIVE)	click drop+activity+image	["1c"]	[Click Drop Activity 1C with embedded image] » Do
ACT	XDLS905	click drop(INTERACTIVE)	click drop+activity+image	["1d"]	[Click Drop Activity 1D with embedded image] » Compare
ACT	XDLS905	click drop(INTERACTIVE)	click drop+activity+image	["1e"]	[Click Drop Activity 1E with embedded image] » Judge
ACT	XDLS905	click drop(INTERACTIVE)	click drop+activity+image	["1f"]	[Click Drop Activity 1F with embedded image] » Create
ACT	XDLS905	click drop(INTERACTIVE)	click drop+activity+image	["2a"]	[Click Drop Activity 2A with image embedded image] » Learn by Heart
ACT	XDLS905	click drop(INTERACTIVE)	click drop+activity+image	["2b"]	[Click Drop Activity 2B with image embedded image] » Explain
ACT	XDLS905	click drop(INTERACTIVE)	click drop+activity+image	["2c"]	[Click Drop Activity 2C with embedded image] » Do
ACT	XDLS905	click drop(INTERACTIVE)	click drop+activity+image	["2d"]	[Click Drop Activity 2D with embedded image] » Compare
ACT	XDLS905	click drop(INTERACTIVE)	click drop+activity+image	["2e"]	[Click Drop Activity 2E with embedded image] » Judge
ACT	XDLS905	click drop(INTERACTIVE)	click drop+activity+image	["2f"]	[Click Drop Activity 2F with embedded image] » Create
ACT	XDLS905	click drop(INTERACTIVE)	click drop+activity+image	["3a"]	[Click Drop Activity 3A with image embedded image] » Learn by Heart
ACT	XDLS905	click drop(INTERACTIVE)	click drop+activity+image	["3b"]	[Click Drop Activity 3B with image embedded image] » Explain
ACT	XDLS905	click drop(INTERACTIVE)	click drop+activity+image	["3c"]	[Click Drop Activity 3C with embedded image] » Do
ACT	XDLS905	click drop(INTERACTIVE)	click drop+activity+image	["3d"]	[Click Drop Activity 3D with embedded image] » Compare
ACT	XDLS905	click drop(INTERACTIVE)	click drop+activity+image	["3e"]	[Click Drop Activity 3E with embedded image] » Judge
ACT	XDLS905	click drop(INTERACTIVE)	click drop+activity+image	["3f"]	[Click Drop Activity 3F with embedded image] » Create
ACT	XDLS905	click drop(INTERACTIVE)	click drop+activity+image	["4a"]	[Click Drop Activity 4A with image embedded image] » Learn by Heart
ACT	XDLS905	click drop(INTERACTIVE)	click drop+activity+image	["4b"]	[Click Drop Activity 4B with image embedded image] » Explain
ACT	XDLS905	click drop(INTERACTIVE)	click drop+activity+image	["4c"]	[Click Drop Activity 4C with embedded image] » Do
ACT	XDLS905	click drop(INTERACTIVE)	click drop+activity+image	["4d"]	[Click Drop Activity 4D with embedded image] » Compare
ACT	XDLS905	click drop(INTERACTIVE)	click drop+activity+image	["4e"]	[Click Drop Activity 4E with embedded image] » Judge
ACT	XDLS905	click drop(INTERACTIVE)	click drop+activity+image	["4f"]	[Click Drop Activity 4F with embedded image] » Create
ACT	XDLS905	click drop(INTERACTIVE)	click drop+activity+image	["5a"]	[Click Drop Activity 5A with image embedded image] » Learn by Heart
ACT	XDLS905	click drop(INTERACTIVE)	click drop+activity+image	["5b"]	[Click Drop Activity 5B with image embedded image] » Explain
ACT	XDLS905	click drop(INTERACTIVE)	click drop+activity+image	["5c"]	[Click Drop Activity 5C with embedded image] » Do
ACT	XDLS905	click drop(INTERACTIVE)	click drop+activity+image	["5d"]	[Click Drop Activity 5D with embedded image] » Compare
ACT	XDLS905	click drop(INTERACTIVE)	click drop+activity+image	["5e"]	[Click Drop Activity 5E with embedded image] » Judge
ACT	XDLS905	click drop(INTERACTIVE)	click drop+activity+image	["5f"]	[Click Drop Activity 5F with embedded image] » Create
ACT	XDLS905	click drop(INTERACTIVE)	click drop+activity+image	["6a"]	[Click Drop Activity 6A with image embedded image] » Learn by Heart
ACT	XDLS905	click drop(INTERACTIVE)	click drop+activity+image	["6b"]	[Click Drop Activity 6B with image embedded image] » Explain
ACT	XDLS905	click drop(INTERACTIVE)	click drop+activity+image	["6c"]	[Click Drop Activity 6C with embedded image] » Do
ACT	XDLS905	click drop(INTERACTIVE)	click drop+activity+image	["6d"]	[Click Drop Activity 6D with embedded image] » Compare
ACT	XDLS905	click drop(INTERACTIVE)	click drop+activity+image	["6e"]	[Click Drop Activity 6E with embedded image] » Judge
ACT	XDLS905	click drop(INTERACTIVE)	click drop+activity+image	["6f"]	[Click Drop Activity 6F with embedded image] » Create
ACT	XDLS905	click drop(INTERACTIVE)	click drop+activity+image	["7a"]	[Click Drop Activity 7A with image embedded image] » Learn by Heart
ACT	XDLS905	click drop(INTERACTIVE)	click drop+activity+image	["7b"]	[Click Drop Activity 7B with image embedded image] » Explain
ACT	XDLS905	click drop(INTERACTIVE)	click drop+activity+image	["7c"]	[Click Drop Activity 7C with embedded image] » Do
ACT	XDLS905	click drop(INTERACTIVE)	click drop+activity+image	["7d"]	[Click Drop Activity 7D with embedded image] » Compare
ACT	XDLS905	click drop(INTERACTIVE)	click drop+activity+image	["7e"]	[Click Drop Activity 7E with embedded image] » Judge
ACT	XDLS905	click drop(INTERACTIVE)	click drop+activity+image	["7f"]	[Click Drop Activity 7F with embedded image] » Create
ACT	XDLS906	click drop(INTERACTIVE)	click drop+activity+image	["1"]	[Click Drop Activity 1 with image embedded image] » Learn by Heart
ACT	XDLS906	click drop(INTERACTIVE)	click drop+activity+image	["2"]	[Click Drop Activity 2 with image embedded image] » Explain
ACT	XDLS906	click drop(INTERACTIVE)	click drop+activity+image	["3"]	[Click Drop Activity 3 with embedded image] » Do
ACT	XDLS906	click drop(INTERACTIVE)	click drop+activity+image	["4"]	[Click Drop Activity 4 with embedded image] » Compare
ACT	XDLS906	click drop(INTERACTIVE)	click drop+activity+image	["5"]	[Click Drop Activity 5 with embedded image] » Judge
ACT	XDLS906	click drop(INTERACTIVE)	click drop+activity+image	["6"]	[Click Drop Activity 6 with embedded image] » Create
ACT	XDLS906	click drop(INTERACTIVE)	click drop+activity+image	["1"]	[Click Drop Activity 1 with image embedded image] » Learn by Heart
ACT	XDLS906	click drop(INTERACTIVE)	click drop+activity+image	["2"]	[Click Drop Activity 2 with embedded image] » Explain:
ACT	XDLS906	click drop(INTERACTIVE)	click drop+activity+image	["3"]	[Click Drop Activity 3 with embedded image] » Do
ACT	XDLS906	click drop(INTERACTIVE)	click drop+activity+image	["4"]	[Click Drop Activity 4 with embedded image] » Compare
ACT	XDLS906	click drop(INTERACTIVE)	click drop+activity+image	["5"]	[Click Drop Activity 5 with embedded image] » Judge
ACT	XDLS906	click drop(INTERACTIVE)	click drop+activity+image	["6"]	[Click Drop Activity 6 with embedded image] » Create
ACT	XDLS906	click drop(INTERACTIVE)	click drop+activity+image	["1"]	[Click Drop Activity 1 with image embedded image] » Learn by Heart
ACT	XDLS906	click drop(INTERACTIVE)	click drop+activity+image	["2"]	[Click Drop Activity 2 with embedded image] » Explain:
ACT	XDLS906	click drop(INTERACTIVE)	click drop+activity+image	["3"]	[Click Drop Activity 3 with embedded image] » Do
ACT	XDLS906	click drop(INTERACTIVE)	click drop+activity+image	["4"]	[Click Drop Activity 4 with embedded image] » Compare
ACT	XDLS906	click drop(INTERACTIVE)	click drop+activity+image	["5"]	[Click Drop Activity 5 with embedded image] » Judge
ACT	XDLS906	click drop(INTERACTIVE)	click drop+activity+image	["6"]	[Click Drop Activity 6 with embedded image] » Create
ACT	XDLS906	click drop(INTERACTIVE)	click drop+activity+image	["1"]	[Click Drop Activity 1 with image embedded image] » Learn by Heart
ACT	XDLS906	click drop(INTERACTIVE)	click drop+activity+image	["2"]	[Click Drop Activity 2 with embedded image] » Explain
ACT	XDLS906	click drop(INTERACTIVE)	click drop+activity+image	["3"]	[Click Drop Activity 3 with embedded image] » Do
ACT	XDLS906	click drop(INTERACTIVE)	click drop+activity+image	["4"]	[Click Drop Activity 4 with embedded image] » Compare
ACT	XDLS906	click drop(INTERACTIVE)	click drop+activity+image	["5"]	[Click Drop Activity 5 with embedded image] » Judge
ACT	XDLS906	click drop(INTERACTIVE)	click drop+activity+image	["6"]	[Click Drop Activity 6 with embedded image] » Create
ACT	XDLS906	click drop(INTERACTIVE)	click drop+activity+image	["1"]	[Click Drop Activity 1 with image embedded image] » Learn by Heart
ACT	XDLS906	click drop(INTERACTIVE)	click drop+activity+image	["2"]	[Click Drop Activity 2 with embedded image] » Explain:
ACT	XDLS906	click drop(INTERACTIVE)	click drop+activity+image	["3"]	[Click Drop Activity 3 with embedded image] » Do
ACT	XDLS906	click drop(INTERACTIVE)	click drop+activity+image	["4"]	[Click Drop Activity 4 with embedded image] » Compare
ACT	XDLS906	click drop(INTERACTIVE)	click drop+activity+image	["5"]	[Click Drop Activity 5 with embedded image] » Judge
ACT	XDLS906	click drop(INTERACTIVE)	click drop+activity+image	["6"]	[Click Drop Activity 6 with embedded image] » Create
ACT	XDLS906	click drop(INTERACTIVE)	click drop+activity+image	["1"]	[Click Drop Activity 1 with image embedded image] » Learn by Heart
ACT	XDLS906	click drop(INTERACTIVE)	click drop+activity+image	["2"]	[Click Drop Activity 2 with embedded image] » Explain
ACT	XDLS906	click drop(INTERACTIVE)	click drop+activity+image	["3"]	[Click Drop Activity 3 with embedded image] » Do
ACT	XDLS906	click drop(INTERACTIVE)	click drop+activity+image	["4"]	[Click Drop Activity 4 with embedded image] » Compare
ACT	XDLS906	click drop(INTERACTIVE)	click drop+activity+image	["5"]	[Click Drop Activity 5 with embedded image] » Judge
ACT	XDLS906	click drop(INTERACTIVE)	click drop+activity+image	["6"]	[Click Drop Activity 6 with embedded image] » Create
ACT	XDLS906	click drop(INTERACTIVE)	click drop+activity+image	["1"]	[Click Drop Activity 1 with image embedded image] » Learn by Heart
ACT	XDLS906	click drop(INTERACTIVE)	click drop+activity+image	["2"]	[Click Drop Activity 2 with embedded image] » Explain
ACT	XDLS906	click drop(INTERACTIVE)	click drop+activity+image	["3"]	[Click Drop Activity 3 with embedded image] » Do
ACT	XDLS906	click drop(INTERACTIVE)	click drop+activity+image	["4"]	[Click Drop Activity 4 with embedded image] » Compare
ACT	XDLS906	click drop(INTERACTIVE)	click drop+activity+image	["5"]	[Click Drop Activity 5 with embedded image] » Judge
ACT	XDLS906	click drop(INTERACTIVE)	click drop+activity+image	["6"]	[Click Drop Activity 6 with embedded image] » Create
ACT	XDLS908	drag and drop(INTERACTIVE)	drag and drop+activity+activity	[]	[Interactive activity – drag and drop] Answers are placed in the corre » 
ACT	XDLS908	drag and drop(INTERACTIVE)	drag and drop+activity+activity	[]	[Interactive activity – drag and drop] Answers are placed in the corre » 
ACT	XDLS908	click drop(INTERACTIVE)	click drop+activity+image	["4"]	[Click drop Activity Lessons x 4 – click on images to access – adapt i » 
ACT	XDLS908	click drop(INTERACTIVE)	activity+click drop+activity	["1"]	[Click Drop Activity 1 – note this has four different activities embed » A, 3B, 3C, 3D
ACT	XDLS908	click drop(INTERACTIVE)	click drop+activity	["2"]	[Click Drop Activity 2] » 3E, 3F, 3G
ACT	XDLS908	drag and drop(INTERACTIVE)	drag and drop+activity+activity	[]	[Interactive activity – drag and drop – change order] » 
ACT	XDLS908	click drop(INTERACTIVE)	click drop+activity	["3"]	[Click Drop Activity 3] » 3H, 3I
ACT	XDLS908	click drop(INTERACTIVE)	click drop+activity	["4"]	[Click Drop Activity 4] » 3J
ACT	XDLS908	click drop(INTERACTIVE)	click drop+activity+image	["4"]	[Click drop Activity Lessons x 4 – click on images to access – adapt i » 
ACT	XDLS908	click drop(INTERACTIVE)	click drop+activity	["1"]	[Click Drop Activity 1] » 4A
ACT	XDLS908	click drop(INTERACTIVE)	click drop+activity	["2"]	[Click Drop Activity 2] » 4B
ACT	XDLS908	click drop(INTERACTIVE)	click drop+activity	["3"]	[Click Drop Activity 3] » 4C
ACT	XDLS908	click drop(INTERACTIVE)	click drop+activity	["4"]	[Click Drop Activity 4] » 4D, 4E
ACT	XDLS908	click drop(INTERACTIVE)	click drop+activity+image	["4"]	[Click drop Activity Lessons x 4 – click on images to access – adapt i » 
ACT	XDLS908	click drop(INTERACTIVE)	click drop+activity	["1"]	[Click Drop Activity 1] » 5A, 5B
ACT	XDLS908	click drop(INTERACTIVE)	click drop+activity	["2"]	[Click Drop Activity 2] » 5C
ACT	XDLS908	click drop(INTERACTIVE)	click drop+activity	["3"]	[Click Drop Activity 3] » 5D
ACT	XDLS908	drag and drop(INTERACTIVE)	drag and drop+activity+data marker	["3","5","2"]	[Drag and drop column Images activity. The first 3 rows are fixed they » 
ACT	XDLS908	click drop(INTERACTIVE)	click drop+activity	["4"]	[Click Drop Activity 4] » 5D
ACT	XDLS908	click drop(INTERACTIVE)	click drop+activity	["1"]	[Click Drop Activity 1] » 6A
ACT	XDLS908	click drop(INTERACTIVE)	click drop+activity	[]	[Click Drop Activity] » 6B
ACT	XDLS908	click drop(INTERACTIVE)	click drop+activity	["1"]	[Click Drop Activity 1] » 6C
ACT	XDLS908	click drop(INTERACTIVE)	click drop+activity	[]	[Click Drop Activity] » 6D
ACT	XDLS908	click drop(INTERACTIVE)	click drop+activity	["1"]	[Click Drop Activity 1] » 7A
ACT	XDLS908	click drop(INTERACTIVE)	click drop+activity	["2"]	[Click Drop Activity 2] » 7B
ACT	XDLS908	click drop(INTERACTIVE)	click drop+activity	["3"]	[Click Drop Activity 3] » 8C
ACT	XDLS908	click drop(INTERACTIVE)	click drop+activity	["4"]	[Click Drop Activity 4] » 7D
ACT	XDLS908	click drop(INTERACTIVE)	click drop+activity	["1"]	[Click Drop Activity 1] » 8A
ACT	XDLS908	click drop(INTERACTIVE)	click drop+activity	["2"]	[Click Drop Activity 2] 8B » 
ACT	XDLS908	click drop(INTERACTIVE)	click drop+activity	["3"]	[Click Drop Activity 3] » 8C
ACT	XDLS908	click drop(INTERACTIVE)	click drop+activity	["4"]	[Click Drop Activity 4] » 8D
ACT	XDLS909	drag and drop(INTERACTIVE)	drag and drop+typing quiz+activity	["4","3"]	[matching activity – drag & drop, self check – give 4 options to 3 que » 
ACT	XDLS912	info trigger(INTERACTIVE)	info trigger+activity	[]	[hover definition: An activity we do every day or all the time.] » or pattern that can be hard to break. Ou
ACT	XGF9001	word find(INTERACTIVE)	activity+word find+list	[]	[Interactive: word search – please create from the list below] » 
ACT	XGF9001	drag and drop(INTERACTIVE)	drag and drop+activity+answer+h3	["3"]	[Interactive drag and drop – answer in brackets] [H3] » Match the word to its meaning.
ACT	XGF9002	mcq(INTERACTIVE)	mcq+activity+data marker	[]	[Insert multi-choice interactive with pop-outs for feedback] » 
ACT	XGF9002	image(ELEMENT)	image+activity	[]	[Insert image – icon for each Dig deeper activity] » https://www.istockphoto.com/vector/open-
ACT	XGF9002	image(ELEMENT)	image+activity	[]	[Insert image – icon for each Dig deeper activity] » https://www.istockphoto.com/vector/open-
ACT	XGF9002	image(ELEMENT)	image+activity	[]	[Insert image – icon for each Dig deeper activity] » https://www.istockphoto.com/vector/open-
ACT	XGF9002	image(ELEMENT)	image+activity	[]	[Insert image – icon for each Dig deeper activity] » https://www.istockphoto.com/vector/open-
ACT	XGF9002	mcq(INTERACTIVE)	activity+mcq+data marker	[]	[Insert interactive multichoice with pop-outs for feedback] » 
ACT	XGF9002	image(ELEMENT)	image+activity	[]	[Insert image – icon for each Dig Deeper activity] » https://www.istockphoto.com/vector/open-
ACT	XGF9002	mcq(INTERACTIVE)	activity+mcq+data marker	[]	[Insert interactive multichoice with pop-outs for feedback] » 
ACT	XGF9002	drag and drop(INTERACTIVE)	drag and drop+activity+answer	[]	[Insert interactive drag and drop. Correct answers in brackets] » 
ACT	XGF9002	mcq(INTERACTIVE)	activity+mcq+data marker	[]	[Insert interactive multichoice with pop-outs for feedback] » 
ACT	XGF9002	image(ELEMENT)	image+activity	[]	[Insert image – icon for each Dig deeper activity] » https://www.istockphoto.com/vector/open-
ACT	XGF9002	flip card(INTERACTIVE)	activity+flip card+data marker+format+back	[]	[Insert interactive flip cards – CS – this might look a bit clunky so  » 
ACT	XGF9002	image(ELEMENT)	image+activity	[]	[Insert image – icon for each Dig deeper activity] » https://www.istockphoto.com/vector/open-
ACT	XGF9002	drag and drop(INTERACTIVE)	drag and drop+activity+answer	[]	[Insert interactive drag and drop. Correct answers are in brackets] » 
ACT	XGF9002	flip card(INTERACTIVE)	activity+flip card+data marker+format+back	[]	[Insert interactive flip cards – CS – this might look a bit clunky so  » 
ACT	XGF9002	image(ELEMENT)	image+activity	[]	[Insert image – icon for each Dig deeper activity] » https://www.istockphoto.com/vector/open-
ACT	XGF9002	image(ELEMENT)	image+activity	[]	[Insert image – icon for each Dig deeper activity] » https://www.istockphoto.com/vector/open-
ACT	XGF9003	image(ELEMENT)	activity+image+image	[]	[Images for interactive – please create in a box, scattered across the » 
ACT	XGF9004	dropdown(INTERACTIVE)	activity+typing quiz+dropdown	[]	[Insert interactive – self-check with drop down true/not true. Correct » 
ACT	XGF9004	mcq(INTERACTIVE)	activity+mcq	[]	[Insert interactive - quiz] » 
ACT	XGF9004	image(ELEMENT)	activity+correct+image	[]	[Insert interactive – CS, can these be images that when the ākonga cli » 
ACT	XGF9004	mcq(INTERACTIVE)	correct+activity+mcq	[]	[Insert interactive quiz. Correct answer in red.] » 
ACT	XGF9004	mcq(INTERACTIVE)	correct+mcq+activity	[]	[Interactive – multi-choice quiz. Correct answer in red] » 
ACT	XGF9004	mcq(INTERACTIVE)	activity+mcq+answer	[]	[Insert interactive multichoice quiz. Correct answers in red] » 
ACT	XGF9004	drag and drop(INTERACTIVE)	drag and drop+activity+correct	[]	[Insert interactive – drag and drop – correct pairs in red] » 
ACT	XGF9004	modal(INTERACTIVE)	activity+modal+answer	[]	[Insert interactive with boxes to type answers. On the last box, a pop » 
ACT	XGF9004	embed(ELEMENT)	activity+answer+embed	[]	[Insert activity from Twinkl PDF: self-checking, answers in the PDF] » https://content.twinkl.co.uk/resource/c0
ACT	XGF9004	drag and drop(INTERACTIVE)	drag and drop+activity+h3	["3"]	[Interactive – drag and drop] [H3] » Honest or Not?
ACT	XGF9004	mcq(INTERACTIVE)	mcq+activity	[]	[Interactive – multiple choice] » 
ACT	XGF9004	drag and drop(INTERACTIVE)	drag and drop+activity	[]	[Interactive – drag and drop – match the idea] » 
ACT	XGF9004	drag and drop(INTERACTIVE)	drag and drop+activity+h3	["3"]	[Interactive – Sorting drag and drop] [H3] » Gains and Losses
ACT	XGF9004	drag and drop(INTERACTIVE)	drag and drop+activity+modal	[]	[Insert interactive – sliding scale drag and drop – when the statement » 
ACT	XGF9006	drag and drop(INTERACTIVE)	drag and drop+activity+answer	[]	[Insert interactive – drag and drop. Correct answers in brackets] » 
ACT	XGF9006	radio quiz(INTERACTIVE)	activity+radio quiz+mcq	[]	[Insert interactive – drop quiz/radio quiz?] » 
ACT	XGF9006	drag and drop(INTERACTIVE)	correct+drag and drop+activity	[]	[Insert interactive – drag and drop – correct answer in brackets] » 
ACT	XGF9006	flip card(INTERACTIVE)	activity+flip card	[]	[Insert interactive – Flip cards] » 
ACT	XLP01	flip card(INTERACTIVE)	activity+flip card+back	[]	[interactive: flip cards in a grid-like layout. Pictures on front, wor » 
ACT	XLP01	carousel(INTERACTIVE)	activity+carousel	[]	[interactive: carousel = captions] » 
ACT	XLP01	carousel(INTERACTIVE)	activity+carousel	[]	[interactive: carousel with instructions] » 
ACT	XLP01	speech bubble(INTERACTIVE)	activity+speech bubble+speech bubble+image	[]	[interactive: thought bubbles with speech on hover. Please add these w » thinking woman
ACT	XLP01	carousel(INTERACTIVE)	activity+carousel	[]	[interactive: carousel with labels » 
ACT	XLP01	click drop(INTERACTIVE)	activity+click drop+data marker	[]	[interactive: click and drop down] » 
ACT	XLP01	image(ELEMENT)	activity+activity+image	[]	[insert interactive: Activity: picture match] » 
ACT	XLP01	carousel(INTERACTIVE)	activity+carousel	[]	[interactive: carousel + captions] » 
ACT	XLP01	carousel(INTERACTIVE)	activity+carousel+activity	[]	[interactive: Carousel – Activity: New words] » 
ACT	XLP01	dropdown(INTERACTIVE)	activity+dropdown+accordion	[]	[interactive: accordion drop down] » 
ACT	XLP01	click drop(INTERACTIVE)	activity+click drop+accordion	[]	[interactive: accordion click and drop] » 
ACT	XLP01	carousel(INTERACTIVE)	activity+activity heading+carousel	[]	[interactive: Carousel with labels Activity title: Non-Fiction Books] » 
ACT	XLP01	modal(INTERACTIVE)	activity+data marker+modal	[]	[interactive: insert pop out boxes on click] » 
ACT	XLP01	carousel(INTERACTIVE)	activity+carousel	[]	[interactive: Carousel + captions] » 
ACT	XLP02	carousel(INTERACTIVE)	activity+carousel	[]	[interactive: carousel + captions] » 
ACT	XLP02	flip card(INTERACTIVE)	activity+flip card+back	[]	[interactive: please place on Flip cards: front of card – Meaningful E » 
ACT	XLP02	flip card(INTERACTIVE)	flip card+activity+data marker+modal	[]	[interactive: flip cards] front = picture Reverse = word] [pop out on  » 
ACT	XLP02	carousel(INTERACTIVE)	activity+carousel	[]	[interactive: Carousel + captions] » 
ACT	XLP02	accordion(INTERACTIVE)	activity+accordion+drop	[]	[interactive: Drop and click accordion] » 
ACT	XLP02	modal(INTERACTIVE)	activity+data marker+modal	[]	[interactive: Flowchart. Pop out on click] » 
ACT	XLP02	carousel(INTERACTIVE)	activity+carousel	[]	[interactive: Carousel + captions] » 
ACT	XLP02	image(ELEMENT)	activity+data marker+image	[]	[interactive: sliders with picture. Speech-to-text on click] » 
ACT	XLP03	flip card(INTERACTIVE)	activity+flip card+page	[]	[insert interactive: Flip cards centre of page, stacked one under the  » 
ACT	XLP03	carousel(INTERACTIVE)	activity+carousel	[]	[interactive: carousel = captions] » 
ACT	XLP03	checklist(INTERACTIVE)	checklist+activity+list	["1a"]	[insert checklist/tick box: Activity 1A: Sensory profile. Make a list  » 
ACT	XLP03	flip card(INTERACTIVE)	activity+flip card+back	[]	[insert Flip card interactive – Front side is image, reverse is descri » 
ACT	XLP03	drag and drop(INTERACTIVE)	drag and drop+activity	[]	[insert drag and drop interactive] » 
ACT	XLP05	reorder(INTERACTIVE)	activity+reorder+image	[]	[Reorder interactive – with images] » 
ACT	XLP06	embed(ELEMENT)	activity+embed	["4403"]	[insert PDF of https://www.twinkl.co.nz/resource/t-s-4403-staying-calm » 
ACT	XMES101	carousel(INTERACTIVE)	carousel+activity	[]	[interactive: Carousel] Please create a carousel with the captions at  » 
ACT	XMES101	dropdown(INTERACTIVE)	activity+dropdown	[]	[Dropbox Activity box] » 
ACT	XMES101	flip card(INTERACTIVE)	activity+flip card+back	[]	[interactive: flip cards image on front, words on reverse – Happy, sur » 
ACT	XMES101	carousel(INTERACTIVE)	carousel+activity	[]	[interactive: Carousel] » 
ACT	XMES101	carousel(INTERACTIVE)	carousel+activity	[]	[interactive: Carousel] » 
ACT	XMES102	drag and drop(INTERACTIVE)	activity+audio+drag and drop+activity	["1e"]	[Activity 1E: Sound words match] [interactive: drag and drop] Dev team » 
ACT	XMES102	flip card(INTERACTIVE)	flip card+activity	[]	[Interactive: Flip card] » 
ACT	XMES102	carousel(INTERACTIVE)	carousel+activity	[]	[interactive: carousel] dev team: Audio animation to say these instruc » 
ACT	XMES102	click drop(INTERACTIVE)	click drop+activity	[]	[interactive: click and drop] Activity 2G: More Counting » 
ACT	XMES102	click drop(INTERACTIVE)	activity+click drop+activity	["3b"]	[Activity 3B: Model your house] [interactive: Click and Drop] » 
ACT	XMES102	drag and drop(INTERACTIVE)	activity+activity+drag and drop	["4b"]	[interactive: Activity 4B: What we do in the house: drag and drop] Dev » 
ACT	XMES102	carousel(INTERACTIVE)	activity+carousel+activity	["4f"]	[Interactive: carousel: Activity 4F: Parts of your house] » 
ACT	XMES102	video(ELEMENT)	activity+video+audio	[]	[interactive: video – Me on the Map] [audio animation] » Listen to this story about maps and how 
ACT	XMES103	carousel(INTERACTIVE)	carousel+activity	[]	[Interactive: Carousel] Dev team, can we make videos of this to demo? » 
ACT	XMES103	flip card(INTERACTIVE)	activity+flip card+back	[]	[interactive: Flip card with numbers on reverse] » 
ACT	XMES103	carousel(INTERACTIVE)	activity+carousel	[]	[interactive: carousel both videos] » 
ACT	XMES103	click drop(INTERACTIVE)	click drop+activity	[]	[interactive: Click and drop] » 
ACT	XMES103	carousel(INTERACTIVE)	activity+carousel	[]	[interactive: carousel + captions] » 
ACT	XMES103	carousel(INTERACTIVE)	activity+carousel	[]	[interactive: Carousel + captions] » 
ACT	XMES103	click drop(INTERACTIVE)	activity+click drop	[]	[interactive: Dev team, can you make these into tiles like a flip card » 
ACT	XMES103	timeline(INTERACTIVE)	activity+timeline	[]	[interactive: Timeline with ability for photos to be dragged and dropp » 
ACT	XMES103	flip card(INTERACTIVE)	activity+back+flip card	[]	[interactive: Flip cards for each image + captions on reverse side] » 
ACT	XMES103	click drop(INTERACTIVE)	activity+click drop+image	[]	[interactive: Click and drop with images and captions] » 
ACT	XMES103	flip card(INTERACTIVE)	activity+flip card+back	[]	[interactive: Flip cards with captions on reverse laid out as tiles] » 
ACT	XMES202	modal(INTERACTIVE)	activity+image+modal	[]	[insert interactive image similar to this but with southern hemisphere » season cycle
ACT	XMES202	timeline(INTERACTIVE)	activity+timeline+audio	[]	[insert timeline sequence activity] [Dev team please insert audio clip » 
ACT	XMES203	image(ELEMENT)	activity+image	[]	[Image – interactive] » woman sleeping on bed graphic
ACT	XMES203	timeline(INTERACTIVE)	activity+timeline	[]	[insert timeline or interactive meter with emojis and captions. Use co » 
ACT	XMES203	drag and drop(INTERACTIVE)	drag and drop+activity	[]	[Insert interactive sentences drag and drop] » 
ACT	XTAS101	dropdown(INTERACTIVE)	activity+dropdown	[]	[insert interactive Yes/No dropdown] » 
ACT	XTAS102	image(ELEMENT)	activity+image	[]	[See example but include large image of beach at the top of interactiv » 
ACT	XTAS103	drag and drop(INTERACTIVE)	drag and drop+activity	[]	[Insert drag and drop – Dev team see sentence building activity like t » Please add audio
ACT	XTAS103	supervisor note(CONTAINER_OPEN)	supervisor note+activity	[]	[Supervisor note: This activity will need to be modified to suit the l » 
